server_join_id,user_id,server_id,joined_ts
j_00000000,u_000000,s_00065,2025-02-10 23:11:06
j_00000001,u_000000,s_00139,2025-01-29 20:36:18
j_00000002,u_000000,s_00020,2025-02-17 17:13:50
j_00000003,u_000000,s_00117,2025-01-04 19:35:08
j_00000004,u_000001,s_00144,2025-02-16 16:01:44
j_00000005,u_000001,s_00034,2025-01-14 23:29:06
j_00000006,u_000001,s_00027,2025-02-22 22:34:20
j_00000007,u_000001,s_00119,2025-01-22 20:03:31
j_00000008,u_000001,s_00013,2025-01-01 19:12:07
j_00000009,u_000001,s_00002,2025-01-30 17:59:23
j_00000010,u_000002,s_00087,2025-01-04 11:37:16
j_00000011,u_000002,s_00093,2025-01-17 14:27:02
j_00000012,u_000002,s_00109,2025-02-13 17:13:00
j_00000013,u_000002,s_00104,2025-02-03 16:07:08
j_00000014,u_000002,s_00111,2025-02-12 21:25:44
j_00000015,u_000003,s_00094,2025-02-22 23:32:02
j_00000016,u_000003,s_00041,2025-01-29 19:10:30
j_00000017,u_000003,s_00084,2025-02-02 23:48:01
j_00000018,u_000003,s_00064,2025-01-04 16:25:12
j_00000019,u_000004,s_00132,2025-01-18 19:03:10
j_00000020,u_000004,s_00147,2025-02-13 19:08:20
j_00000021,u_000004,s_00044,2025-01-04 23:51:44
j_00000022,u_000004,s_00015,2025-01-22 20:20:25
j_00000023,u_000004,s_00038,2025-01-09 20:22:00
j_00000024,u_000004,s_00069,2025-02-21 13:11:08
j_00000025,u_000005,s_00082,2025-02-03 16:48:18
j_00000026,u_000005,s_00030,2025-02-08 23:48:16
j_00000027,u_000006,s_00097,2025-02-11 11:14:33
j_00000028,u_000006,s_00070,2025-01-14 23:43:21
j_00000029,u_000006,s_00009,2025-01-03 21:27:44
j_00000030,u_000006,s_00101,2025-01-24 17:10:15
j_00000031,u_000006,s_00119,2025-01-12 16:47:40
j_00000032,u_000006,s_00013,2025-01-20 23:04:06
j_00000033,u_000007,s_00149,2025-01-20 23:52:59
j_00000034,u_000007,s_00110,2025-02-16 19:01:59
j_00000035,u_000007,s_00086,2025-01-20 20:19:16
j_00000036,u_000007,s_00130,2025-01-10 17:13:14
j_00000037,u_000008,s_00077,2025-02-27 20:14:00
j_00000038,u_000008,s_00063,2025-01-03 17:28:58
j_00000039,u_000008,s_00122,2025-01-13 19:45:02
j_00000040,u_000009,s_00096,2025-01-21 23:23:00
j_00000041,u_000009,s_00049,2025-01-04 19:30:05
j_00000042,u_000010,s_00129,2025-02-23 15:58:17
j_00000043,u_000010,s_00131,2025-01-22 14:29:58
j_00000044,u_000010,s_00058,2025-02-16 20:47:09
j_00000045,u_000010,s_00125,2025-01-09 16:23:34
j_00000046,u_000010,s_00022,2025-02-01 20:04:39
j_00000047,u_000011,s_00047,2025-01-08 13:15:47
j_00000048,u_000011,s_00136,2025-01-14 22:09:41
j_00000049,u_000011,s_00130,2025-01-25 15:54:59
j_00000050,u_000011,s_00018,2025-02-21 20:01:39
j_00000051,u_000011,s_00021,2025-01-19 18:49:50
j_00000052,u_000011,s_00127,2025-02-15 23:08:19
j_00000053,u_000012,s_00086,2025-01-06 20:09:24
j_00000054,u_000012,s_00061,2025-01-16 23:31:44
j_00000055,u_000012,s_00126,2025-02-06 22:04:52
j_00000056,u_000012,s_00128,2025-01-29 23:04:00
j_00000057,u_000012,s_00121,2025-01-31 19:46:26
j_00000058,u_000013,s_00086,2025-02-10 21:03:48
j_00000059,u_000014,s_00111,2025-01-05 23:35:06
j_00000060,u_000014,s_00107,2025-02-11 23:07:21
j_00000061,u_000014,s_00137,2025-02-21 22:05:32
j_00000062,u_000015,s_00111,2025-02-15 18:40:04
j_00000063,u_000015,s_00141,2025-01-18 19:23:54
j_00000064,u_000015,s_00106,2025-01-22 23:01:22
j_00000065,u_000015,s_00048,2025-02-27 23:40:47
j_00000066,u_000015,s_00045,2025-02-17 17:58:25
j_00000067,u_000016,s_00029,2025-02-25 17:33:24
j_00000068,u_000016,s_00117,2025-02-24 16:22:57
j_00000069,u_000016,s_00140,2025-01-27 23:50:51
j_00000070,u_000017,s_00089,2025-01-08 16:20:30
j_00000071,u_000017,s_00114,2025-01-14 23:36:27
j_00000072,u_000017,s_00127,2025-01-18 22:28:46
j_00000073,u_000017,s_00046,2025-02-20 17:43:41
j_00000074,u_000017,s_00082,2025-01-17 23:31:58
j_00000075,u_000018,s_00092,2025-01-22 14:28:19
j_00000076,u_000018,s_00065,2025-02-21 23:25:06
j_00000077,u_000018,s_00080,2025-01-10 21:17:11
j_00000078,u_000018,s_00059,2025-02-09 11:29:31
j_00000079,u_000018,s_00128,2025-02-03 23:03:18
j_00000080,u_000019,s_00087,2025-03-01 23:20:48
j_00000081,u_000020,s_00096,2025-01-30 18:04:52
j_00000082,u_000020,s_00036,2025-02-01 16:19:11
j_00000083,u_000020,s_00041,2025-02-21 13:21:59
j_00000084,u_000020,s_00146,2025-03-01 23:01:37
j_00000085,u_000021,s_00013,2025-02-13 16:17:15
j_00000086,u_000021,s_00110,2025-02-11 14:40:12
j_00000087,u_000022,s_00010,2025-02-22 21:58:09
j_00000088,u_000022,s_00091,2025-02-28 13:37:28
j_00000089,u_000022,s_00112,2025-02-14 16:42:04
j_00000090,u_000023,s_00049,2025-01-18 23:40:07
j_00000091,u_000023,s_00001,2025-02-08 21:56:45
j_00000092,u_000023,s_00024,2025-01-15 18:56:29
j_00000093,u_000024,s_00146,2025-01-31 20:06:31
j_00000094,u_000024,s_00086,2025-01-27 18:28:19
j_00000095,u_000024,s_00144,2025-03-01 19:54:33
j_00000096,u_000024,s_00043,2025-02-03 16:52:20
j_00000097,u_000024,s_00005,2025-02-27 17:32:02
j_00000098,u_000025,s_00051,2025-02-18 17:26:34
j_00000099,u_000025,s_00036,2025-02-20 17:03:04
j_00000100,u_000025,s_00061,2025-01-11 23:28:41
j_00000101,u_000025,s_00145,2025-02-16 23:30:54
j_00000102,u_000025,s_00042,2025-01-16 16:37:40
j_00000103,u_000025,s_00143,2025-02-04 15:31:34
j_00000104,u_000026,s_00005,2025-01-30 19:12:57
j_00000105,u_000026,s_00079,2025-01-16 23:58:13
j_00000106,u_000026,s_00011,2025-03-01 15:13:46
j_00000107,u_000027,s_00074,2025-02-22 19:22:12
j_00000108,u_000027,s_00113,2025-02-04 20:30:00
j_00000109,u_000027,s_00048,2025-01-01 19:17:14
j_00000110,u_000027,s_00059,2025-01-11 18:04:30
j_00000111,u_000028,s_00052,2025-01-14 23:36:03
j_00000112,u_000028,s_00006,2025-02-28 21:14:16
j_00000113,u_000028,s_00125,2025-01-25 23:52:02
j_00000114,u_000028,s_00127,2025-01-03 22:47:14
j_00000115,u_000029,s_00136,2025-02-05 23:25:43
j_00000116,u_000029,s_00021,2025-02-27 23:27:09
j_00000117,u_000029,s_00089,2025-02-03 23:56:15
j_00000118,u_000029,s_00037,2025-01-27 23:01:08
j_00000119,u_000030,s_00114,2025-01-11 23:22:23
j_00000120,u_000030,s_00021,2025-02-22 17:03:45
j_00000121,u_000030,s_00087,2025-01-07 23:08:32
j_00000122,u_000030,s_00050,2025-02-26 22:55:12
j_00000123,u_000031,s_00023,2025-01-14 23:06:19
j_00000124,u_000031,s_00053,2025-01-09 16:57:40
j_00000125,u_000031,s_00036,2025-01-21 22:47:28
j_00000126,u_000031,s_00060,2025-01-01 17:38:27
j_00000127,u_000031,s_00065,2025-01-01 22:44:51
j_00000128,u_000032,s_00122,2025-01-12 19:11:49
j_00000129,u_000032,s_00035,2025-02-11 21:07:14
j_00000130,u_000032,s_00104,2025-02-18 14:22:42
j_00000131,u_000032,s_00039,2025-01-15 23:45:47
j_00000132,u_000032,s_00097,2025-02-08 20:18:53
j_00000133,u_000032,s_00041,2025-01-22 20:10:15
j_00000134,u_000033,s_00148,2025-01-26 23:47:43
j_00000135,u_000033,s_00044,2025-01-21 18:38:11
j_00000136,u_000033,s_00086,2025-02-23 21:32:26
j_00000137,u_000033,s_00126,2025-01-31 20:24:04
j_00000138,u_000033,s_00104,2025-01-31 20:46:36
j_00000139,u_000034,s_00112,2025-02-21 23:44:41
j_00000140,u_000035,s_00018,2025-02-09 20:21:26
j_00000141,u_000035,s_00110,2025-01-09 17:07:24
j_00000142,u_000035,s_00099,2025-01-12 23:52:14
j_00000143,u_000036,s_00070,2025-01-21 18:08:46
j_00000144,u_000036,s_00136,2025-01-06 13:25:54
j_00000145,u_000036,s_00062,2025-02-11 17:53:07
j_00000146,u_000037,s_00148,2025-01-30 15:25:16
j_00000147,u_000037,s_00092,2025-01-03 12:49:36
j_00000148,u_000037,s_00096,2025-01-25 18:29:21
j_00000149,u_000037,s_00116,2025-02-19 19:44:00
j_00000150,u_000038,s_00062,2025-02-24 23:35:01
j_00000151,u_000038,s_00092,2025-02-27 22:16:14
j_00000152,u_000038,s_00088,2025-02-25 22:53:58
j_00000153,u_000038,s_00048,2025-02-06 16:28:36
j_00000154,u_000039,s_00004,2025-02-25 23:27:15
j_00000155,u_000039,s_00061,2025-02-27 23:39:03
j_00000156,u_000039,s_00095,2025-02-08 21:55:45
j_00000157,u_000039,s_00119,2025-01-25 21:52:22
j_00000158,u_000039,s_00011,2025-02-27 14:23:23
j_00000159,u_000040,s_00131,2025-01-25 23:13:33
j_00000160,u_000040,s_00071,2025-01-10 23:19:13
j_00000161,u_000040,s_00064,2025-01-07 21:15:43
j_00000162,u_000041,s_00063,2025-02-04 17:17:18
j_00000163,u_000041,s_00058,2025-01-03 19:25:42
j_00000164,u_000042,s_00003,2025-01-08 18:01:31
j_00000165,u_000042,s_00123,2025-01-15 18:31:08
j_00000166,u_000042,s_00006,2025-02-01 22:50:37
j_00000167,u_000043,s_00004,2025-01-29 21:25:04
j_00000168,u_000043,s_00088,2025-01-31 23:04:42
j_00000169,u_000043,s_00071,2025-01-31 21:23:22
j_00000170,u_000043,s_00146,2025-03-01 16:20:40
j_00000171,u_000043,s_00021,2025-01-14 17:35:14
j_00000172,u_000043,s_00121,2025-01-29 17:15:24
j_00000173,u_000044,s_00044,2025-02-06 19:18:18
j_00000174,u_000044,s_00038,2025-01-17 23:44:15
j_00000175,u_000045,s_00108,2025-01-11 23:10:20
j_00000176,u_000046,s_00023,2025-01-03 23:55:03
j_00000177,u_000046,s_00031,2025-01-20 20:17:23
j_00000178,u_000046,s_00086,2025-01-16 14:49:07
j_00000179,u_000046,s_00032,2025-01-12 20:04:31
j_00000180,u_000046,s_00122,2025-01-17 16:19:05
j_00000181,u_000046,s_00030,2025-02-11 23:22:00
j_00000182,u_000047,s_00040,2025-02-19 13:27:26
j_00000183,u_000047,s_00028,2025-01-31 21:05:17
j_00000184,u_000048,s_00115,2025-01-04 16:14:52
j_00000185,u_000048,s_00098,2025-02-14 19:52:15
j_00000186,u_000048,s_00012,2025-01-10 22:55:23
j_00000187,u_000048,s_00008,2025-01-04 23:26:14
j_00000188,u_000049,s_00066,2025-02-04 19:07:53
j_00000189,u_000049,s_00031,2025-01-26 23:16:47
j_00000190,u_000049,s_00084,2025-01-19 17:57:10
j_00000191,u_000049,s_00042,2025-02-28 20:55:15
j_00000192,u_000049,s_00137,2025-01-06 23:48:11
j_00000193,u_000050,s_00069,2025-01-04 21:51:09
j_00000194,u_000050,s_00000,2025-02-05 17:42:14
j_00000195,u_000051,s_00091,2025-01-26 18:37:51
j_00000196,u_000051,s_00061,2025-02-18 23:46:27
j_00000197,u_000051,s_00064,2025-01-03 15:38:22
j_00000198,u_000052,s_00048,2025-01-26 16:20:11
j_00000199,u_000052,s_00044,2025-01-09 22:38:11
j_00000200,u_000053,s_00103,2025-01-03 18:17:33
j_00000201,u_000054,s_00014,2025-01-28 14:37:45
j_00000202,u_000055,s_00006,2025-02-14 23:22:33
j_00000203,u_000055,s_00077,2025-01-10 15:29:39
j_00000204,u_000056,s_00038,2025-02-20 19:10:15
j_00000205,u_000056,s_00093,2025-02-01 17:57:56
j_00000206,u_000056,s_00029,2025-01-29 18:44:49
j_00000207,u_000057,s_00058,2025-02-25 16:06:52
j_00000208,u_000057,s_00021,2025-01-20 22:28:40
j_00000209,u_000057,s_00017,2025-01-13 20:27:41
j_00000210,u_000057,s_00082,2025-02-17 23:53:04
j_00000211,u_000058,s_00023,2025-01-07 17:45:09
j_00000212,u_000059,s_00134,2025-02-22 23:52:07
j_00000213,u_000059,s_00121,2025-02-19 12:28:28
j_00000214,u_000059,s_00033,2025-02-28 13:09:35
j_00000215,u_000059,s_00074,2025-01-28 23:43:07
j_00000216,u_000059,s_00023,2025-02-07 21:13:45
j_00000217,u_000059,s_00110,2025-02-22 21:38:32
j_00000218,u_000060,s_00108,2025-01-08 21:24:35
j_00000219,u_000060,s_00044,2025-01-19 22:20:55
j_00000220,u_000060,s_00086,2025-01-29 21:07:35
j_00000221,u_000060,s_00027,2025-02-07 16:48:00
j_00000222,u_000060,s_00103,2025-02-10 23:41:46
j_00000223,u_000061,s_00143,2025-02-25 22:20:52
j_00000224,u_000062,s_00021,2025-01-30 23:44:05
j_00000225,u_000062,s_00066,2025-01-11 23:59:32
j_00000226,u_000062,s_00146,2025-01-12 21:43:28
j_00000227,u_000062,s_00052,2025-02-18 15:56:09
j_00000228,u_000062,s_00006,2025-01-28 23:28:16
j_00000229,u_000062,s_00057,2025-02-07 15:22:51
j_00000230,u_000063,s_00000,2025-02-03 21:50:23
j_00000231,u_000064,s_00138,2025-02-18 18:39:32
j_00000232,u_000064,s_00135,2025-01-14 18:36:46
j_00000233,u_000064,s_00019,2025-01-11 23:38:26
j_00000234,u_000064,s_00096,2025-02-14 20:59:53
j_00000235,u_000065,s_00139,2025-01-27 22:41:29
j_00000236,u_000065,s_00096,2025-02-18 16:48:59
j_00000237,u_000065,s_00120,2025-01-08 19:02:08
j_00000238,u_000066,s_00001,2025-01-17 16:43:53
j_00000239,u_000066,s_00003,2025-02-27 19:19:06
j_00000240,u_000066,s_00052,2025-02-20 19:07:48
j_00000241,u_000066,s_00066,2025-01-04 23:16:39
j_00000242,u_000067,s_00076,2025-02-19 18:49:33
j_00000243,u_000067,s_00053,2025-01-04 11:49:52
j_00000244,u_000067,s_00039,2025-01-08 23:18:38
j_00000245,u_000067,s_00061,2025-02-23 21:11:41
j_00000246,u_000067,s_00107,2025-01-08 19:25:45
j_00000247,u_000067,s_00013,2025-01-19 18:19:50
j_00000248,u_000068,s_00022,2025-01-09 16:27:13
j_00000249,u_000068,s_00019,2025-02-05 23:47:50
j_00000250,u_000068,s_00010,2025-01-04 20:19:35
j_00000251,u_000068,s_00121,2025-01-18 13:10:01
j_00000252,u_000068,s_00056,2025-01-20 21:06:55
j_00000253,u_000068,s_00110,2025-02-08 23:41:46
j_00000254,u_000069,s_00071,2025-01-30 20:11:53
j_00000255,u_000069,s_00143,2025-01-12 16:13:46
j_00000256,u_000070,s_00035,2025-01-28 16:48:20
j_00000257,u_000070,s_00052,2025-01-28 16:05:20
j_00000258,u_000070,s_00122,2025-01-22 23:39:16
j_00000259,u_000070,s_00060,2025-02-02 19:00:24
j_00000260,u_000071,s_00005,2025-01-20 13:56:02
j_00000261,u_000071,s_00009,2025-01-21 21:42:44
j_00000262,u_000071,s_00000,2025-02-17 20:49:45
j_00000263,u_000071,s_00064,2025-01-16 18:39:59
j_00000264,u_000071,s_00077,2025-01-20 15:24:33
j_00000265,u_000071,s_00085,2025-01-09 15:59:59
j_00000266,u_000072,s_00002,2025-02-11 23:47:12
j_00000267,u_000072,s_00026,2025-02-12 20:05:28
j_00000268,u_000072,s_00089,2025-02-10 21:34:46
j_00000269,u_000072,s_00077,2025-01-11 20:32:47
j_00000270,u_000072,s_00148,2025-01-28 21:17:46
j_00000271,u_000073,s_00093,2025-01-18 18:27:27
j_00000272,u_000073,s_00016,2025-02-15 19:58:04
j_00000273,u_000073,s_00006,2025-01-21 23:05:51
j_00000274,u_000073,s_00100,2025-01-25 23:55:22
j_00000275,u_000073,s_00147,2025-01-28 15:42:38
j_00000276,u_000073,s_00009,2025-02-15 19:06:07
j_00000277,u_000074,s_00120,2025-02-12 23:18:56
j_00000278,u_000074,s_00047,2025-02-19 23:50:15
j_00000279,u_000074,s_00021,2025-01-26 23:42:59
j_00000280,u_000075,s_00021,2025-02-19 16:04:42
j_00000281,u_000075,s_00140,2025-02-22 23:08:19
j_00000282,u_000076,s_00094,2025-02-01 20:55:22
j_00000283,u_000076,s_00014,2025-02-10 23:09:58
j_00000284,u_000076,s_00098,2025-02-24 23:37:35
j_00000285,u_000076,s_00055,2025-02-20 14:59:41
j_00000286,u_000077,s_00115,2025-01-17 22:09:36
j_00000287,u_000077,s_00135,2025-02-12 23:02:14
j_00000288,u_000077,s_00030,2025-01-27 19:49:07
j_00000289,u_000077,s_00102,2025-01-09 19:56:00
j_00000290,u_000077,s_00137,2025-01-23 13:30:24
j_00000291,u_000078,s_00065,2025-02-28 22:13:41
j_00000292,u_000078,s_00077,2025-02-27 20:03:18
j_00000293,u_000078,s_00084,2025-02-17 16:54:13
j_00000294,u_000078,s_00149,2025-03-01 18:47:23
j_00000295,u_000078,s_00014,2025-02-04 20:53:13
j_00000296,u_000078,s_00098,2025-02-15 17:47:26
j_00000297,u_000079,s_00051,2025-01-10 20:25:33
j_00000298,u_000079,s_00132,2025-01-18 13:28:16
j_00000299,u_000079,s_00054,2025-01-11 23:22:01
j_00000300,u_000079,s_00004,2025-02-26 20:43:06
j_00000301,u_000079,s_00137,2025-02-06 15:06:24
j_00000302,u_000080,s_00094,2025-02-25 10:02:10
j_00000303,u_000080,s_00021,2025-01-25 23:57:47
j_00000304,u_000080,s_00119,2025-01-25 22:19:09
j_00000305,u_000080,s_00092,2025-02-10 20:02:01
j_00000306,u_000080,s_00061,2025-02-04 23:40:37
j_00000307,u_000081,s_00097,2025-01-23 23:23:37
j_00000308,u_000081,s_00035,2025-01-20 20:13:40
j_00000309,u_000081,s_00125,2025-01-31 18:26:09
j_00000310,u_000081,s_00131,2025-01-05 18:27:40
j_00000311,u_000082,s_00052,2025-01-12 21:36:51
j_00000312,u_000082,s_00037,2025-01-03 23:55:36
j_00000313,u_000083,s_00046,2025-01-10 19:52:23
j_00000314,u_000083,s_00045,2025-01-12 23:49:28
j_00000315,u_000083,s_00142,2025-01-05 21:29:48
j_00000316,u_000084,s_00127,2025-01-04 21:33:08
j_00000317,u_000084,s_00037,2025-02-19 23:07:43
j_00000318,u_000084,s_00081,2025-01-11 23:34:16
j_00000319,u_000085,s_00016,2025-02-03 23:40:52
j_00000320,u_000085,s_00073,2025-01-06 16:53:08
j_00000321,u_000085,s_00093,2025-02-26 23:02:31
j_00000322,u_000085,s_00069,2025-01-15 19:51:24
j_00000323,u_000085,s_00089,2025-02-14 19:31:29
j_00000324,u_000086,s_00024,2025-02-08 11:05:22
j_00000325,u_000086,s_00004,2025-02-16 21:59:02
j_00000326,u_000086,s_00071,2025-02-07 15:27:51
j_00000327,u_000086,s_00060,2025-01-31 21:24:32
j_00000328,u_000087,s_00099,2025-02-16 15:11:36
j_00000329,u_000087,s_00080,2025-02-18 23:04:31
j_00000330,u_000087,s_00014,2025-01-23 22:04:31
j_00000331,u_000087,s_00066,2025-02-26 23:16:36
j_00000332,u_000087,s_00086,2025-03-01 15:17:25
j_00000333,u_000088,s_00053,2025-02-13 23:27:07
j_00000334,u_000089,s_00026,2025-02-25 12:36:01
j_00000335,u_000089,s_00092,2025-01-07 20:59:32
j_00000336,u_000089,s_00030,2025-02-02 17:47:11
j_00000337,u_000089,s_00016,2025-02-09 18:29:27
j_00000338,u_000089,s_00145,2025-02-25 17:54:36
j_00000339,u_000090,s_00066,2025-01-08 16:33:35
j_00000340,u_000090,s_00094,2025-02-18 14:25:10
j_00000341,u_000090,s_00090,2025-01-05 18:13:39
j_00000342,u_000090,s_00084,2025-01-22 20:25:56
j_00000343,u_000091,s_00007,2025-02-11 23:02:21
j_00000344,u_000091,s_00099,2025-01-18 21:09:07
j_00000345,u_000091,s_00062,2025-02-20 23:56:30
j_00000346,u_000091,s_00065,2025-02-25 14:11:37
j_00000347,u_000091,s_00041,2025-01-10 18:34:23
j_00000348,u_000091,s_00127,2025-01-16 22:06:35
j_00000349,u_000092,s_00019,2025-01-05 21:36:45
j_00000350,u_000092,s_00142,2025-02-12 16:58:34
j_00000351,u_000092,s_00132,2025-02-23 23:27:47
j_00000352,u_000093,s_00050,2025-02-06 17:07:08
j_00000353,u_000093,s_00070,2025-01-08 16:01:17
j_00000354,u_000093,s_00126,2025-01-11 21:45:33
j_00000355,u_000094,s_00125,2025-01-03 20:06:15
j_00000356,u_000095,s_00112,2025-01-30 17:19:59
j_00000357,u_000095,s_00056,2025-02-13 17:50:40
j_00000358,u_000095,s_00050,2025-01-10 15:32:24
j_00000359,u_000095,s_00060,2025-02-20 18:52:46
j_00000360,u_000095,s_00124,2025-01-16 23:52:58
j_00000361,u_000096,s_00000,2025-01-31 20:39:00
j_00000362,u_000096,s_00070,2025-02-10 23:56:33
j_00000363,u_000096,s_00054,2025-02-02 22:02:25
j_00000364,u_000096,s_00109,2025-01-29 17:14:45
j_00000365,u_000096,s_00013,2025-01-21 13:16:18
j_00000366,u_000097,s_00082,2025-01-26 16:54:19
j_00000367,u_000097,s_00149,2025-01-15 17:37:45
j_00000368,u_000097,s_00088,2025-01-18 17:15:53
j_00000369,u_000097,s_00006,2025-02-15 23:12:08
j_00000370,u_000097,s_00086,2025-02-22 23:48:36
j_00000371,u_000097,s_00063,2025-02-20 23:51:46
j_00000372,u_000098,s_00115,2025-01-20 16:00:09
j_00000373,u_000099,s_00020,2025-01-20 23:21:39
j_00000374,u_000099,s_00099,2025-01-04 23:32:58
j_00000375,u_000100,s_00142,2025-01-17 19:14:50
j_00000376,u_000100,s_00052,2025-02-05 21:43:11
j_00000377,u_000100,s_00042,2025-01-17 23:45:59
j_00000378,u_000100,s_00049,2025-02-14 19:50:21
j_00000379,u_000100,s_00128,2025-01-04 19:47:28
j_00000380,u_000100,s_00009,2025-01-25 17:50:17
j_00000381,u_000101,s_00131,2025-01-17 10:21:41
j_00000382,u_000102,s_00049,2025-01-30 20:17:07
j_00000383,u_000102,s_00127,2025-01-02 17:18:42
j_00000384,u_000102,s_00083,2025-01-26 15:51:03
j_00000385,u_000102,s_00044,2025-02-17 21:38:50
j_00000386,u_000103,s_00038,2025-02-21 14:19:19
j_00000387,u_000103,s_00139,2025-01-16 23:43:31
j_00000388,u_000103,s_00022,2025-01-26 21:14:13
j_00000389,u_000104,s_00091,2025-02-11 18:15:06
j_00000390,u_000104,s_00025,2025-01-28 19:00:01
j_00000391,u_000104,s_00139,2025-02-02 15:57:58
j_00000392,u_000104,s_00039,2025-01-21 23:14:08
j_00000393,u_000104,s_00014,2025-02-20 20:45:03
j_00000394,u_000104,s_00137,2025-02-07 21:07:30
j_00000395,u_000105,s_00084,2025-02-27 22:02:57
j_00000396,u_000105,s_00107,2025-02-16 17:40:04
j_00000397,u_000105,s_00028,2025-01-23 13:05:15
j_00000398,u_000105,s_00009,2025-01-20 23:08:33
j_00000399,u_000105,s_00131,2025-01-06 22:19:29
j_00000400,u_000105,s_00022,2025-02-07 17:35:08
j_00000401,u_000106,s_00125,2025-02-14 21:01:57
j_00000402,u_000106,s_00019,2025-01-22 23:07:21
j_00000403,u_000106,s_00048,2025-01-02 23:20:40
j_00000404,u_000106,s_00124,2025-02-19 17:42:27
j_00000405,u_000106,s_00000,2025-01-14 14:05:35
j_00000406,u_000106,s_00050,2025-02-04 14:17:54
j_00000407,u_000107,s_00126,2025-01-04 18:11:19
j_00000408,u_000107,s_00108,2025-01-04 23:18:48
j_00000409,u_000108,s_00057,2025-02-23 17:15:17
j_00000410,u_000108,s_00103,2025-02-10 17:38:19
j_00000411,u_000108,s_00068,2025-01-01 17:04:01
j_00000412,u_000108,s_00081,2025-01-07 17:56:20
j_00000413,u_000109,s_00142,2025-01-30 19:14:35
j_00000414,u_000109,s_00066,2025-02-10 14:59:38
j_00000415,u_000109,s_00104,2025-01-26 23:43:25
j_00000416,u_000109,s_00106,2025-02-22 19:21:21
j_00000417,u_000109,s_00108,2025-02-09 23:18:13
j_00000418,u_000110,s_00083,2025-02-06 15:56:54
j_00000419,u_000110,s_00138,2025-01-18 23:59:23
j_00000420,u_000110,s_00061,2025-02-10 23:36:18
j_00000421,u_000110,s_00071,2025-02-22 18:02:56
j_00000422,u_000110,s_00064,2025-01-03 18:54:38
j_00000423,u_000110,s_00090,2025-02-14 16:28:50
j_00000424,u_000111,s_00001,2025-02-22 16:01:23
j_00000425,u_000112,s_00093,2025-01-26 19:48:25
j_00000426,u_000112,s_00100,2025-02-15 20:01:43
j_00000427,u_000112,s_00083,2025-01-22 13:22:58
j_00000428,u_000112,s_00137,2025-01-12 23:04:47
j_00000429,u_000112,s_00035,2025-02-18 18:26:27
j_00000430,u_000112,s_00132,2025-01-19 20:48:35
j_00000431,u_000113,s_00079,2025-02-15 17:07:20
j_00000432,u_000113,s_00070,2025-01-19 18:08:27
j_00000433,u_000113,s_00146,2025-01-24 18:57:23
j_00000434,u_000114,s_00043,2025-02-11 19:10:05
j_00000435,u_000115,s_00131,2025-01-21 19:06:52
j_00000436,u_000115,s_00079,2025-02-18 23:35:08
j_00000437,u_000115,s_00066,2025-01-03 20:16:16
j_00000438,u_000115,s_00135,2025-01-01 22:57:15
j_00000439,u_000116,s_00009,2025-01-05 19:09:13
j_00000440,u_000116,s_00089,2025-01-16 20:34:29
j_00000441,u_000116,s_00082,2025-01-04 19:55:57
j_00000442,u_000116,s_00008,2025-01-23 23:43:19
j_00000443,u_000116,s_00070,2025-01-02 21:01:44
j_00000444,u_000117,s_00007,2025-02-15 19:11:43
j_00000445,u_000118,s_00067,2025-01-10 19:07:45
j_00000446,u_000119,s_00114,2025-02-28 19:54:37
j_00000447,u_000119,s_00042,2025-02-21 20:12:44
j_00000448,u_000119,s_00065,2025-02-11 19:03:45
j_00000449,u_000119,s_00103,2025-02-17 17:22:40
j_00000450,u_000119,s_00097,2025-02-16 23:16:33
j_00000451,u_000119,s_00136,2025-02-20 23:09:05
j_00000452,u_000120,s_00145,2025-02-03 23:27:30
j_00000453,u_000120,s_00010,2025-02-07 17:54:45
j_00000454,u_000120,s_00012,2025-01-29 22:13:20
j_00000455,u_000120,s_00122,2025-02-07 12:58:14
j_00000456,u_000120,s_00142,2025-01-23 23:39:35
j_00000457,u_000120,s_00089,2025-01-08 14:22:07
j_00000458,u_000121,s_00096,2025-02-25 16:40:43
j_00000459,u_000122,s_00089,2025-02-11 21:20:58
j_00000460,u_000122,s_00023,2025-02-12 17:12:29
j_00000461,u_000122,s_00130,2025-01-17 16:14:01
j_00000462,u_000122,s_00091,2025-02-16 18:00:16
j_00000463,u_000122,s_00001,2025-02-01 22:38:01
j_00000464,u_000122,s_00136,2025-01-05 16:04:27
j_00000465,u_000123,s_00035,2025-02-27 19:11:18
j_00000466,u_000123,s_00044,2025-03-01 18:00:46
j_00000467,u_000123,s_00008,2025-02-22 23:03:50
j_00000468,u_000123,s_00108,2025-01-29 23:54:26
j_00000469,u_000123,s_00062,2025-01-14 12:01:58
j_00000470,u_000123,s_00093,2025-01-01 23:37:26
j_00000471,u_000124,s_00076,2025-02-14 17:19:07
j_00000472,u_000124,s_00061,2025-02-23 20:08:54
j_00000473,u_000124,s_00039,2025-01-07 16:17:23
j_00000474,u_000124,s_00016,2025-02-11 21:05:53
j_00000475,u_000124,s_00098,2025-01-02 23:18:44
j_00000476,u_000124,s_00124,2025-02-16 20:49:56
j_00000477,u_000125,s_00025,2025-01-02 18:37:38
j_00000478,u_000125,s_00083,2025-02-28 19:48:35
j_00000479,u_000126,s_00093,2025-01-11 14:41:14
j_00000480,u_000126,s_00149,2025-01-25 23:55:16
j_00000481,u_000126,s_00117,2025-02-11 21:06:19
j_00000482,u_000126,s_00018,2025-02-20 15:09:18
j_00000483,u_000127,s_00113,2025-01-22 15:24:35
j_00000484,u_000127,s_00033,2025-02-28 20:31:52
j_00000485,u_000127,s_00123,2025-01-01 23:47:02
j_00000486,u_000127,s_00119,2025-01-29 15:07:37
j_00000487,u_000127,s_00086,2025-03-01 23:06:45
j_00000488,u_000127,s_00090,2025-01-17 19:47:26
j_00000489,u_000128,s_00019,2025-02-02 16:32:16
j_00000490,u_000128,s_00065,2025-01-27 18:24:25
j_00000491,u_000128,s_00142,2025-01-24 23:13:49
j_00000492,u_000128,s_00109,2025-02-16 14:41:54
j_00000493,u_000128,s_00088,2025-02-01 17:48:41
j_00000494,u_000128,s_00128,2025-02-12 23:01:29
j_00000495,u_000129,s_00104,2025-02-01 20:03:38
j_00000496,u_000129,s_00135,2025-03-01 16:46:40
j_00000497,u_000129,s_00029,2025-01-29 23:53:46
j_00000498,u_000129,s_00119,2025-02-17 23:13:08
j_00000499,u_000130,s_00116,2025-02-06 21:42:04
j_00000500,u_000130,s_00112,2025-02-18 17:50:20
j_00000501,u_000131,s_00062,2025-02-23 18:06:15
j_00000502,u_000132,s_00002,2025-01-14 21:11:36
j_00000503,u_000132,s_00077,2025-01-19 14:07:31
j_00000504,u_000133,s_00079,2025-01-19 23:47:55
j_00000505,u_000134,s_00019,2025-01-30 23:46:46
j_00000506,u_000134,s_00018,2025-01-30 19:08:08
j_00000507,u_000135,s_00031,2025-01-01 21:10:50
j_00000508,u_000136,s_00144,2025-02-23 23:39:46
j_00000509,u_000136,s_00140,2025-02-21 23:53:22
j_00000510,u_000136,s_00038,2025-02-06 23:46:03
j_00000511,u_000136,s_00102,2025-01-19 13:10:47
j_00000512,u_000136,s_00089,2025-02-19 18:23:11
j_00000513,u_000137,s_00143,2025-01-17 22:03:13
j_00000514,u_000137,s_00122,2025-01-19 18:14:28
j_00000515,u_000137,s_00091,2025-03-01 23:33:04
j_00000516,u_000137,s_00087,2025-02-25 23:20:23
j_00000517,u_000138,s_00092,2025-02-05 16:36:14
j_00000518,u_000138,s_00081,2025-01-11 19:17:03
j_00000519,u_000138,s_00077,2025-01-08 17:33:54
j_00000520,u_000138,s_00034,2025-02-27 19:37:15
j_00000521,u_000139,s_00024,2025-01-16 19:11:32
j_00000522,u_000139,s_00042,2025-02-10 23:02:49
j_00000523,u_000139,s_00085,2025-01-22 16:20:28
j_00000524,u_000139,s_00113,2025-01-30 09:02:17
j_00000525,u_000139,s_00145,2025-03-01 13:09:44
j_00000526,u_000140,s_00129,2025-02-05 15:17:41
j_00000527,u_000140,s_00055,2025-01-26 17:20:00
j_00000528,u_000140,s_00077,2025-01-25 20:16:49
j_00000529,u_000141,s_00127,2025-01-14 15:03:07
j_00000530,u_000141,s_00086,2025-02-03 15:10:44
j_00000531,u_000141,s_00063,2025-02-04 16:52:05
j_00000532,u_000142,s_00112,2025-01-06 15:43:03
j_00000533,u_000142,s_00010,2025-01-25 17:26:07
j_00000534,u_000143,s_00115,2025-02-08 17:01:44
j_00000535,u_000143,s_00143,2025-01-04 22:21:27
j_00000536,u_000143,s_00028,2025-02-28 16:55:36
j_00000537,u_000144,s_00081,2025-02-21 18:48:16
j_00000538,u_000144,s_00037,2025-02-08 17:45:07
j_00000539,u_000145,s_00079,2025-01-01 23:14:47
j_00000540,u_000145,s_00035,2025-02-01 19:24:49
j_00000541,u_000145,s_00015,2025-02-23 23:01:50
j_00000542,u_000145,s_00081,2025-01-02 15:51:03
j_00000543,u_000146,s_00042,2025-02-17 19:06:55
j_00000544,u_000146,s_00018,2025-02-20 17:37:32
j_00000545,u_000146,s_00000,2025-01-05 15:16:11
j_00000546,u_000146,s_00025,2025-01-14 19:34:11
j_00000547,u_000146,s_00135,2025-02-13 23:49:30
j_00000548,u_000146,s_00087,2025-02-24 16:18:36
j_00000549,u_000147,s_00125,2025-02-16 19:01:02
j_00000550,u_000147,s_00006,2025-02-01 14:39:29
j_00000551,u_000147,s_00014,2025-02-06 14:31:14
j_00000552,u_000147,s_00121,2025-02-01 16:08:55
j_00000553,u_000148,s_00080,2025-02-04 18:02:36
j_00000554,u_000148,s_00099,2025-02-16 18:31:22
j_00000555,u_000149,s_00125,2025-01-03 19:36:25
j_00000556,u_000149,s_00133,2025-01-13 13:06:50
j_00000557,u_000149,s_00118,2025-01-04 17:35:41
j_00000558,u_000149,s_00060,2025-02-17 22:26:23
j_00000559,u_000149,s_00066,2025-02-13 14:08:50
j_00000560,u_000150,s_00079,2025-01-04 18:36:37
j_00000561,u_000150,s_00113,2025-01-07 21:38:03
j_00000562,u_000150,s_00131,2025-01-16 16:09:37
j_00000563,u_000150,s_00082,2025-01-15 21:40:56
j_00000564,u_000150,s_00048,2025-02-01 13:13:51
j_00000565,u_000151,s_00015,2025-01-30 23:35:02
j_00000566,u_000151,s_00029,2025-01-22 21:48:52
j_00000567,u_000151,s_00059,2025-01-10 20:56:58
j_00000568,u_000152,s_00149,2025-02-08 23:15:09
j_00000569,u_000152,s_00033,2025-02-17 18:20:38
j_00000570,u_000153,s_00114,2025-02-08 17:05:45
j_00000571,u_000153,s_00147,2025-02-18 23:58:02
j_00000572,u_000153,s_00109,2025-02-24 23:19:49
j_00000573,u_000153,s_00014,2025-02-20 17:48:23
j_00000574,u_000153,s_00143,2025-02-09 19:56:17
j_00000575,u_000154,s_00100,2025-01-03 23:28:15
j_00000576,u_000154,s_00133,2025-01-21 19:41:30
j_00000577,u_000155,s_00149,2025-01-26 22:28:47
j_00000578,u_000155,s_00096,2025-02-12 23:34:49
j_00000579,u_000155,s_00116,2025-02-20 17:14:13
j_00000580,u_000155,s_00147,2025-02-08 21:50:49
j_00000581,u_000155,s_00129,2025-01-22 19:07:49
j_00000582,u_000155,s_00113,2025-02-17 15:39:03
j_00000583,u_000156,s_00022,2025-02-11 16:55:18
j_00000584,u_000156,s_00041,2025-02-17 17:48:00
j_00000585,u_000157,s_00131,2025-02-05 23:45:59
j_00000586,u_000157,s_00020,2025-02-08 23:39:28
j_00000587,u_000157,s_00102,2025-01-21 22:56:16
j_00000588,u_000158,s_00022,2025-01-24 21:51:53
j_00000589,u_000158,s_00109,2025-01-17 21:16:41
j_00000590,u_000158,s_00072,2025-01-16 21:37:56
j_00000591,u_000158,s_00136,2025-02-09 21:25:48
j_00000592,u_000158,s_00141,2025-01-24 21:15:57
j_00000593,u_000159,s_00137,2025-01-09 14:49:12
j_00000594,u_000160,s_00057,2025-01-03 16:02:12
j_00000595,u_000160,s_00025,2025-02-21 15:07:04
j_00000596,u_000161,s_00107,2025-01-27 23:06:20
j_00000597,u_000162,s_00095,2025-02-04 23:12:33
j_00000598,u_000162,s_00004,2025-02-24 11:30:33
j_00000599,u_000162,s_00129,2025-01-07 23:56:40
j_00000600,u_000163,s_00053,2025-02-26 20:58:43
j_00000601,u_000163,s_00101,2025-02-12 23:54:49
j_00000602,u_000163,s_00076,2025-02-08 22:45:31
j_00000603,u_000163,s_00131,2025-01-26 23:27:16
j_00000604,u_000164,s_00143,2025-02-12 20:46:26
j_00000605,u_000164,s_00139,2025-01-13 14:16:52
j_00000606,u_000165,s_00007,2025-01-19 19:39:48
j_00000607,u_000165,s_00145,2025-02-27 22:00:54
j_00000608,u_000165,s_00143,2025-01-17 19:54:32
j_00000609,u_000166,s_00056,2025-02-13 22:58:46
j_00000610,u_000166,s_00043,2025-02-25 19:44:24
j_00000611,u_000166,s_00049,2025-02-05 17:10:00
j_00000612,u_000166,s_00110,2025-01-18 15:15:44
j_00000613,u_000166,s_00113,2025-02-20 18:44:05
j_00000614,u_000167,s_00064,2025-02-19 20:29:38
j_00000615,u_000167,s_00110,2025-02-02 12:32:59
j_00000616,u_000167,s_00021,2025-01-07 16:24:01
j_00000617,u_000167,s_00073,2025-01-27 12:50:44
j_00000618,u_000167,s_00088,2025-01-26 17:09:52
j_00000619,u_000167,s_00032,2025-01-12 23:26:37
j_00000620,u_000168,s_00037,2025-01-25 15:13:41
j_00000621,u_000169,s_00050,2025-01-10 22:41:54
j_00000622,u_000169,s_00133,2025-02-11 23:17:46
j_00000623,u_000169,s_00110,2025-01-26 23:17:02
j_00000624,u_000169,s_00051,2025-02-13 20:10:46
j_00000625,u_000170,s_00102,2025-01-28 23:51:45
j_00000626,u_000171,s_00125,2025-02-12 14:13:13
j_00000627,u_000171,s_00060,2025-02-13 13:52:39
j_00000628,u_000171,s_00139,2025-01-10 20:54:50
j_00000629,u_000171,s_00053,2025-01-27 21:57:50
j_00000630,u_000172,s_00119,2025-02-14 23:20:52
j_00000631,u_000172,s_00120,2025-02-05 17:39:46
j_00000632,u_000172,s_00023,2025-01-14 20:49:07
j_00000633,u_000172,s_00118,2025-02-19 20:04:29
j_00000634,u_000172,s_00108,2025-01-12 19:03:13
j_00000635,u_000172,s_00131,2025-03-01 19:12:04
j_00000636,u_000173,s_00032,2025-02-12 16:58:15
j_00000637,u_000173,s_00106,2025-01-20 21:05:54
j_00000638,u_000173,s_00053,2025-01-12 20:45:35
j_00000639,u_000173,s_00005,2025-02-24 18:50:45
j_00000640,u_000173,s_00102,2025-02-01 22:54:30
j_00000641,u_000174,s_00013,2025-02-18 23:31:21
j_00000642,u_000174,s_00129,2025-02-19 22:31:28
j_00000643,u_000175,s_00148,2025-01-05 15:44:59
j_00000644,u_000175,s_00129,2025-02-11 20:38:17
j_00000645,u_000176,s_00129,2025-01-21 16:47:18
j_00000646,u_000176,s_00077,2025-02-24 20:21:50
j_00000647,u_000176,s_00019,2025-01-14 16:56:22
j_00000648,u_000176,s_00026,2025-01-03 23:25:54
j_00000649,u_000176,s_00068,2025-02-09 23:14:58
j_00000650,u_000177,s_00128,2025-02-03 23:45:03
j_00000651,u_000177,s_00117,2025-02-03 23:37:40
j_00000652,u_000177,s_00120,2025-01-16 18:02:05
j_00000653,u_000177,s_00142,2025-01-30 18:09:52
j_00000654,u_000177,s_00121,2025-02-27 23:02:06
j_00000655,u_000178,s_00103,2025-02-15 19:34:53
j_00000656,u_000178,s_00017,2025-03-01 14:52:46
j_00000657,u_000179,s_00019,2025-01-20 23:19:32
j_00000658,u_000180,s_00017,2025-02-22 20:06:12
j_00000659,u_000180,s_00025,2025-01-23 23:51:16
j_00000660,u_000180,s_00134,2025-02-26 20:43:25
j_00000661,u_000181,s_00091,2025-02-21 19:32:50
j_00000662,u_000181,s_00077,2025-01-10 23:11:53
j_00000663,u_000181,s_00097,2025-02-28 13:40:30
j_00000664,u_000181,s_00090,2025-02-06 17:21:13
j_00000665,u_000182,s_00084,2025-02-16 16:14:33
j_00000666,u_000182,s_00133,2025-02-04 11:17:49
j_00000667,u_000182,s_00059,2025-01-14 23:03:32
j_00000668,u_000183,s_00087,2025-03-01 17:29:53
j_00000669,u_000183,s_00084,2025-01-07 23:45:00
j_00000670,u_000183,s_00092,2025-02-18 21:49:30
j_00000671,u_000183,s_00111,2025-01-13 22:43:02
j_00000672,u_000183,s_00100,2025-02-17 18:52:36
j_00000673,u_000183,s_00108,2025-01-26 16:57:36
j_00000674,u_000184,s_00112,2025-01-15 20:13:18
j_00000675,u_000184,s_00054,2025-01-15 23:26:47
j_00000676,u_000184,s_00122,2025-01-20 19:20:57
j_00000677,u_000184,s_00050,2025-02-24 17:41:27
j_00000678,u_000184,s_00009,2025-02-16 15:50:26
j_00000679,u_000185,s_00010,2025-02-10 20:53:11
j_00000680,u_000185,s_00075,2025-02-07 17:05:01
j_00000681,u_000185,s_00094,2025-01-26 19:30:24
j_00000682,u_000185,s_00107,2025-02-24 19:07:26
j_00000683,u_000185,s_00100,2025-01-17 18:19:46
j_00000684,u_000186,s_00037,2025-02-26 21:28:51
j_00000685,u_000187,s_00049,2025-01-23 22:37:06
j_00000686,u_000187,s_00061,2025-01-21 23:47:09
j_00000687,u_000187,s_00043,2025-01-29 23:59:33
j_00000688,u_000187,s_00052,2025-02-14 23:20:22
j_00000689,u_000187,s_00047,2025-02-12 16:33:42
j_00000690,u_000187,s_00029,2025-02-16 13:04:19
j_00000691,u_000188,s_00025,2025-01-06 19:06:24
j_00000692,u_000188,s_00016,2025-01-10 23:58:26
j_00000693,u_000188,s_00069,2025-02-20 22:56:36
j_00000694,u_000188,s_00068,2025-02-28 23:56:04
j_00000695,u_000188,s_00105,2025-01-08 09:15:53
j_00000696,u_000189,s_00101,2025-02-24 23:39:20
j_00000697,u_000189,s_00037,2025-01-16 21:13:12
j_00000698,u_000189,s_00108,2025-02-28 13:40:38
j_00000699,u_000190,s_00058,2025-03-01 22:29:08
j_00000700,u_000190,s_00117,2025-02-08 20:56:35
j_00000701,u_000190,s_00076,2025-01-12 21:22:03
j_00000702,u_000190,s_00100,2025-02-17 23:38:15
j_00000703,u_000191,s_00092,2025-01-07 21:39:43
j_00000704,u_000191,s_00082,2025-01-21 14:47:22
j_00000705,u_000191,s_00096,2025-02-08 19:03:54
j_00000706,u_000191,s_00048,2025-01-05 13:27:21
j_00000707,u_000191,s_00049,2025-01-24 22:27:41
j_00000708,u_000192,s_00130,2025-02-17 23:13:01
j_00000709,u_000192,s_00011,2025-01-06 15:48:58
j_00000710,u_000192,s_00128,2025-01-23 17:49:36
j_00000711,u_000192,s_00070,2025-01-01 16:04:42
j_00000712,u_000192,s_00029,2025-02-09 18:41:19
j_00000713,u_000192,s_00074,2025-01-05 21:51:17
j_00000714,u_000193,s_00084,2025-01-17 18:17:26
j_00000715,u_000193,s_00022,2025-02-01 22:37:15
j_00000716,u_000193,s_00039,2025-01-13 23:37:01
j_00000717,u_000193,s_00095,2025-01-14 23:01:40
j_00000718,u_000194,s_00105,2025-02-20 15:48:42
j_00000719,u_000195,s_00106,2025-02-16 23:45:40
j_00000720,u_000195,s_00129,2025-01-05 23:16:33
j_00000721,u_000195,s_00032,2025-02-21 23:18:31
j_00000722,u_000195,s_00138,2025-01-29 19:46:59
j_00000723,u_000196,s_00146,2025-01-09 16:48:31
j_00000724,u_000196,s_00125,2025-02-24 16:04:42
j_00000725,u_000196,s_00015,2025-01-21 15:21:24
j_00000726,u_000196,s_00128,2025-01-20 20:37:01
j_00000727,u_000196,s_00099,2025-01-09 23:07:20
j_00000728,u_000197,s_00006,2025-02-23 23:59:43
j_00000729,u_000198,s_00090,2025-01-18 18:12:38
j_00000730,u_000198,s_00099,2025-02-05 19:51:41
j_00000731,u_000198,s_00086,2025-01-15 19:03:44
j_00000732,u_000198,s_00120,2025-02-23 17:52:13
j_00000733,u_000198,s_00124,2025-02-17 22:02:48
j_00000734,u_000199,s_00037,2025-01-31 21:40:42
j_00000735,u_000199,s_00070,2025-01-21 20:21:18
j_00000736,u_000200,s_00004,2025-02-09 21:27:30
j_00000737,u_000200,s_00103,2025-01-30 22:06:51
j_00000738,u_000200,s_00082,2025-02-26 22:40:10
j_00000739,u_000200,s_00042,2025-02-10 16:37:18
j_00000740,u_000200,s_00095,2025-01-02 23:19:11
j_00000741,u_000200,s_00110,2025-02-19 21:28:18
j_00000742,u_000201,s_00069,2025-01-12 18:33:12
j_00000743,u_000201,s_00106,2025-01-19 20:41:48
j_00000744,u_000201,s_00018,2025-01-27 21:32:59
j_00000745,u_000201,s_00121,2025-01-13 23:03:58
j_00000746,u_000202,s_00090,2025-02-26 15:32:21
j_00000747,u_000202,s_00095,2025-02-28 23:20:55
j_00000748,u_000203,s_00043,2025-01-10 20:24:04
j_00000749,u_000204,s_00086,2025-01-20 17:22:06
j_00000750,u_000205,s_00024,2025-01-23 17:21:19
j_00000751,u_000205,s_00022,2025-02-10 15:14:17
j_00000752,u_000205,s_00011,2025-02-05 13:19:55
j_00000753,u_000205,s_00069,2025-02-10 22:42:45
j_00000754,u_000205,s_00017,2025-01-02 23:13:45
j_00000755,u_000206,s_00065,2025-01-31 13:45:48
j_00000756,u_000206,s_00026,2025-01-13 16:26:43
j_00000757,u_000206,s_00003,2025-01-14 23:36:30
j_00000758,u_000207,s_00045,2025-02-16 19:07:03
j_00000759,u_000207,s_00040,2025-01-09 23:12:00
j_00000760,u_000207,s_00029,2025-01-02 19:54:58
j_00000761,u_000207,s_00074,2025-01-30 17:49:30
j_00000762,u_000207,s_00031,2025-02-14 19:04:57
j_00000763,u_000207,s_00033,2025-01-31 10:54:01
j_00000764,u_000208,s_00006,2025-01-10 15:50:38
j_00000765,u_000208,s_00056,2025-02-16 23:08:16
j_00000766,u_000209,s_00125,2025-01-23 23:14:21
j_00000767,u_000209,s_00069,2025-02-12 23:10:39
j_00000768,u_000209,s_00023,2025-01-13 21:51:29
j_00000769,u_000209,s_00109,2025-02-24 10:51:08
j_00000770,u_000209,s_00144,2025-01-18 17:43:59
j_00000771,u_000209,s_00037,2025-02-28 23:15:42
j_00000772,u_000210,s_00004,2025-01-23 23:55:21
j_00000773,u_000210,s_00078,2025-02-13 23:50:37
j_00000774,u_000210,s_00046,2025-01-31 19:52:09
j_00000775,u_000210,s_00075,2025-01-05 14:21:25
j_00000776,u_000210,s_00125,2025-01-06 19:42:25
j_00000777,u_000210,s_00148,2025-01-25 20:40:22
j_00000778,u_000211,s_00126,2025-01-12 23:09:29
j_00000779,u_000212,s_00009,2025-02-06 20:34:54
j_00000780,u_000212,s_00078,2025-01-09 20:32:00
j_00000781,u_000212,s_00143,2025-02-05 20:35:33
j_00000782,u_000212,s_00065,2025-01-13 21:20:56
j_00000783,u_000213,s_00003,2025-01-11 22:40:53
j_00000784,u_000213,s_00123,2025-01-23 17:53:53
j_00000785,u_000213,s_00118,2025-02-04 15:36:24
j_00000786,u_000213,s_00115,2025-01-24 23:52:34
j_00000787,u_000213,s_00102,2025-01-21 13:46:35
j_00000788,u_000213,s_00020,2025-01-21 23:18:50
j_00000789,u_000214,s_00020,2025-01-21 12:44:57
j_00000790,u_000214,s_00093,2025-01-25 17:40:15
j_00000791,u_000215,s_00043,2025-02-20 23:56:07
j_00000792,u_000216,s_00015,2025-02-04 20:20:15
j_00000793,u_000216,s_00019,2025-01-26 14:09:15
j_00000794,u_000216,s_00111,2025-02-14 21:40:18
j_00000795,u_000216,s_00084,2025-02-01 20:37:55
j_00000796,u_000216,s_00105,2025-02-26 19:36:12
j_00000797,u_000216,s_00142,2025-02-03 17:44:25
j_00000798,u_000217,s_00039,2025-01-13 19:30:21
j_00000799,u_000217,s_00089,2025-02-03 17:01:16
j_00000800,u_000217,s_00083,2025-02-16 23:52:11
j_00000801,u_000218,s_00132,2025-01-13 19:16:59
j_00000802,u_000219,s_00079,2025-01-13 18:14:37
j_00000803,u_000219,s_00116,2025-02-05 17:48:06
j_00000804,u_000219,s_00043,2025-02-23 23:47:39
j_00000805,u_000219,s_00112,2025-01-21 13:30:36
j_00000806,u_000219,s_00035,2025-01-31 21:41:21
j_00000807,u_000219,s_00127,2025-02-09 19:04:47
j_00000808,u_000220,s_00071,2025-02-09 14:16:48
j_00000809,u_000220,s_00044,2025-01-09 16:14:47
j_00000810,u_000220,s_00083,2025-01-24 21:25:38
j_00000811,u_000220,s_00046,2025-03-01 16:21:26
j_00000812,u_000220,s_00120,2025-02-23 21:04:12
j_00000813,u_000221,s_00122,2025-02-16 23:41:02
j_00000814,u_000222,s_00131,2025-01-02 20:35:55
j_00000815,u_000222,s_00095,2025-01-26 14:22:50
j_00000816,u_000223,s_00006,2025-01-04 16:53:12
j_00000817,u_000224,s_00127,2025-01-19 18:21:48
j_00000818,u_000224,s_00094,2025-02-21 18:07:02
j_00000819,u_000224,s_00046,2025-01-24 20:50:14
j_00000820,u_000224,s_00016,2025-01-11 21:07:09
j_00000821,u_000224,s_00144,2025-02-13 23:04:20
j_00000822,u_000224,s_00036,2025-02-15 19:28:19
j_00000823,u_000225,s_00082,2025-02-09 15:34:30
j_00000824,u_000226,s_00035,2025-02-18 23:16:27
j_00000825,u_000226,s_00003,2025-02-12 23:50:06
j_00000826,u_000226,s_00084,2025-02-08 20:16:08
j_00000827,u_000226,s_00095,2025-02-23 19:57:49
j_00000828,u_000226,s_00058,2025-01-20 22:38:32
j_00000829,u_000227,s_00119,2025-01-28 19:11:55
j_00000830,u_000227,s_00088,2025-02-03 11:24:07
j_00000831,u_000227,s_00092,2025-02-10 22:04:18
j_00000832,u_000227,s_00101,2025-01-29 23:50:09
j_00000833,u_000228,s_00070,2025-01-27 23:38:55
j_00000834,u_000228,s_00005,2025-01-10 17:25:09
j_00000835,u_000228,s_00039,2025-02-08 20:40:48
j_00000836,u_000228,s_00131,2025-01-08 20:36:11
j_00000837,u_000229,s_00114,2025-01-29 20:35:43
j_00000838,u_000229,s_00054,2025-01-25 20:23:27
j_00000839,u_000229,s_00097,2025-02-16 20:21:58
j_00000840,u_000229,s_00078,2025-01-29 20:15:04
j_00000841,u_000229,s_00149,2025-01-01 22:47:19
j_00000842,u_000230,s_00122,2025-01-31 23:28:43
j_00000843,u_000230,s_00073,2025-01-13 16:28:54
j_00000844,u_000230,s_00064,2025-01-23 19:43:32
j_00000845,u_000230,s_00078,2025-01-18 18:31:05
j_00000846,u_000230,s_00006,2025-01-10 17:57:37
j_00000847,u_000230,s_00066,2025-02-26 13:14:28
j_00000848,u_000231,s_00011,2025-01-16 20:02:46
j_00000849,u_000232,s_00063,2025-01-31 21:25:33
j_00000850,u_000233,s_00100,2025-02-19 19:31:53
j_00000851,u_000234,s_00127,2025-01-22 19:49:07
j_00000852,u_000234,s_00011,2025-02-26 21:38:37
j_00000853,u_000234,s_00146,2025-01-25 23:56:44
j_00000854,u_000234,s_00002,2025-02-26 18:05:24
j_00000855,u_000234,s_00045,2025-01-28 15:32:28
j_00000856,u_000235,s_00103,2025-01-01 19:49:41
j_00000857,u_000235,s_00143,2025-02-22 23:30:27
j_00000858,u_000235,s_00033,2025-02-21 15:16:23
j_00000859,u_000235,s_00045,2025-02-27 22:46:34
j_00000860,u_000236,s_00020,2025-01-08 23:52:48
j_00000861,u_000237,s_00042,2025-02-20 10:15:08
j_00000862,u_000237,s_00052,2025-01-21 21:33:52
j_00000863,u_000238,s_00044,2025-02-20 22:48:12
j_00000864,u_000238,s_00057,2025-02-27 18:09:05
j_00000865,u_000238,s_00089,2025-01-12 17:00:10
j_00000866,u_000238,s_00118,2025-01-23 17:44:04
j_00000867,u_000239,s_00145,2025-01-17 18:45:57
j_00000868,u_000239,s_00069,2025-01-19 18:09:17
j_00000869,u_000239,s_00147,2025-02-05 18:35:46
j_00000870,u_000239,s_00078,2025-01-25 18:43:10
j_00000871,u_000239,s_00026,2025-02-09 23:57:31
j_00000872,u_000240,s_00051,2025-02-10 15:48:25
j_00000873,u_000240,s_00125,2025-01-13 13:13:39
j_00000874,u_000240,s_00053,2025-01-03 23:34:59
j_00000875,u_000241,s_00096,2025-02-14 19:43:38
j_00000876,u_000241,s_00073,2025-01-11 18:16:42
j_00000877,u_000241,s_00037,2025-01-12 19:09:15
j_00000878,u_000241,s_00132,2025-02-06 20:26:07
j_00000879,u_000241,s_00019,2025-01-16 17:43:05
j_00000880,u_000241,s_00080,2025-01-12 22:31:18
j_00000881,u_000242,s_00098,2025-01-19 16:36:33
j_00000882,u_000242,s_00083,2025-02-01 18:39:03
j_00000883,u_000242,s_00053,2025-02-20 11:57:15
j_00000884,u_000242,s_00056,2025-03-01 23:38:37
j_00000885,u_000242,s_00060,2025-02-13 19:08:52
j_00000886,u_000242,s_00006,2025-02-23 22:24:59
j_00000887,u_000243,s_00015,2025-02-01 21:10:14
j_00000888,u_000243,s_00070,2025-01-25 22:45:06
j_00000889,u_000243,s_00144,2025-02-19 19:59:34
j_00000890,u_000243,s_00148,2025-01-19 21:46:56
j_00000891,u_000243,s_00101,2025-02-18 16:14:25
j_00000892,u_000244,s_00013,2025-03-01 15:41:54
j_00000893,u_000244,s_00114,2025-01-24 19:01:44
j_00000894,u_000244,s_00056,2025-02-08 17:16:53
j_00000895,u_000245,s_00052,2025-02-16 23:18:57
j_00000896,u_000245,s_00076,2025-02-17 21:28:06
j_00000897,u_000245,s_00009,2025-01-13 17:19:24
j_00000898,u_000245,s_00122,2025-02-27 18:25:02
j_00000899,u_000245,s_00118,2025-01-31 20:00:02
j_00000900,u_000245,s_00126,2025-01-03 19:49:28
j_00000901,u_000246,s_00081,2025-01-08 21:23:39
j_00000902,u_000246,s_00009,2025-02-13 20:48:53
j_00000903,u_000246,s_00022,2025-01-26 14:03:07
j_00000904,u_000246,s_00021,2025-01-07 11:51:01
j_00000905,u_000246,s_00075,2025-02-01 18:37:06
j_00000906,u_000247,s_00125,2025-02-05 22:13:55
j_00000907,u_000247,s_00116,2025-01-05 18:45:39
j_00000908,u_000247,s_00056,2025-01-22 23:44:28
j_00000909,u_000247,s_00014,2025-01-28 19:43:06
j_00000910,u_000248,s_00104,2025-02-16 23:52:22
j_00000911,u_000248,s_00138,2025-02-09 23:57:07
j_00000912,u_000248,s_00143,2025-01-06 23:09:01
j_00000913,u_000249,s_00107,2025-02-06 15:16:26
j_00000914,u_000249,s_00017,2025-02-24 20:02:30
j_00000915,u_000249,s_00079,2025-01-04 23:03:27
j_00000916,u_000249,s_00091,2025-03-01 21:06:52
j_00000917,u_000249,s_00008,2025-01-06 22:41:54
j_00000918,u_000250,s_00075,2025-02-07 14:36:07
j_00000919,u_000250,s_00142,2025-01-22 23:02:16
j_00000920,u_000250,s_00104,2025-02-13 16:25:30
j_00000921,u_000250,s_00110,2025-02-20 12:06:24
j_00000922,u_000251,s_00109,2025-02-21 18:11:26
j_00000923,u_000251,s_00133,2025-02-22 10:03:42
j_00000924,u_000252,s_00124,2025-02-18 15:31:10
j_00000925,u_000252,s_00128,2025-01-19 23:04:49
j_00000926,u_000252,s_00130,2025-01-28 18:47:15
j_00000927,u_000252,s_00018,2025-02-13 14:55:20
j_00000928,u_000252,s_00093,2025-01-11 20:51:13
j_00000929,u_000252,s_00015,2025-02-04 16:49:37
j_00000930,u_000253,s_00138,2025-02-01 23:45:41
j_00000931,u_000254,s_00054,2025-03-01 16:54:37
j_00000932,u_000254,s_00007,2025-01-03 21:53:29
j_00000933,u_000254,s_00030,2025-01-06 15:12:18
j_00000934,u_000254,s_00025,2025-01-02 23:36:41
j_00000935,u_000254,s_00062,2025-02-02 22:18:07
j_00000936,u_000255,s_00003,2025-02-03 19:50:18
j_00000937,u_000255,s_00148,2025-02-05 18:00:40
j_00000938,u_000255,s_00135,2025-01-15 17:25:41
j_00000939,u_000255,s_00055,2025-01-19 16:22:16
j_00000940,u_000256,s_00110,2025-01-26 16:51:20
j_00000941,u_000256,s_00025,2025-01-03 23:17:19
j_00000942,u_000256,s_00042,2025-02-15 17:53:53
j_00000943,u_000256,s_00033,2025-01-04 11:29:34
j_00000944,u_000257,s_00067,2025-02-10 15:41:07
j_00000945,u_000258,s_00118,2025-01-28 23:31:09
j_00000946,u_000258,s_00000,2025-03-01 18:25:04
j_00000947,u_000258,s_00112,2025-02-11 19:18:14
j_00000948,u_000259,s_00114,2025-01-29 23:16:13
j_00000949,u_000259,s_00057,2025-02-12 16:38:26
j_00000950,u_000259,s_00068,2025-01-08 22:19:44
j_00000951,u_000259,s_00144,2025-01-11 17:51:52
j_00000952,u_000259,s_00124,2025-01-30 22:07:33
j_00000953,u_000259,s_00077,2025-02-21 18:12:46
j_00000954,u_000260,s_00064,2025-02-19 19:02:39
j_00000955,u_000260,s_00075,2025-01-23 23:51:19
j_00000956,u_000261,s_00022,2025-01-18 22:24:36
j_00000957,u_000261,s_00080,2025-02-27 19:02:18
j_00000958,u_000261,s_00127,2025-02-03 18:02:18
j_00000959,u_000261,s_00063,2025-01-08 23:55:59
j_00000960,u_000261,s_00008,2025-01-14 22:52:54
j_00000961,u_000262,s_00019,2025-02-20 18:16:39
j_00000962,u_000262,s_00085,2025-02-23 17:38:35
j_00000963,u_000262,s_00137,2025-02-24 23:15:41
j_00000964,u_000262,s_00052,2025-01-01 20:50:45
j_00000965,u_000262,s_00098,2025-02-19 19:42:03
j_00000966,u_000262,s_00005,2025-01-07 20:26:21
j_00000967,u_000263,s_00092,2025-02-18 21:55:06
j_00000968,u_000263,s_00041,2025-02-22 19:13:31
j_00000969,u_000263,s_00138,2025-01-22 23:59:17
j_00000970,u_000263,s_00128,2025-01-12 23:17:19
j_00000971,u_000263,s_00023,2025-02-12 22:53:50
j_00000972,u_000263,s_00059,2025-01-05 23:51:12
j_00000973,u_000264,s_00118,2025-02-04 20:33:54
j_00000974,u_000264,s_00072,2025-01-20 22:07:25
j_00000975,u_000264,s_00033,2025-01-26 23:45:11
j_00000976,u_000264,s_00045,2025-02-19 23:41:08
j_00000977,u_000265,s_00020,2025-03-01 23:51:42
j_00000978,u_000265,s_00050,2025-01-25 22:13:54
j_00000979,u_000266,s_00007,2025-01-18 23:14:52
j_00000980,u_000266,s_00001,2025-02-20 17:21:10
j_00000981,u_000266,s_00062,2025-01-25 19:22:52
j_00000982,u_000266,s_00004,2025-01-12 19:00:13
j_00000983,u_000266,s_00010,2025-02-24 18:09:27
j_00000984,u_000267,s_00093,2025-03-01 12:28:00
j_00000985,u_000267,s_00077,2025-01-18 23:58:15
j_00000986,u_000267,s_00105,2025-01-10 15:07:19
j_00000987,u_000268,s_00010,2025-01-10 20:14:57
j_00000988,u_000268,s_00015,2025-02-05 14:51:16
j_00000989,u_000268,s_00128,2025-01-19 22:02:16
j_00000990,u_000268,s_00130,2025-02-07 16:05:16
j_00000991,u_000269,s_00098,2025-02-15 15:53:15
j_00000992,u_000269,s_00017,2025-01-01 20:15:32
j_00000993,u_000269,s_00084,2025-02-21 17:18:12
j_00000994,u_000269,s_00004,2025-01-02 17:00:17
j_00000995,u_000269,s_00012,2025-01-07 20:24:31
j_00000996,u_000270,s_00035,2025-02-13 23:59:45
j_00000997,u_000270,s_00127,2025-02-07 16:59:06
j_00000998,u_000270,s_00016,2025-02-28 16:38:20
j_00000999,u_000270,s_00076,2025-02-04 20:40:34
j_00001000,u_000270,s_00072,2025-01-26 22:38:55
j_00001001,u_000271,s_00007,2025-02-10 23:41:56
j_00001002,u_000271,s_00009,2025-02-15 15:31:52
j_00001003,u_000272,s_00148,2025-02-10 18:12:30
j_00001004,u_000272,s_00007,2025-01-23 23:52:05
j_00001005,u_000272,s_00090,2025-02-27 23:52:57
j_00001006,u_000272,s_00019,2025-01-19 16:08:37
j_00001007,u_000272,s_00026,2025-01-21 17:05:54
j_00001008,u_000273,s_00003,2025-01-17 21:47:55
j_00001009,u_000273,s_00009,2025-01-18 17:02:47
j_00001010,u_000273,s_00008,2025-01-13 16:48:25
j_00001011,u_000273,s_00080,2025-02-04 20:58:36
j_00001012,u_000274,s_00077,2025-02-13 23:02:41
j_00001013,u_000274,s_00029,2025-01-26 14:47:52
j_00001014,u_000274,s_00126,2025-02-25 23:07:13
j_00001015,u_000274,s_00109,2025-01-29 17:17:33
j_00001016,u_000274,s_00081,2025-01-29 21:32:35
j_00001017,u_000274,s_00080,2025-01-05 23:40:12
j_00001018,u_000275,s_00035,2025-02-24 21:05:24
j_00001019,u_000275,s_00145,2025-01-09 18:06:55
j_00001020,u_000275,s_00000,2025-01-10 22:16:00
j_00001021,u_000275,s_00142,2025-02-26 19:40:30
j_00001022,u_000276,s_00012,2025-02-01 22:24:36
j_00001023,u_000276,s_00076,2025-01-05 19:16:54
j_00001024,u_000276,s_00057,2025-01-27 23:09:17
j_00001025,u_000276,s_00135,2025-02-05 14:58:23
j_00001026,u_000276,s_00087,2025-01-01 15:42:04
j_00001027,u_000276,s_00090,2025-02-15 14:59:20
j_00001028,u_000277,s_00057,2025-02-10 19:29:59
j_00001029,u_000277,s_00100,2025-01-01 13:49:45
j_00001030,u_000277,s_00010,2025-02-07 17:38:25
j_00001031,u_000277,s_00069,2025-01-14 15:31:38
j_00001032,u_000277,s_00112,2025-02-14 23:28:57
j_00001033,u_000277,s_00059,2025-01-23 16:30:26
j_00001034,u_000278,s_00019,2025-01-13 14:24:17
j_00001035,u_000278,s_00073,2025-01-31 20:38:52
j_00001036,u_000278,s_00033,2025-01-27 23:29:51
j_00001037,u_000278,s_00053,2025-01-21 19:58:30
j_00001038,u_000278,s_00103,2025-02-22 19:53:00
j_00001039,u_000278,s_00008,2025-02-08 23:27:00
j_00001040,u_000279,s_00074,2025-01-30 23:23:07
j_00001041,u_000279,s_00144,2025-01-14 21:45:41
j_00001042,u_000279,s_00046,2025-02-04 17:38:10
j_00001043,u_000279,s_00036,2025-01-02 21:13:03
j_00001044,u_000279,s_00000,2025-02-23 14:50:40
j_00001045,u_000280,s_00096,2025-01-01 17:40:28
j_00001046,u_000280,s_00015,2025-02-11 23:37:31
j_00001047,u_000280,s_00049,2025-01-21 23:46:11
j_00001048,u_000280,s_00042,2025-02-13 21:13:12
j_00001049,u_000281,s_00039,2025-01-22 12:47:14
j_00001050,u_000282,s_00049,2025-01-02 15:07:38
j_00001051,u_000282,s_00125,2025-02-26 17:47:58
j_00001052,u_000282,s_00040,2025-02-15 19:35:54
j_00001053,u_000283,s_00097,2025-01-03 14:34:06
j_00001054,u_000283,s_00141,2025-01-02 19:43:40
j_00001055,u_000283,s_00028,2025-02-01 23:18:45
j_00001056,u_000284,s_00065,2025-02-27 21:46:02
j_00001057,u_000284,s_00102,2025-02-04 20:01:38
j_00001058,u_000284,s_00112,2025-01-01 15:41:26
j_00001059,u_000284,s_00028,2025-02-11 13:47:11
j_00001060,u_000284,s_00023,2025-01-26 15:00:47
j_00001061,u_000285,s_00094,2025-02-08 13:41:56
j_00001062,u_000285,s_00103,2025-01-22 20:46:35
j_00001063,u_000285,s_00039,2025-01-01 21:31:12
j_00001064,u_000285,s_00091,2025-01-02 16:36:25
j_00001065,u_000286,s_00108,2025-02-07 20:03:30
j_00001066,u_000286,s_00048,2025-02-08 23:59:54
j_00001067,u_000286,s_00110,2025-01-20 23:58:47
j_00001068,u_000287,s_00109,2025-01-05 23:45:40
j_00001069,u_000288,s_00042,2025-02-16 19:00:45
j_00001070,u_000288,s_00029,2025-01-10 22:25:41
j_00001071,u_000288,s_00111,2025-01-12 23:49:19
j_00001072,u_000288,s_00107,2025-01-28 11:40:08
j_00001073,u_000288,s_00118,2025-02-12 23:54:50
j_00001074,u_000289,s_00014,2025-03-01 17:36:33
j_00001075,u_000289,s_00062,2025-02-07 17:42:57
j_00001076,u_000289,s_00031,2025-02-27 18:20:40
j_00001077,u_000290,s_00076,2025-02-09 21:48:28
j_00001078,u_000291,s_00040,2025-02-20 15:32:38
j_00001079,u_000291,s_00006,2025-01-11 18:48:39
j_00001080,u_000292,s_00022,2025-01-04 22:12:58
j_00001081,u_000292,s_00102,2025-02-10 20:16:21
j_00001082,u_000292,s_00000,2025-02-28 21:05:22
j_00001083,u_000292,s_00043,2025-02-14 18:40:21
j_00001084,u_000292,s_00135,2025-01-21 22:43:06
j_00001085,u_000292,s_00084,2025-01-30 23:17:28
j_00001086,u_000293,s_00133,2025-01-07 23:23:26
j_00001087,u_000294,s_00125,2025-01-21 21:34:11
j_00001088,u_000294,s_00095,2025-02-10 23:45:48
j_00001089,u_000294,s_00097,2025-01-10 23:18:41
j_00001090,u_000295,s_00067,2025-01-29 23:29:14
j_00001091,u_000295,s_00001,2025-01-18 23:11:09
j_00001092,u_000295,s_00143,2025-01-30 19:48:37
j_00001093,u_000295,s_00051,2025-02-15 16:52:00
j_00001094,u_000296,s_00059,2025-02-23 18:44:09
j_00001095,u_000297,s_00063,2025-01-25 18:48:26
j_00001096,u_000298,s_00081,2025-02-19 22:45:59
j_00001097,u_000298,s_00149,2025-02-12 17:50:04
j_00001098,u_000298,s_00063,2025-02-25 23:25:31
j_00001099,u_000298,s_00115,2025-02-14 14:12:33
j_00001100,u_000298,s_00116,2025-02-03 13:57:15
j_00001101,u_000298,s_00057,2025-02-10 19:00:31
j_00001102,u_000299,s_00148,2025-01-20 16:24:38
j_00001103,u_000299,s_00055,2025-02-10 14:43:08
j_00001104,u_000299,s_00052,2025-02-12 17:47:57
j_00001105,u_000299,s_00143,2025-02-06 16:41:14
j_00001106,u_000300,s_00079,2025-01-07 20:29:22
j_00001107,u_000300,s_00145,2025-02-01 17:55:01
j_00001108,u_000301,s_00120,2025-02-12 17:14:35
j_00001109,u_000301,s_00092,2025-01-12 19:08:35
j_00001110,u_000302,s_00029,2025-02-17 23:37:06
j_00001111,u_000302,s_00101,2025-02-20 23:19:17
j_00001112,u_000302,s_00013,2025-02-02 20:28:46
j_00001113,u_000303,s_00093,2025-02-27 20:27:42
j_00001114,u_000303,s_00019,2025-02-21 19:15:18
j_00001115,u_000303,s_00105,2025-01-28 21:59:37
j_00001116,u_000303,s_00038,2025-02-23 21:22:44
j_00001117,u_000303,s_00148,2025-02-25 23:40:22
j_00001118,u_000304,s_00020,2025-01-07 12:09:10
j_00001119,u_000304,s_00080,2025-03-01 19:59:01
j_00001120,u_000304,s_00031,2025-01-01 21:59:57
j_00001121,u_000304,s_00029,2025-01-30 19:04:19
j_00001122,u_000304,s_00130,2025-02-26 16:38:48
j_00001123,u_000305,s_00061,2025-02-13 14:35:19
j_00001124,u_000305,s_00070,2025-01-17 23:10:42
j_00001125,u_000306,s_00144,2025-02-08 16:46:19
j_00001126,u_000306,s_00068,2025-01-13 12:45:36
j_00001127,u_000306,s_00021,2025-01-15 23:50:57
j_00001128,u_000306,s_00088,2025-02-24 21:36:45
j_00001129,u_000306,s_00149,2025-01-03 19:42:09
j_00001130,u_000307,s_00147,2025-02-27 16:43:31
j_00001131,u_000307,s_00043,2025-01-28 19:46:16
j_00001132,u_000307,s_00045,2025-01-04 23:35:13
j_00001133,u_000307,s_00082,2025-02-17 13:44:49
j_00001134,u_000307,s_00027,2025-01-03 13:03:58
j_00001135,u_000307,s_00072,2025-01-20 17:37:55
j_00001136,u_000308,s_00011,2025-01-15 19:12:50
j_00001137,u_000308,s_00043,2025-02-17 18:24:28
j_00001138,u_000309,s_00004,2025-01-24 22:46:31
j_00001139,u_000310,s_00021,2025-02-09 23:06:32
j_00001140,u_000310,s_00004,2025-01-05 21:45:44
j_00001141,u_000310,s_00072,2025-02-11 22:15:03
j_00001142,u_000310,s_00112,2025-02-12 21:45:49
j_00001143,u_000310,s_00123,2025-01-18 20:45:48
j_00001144,u_000310,s_00076,2025-02-22 14:00:59
j_00001145,u_000311,s_00036,2025-01-29 15:14:35
j_00001146,u_000311,s_00099,2025-02-10 14:48:27
j_00001147,u_000311,s_00040,2025-01-11 19:20:28
j_00001148,u_000311,s_00023,2025-02-25 20:26:37
j_00001149,u_000312,s_00028,2025-01-15 14:00:18
j_00001150,u_000312,s_00060,2025-02-07 20:41:46
j_00001151,u_000312,s_00054,2025-01-06 16:05:26
j_00001152,u_000312,s_00065,2025-01-03 15:16:16
j_00001153,u_000312,s_00079,2025-01-08 17:28:44
j_00001154,u_000313,s_00007,2025-02-26 15:46:20
j_00001155,u_000313,s_00084,2025-01-13 22:29:04
j_00001156,u_000314,s_00084,2025-02-22 19:58:31
j_00001157,u_000314,s_00076,2025-02-04 23:31:30
j_00001158,u_000315,s_00128,2025-01-06 18:15:17
j_00001159,u_000315,s_00016,2025-01-27 18:11:02
j_00001160,u_000316,s_00046,2025-01-29 23:47:28
j_00001161,u_000316,s_00023,2025-01-17 13:27:46
j_00001162,u_000317,s_00066,2025-02-06 23:36:48
j_00001163,u_000317,s_00065,2025-02-21 23:22:12
j_00001164,u_000317,s_00069,2025-02-23 23:16:25
j_00001165,u_000318,s_00143,2025-02-01 18:35:54
j_00001166,u_000319,s_00065,2025-02-23 23:17:20
j_00001167,u_000319,s_00121,2025-02-25 18:59:28
j_00001168,u_000319,s_00140,2025-01-06 17:43:40
j_00001169,u_000319,s_00033,2025-02-08 18:49:27
j_00001170,u_000319,s_00071,2025-02-16 17:17:50
j_00001171,u_000319,s_00120,2025-01-01 16:01:21
j_00001172,u_000320,s_00121,2025-02-06 23:02:29
j_00001173,u_000320,s_00012,2025-02-24 16:51:30
j_00001174,u_000320,s_00125,2025-01-17 19:52:44
j_00001175,u_000320,s_00098,2025-02-21 14:40:20
j_00001176,u_000321,s_00026,2025-02-26 20:35:16
j_00001177,u_000321,s_00063,2025-02-08 15:12:21
j_00001178,u_000321,s_00003,2025-02-07 15:45:13
j_00001179,u_000321,s_00025,2025-02-02 19:30:11
j_00001180,u_000321,s_00092,2025-01-25 23:36:49
j_00001181,u_000321,s_00005,2025-01-28 21:01:20
j_00001182,u_000322,s_00094,2025-02-01 22:30:16
j_00001183,u_000322,s_00037,2025-01-29 19:41:48
j_00001184,u_000322,s_00144,2025-02-19 18:46:47
j_00001185,u_000322,s_00138,2025-02-16 23:08:14
j_00001186,u_000323,s_00056,2025-01-21 17:01:18
j_00001187,u_000323,s_00026,2025-01-31 23:51:49
j_00001188,u_000324,s_00069,2025-01-13 23:18:16
j_00001189,u_000324,s_00027,2025-01-11 16:28:51
j_00001190,u_000324,s_00064,2025-01-23 17:37:37
j_00001191,u_000324,s_00030,2025-01-04 17:29:39
j_00001192,u_000325,s_00136,2025-02-21 14:56:32
j_00001193,u_000326,s_00123,2025-01-08 18:50:01
j_00001194,u_000326,s_00146,2025-01-20 23:23:49
j_00001195,u_000326,s_00135,2025-01-16 15:11:33
j_00001196,u_000326,s_00096,2025-01-13 23:58:10
j_00001197,u_000326,s_00084,2025-01-23 18:42:49
j_00001198,u_000327,s_00020,2025-02-13 23:45:17
j_00001199,u_000327,s_00130,2025-02-23 17:27:21
j_00001200,u_000327,s_00014,2025-01-12 19:29:38
j_00001201,u_000327,s_00035,2025-01-15 16:10:16
j_00001202,u_000327,s_00066,2025-01-29 17:25:00
j_00001203,u_000328,s_00108,2025-01-20 23:32:19
j_00001204,u_000329,s_00124,2025-02-17 21:07:40
j_00001205,u_000329,s_00054,2025-01-14 23:38:25
j_00001206,u_000329,s_00027,2025-01-25 14:36:42
j_00001207,u_000329,s_00066,2025-02-02 22:50:04
j_00001208,u_000330,s_00025,2025-01-23 16:03:15
j_00001209,u_000330,s_00069,2025-02-07 14:13:14
j_00001210,u_000330,s_00005,2025-02-17 20:25:03
j_00001211,u_000330,s_00004,2025-02-01 20:52:38
j_00001212,u_000331,s_00032,2025-01-28 20:14:12
j_00001213,u_000331,s_00092,2025-02-27 22:58:28
j_00001214,u_000332,s_00122,2025-02-28 23:57:59
j_00001215,u_000333,s_00109,2025-03-01 23:05:14
j_00001216,u_000333,s_00005,2025-01-01 15:21:11
j_00001217,u_000333,s_00010,2025-02-20 23:15:55
j_00001218,u_000333,s_00003,2025-02-23 23:29:21
j_00001219,u_000333,s_00058,2025-02-18 18:55:17
j_00001220,u_000334,s_00112,2025-02-14 13:22:43
j_00001221,u_000334,s_00028,2025-01-22 14:39:07
j_00001222,u_000335,s_00104,2025-02-13 18:08:22
j_00001223,u_000335,s_00008,2025-02-04 23:34:11
j_00001224,u_000335,s_00114,2025-02-19 20:21:53
j_00001225,u_000335,s_00057,2025-01-22 17:55:17
j_00001226,u_000336,s_00068,2025-02-14 17:46:34
j_00001227,u_000336,s_00012,2025-02-17 14:12:31
j_00001228,u_000337,s_00117,2025-02-20 23:37:29
j_00001229,u_000337,s_00028,2025-01-11 19:20:03
j_00001230,u_000337,s_00123,2025-02-21 23:26:15
j_00001231,u_000337,s_00083,2025-01-14 22:27:51
j_00001232,u_000338,s_00040,2025-02-26 23:49:32
j_00001233,u_000339,s_00049,2025-01-03 19:17:52
j_00001234,u_000339,s_00133,2025-01-14 15:00:33
j_00001235,u_000339,s_00055,2025-02-06 16:11:19
j_00001236,u_000340,s_00132,2025-02-02 14:49:20
j_00001237,u_000340,s_00137,2025-02-11 23:17:46
j_00001238,u_000340,s_00127,2025-01-25 18:03:14
j_00001239,u_000340,s_00136,2025-01-01 23:24:35
j_00001240,u_000341,s_00119,2025-02-07 20:52:56
j_00001241,u_000341,s_00016,2025-01-31 18:52:50
j_00001242,u_000341,s_00019,2025-01-31 15:56:23
j_00001243,u_000342,s_00137,2025-01-23 21:41:16
j_00001244,u_000342,s_00041,2025-02-23 19:49:37
j_00001245,u_000342,s_00113,2025-02-17 23:46:36
j_00001246,u_000342,s_00095,2025-01-11 17:01:43
j_00001247,u_000343,s_00140,2025-01-03 22:25:04
j_00001248,u_000343,s_00030,2025-01-11 23:31:32
j_00001249,u_000344,s_00077,2025-01-03 21:27:00
j_00001250,u_000344,s_00090,2025-02-12 23:49:59
j_00001251,u_000344,s_00124,2025-02-07 22:58:52
j_00001252,u_000345,s_00123,2025-01-28 23:32:44
j_00001253,u_000345,s_00103,2025-02-05 21:05:17
j_00001254,u_000345,s_00105,2025-02-18 22:21:44
j_00001255,u_000345,s_00011,2025-02-19 19:11:26
j_00001256,u_000345,s_00013,2025-01-27 16:28:38
j_00001257,u_000346,s_00105,2025-02-05 15:14:13
j_00001258,u_000346,s_00128,2025-02-04 23:04:28
j_00001259,u_000346,s_00005,2025-02-26 15:10:52
j_00001260,u_000347,s_00126,2025-02-15 22:29:11
j_00001261,u_000348,s_00020,2025-01-19 21:08:23
j_00001262,u_000348,s_00022,2025-02-23 23:01:17
j_00001263,u_000348,s_00138,2025-01-24 17:16:10
j_00001264,u_000348,s_00103,2025-02-15 16:38:23
j_00001265,u_000348,s_00130,2025-02-28 21:37:36
j_00001266,u_000348,s_00006,2025-02-18 18:23:03
j_00001267,u_000349,s_00129,2025-01-07 15:39:12
j_00001268,u_000349,s_00072,2025-01-13 23:11:49
j_00001269,u_000349,s_00095,2025-02-17 16:43:15
j_00001270,u_000349,s_00103,2025-01-08 16:01:20
j_00001271,u_000349,s_00090,2025-01-01 19:08:40
j_00001272,u_000350,s_00091,2025-01-16 23:55:44
j_00001273,u_000350,s_00016,2025-01-30 11:28:57
j_00001274,u_000350,s_00107,2025-01-08 23:33:09
j_00001275,u_000350,s_00127,2025-01-10 16:23:45
j_00001276,u_000350,s_00041,2025-01-21 21:38:43
j_00001277,u_000351,s_00085,2025-02-05 17:44:07
j_00001278,u_000351,s_00038,2025-02-02 23:46:52
j_00001279,u_000351,s_00109,2025-02-17 20:14:18
j_00001280,u_000351,s_00060,2025-02-28 17:37:25
j_00001281,u_000351,s_00123,2025-01-02 18:47:47
j_00001282,u_000352,s_00011,2025-02-11 20:24:31
j_00001283,u_000352,s_00140,2025-01-10 20:22:16
j_00001284,u_000352,s_00069,2025-01-22 21:37:19
j_00001285,u_000352,s_00075,2025-01-21 19:34:44
j_00001286,u_000352,s_00039,2025-02-12 14:15:10
j_00001287,u_000353,s_00083,2025-01-16 18:57:28
j_00001288,u_000353,s_00050,2025-02-23 22:33:44
j_00001289,u_000353,s_00038,2025-01-23 17:33:53
j_00001290,u_000353,s_00055,2025-02-18 22:12:49
j_00001291,u_000353,s_00063,2025-02-27 20:40:21
j_00001292,u_000354,s_00129,2025-01-31 19:55:11
j_00001293,u_000354,s_00135,2025-01-07 23:43:56
j_00001294,u_000354,s_00148,2025-02-12 13:30:35
j_00001295,u_000354,s_00077,2025-01-26 17:38:24
j_00001296,u_000355,s_00067,2025-01-21 23:14:54
j_00001297,u_000356,s_00042,2025-01-28 23:03:43
j_00001298,u_000356,s_00060,2025-01-18 23:38:28
j_00001299,u_000356,s_00130,2025-01-17 20:10:11
j_00001300,u_000356,s_00095,2025-03-01 21:05:04
j_00001301,u_000357,s_00075,2025-01-17 23:46:31
j_00001302,u_000357,s_00108,2025-01-28 23:26:06
j_00001303,u_000358,s_00101,2025-02-12 21:51:18
j_00001304,u_000358,s_00115,2025-01-14 23:51:40
j_00001305,u_000358,s_00134,2025-02-07 21:07:00
j_00001306,u_000358,s_00107,2025-02-23 22:46:59
j_00001307,u_000358,s_00093,2025-02-18 16:20:26
j_00001308,u_000359,s_00116,2025-01-02 18:42:52
j_00001309,u_000359,s_00064,2025-01-25 17:02:10
j_00001310,u_000359,s_00041,2025-01-01 15:28:27
j_00001311,u_000360,s_00139,2025-02-06 13:37:57
j_00001312,u_000360,s_00050,2025-01-20 18:26:37
j_00001313,u_000360,s_00047,2025-02-23 18:33:48
j_00001314,u_000360,s_00015,2025-01-11 20:00:41
j_00001315,u_000360,s_00061,2025-02-21 22:00:44
j_00001316,u_000360,s_00076,2025-01-21 20:36:21
j_00001317,u_000361,s_00064,2025-02-25 18:24:27
j_00001318,u_000361,s_00136,2025-01-12 16:34:02
j_00001319,u_000361,s_00077,2025-01-17 23:21:15
j_00001320,u_000361,s_00093,2025-01-22 19:00:03
j_00001321,u_000362,s_00053,2025-03-01 18:42:19
j_00001322,u_000362,s_00093,2025-02-14 19:08:43
j_00001323,u_000362,s_00064,2025-02-18 17:47:12
j_00001324,u_000362,s_00132,2025-02-03 17:00:28
j_00001325,u_000363,s_00103,2025-02-17 17:55:33
j_00001326,u_000363,s_00131,2025-02-07 18:15:09
j_00001327,u_000363,s_00041,2025-02-10 22:53:48
j_00001328,u_000363,s_00067,2025-02-20 21:00:46
j_00001329,u_000363,s_00017,2025-02-28 23:27:11
j_00001330,u_000363,s_00080,2025-02-04 23:25:02
j_00001331,u_000364,s_00042,2025-01-27 23:09:00
j_00001332,u_000364,s_00096,2025-02-09 22:28:17
j_00001333,u_000364,s_00124,2025-02-14 22:12:07
j_00001334,u_000365,s_00100,2025-03-01 18:26:01
j_00001335,u_000365,s_00131,2025-02-11 23:22:27
j_00001336,u_000365,s_00043,2025-02-27 17:11:31
j_00001337,u_000366,s_00068,2025-02-13 14:47:01
j_00001338,u_000366,s_00121,2025-02-27 23:31:35
j_00001339,u_000366,s_00076,2025-02-15 15:50:24
j_00001340,u_000367,s_00096,2025-02-23 21:48:12
j_00001341,u_000367,s_00112,2025-01-12 16:15:06
j_00001342,u_000367,s_00091,2025-03-01 23:17:45
j_00001343,u_000367,s_00063,2025-01-21 23:57:06
j_00001344,u_000367,s_00126,2025-02-17 22:18:12
j_00001345,u_000367,s_00053,2025-01-24 23:05:42
j_00001346,u_000368,s_00136,2025-01-28 20:32:37
j_00001347,u_000368,s_00145,2025-02-14 23:58:59
j_00001348,u_000368,s_00020,2025-02-02 22:14:02
j_00001349,u_000368,s_00059,2025-02-12 16:38:11
j_00001350,u_000368,s_00018,2025-01-05 20:20:39
j_00001351,u_000369,s_00093,2025-02-20 19:23:13
j_00001352,u_000370,s_00047,2025-01-25 18:27:22
j_00001353,u_000370,s_00029,2025-02-17 13:08:17
j_00001354,u_000370,s_00145,2025-01-18 21:23:48
j_00001355,u_000371,s_00088,2025-02-05 14:16:47
j_00001356,u_000371,s_00113,2025-02-05 09:49:48
j_00001357,u_000371,s_00009,2025-01-09 18:13:30
j_00001358,u_000372,s_00068,2025-01-29 16:50:29
j_00001359,u_000372,s_00023,2025-02-08 16:01:34
j_00001360,u_000372,s_00083,2025-02-20 07:24:04
j_00001361,u_000372,s_00003,2025-02-23 16:16:32
j_00001362,u_000373,s_00024,2025-01-24 19:26:16
j_00001363,u_000374,s_00030,2025-02-08 17:46:56
j_00001364,u_000374,s_00012,2025-01-11 21:57:11
j_00001365,u_000374,s_00000,2025-02-23 23:43:02
j_00001366,u_000374,s_00045,2025-02-22 22:30:57
j_00001367,u_000374,s_00015,2025-03-01 23:30:09
j_00001368,u_000375,s_00093,2025-01-30 23:59:31
j_00001369,u_000375,s_00016,2025-01-22 15:59:22
j_00001370,u_000375,s_00105,2025-02-15 21:45:16
j_00001371,u_000375,s_00031,2025-02-13 23:09:29
j_00001372,u_000375,s_00142,2025-01-13 18:15:43
j_00001373,u_000376,s_00002,2025-02-02 16:16:06
j_00001374,u_000376,s_00062,2025-02-08 22:13:39
j_00001375,u_000377,s_00113,2025-01-28 14:58:53
j_00001376,u_000378,s_00077,2025-01-23 15:09:17
j_00001377,u_000378,s_00142,2025-01-15 17:51:40
j_00001378,u_000378,s_00064,2025-01-25 21:48:55
j_00001379,u_000378,s_00072,2025-01-15 20:31:55
j_00001380,u_000379,s_00014,2025-01-19 23:18:38
j_00001381,u_000379,s_00023,2025-01-12 16:15:56
j_00001382,u_000380,s_00103,2025-01-23 16:40:46
j_00001383,u_000380,s_00129,2025-02-07 22:40:30
j_00001384,u_000380,s_00091,2025-01-23 16:32:07
j_00001385,u_000380,s_00017,2025-01-09 17:34:51
j_00001386,u_000380,s_00029,2025-02-18 12:49:17
j_00001387,u_000380,s_00046,2025-01-26 21:45:44
j_00001388,u_000381,s_00060,2025-02-05 23:45:38
j_00001389,u_000381,s_00115,2025-02-01 15:16:21
j_00001390,u_000381,s_00038,2025-01-31 23:03:46
j_00001391,u_000381,s_00097,2025-01-27 19:27:39
j_00001392,u_000381,s_00012,2025-02-15 12:20:44
j_00001393,u_000382,s_00069,2025-02-21 16:20:57
j_00001394,u_000382,s_00033,2025-02-24 16:31:16
j_00001395,u_000382,s_00057,2025-01-27 18:55:45
j_00001396,u_000382,s_00138,2025-01-21 21:48:02
j_00001397,u_000382,s_00019,2025-01-05 23:40:42
j_00001398,u_000382,s_00020,2025-01-27 14:42:09
j_00001399,u_000383,s_00078,2025-03-01 18:24:13
j_00001400,u_000383,s_00016,2025-01-16 16:32:11
j_00001401,u_000383,s_00087,2025-02-20 14:26:49
j_00001402,u_000383,s_00136,2025-02-15 20:48:22
j_00001403,u_000384,s_00017,2025-02-09 20:59:23
j_00001404,u_000384,s_00046,2025-02-03 12:26:21
j_00001405,u_000384,s_00128,2025-02-15 20:43:37
j_00001406,u_000384,s_00129,2025-01-06 15:03:54
j_00001407,u_000384,s_00127,2025-01-08 20:24:40
j_00001408,u_000384,s_00074,2025-01-12 23:52:06
j_00001409,u_000385,s_00136,2025-02-15 21:41:30
j_00001410,u_000386,s_00093,2025-01-26 20:31:06
j_00001411,u_000386,s_00125,2025-01-13 17:12:09
j_00001412,u_000387,s_00121,2025-01-03 20:48:11
j_00001413,u_000388,s_00037,2025-01-30 22:58:41
j_00001414,u_000388,s_00124,2025-01-24 21:23:52
j_00001415,u_000388,s_00033,2025-01-11 19:48:14
j_00001416,u_000388,s_00002,2025-01-02 20:35:56
j_00001417,u_000388,s_00022,2025-02-15 14:23:15
j_00001418,u_000389,s_00016,2025-02-16 17:19:18
j_00001419,u_000389,s_00113,2025-01-15 22:30:07
j_00001420,u_000389,s_00100,2025-01-30 23:24:02
j_00001421,u_000389,s_00053,2025-01-16 20:37:37
j_00001422,u_000390,s_00073,2025-01-25 23:08:24
j_00001423,u_000390,s_00137,2025-01-07 22:28:07
j_00001424,u_000391,s_00040,2025-02-26 19:44:33
j_00001425,u_000391,s_00039,2025-02-13 15:50:20
j_00001426,u_000392,s_00070,2025-02-24 23:16:23
j_00001427,u_000392,s_00110,2025-01-18 23:36:53
j_00001428,u_000392,s_00109,2025-02-22 23:18:24
j_00001429,u_000392,s_00144,2025-02-01 23:47:27
j_00001430,u_000393,s_00076,2025-01-12 14:21:41
j_00001431,u_000393,s_00013,2025-01-20 14:40:53
j_00001432,u_000394,s_00135,2025-02-18 08:25:44
j_00001433,u_000394,s_00110,2025-02-16 23:16:29
j_00001434,u_000394,s_00023,2025-02-13 22:34:18
j_00001435,u_000394,s_00033,2025-01-14 20:37:10
j_00001436,u_000395,s_00082,2025-02-08 15:40:07
j_00001437,u_000395,s_00039,2025-02-26 19:47:45
j_00001438,u_000395,s_00006,2025-01-03 20:40:44
j_00001439,u_000395,s_00061,2025-01-20 23:51:21
j_00001440,u_000396,s_00128,2025-01-05 21:25:56
j_00001441,u_000396,s_00110,2025-01-07 22:30:57
j_00001442,u_000397,s_00142,2025-03-01 19:28:37
j_00001443,u_000397,s_00117,2025-01-15 23:34:15
j_00001444,u_000398,s_00118,2025-01-11 22:08:30
j_00001445,u_000398,s_00009,2025-01-05 15:51:49
j_00001446,u_000398,s_00059,2025-02-28 23:31:30
j_00001447,u_000399,s_00100,2025-01-29 23:33:29
j_00001448,u_000399,s_00084,2025-02-17 21:52:31
j_00001449,u_000399,s_00086,2025-01-16 21:27:50
j_00001450,u_000399,s_00145,2025-02-08 23:27:24
j_00001451,u_000400,s_00118,2025-02-23 13:33:10
j_00001452,u_000400,s_00134,2025-02-10 23:56:30
j_00001453,u_000401,s_00037,2025-02-01 18:15:38
j_00001454,u_000401,s_00062,2025-01-13 23:09:56
j_00001455,u_000401,s_00072,2025-01-15 20:06:06
j_00001456,u_000402,s_00102,2025-02-05 15:44:56
j_00001457,u_000402,s_00112,2025-01-28 18:00:48
j_00001458,u_000402,s_00014,2025-01-03 23:42:42
j_00001459,u_000402,s_00069,2025-01-12 19:53:14
j_00001460,u_000403,s_00109,2025-01-26 17:40:12
j_00001461,u_000403,s_00000,2025-01-11 17:10:25
j_00001462,u_000404,s_00135,2025-02-03 22:39:10
j_00001463,u_000404,s_00038,2025-01-19 23:26:39
j_00001464,u_000404,s_00131,2025-01-18 11:01:45
j_00001465,u_000404,s_00108,2025-01-07 23:11:28
j_00001466,u_000405,s_00003,2025-01-31 20:44:41
j_00001467,u_000406,s_00040,2025-01-12 22:33:46
j_00001468,u_000407,s_00054,2025-02-07 18:29:54
j_00001469,u_000407,s_00147,2025-02-26 19:46:41
j_00001470,u_000408,s_00099,2025-02-24 20:31:14
j_00001471,u_000408,s_00097,2025-02-10 15:58:07
j_00001472,u_000409,s_00127,2025-02-18 16:03:56
j_00001473,u_000410,s_00013,2025-02-25 23:17:46
j_00001474,u_000410,s_00084,2025-02-10 13:11:50
j_00001475,u_000410,s_00001,2025-01-16 21:24:25
j_00001476,u_000410,s_00023,2025-01-31 18:54:09
j_00001477,u_000410,s_00047,2025-02-21 16:24:35
j_00001478,u_000410,s_00125,2025-02-10 23:18:38
j_00001479,u_000411,s_00055,2025-01-22 16:05:12
j_00001480,u_000411,s_00035,2025-01-11 15:23:28
j_00001481,u_000412,s_00098,2025-01-09 19:13:25
j_00001482,u_000412,s_00134,2025-01-23 16:11:15
j_00001483,u_000412,s_00048,2025-02-18 20:08:49
j_00001484,u_000412,s_00039,2025-02-03 20:37:29
j_00001485,u_000412,s_00010,2025-01-04 20:42:55
j_00001486,u_000413,s_00037,2025-02-25 19:44:00
j_00001487,u_000413,s_00029,2025-01-25 17:03:56
j_00001488,u_000413,s_00140,2025-01-24 22:55:39
j_00001489,u_000413,s_00005,2025-02-19 19:30:42
j_00001490,u_000413,s_00133,2025-01-23 18:33:17
j_00001491,u_000413,s_00112,2025-02-07 23:52:04
j_00001492,u_000414,s_00115,2025-02-25 19:16:13
j_00001493,u_000414,s_00022,2025-02-01 23:30:26
j_00001494,u_000414,s_00001,2025-02-06 23:04:20
j_00001495,u_000414,s_00117,2025-01-22 23:29:11
j_00001496,u_000414,s_00111,2025-02-23 22:15:00
j_00001497,u_000415,s_00001,2025-01-05 19:10:41
j_00001498,u_000415,s_00021,2025-01-17 19:37:40
j_00001499,u_000415,s_00094,2025-03-01 19:07:09
j_00001500,u_000415,s_00069,2025-01-30 11:58:46
j_00001501,u_000415,s_00109,2025-01-11 22:13:58
j_00001502,u_000416,s_00051,2025-01-25 20:04:59
j_00001503,u_000417,s_00009,2025-01-16 23:26:11
j_00001504,u_000417,s_00145,2025-02-01 19:23:25
j_00001505,u_000417,s_00044,2025-01-15 22:39:03
j_00001506,u_000418,s_00015,2025-01-24 14:40:00
j_00001507,u_000418,s_00032,2025-02-24 15:35:50
j_00001508,u_000418,s_00133,2025-01-05 10:34:58
j_00001509,u_000418,s_00052,2025-02-15 19:46:12
j_00001510,u_000418,s_00006,2025-01-05 16:39:27
j_00001511,u_000419,s_00040,2025-01-28 16:08:01
j_00001512,u_000419,s_00001,2025-02-10 21:27:48
j_00001513,u_000419,s_00044,2025-02-27 18:41:32
j_00001514,u_000419,s_00003,2025-01-16 14:16:17
j_00001515,u_000420,s_00043,2025-01-04 23:51:58
j_00001516,u_000421,s_00062,2025-02-15 19:28:08
j_00001517,u_000421,s_00040,2025-02-23 15:19:16
j_00001518,u_000421,s_00046,2025-02-03 17:22:44
j_00001519,u_000421,s_00147,2025-01-04 19:37:24
j_00001520,u_000422,s_00075,2025-01-31 19:42:42
j_00001521,u_000422,s_00069,2025-01-24 23:15:14
j_00001522,u_000422,s_00065,2025-01-28 19:10:39
j_00001523,u_000422,s_00025,2025-01-04 23:05:33
j_00001524,u_000422,s_00073,2025-01-20 18:29:02
j_00001525,u_000423,s_00109,2025-03-01 21:55:19
j_00001526,u_000423,s_00136,2025-01-03 23:57:17
j_00001527,u_000423,s_00040,2025-02-24 23:33:35
j_00001528,u_000423,s_00133,2025-02-01 23:31:26
j_00001529,u_000423,s_00073,2025-02-05 18:30:28
j_00001530,u_000424,s_00077,2025-02-26 19:14:10
j_00001531,u_000424,s_00100,2025-01-14 10:24:55
j_00001532,u_000424,s_00106,2025-03-01 19:56:44
j_00001533,u_000425,s_00144,2025-01-17 23:36:40
j_00001534,u_000425,s_00126,2025-01-21 23:14:16
j_00001535,u_000426,s_00083,2025-01-27 19:05:40
j_00001536,u_000426,s_00007,2025-02-06 23:45:14
j_00001537,u_000427,s_00141,2025-01-20 18:54:29
j_00001538,u_000427,s_00107,2025-02-17 17:06:16
j_00001539,u_000428,s_00128,2025-01-02 18:22:18
j_00001540,u_000428,s_00053,2025-02-09 15:51:38
j_00001541,u_000428,s_00043,2025-02-09 22:15:18
j_00001542,u_000429,s_00138,2025-02-02 21:10:43
j_00001543,u_000429,s_00125,2025-02-06 22:23:30
j_00001544,u_000430,s_00020,2025-02-14 18:23:58
j_00001545,u_000430,s_00118,2025-02-24 19:28:11
j_00001546,u_000430,s_00023,2025-01-14 11:57:56
j_00001547,u_000431,s_00128,2025-01-29 21:58:07
j_00001548,u_000432,s_00104,2025-02-03 20:34:32
j_00001549,u_000432,s_00021,2025-01-21 15:04:22
j_00001550,u_000433,s_00099,2025-02-28 19:15:45
j_00001551,u_000433,s_00130,2025-01-31 18:10:07
j_00001552,u_000434,s_00019,2025-02-05 23:00:15
j_00001553,u_000435,s_00065,2025-01-12 15:22:13
j_00001554,u_000435,s_00016,2025-01-25 21:00:55
j_00001555,u_000435,s_00017,2025-02-07 15:34:32
j_00001556,u_000435,s_00068,2025-01-26 17:16:09
j_00001557,u_000435,s_00051,2025-02-16 21:43:47
j_00001558,u_000435,s_00079,2025-01-09 19:31:17
j_00001559,u_000436,s_00084,2025-01-10 19:57:13
j_00001560,u_000436,s_00104,2025-01-21 21:29:29
j_00001561,u_000436,s_00112,2025-01-20 18:09:47
j_00001562,u_000436,s_00093,2025-02-18 23:55:50
j_00001563,u_000436,s_00074,2025-02-22 18:18:00
j_00001564,u_000437,s_00078,2025-01-29 19:45:53
j_00001565,u_000437,s_00040,2025-01-31 21:46:59
j_00001566,u_000437,s_00101,2025-01-18 20:55:19
j_00001567,u_000437,s_00096,2025-02-01 22:38:31
j_00001568,u_000437,s_00004,2025-02-12 21:30:22
j_00001569,u_000437,s_00133,2025-02-13 21:23:28
j_00001570,u_000438,s_00113,2025-02-28 18:26:39
j_00001571,u_000438,s_00029,2025-02-04 15:46:39
j_00001572,u_000438,s_00139,2025-01-21 14:33:28
j_00001573,u_000438,s_00065,2025-01-05 13:02:28
j_00001574,u_000439,s_00143,2025-02-11 23:22:29
j_00001575,u_000440,s_00090,2025-02-18 11:54:24
j_00001576,u_000440,s_00139,2025-02-03 23:12:07
j_00001577,u_000440,s_00089,2025-02-25 16:28:22
j_00001578,u_000440,s_00112,2025-01-20 23:50:42
j_00001579,u_000440,s_00051,2025-01-04 11:17:58
j_00001580,u_000440,s_00119,2025-02-07 19:40:48
j_00001581,u_000441,s_00000,2025-01-08 23:47:51
j_00001582,u_000441,s_00084,2025-01-06 22:19:46
j_00001583,u_000441,s_00038,2025-02-12 18:53:30
j_00001584,u_000442,s_00101,2025-01-27 12:26:40
j_00001585,u_000442,s_00124,2025-02-06 14:17:50
j_00001586,u_000442,s_00076,2025-02-14 23:13:13
j_00001587,u_000442,s_00048,2025-01-23 18:15:08
j_00001588,u_000442,s_00126,2025-02-06 19:33:15
j_00001589,u_000443,s_00064,2025-02-02 21:13:31
j_00001590,u_000443,s_00045,2025-02-04 14:21:47
j_00001591,u_000443,s_00120,2025-02-12 21:42:27
j_00001592,u_000444,s_00117,2025-01-23 18:52:58
j_00001593,u_000444,s_00052,2025-01-31 21:40:19
j_00001594,u_000444,s_00114,2025-02-05 17:31:27
j_00001595,u_000445,s_00060,2025-01-09 13:41:55
j_00001596,u_000445,s_00014,2025-01-13 18:24:10
j_00001597,u_000445,s_00039,2025-01-06 22:16:49
j_00001598,u_000446,s_00081,2025-01-12 21:44:09
j_00001599,u_000446,s_00002,2025-01-27 20:08:54
j_00001600,u_000447,s_00056,2025-02-26 23:54:19
j_00001601,u_000447,s_00147,2025-02-25 19:25:38
j_00001602,u_000447,s_00040,2025-02-15 20:49:42
j_00001603,u_000447,s_00016,2025-02-03 18:05:22
j_00001604,u_000448,s_00016,2025-01-13 23:29:33
j_00001605,u_000448,s_00129,2025-01-22 21:25:45
j_00001606,u_000448,s_00011,2025-02-15 17:21:52
j_00001607,u_000448,s_00090,2025-02-24 14:30:06
j_00001608,u_000448,s_00015,2025-02-27 23:39:29
j_00001609,u_000449,s_00001,2025-01-24 17:56:51
j_00001610,u_000450,s_00074,2025-01-30 20:49:33
j_00001611,u_000451,s_00060,2025-01-31 23:13:01
j_00001612,u_000451,s_00075,2025-01-04 23:58:07
j_00001613,u_000451,s_00037,2025-01-07 23:29:49
j_00001614,u_000451,s_00062,2025-01-03 17:27:25
j_00001615,u_000451,s_00024,2025-02-14 23:00:42
j_00001616,u_000451,s_00103,2025-01-14 20:40:53
j_00001617,u_000452,s_00060,2025-02-12 21:53:05
j_00001618,u_000452,s_00026,2025-01-23 23:17:27
j_00001619,u_000452,s_00044,2025-02-17 18:52:08
j_00001620,u_000452,s_00127,2025-01-07 20:05:50
j_00001621,u_000453,s_00118,2025-01-20 16:58:27
j_00001622,u_000453,s_00040,2025-01-13 23:15:52
j_00001623,u_000453,s_00050,2025-01-27 17:28:17
j_00001624,u_000453,s_00085,2025-02-03 23:00:08
j_00001625,u_000453,s_00037,2025-01-11 13:53:52
j_00001626,u_000453,s_00038,2025-02-10 22:30:36
j_00001627,u_000454,s_00096,2025-02-27 17:58:11
j_00001628,u_000454,s_00029,2025-01-03 22:22:41
j_00001629,u_000454,s_00134,2025-01-06 19:03:25
j_00001630,u_000454,s_00147,2025-02-27 17:40:02
j_00001631,u_000455,s_00099,2025-02-08 18:09:15
j_00001632,u_000455,s_00029,2025-02-25 16:36:45
j_00001633,u_000455,s_00055,2025-02-12 23:02:07
j_00001634,u_000455,s_00104,2025-02-13 15:10:20
j_00001635,u_000456,s_00118,2025-01-10 18:38:15
j_00001636,u_000456,s_00085,2025-01-31 21:40:43
j_00001637,u_000456,s_00090,2025-01-22 23:09:51
j_00001638,u_000456,s_00033,2025-02-20 19:11:47
j_00001639,u_000456,s_00128,2025-01-03 19:51:42
j_00001640,u_000456,s_00095,2025-01-02 21:00:05
j_00001641,u_000457,s_00118,2025-02-03 11:13:54
j_00001642,u_000457,s_00103,2025-02-28 15:58:09
j_00001643,u_000457,s_00008,2025-03-01 18:32:24
j_00001644,u_000457,s_00048,2025-02-05 17:01:49
j_00001645,u_000458,s_00105,2025-01-26 13:53:14
j_00001646,u_000458,s_00122,2025-01-17 23:20:13
j_00001647,u_000459,s_00110,2025-03-01 21:42:01
j_00001648,u_000459,s_00149,2025-01-11 20:38:21
j_00001649,u_000459,s_00030,2025-01-08 17:22:29
j_00001650,u_000459,s_00050,2025-01-31 20:22:28
j_00001651,u_000460,s_00010,2025-01-24 22:33:02
j_00001652,u_000460,s_00002,2025-01-30 18:22:12
j_00001653,u_000461,s_00139,2025-02-24 21:10:00
j_00001654,u_000461,s_00137,2025-01-17 16:43:13
j_00001655,u_000461,s_00003,2025-02-22 20:40:36
j_00001656,u_000462,s_00094,2025-01-13 23:36:00
j_00001657,u_000462,s_00108,2025-01-20 23:44:09
j_00001658,u_000462,s_00097,2025-01-01 23:31:32
j_00001659,u_000462,s_00086,2025-02-10 21:55:33
j_00001660,u_000462,s_00147,2025-02-21 20:53:53
j_00001661,u_000463,s_00078,2025-02-23 18:58:34
j_00001662,u_000464,s_00055,2025-01-11 12:06:55
j_00001663,u_000464,s_00134,2025-02-16 14:06:43
j_00001664,u_000464,s_00089,2025-01-09 19:28:33
j_00001665,u_000464,s_00019,2025-02-07 19:41:22
j_00001666,u_000464,s_00117,2025-02-12 23:14:06
j_00001667,u_000465,s_00147,2025-01-10 23:06:42
j_00001668,u_000465,s_00049,2025-01-07 17:02:56
j_00001669,u_000465,s_00062,2025-01-05 23:33:21
j_00001670,u_000465,s_00107,2025-02-12 18:58:21
j_00001671,u_000466,s_00122,2025-02-06 22:27:05
j_00001672,u_000466,s_00127,2025-01-08 23:44:35
j_00001673,u_000467,s_00038,2025-01-31 23:03:18
j_00001674,u_000468,s_00142,2025-02-17 18:12:00
j_00001675,u_000468,s_00105,2025-01-15 23:40:00
j_00001676,u_000468,s_00120,2025-02-06 12:24:20
j_00001677,u_000468,s_00104,2025-01-18 23:01:27
j_00001678,u_000468,s_00116,2025-01-16 19:13:27
j_00001679,u_000469,s_00048,2025-01-24 19:47:44
j_00001680,u_000469,s_00123,2025-01-22 11:41:31
j_00001681,u_000469,s_00001,2025-01-30 18:48:47
j_00001682,u_000469,s_00054,2025-01-13 23:21:17
j_00001683,u_000469,s_00036,2025-01-24 18:55:13
j_00001684,u_000470,s_00093,2025-02-07 22:55:32
j_00001685,u_000470,s_00100,2025-01-24 20:22:06
j_00001686,u_000470,s_00051,2025-02-09 23:12:45
j_00001687,u_000470,s_00020,2025-01-07 20:57:11
j_00001688,u_000470,s_00006,2025-01-09 16:20:54
j_00001689,u_000471,s_00005,2025-02-21 20:29:59
j_00001690,u_000471,s_00068,2025-01-28 23:55:32
j_00001691,u_000471,s_00015,2025-02-06 21:16:18
j_00001692,u_000472,s_00089,2025-02-14 19:53:20
j_00001693,u_000472,s_00131,2025-01-09 23:09:25
j_00001694,u_000472,s_00073,2025-02-28 23:17:28
j_00001695,u_000472,s_00020,2025-01-26 23:23:04
j_00001696,u_000473,s_00052,2025-02-23 21:28:11
j_00001697,u_000473,s_00047,2025-01-26 22:14:47
j_00001698,u_000473,s_00032,2025-01-25 23:53:03
j_00001699,u_000474,s_00053,2025-02-06 11:39:26
j_00001700,u_000474,s_00118,2025-01-12 21:40:52
j_00001701,u_000474,s_00132,2025-02-06 19:43:05
j_00001702,u_000475,s_00088,2025-02-28 18:38:55
j_00001703,u_000475,s_00070,2025-02-08 19:38:28
j_00001704,u_000476,s_00008,2025-01-05 13:39:25
j_00001705,u_000476,s_00115,2025-02-11 12:43:42
j_00001706,u_000477,s_00120,2025-01-03 23:55:46
j_00001707,u_000477,s_00129,2025-01-07 21:11:28
j_00001708,u_000477,s_00067,2025-01-18 10:31:04
j_00001709,u_000477,s_00003,2025-01-19 17:11:58
j_00001710,u_000477,s_00054,2025-01-01 23:10:00
j_00001711,u_000477,s_00128,2025-01-02 18:56:52
j_00001712,u_000478,s_00106,2025-02-17 23:28:26
j_00001713,u_000478,s_00085,2025-01-28 23:42:30
j_00001714,u_000478,s_00072,2025-01-12 14:43:45
j_00001715,u_000478,s_00083,2025-01-26 19:01:56
j_00001716,u_000479,s_00092,2025-02-11 18:29:09
j_00001717,u_000479,s_00072,2025-02-14 14:10:48
j_00001718,u_000480,s_00132,2025-01-18 14:18:39
j_00001719,u_000480,s_00074,2025-01-11 16:11:22
j_00001720,u_000480,s_00067,2025-02-27 17:39:25
j_00001721,u_000480,s_00017,2025-02-07 21:07:46
j_00001722,u_000480,s_00008,2025-02-28 23:27:08
j_00001723,u_000480,s_00050,2025-01-19 22:18:30
j_00001724,u_000481,s_00090,2025-01-07 23:57:43
j_00001725,u_000482,s_00063,2025-01-23 18:47:32
j_00001726,u_000482,s_00023,2025-01-20 22:21:26
j_00001727,u_000482,s_00149,2025-02-13 19:17:31
j_00001728,u_000482,s_00022,2025-02-12 18:43:30
j_00001729,u_000483,s_00046,2025-01-05 23:37:48
j_00001730,u_000484,s_00005,2025-02-05 10:33:49
j_00001731,u_000484,s_00011,2025-01-21 12:04:55
j_00001732,u_000484,s_00093,2025-02-06 21:04:04
j_00001733,u_000485,s_00123,2025-01-24 18:38:19
j_00001734,u_000485,s_00110,2025-02-02 14:28:52
j_00001735,u_000485,s_00092,2025-02-12 15:49:38
j_00001736,u_000485,s_00060,2025-01-18 16:01:22
j_00001737,u_000486,s_00065,2025-01-12 23:11:37
j_00001738,u_000486,s_00003,2025-02-12 23:47:27
j_00001739,u_000486,s_00058,2025-02-26 23:58:53
j_00001740,u_000486,s_00052,2025-01-27 13:44:33
j_00001741,u_000486,s_00056,2025-03-01 14:00:26
j_00001742,u_000486,s_00123,2025-01-12 14:03:37
j_00001743,u_000487,s_00057,2025-02-19 23:52:11
j_00001744,u_000487,s_00037,2025-03-01 21:29:46
j_00001745,u_000487,s_00005,2025-01-18 20:29:12
j_00001746,u_000487,s_00047,2025-01-09 20:57:01
j_00001747,u_000487,s_00061,2025-02-09 19:14:03
j_00001748,u_000487,s_00004,2025-02-22 15:17:03
j_00001749,u_000488,s_00080,2025-01-05 22:41:06
j_00001750,u_000488,s_00113,2025-02-08 19:54:03
j_00001751,u_000488,s_00096,2025-02-22 15:21:18
j_00001752,u_000488,s_00128,2025-01-02 22:09:57
j_00001753,u_000488,s_00147,2025-01-31 18:03:06
j_00001754,u_000488,s_00117,2025-01-05 20:00:40
j_00001755,u_000489,s_00021,2025-01-11 19:22:52
j_00001756,u_000489,s_00145,2025-01-30 23:31:48
j_00001757,u_000490,s_00137,2025-01-20 20:29:21
j_00001758,u_000491,s_00043,2025-01-06 16:14:03
j_00001759,u_000491,s_00116,2025-02-18 21:40:22
j_00001760,u_000491,s_00049,2025-01-13 21:52:36
j_00001761,u_000491,s_00031,2025-02-22 22:13:45
j_00001762,u_000491,s_00086,2025-01-11 23:40:08
j_00001763,u_000491,s_00058,2025-02-01 17:32:18
j_00001764,u_000492,s_00053,2025-02-13 22:41:36
j_00001765,u_000492,s_00149,2025-01-29 13:00:42
j_00001766,u_000492,s_00001,2025-01-26 19:40:18
j_00001767,u_000492,s_00110,2025-02-15 18:44:49
j_00001768,u_000492,s_00014,2025-01-01 23:40:48
j_00001769,u_000492,s_00141,2025-02-19 19:50:21
j_00001770,u_000493,s_00067,2025-02-11 22:44:32
j_00001771,u_000493,s_00016,2025-02-15 12:59:28
j_00001772,u_000494,s_00027,2025-01-26 18:40:40
j_00001773,u_000495,s_00002,2025-01-24 16:26:19
j_00001774,u_000495,s_00040,2025-02-04 23:50:19
j_00001775,u_000495,s_00064,2025-02-08 17:41:25
j_00001776,u_000495,s_00004,2025-02-25 20:33:12
j_00001777,u_000496,s_00072,2025-02-21 20:34:34
j_00001778,u_000497,s_00065,2025-01-04 13:21:57
j_00001779,u_000498,s_00043,2025-01-10 17:36:20
j_00001780,u_000498,s_00132,2025-02-26 21:28:51
j_00001781,u_000498,s_00122,2025-01-24 20:07:27
j_00001782,u_000498,s_00118,2025-02-04 10:26:09
j_00001783,u_000498,s_00053,2025-01-04 17:56:29
j_00001784,u_000498,s_00011,2025-01-07 23:19:29
j_00001785,u_000499,s_00006,2025-01-25 22:40:01
j_00001786,u_000499,s_00088,2025-02-13 23:24:28
j_00001787,u_000499,s_00039,2025-02-16 16:17:09
j_00001788,u_000500,s_00143,2025-02-23 23:23:47
j_00001789,u_000501,s_00120,2025-01-12 19:57:32
j_00001790,u_000501,s_00097,2025-01-13 23:06:18
j_00001791,u_000501,s_00099,2025-02-02 20:40:00
j_00001792,u_000501,s_00047,2025-02-02 11:49:34
j_00001793,u_000502,s_00070,2025-01-03 23:11:42
j_00001794,u_000502,s_00053,2025-01-27 18:45:25
j_00001795,u_000502,s_00072,2025-02-23 18:38:54
j_00001796,u_000503,s_00005,2025-01-10 14:20:11
j_00001797,u_000503,s_00057,2025-02-19 23:10:45
j_00001798,u_000503,s_00013,2025-01-27 17:56:29
j_00001799,u_000503,s_00051,2025-02-01 23:11:18
j_00001800,u_000504,s_00007,2025-02-08 18:56:17
j_00001801,u_000504,s_00076,2025-02-12 16:38:26
j_00001802,u_000504,s_00057,2025-02-08 23:51:04
j_00001803,u_000504,s_00132,2025-01-07 19:17:39
j_00001804,u_000504,s_00142,2025-01-18 19:01:24
j_00001805,u_000504,s_00078,2025-02-20 14:39:40
j_00001806,u_000505,s_00052,2025-01-03 18:22:30
j_00001807,u_000505,s_00075,2025-02-12 21:33:58
j_00001808,u_000506,s_00057,2025-02-01 14:27:04
j_00001809,u_000506,s_00040,2025-01-08 17:19:29
j_00001810,u_000506,s_00056,2025-01-08 18:43:32
j_00001811,u_000506,s_00010,2025-02-28 20:30:14
j_00001812,u_000507,s_00075,2025-01-02 23:38:40
j_00001813,u_000507,s_00096,2025-01-02 18:40:21
j_00001814,u_000507,s_00012,2025-01-02 17:40:45
j_00001815,u_000507,s_00084,2025-02-07 23:19:55
j_00001816,u_000507,s_00008,2025-02-25 18:46:51
j_00001817,u_000508,s_00112,2025-01-11 19:13:37
j_00001818,u_000508,s_00105,2025-02-17 18:56:43
j_00001819,u_000508,s_00036,2025-02-13 18:48:51
j_00001820,u_000509,s_00099,2025-01-14 20:33:58
j_00001821,u_000509,s_00114,2025-01-05 23:10:43
j_00001822,u_000509,s_00106,2025-01-30 21:54:54
j_00001823,u_000509,s_00048,2025-01-05 23:33:57
j_00001824,u_000509,s_00054,2025-01-07 23:48:10
j_00001825,u_000509,s_00011,2025-01-28 20:01:30
j_00001826,u_000510,s_00115,2025-02-18 21:20:21
j_00001827,u_000510,s_00146,2025-03-01 23:17:56
j_00001828,u_000510,s_00075,2025-02-07 15:48:44
j_00001829,u_000511,s_00023,2025-01-17 23:27:53
j_00001830,u_000511,s_00082,2025-01-20 17:07:20
j_00001831,u_000511,s_00141,2025-02-06 18:36:50
j_00001832,u_000512,s_00056,2025-01-11 15:09:04
j_00001833,u_000512,s_00072,2025-02-01 15:26:56
j_00001834,u_000512,s_00043,2025-02-16 23:59:13
j_00001835,u_000512,s_00096,2025-02-20 23:26:31
j_00001836,u_000512,s_00125,2025-01-04 17:25:42
j_00001837,u_000512,s_00046,2025-01-18 21:02:44
j_00001838,u_000513,s_00077,2025-01-16 20:27:12
j_00001839,u_000513,s_00102,2025-02-03 23:57:33
j_00001840,u_000513,s_00141,2025-01-12 23:57:31
j_00001841,u_000513,s_00012,2025-02-27 23:57:46
j_00001842,u_000514,s_00042,2025-02-25 19:21:19
j_00001843,u_000514,s_00011,2025-01-20 22:03:45
j_00001844,u_000514,s_00024,2025-01-25 22:14:36
j_00001845,u_000514,s_00093,2025-01-27 19:12:45
j_00001846,u_000514,s_00050,2025-01-03 15:04:52
j_00001847,u_000514,s_00110,2025-02-23 16:42:25
j_00001848,u_000515,s_00093,2025-02-16 23:31:25
j_00001849,u_000515,s_00113,2025-01-20 23:43:47
j_00001850,u_000515,s_00087,2025-02-02 19:11:46
j_00001851,u_000515,s_00149,2025-01-23 21:41:52
j_00001852,u_000515,s_00028,2025-01-14 23:03:33
j_00001853,u_000516,s_00048,2025-01-19 13:43:38
j_00001854,u_000516,s_00139,2025-01-07 18:48:03
j_00001855,u_000516,s_00053,2025-02-18 23:15:27
j_00001856,u_000516,s_00096,2025-02-09 21:19:14
j_00001857,u_000516,s_00145,2025-02-25 15:26:51
j_00001858,u_000517,s_00085,2025-01-01 20:34:07
j_00001859,u_000517,s_00055,2025-02-07 23:31:46
j_00001860,u_000518,s_00108,2025-02-03 09:06:50
j_00001861,u_000518,s_00002,2025-02-07 20:22:28
j_00001862,u_000518,s_00096,2025-03-01 18:30:40
j_00001863,u_000519,s_00073,2025-01-24 13:36:34
j_00001864,u_000519,s_00087,2025-01-09 20:37:41
j_00001865,u_000519,s_00109,2025-01-01 19:39:41
j_00001866,u_000519,s_00013,2025-01-30 19:26:15
j_00001867,u_000519,s_00089,2025-01-11 18:30:41
j_00001868,u_000519,s_00111,2025-01-09 15:20:54
j_00001869,u_000520,s_00024,2025-01-09 14:16:18
j_00001870,u_000520,s_00136,2025-01-17 17:18:18
j_00001871,u_000520,s_00039,2025-01-07 23:26:17
j_00001872,u_000520,s_00059,2025-01-30 20:06:54
j_00001873,u_000521,s_00094,2025-02-09 19:13:53
j_00001874,u_000521,s_00052,2025-01-18 15:06:20
j_00001875,u_000522,s_00132,2025-01-09 18:24:56
j_00001876,u_000522,s_00134,2025-02-04 22:29:45
j_00001877,u_000523,s_00146,2025-01-06 22:09:24
j_00001878,u_000523,s_00014,2025-02-14 18:08:49
j_00001879,u_000523,s_00108,2025-01-23 09:31:54
j_00001880,u_000523,s_00074,2025-01-25 17:13:52
j_00001881,u_000523,s_00102,2025-01-15 18:52:28
j_00001882,u_000524,s_00117,2025-01-17 16:09:13
j_00001883,u_000524,s_00011,2025-01-09 18:28:10
j_00001884,u_000525,s_00033,2025-02-03 23:48:49
j_00001885,u_000526,s_00011,2025-01-09 19:06:43
j_00001886,u_000526,s_00030,2025-02-10 23:26:42
j_00001887,u_000526,s_00086,2025-01-16 13:28:02
j_00001888,u_000526,s_00061,2025-02-03 18:33:57
j_00001889,u_000526,s_00058,2025-02-02 12:53:06
j_00001890,u_000527,s_00055,2025-02-08 18:34:34
j_00001891,u_000527,s_00086,2025-02-15 15:22:56
j_00001892,u_000528,s_00003,2025-02-03 23:23:14
j_00001893,u_000528,s_00048,2025-02-21 21:37:31
j_00001894,u_000528,s_00067,2025-01-16 23:17:50
j_00001895,u_000528,s_00020,2025-02-15 18:41:15
j_00001896,u_000528,s_00059,2025-01-21 15:22:06
j_00001897,u_000529,s_00088,2025-02-07 15:03:28
j_00001898,u_000529,s_00032,2025-01-30 21:32:47
j_00001899,u_000529,s_00033,2025-02-24 23:15:34
j_00001900,u_000529,s_00048,2025-01-17 21:21:26
j_00001901,u_000530,s_00013,2025-02-01 18:19:38
j_00001902,u_000530,s_00120,2025-01-10 19:08:03
j_00001903,u_000530,s_00012,2025-02-08 19:17:20
j_00001904,u_000530,s_00132,2025-01-03 23:54:52
j_00001905,u_000530,s_00048,2025-01-25 23:19:23
j_00001906,u_000530,s_00054,2025-01-01 21:43:57
j_00001907,u_000531,s_00076,2025-01-20 20:24:32
j_00001908,u_000531,s_00103,2025-01-30 21:03:56
j_00001909,u_000531,s_00071,2025-01-20 21:50:37
j_00001910,u_000531,s_00006,2025-01-24 18:54:25
j_00001911,u_000532,s_00047,2025-01-09 16:14:55
j_00001912,u_000532,s_00055,2025-02-12 23:10:16
j_00001913,u_000532,s_00083,2025-02-17 20:55:23
j_00001914,u_000532,s_00065,2025-01-28 23:05:43
j_00001915,u_000532,s_00099,2025-01-04 23:53:52
j_00001916,u_000532,s_00076,2025-01-04 22:10:11
j_00001917,u_000533,s_00137,2025-02-10 21:52:59
j_00001918,u_000533,s_00132,2025-02-25 23:55:25
j_00001919,u_000533,s_00003,2025-02-21 20:14:20
j_00001920,u_000533,s_00072,2025-01-25 15:13:07
j_00001921,u_000533,s_00108,2025-01-30 18:06:01
j_00001922,u_000533,s_00048,2025-01-10 23:47:33
j_00001923,u_000534,s_00097,2025-01-05 14:20:36
j_00001924,u_000534,s_00130,2025-02-15 16:38:05
j_00001925,u_000535,s_00107,2025-01-26 23:36:54
j_00001926,u_000535,s_00057,2025-01-30 18:31:32
j_00001927,u_000535,s_00117,2025-01-21 19:14:03
j_00001928,u_000535,s_00013,2025-01-19 23:21:50
j_00001929,u_000535,s_00139,2025-03-01 17:30:11
j_00001930,u_000535,s_00109,2025-02-18 14:05:40
j_00001931,u_000536,s_00065,2025-02-11 14:24:40
j_00001932,u_000536,s_00041,2025-01-24 22:42:48
j_00001933,u_000536,s_00116,2025-02-13 21:25:48
j_00001934,u_000536,s_00089,2025-01-21 17:23:59
j_00001935,u_000536,s_00093,2025-01-31 15:50:05
j_00001936,u_000537,s_00009,2025-01-09 18:32:21
j_00001937,u_000538,s_00113,2025-02-12 23:44:21
j_00001938,u_000539,s_00033,2025-01-04 16:03:22
j_00001939,u_000539,s_00031,2025-02-13 17:55:14
j_00001940,u_000540,s_00015,2025-02-06 15:46:14
j_00001941,u_000541,s_00138,2025-01-04 18:49:57
j_00001942,u_000541,s_00018,2025-01-31 21:41:53
j_00001943,u_000541,s_00124,2025-01-14 23:32:40
j_00001944,u_000542,s_00125,2025-01-29 20:31:33
j_00001945,u_000542,s_00087,2025-01-01 19:37:28
j_00001946,u_000542,s_00140,2025-02-13 23:29:40
j_00001947,u_000542,s_00054,2025-01-31 22:43:51
j_00001948,u_000542,s_00076,2025-01-22 17:20:25
j_00001949,u_000542,s_00061,2025-02-22 23:46:32
j_00001950,u_000543,s_00046,2025-02-08 19:20:54
j_00001951,u_000543,s_00071,2025-02-06 20:28:54
j_00001952,u_000543,s_00010,2025-01-09 22:04:13
j_00001953,u_000544,s_00040,2025-01-31 21:54:14
j_00001954,u_000545,s_00110,2025-02-12 23:41:12
j_00001955,u_000545,s_00123,2025-02-25 17:14:01
j_00001956,u_000545,s_00121,2025-02-06 23:02:41
j_00001957,u_000546,s_00055,2025-01-11 20:51:25
j_00001958,u_000546,s_00098,2025-02-10 23:00:01
j_00001959,u_000547,s_00063,2025-01-05 19:28:12
j_00001960,u_000547,s_00034,2025-01-19 18:01:31
j_00001961,u_000547,s_00084,2025-02-25 22:41:50
j_00001962,u_000547,s_00088,2025-02-18 21:12:39
j_00001963,u_000547,s_00108,2025-02-24 16:25:31
j_00001964,u_000547,s_00099,2025-01-22 23:34:11
j_00001965,u_000548,s_00138,2025-02-10 22:22:17
j_00001966,u_000549,s_00051,2025-02-12 19:40:46
j_00001967,u_000549,s_00042,2025-01-15 18:30:46
j_00001968,u_000549,s_00006,2025-02-26 21:25:52
j_00001969,u_000549,s_00096,2025-02-28 22:19:31
j_00001970,u_000549,s_00013,2025-01-07 13:24:16
j_00001971,u_000550,s_00087,2025-02-15 21:19:30
j_00001972,u_000550,s_00024,2025-01-27 22:34:53
j_00001973,u_000550,s_00117,2025-02-10 10:45:10
j_00001974,u_000551,s_00076,2025-02-03 20:35:50
j_00001975,u_000552,s_00051,2025-01-14 22:01:59
j_00001976,u_000552,s_00080,2025-01-06 22:50:49
j_00001977,u_000552,s_00025,2025-01-31 23:47:39
j_00001978,u_000552,s_00033,2025-02-20 18:49:24
j_00001979,u_000552,s_00049,2025-02-19 15:02:51
j_00001980,u_000553,s_00007,2025-01-17 12:49:09
j_00001981,u_000553,s_00045,2025-02-21 23:28:45
j_00001982,u_000553,s_00146,2025-01-22 22:50:24
j_00001983,u_000554,s_00040,2025-02-03 23:46:30
j_00001984,u_000554,s_00060,2025-01-20 17:52:27
j_00001985,u_000554,s_00106,2025-02-01 23:07:00
j_00001986,u_000554,s_00141,2025-02-01 13:33:59
j_00001987,u_000554,s_00085,2025-02-11 16:43:40
j_00001988,u_000555,s_00132,2025-01-29 20:35:36
j_00001989,u_000555,s_00103,2025-02-01 22:48:06
j_00001990,u_000555,s_00002,2025-02-09 23:43:46
j_00001991,u_000555,s_00134,2025-01-26 19:02:57
j_00001992,u_000556,s_00105,2025-02-01 16:11:48
j_00001993,u_000556,s_00127,2025-01-06 16:38:14
j_00001994,u_000556,s_00039,2025-02-22 17:21:10
j_00001995,u_000556,s_00140,2025-01-08 23:21:22
j_00001996,u_000556,s_00038,2025-02-22 23:54:01
j_00001997,u_000557,s_00088,2025-02-15 23:05:33
j_00001998,u_000557,s_00143,2025-02-26 19:31:27
j_00001999,u_000557,s_00057,2025-01-02 19:18:30
j_00002000,u_000558,s_00127,2025-01-14 22:03:59
j_00002001,u_000559,s_00108,2025-01-04 17:22:39
j_00002002,u_000560,s_00136,2025-01-26 18:24:25
j_00002003,u_000560,s_00106,2025-02-24 17:27:47
j_00002004,u_000560,s_00146,2025-02-15 18:09:22
j_00002005,u_000561,s_00131,2025-02-12 20:43:45
j_00002006,u_000561,s_00146,2025-02-20 16:21:55
j_00002007,u_000561,s_00089,2025-01-01 21:34:54
j_00002008,u_000562,s_00130,2025-02-17 21:32:31
j_00002009,u_000562,s_00064,2025-01-19 19:33:28
j_00002010,u_000562,s_00017,2025-02-11 16:30:23
j_00002011,u_000562,s_00055,2025-02-15 20:18:32
j_00002012,u_000562,s_00094,2025-02-11 17:29:56
j_00002013,u_000563,s_00144,2025-01-26 20:31:52
j_00002014,u_000563,s_00082,2025-02-06 23:01:36
j_00002015,u_000563,s_00042,2025-01-29 14:43:16
j_00002016,u_000564,s_00035,2025-02-07 23:26:22
j_00002017,u_000564,s_00026,2025-01-28 19:17:14
j_00002018,u_000564,s_00052,2025-01-24 21:01:11
j_00002019,u_000564,s_00132,2025-01-13 16:18:00
j_00002020,u_000564,s_00042,2025-01-24 23:24:46
j_00002021,u_000564,s_00049,2025-02-13 19:50:44
j_00002022,u_000565,s_00014,2025-02-22 18:38:10
j_00002023,u_000565,s_00139,2025-01-07 17:25:41
j_00002024,u_000566,s_00127,2025-01-11 18:07:09
j_00002025,u_000566,s_00080,2025-01-31 21:16:16
j_00002026,u_000566,s_00033,2025-02-12 20:55:15
j_00002027,u_000567,s_00109,2025-01-11 19:07:07
j_00002028,u_000567,s_00087,2025-01-20 17:37:43
j_00002029,u_000567,s_00083,2025-01-03 16:31:02
j_00002030,u_000567,s_00119,2025-01-04 18:13:24
j_00002031,u_000567,s_00116,2025-01-09 21:52:29
j_00002032,u_000568,s_00126,2025-02-13 22:23:34
j_00002033,u_000569,s_00141,2025-02-22 23:39:11
j_00002034,u_000569,s_00044,2025-01-30 19:05:28
j_00002035,u_000570,s_00003,2025-01-11 21:57:47
j_00002036,u_000570,s_00130,2025-02-25 19:01:22
j_00002037,u_000570,s_00104,2025-01-17 13:18:57
j_00002038,u_000570,s_00122,2025-01-10 19:54:25
j_00002039,u_000570,s_00120,2025-01-09 18:38:46
j_00002040,u_000571,s_00144,2025-01-22 15:40:06
j_00002041,u_000571,s_00103,2025-02-14 17:18:51
j_00002042,u_000571,s_00092,2025-01-24 20:46:28
j_00002043,u_000571,s_00006,2025-01-27 15:55:59
j_00002044,u_000572,s_00149,2025-01-21 17:37:42
j_00002045,u_000572,s_00147,2025-02-26 23:13:44
j_00002046,u_000572,s_00112,2025-02-11 13:54:08
j_00002047,u_000572,s_00056,2025-02-09 19:00:34
j_00002048,u_000572,s_00047,2025-01-27 15:53:44
j_00002049,u_000573,s_00011,2025-02-01 16:00:48
j_00002050,u_000573,s_00085,2025-02-23 19:03:22
j_00002051,u_000573,s_00000,2025-02-09 16:02:33
j_00002052,u_000573,s_00008,2025-02-18 22:11:10
j_00002053,u_000574,s_00077,2025-01-03 23:43:25
j_00002054,u_000574,s_00037,2025-02-21 23:23:28
j_00002055,u_000574,s_00112,2025-02-27 23:04:01
j_00002056,u_000574,s_00010,2025-02-10 14:20:54
j_00002057,u_000574,s_00134,2025-02-27 19:59:38
j_00002058,u_000574,s_00148,2025-02-04 21:31:10
j_00002059,u_000575,s_00131,2025-01-17 23:43:53
j_00002060,u_000575,s_00077,2025-02-06 23:15:41
j_00002061,u_000575,s_00106,2025-02-07 23:31:41
j_00002062,u_000575,s_00057,2025-01-09 23:47:55
j_00002063,u_000575,s_00076,2025-01-13 23:40:24
j_00002064,u_000575,s_00128,2025-01-18 20:00:21
j_00002065,u_000576,s_00087,2025-02-02 18:36:37
j_00002066,u_000576,s_00074,2025-01-09 20:47:53
j_00002067,u_000576,s_00133,2025-02-16 16:08:48
j_00002068,u_000576,s_00078,2025-01-07 20:23:47
j_00002069,u_000576,s_00027,2025-02-26 13:38:45
j_00002070,u_000576,s_00000,2025-02-10 17:00:02
j_00002071,u_000577,s_00008,2025-01-21 19:42:29
j_00002072,u_000578,s_00079,2025-01-23 23:50:21
j_00002073,u_000578,s_00000,2025-02-11 23:31:21
j_00002074,u_000578,s_00037,2025-01-06 16:26:51
j_00002075,u_000578,s_00085,2025-02-12 23:05:23
j_00002076,u_000579,s_00146,2025-02-03 20:43:50
j_00002077,u_000580,s_00000,2025-01-14 20:56:54
j_00002078,u_000580,s_00087,2025-02-23 13:52:27
j_00002079,u_000581,s_00112,2025-02-07 17:32:10
j_00002080,u_000581,s_00107,2025-01-10 23:02:41
j_00002081,u_000582,s_00057,2025-02-09 20:17:51
j_00002082,u_000582,s_00143,2025-01-25 20:15:24
j_00002083,u_000582,s_00120,2025-02-15 20:00:11
j_00002084,u_000582,s_00075,2025-01-30 14:07:31
j_00002085,u_000583,s_00003,2025-03-01 19:34:58
j_00002086,u_000583,s_00083,2025-02-25 23:05:31
j_00002087,u_000583,s_00005,2025-01-03 23:02:26
j_00002088,u_000584,s_00118,2025-01-25 19:56:26
j_00002089,u_000584,s_00072,2025-01-13 23:36:44
j_00002090,u_000584,s_00143,2025-01-28 14:48:20
j_00002091,u_000584,s_00137,2025-01-09 16:14:43
j_00002092,u_000584,s_00073,2025-02-02 23:21:59
j_00002093,u_000584,s_00049,2025-01-10 22:36:46
j_00002094,u_000585,s_00011,2025-02-07 18:41:55
j_00002095,u_000585,s_00089,2025-01-28 19:22:47
j_00002096,u_000586,s_00146,2025-03-01 16:55:50
j_00002097,u_000586,s_00090,2025-02-22 21:42:02
j_00002098,u_000586,s_00097,2025-02-06 20:13:21
j_00002099,u_000586,s_00134,2025-01-27 20:05:16
j_00002100,u_000587,s_00067,2025-02-12 15:00:51
j_00002101,u_000587,s_00018,2025-02-10 21:50:13
j_00002102,u_000587,s_00039,2025-01-09 17:49:58
j_00002103,u_000587,s_00033,2025-01-23 16:28:41
j_00002104,u_000587,s_00031,2025-03-01 23:43:07
j_00002105,u_000588,s_00118,2025-01-20 23:53:40
j_00002106,u_000588,s_00109,2025-01-01 23:09:20
j_00002107,u_000588,s_00133,2025-02-20 22:58:17
j_00002108,u_000588,s_00026,2025-02-25 18:29:59
j_00002109,u_000588,s_00038,2025-02-09 19:26:47
j_00002110,u_000588,s_00014,2025-02-08 21:09:45
j_00002111,u_000589,s_00060,2025-01-22 18:40:18
j_00002112,u_000589,s_00029,2025-01-22 23:36:39
j_00002113,u_000590,s_00014,2025-02-24 11:01:20
j_00002114,u_000590,s_00143,2025-02-21 18:38:36
j_00002115,u_000590,s_00034,2025-01-30 23:08:23
j_00002116,u_000590,s_00066,2025-01-19 16:16:36
j_00002117,u_000590,s_00147,2025-01-12 19:36:44
j_00002118,u_000591,s_00048,2025-01-01 22:46:18
j_00002119,u_000592,s_00075,2025-01-29 23:08:00
j_00002120,u_000592,s_00061,2025-02-03 14:28:05
j_00002121,u_000592,s_00072,2025-02-10 14:17:54
j_00002122,u_000592,s_00043,2025-02-18 16:42:57
j_00002123,u_000593,s_00079,2025-01-23 13:49:41
j_00002124,u_000593,s_00032,2025-01-11 14:38:06
j_00002125,u_000593,s_00055,2025-02-20 16:47:35
j_00002126,u_000594,s_00010,2025-02-15 23:27:25
j_00002127,u_000594,s_00047,2025-02-01 18:35:14
j_00002128,u_000594,s_00018,2025-01-03 20:17:22
j_00002129,u_000594,s_00056,2025-01-29 16:59:47
j_00002130,u_000594,s_00005,2025-02-07 22:12:59
j_00002131,u_000594,s_00128,2025-02-21 23:55:52
j_00002132,u_000595,s_00129,2025-01-31 16:44:12
j_00002133,u_000595,s_00025,2025-01-28 23:59:30
j_00002134,u_000595,s_00001,2025-01-23 21:38:31
j_00002135,u_000595,s_00064,2025-01-25 20:21:17
j_00002136,u_000595,s_00059,2025-01-01 21:16:26
j_00002137,u_000596,s_00018,2025-01-07 21:10:22
j_00002138,u_000596,s_00055,2025-02-15 23:58:04
j_00002139,u_000596,s_00107,2025-01-22 22:06:24
j_00002140,u_000596,s_00145,2025-02-21 22:48:21
j_00002141,u_000596,s_00131,2025-01-24 18:41:18
j_00002142,u_000596,s_00119,2025-03-01 23:07:36
j_00002143,u_000597,s_00115,2025-01-11 16:54:42
j_00002144,u_000597,s_00032,2025-01-12 20:09:02
j_00002145,u_000597,s_00102,2025-02-05 23:09:20
j_00002146,u_000597,s_00097,2025-02-18 09:32:01
j_00002147,u_000597,s_00091,2025-01-09 20:06:49
j_00002148,u_000597,s_00013,2025-01-31 21:06:55
j_00002149,u_000598,s_00068,2025-01-14 19:37:27
j_00002150,u_000598,s_00122,2025-02-14 19:57:56
j_00002151,u_000598,s_00058,2025-02-03 20:03:37
j_00002152,u_000599,s_00017,2025-02-09 18:38:52
j_00002153,u_000599,s_00058,2025-01-17 20:36:56
j_00002154,u_000599,s_00145,2025-01-18 18:03:35
j_00002155,u_000599,s_00143,2025-02-08 23:08:26
j_00002156,u_000599,s_00042,2025-01-22 18:26:44
j_00002157,u_000600,s_00059,2025-02-11 22:41:10
j_00002158,u_000601,s_00116,2025-01-10 17:13:17
j_00002159,u_000601,s_00130,2025-01-19 23:26:32
j_00002160,u_000601,s_00140,2025-01-07 22:29:12
j_00002161,u_000601,s_00031,2025-01-06 21:42:29
j_00002162,u_000602,s_00025,2025-01-16 15:14:51
j_00002163,u_000603,s_00040,2025-01-30 16:41:46
j_00002164,u_000603,s_00108,2025-01-09 23:49:53
j_00002165,u_000603,s_00017,2025-01-06 16:34:51
j_00002166,u_000603,s_00031,2025-02-22 22:43:19
j_00002167,u_000603,s_00027,2025-01-31 16:10:42
j_00002168,u_000604,s_00078,2025-02-12 23:54:22
j_00002169,u_000604,s_00083,2025-02-13 17:18:58
j_00002170,u_000604,s_00073,2025-01-07 16:11:10
j_00002171,u_000604,s_00103,2025-02-07 17:32:16
j_00002172,u_000604,s_00123,2025-02-21 17:23:56
j_00002173,u_000604,s_00115,2025-01-27 21:27:14
j_00002174,u_000605,s_00041,2025-02-21 20:48:37
j_00002175,u_000605,s_00035,2025-02-26 15:32:17
j_00002176,u_000605,s_00049,2025-02-02 19:22:17
j_00002177,u_000605,s_00069,2025-01-07 15:48:40
j_00002178,u_000605,s_00011,2025-02-07 22:22:47
j_00002179,u_000606,s_00121,2025-02-22 23:57:13
j_00002180,u_000606,s_00084,2025-02-04 19:59:58
j_00002181,u_000606,s_00117,2025-02-18 21:28:05
j_00002182,u_000606,s_00009,2025-02-02 23:46:06
j_00002183,u_000606,s_00037,2025-01-26 19:42:58
j_00002184,u_000606,s_00126,2025-02-26 16:51:03
j_00002185,u_000607,s_00095,2025-01-10 22:27:18
j_00002186,u_000607,s_00147,2025-01-27 15:24:07
j_00002187,u_000608,s_00049,2025-01-10 19:16:13
j_00002188,u_000608,s_00022,2025-02-09 17:35:04
j_00002189,u_000608,s_00143,2025-02-25 17:36:21
j_00002190,u_000608,s_00138,2025-03-01 18:27:17
j_00002191,u_000608,s_00064,2025-01-15 23:18:09
j_00002192,u_000608,s_00021,2025-02-13 23:27:43
j_00002193,u_000609,s_00120,2025-02-22 23:30:02
j_00002194,u_000609,s_00078,2025-02-20 21:07:28
j_00002195,u_000609,s_00115,2025-01-31 18:39:18
j_00002196,u_000609,s_00089,2025-01-11 10:50:39
j_00002197,u_000610,s_00064,2025-01-28 21:19:20
j_00002198,u_000610,s_00131,2025-02-16 10:23:28
j_00002199,u_000610,s_00101,2025-02-07 12:05:48
j_00002200,u_000610,s_00044,2025-01-24 19:34:08
j_00002201,u_000610,s_00034,2025-01-13 21:25:26
j_00002202,u_000611,s_00000,2025-02-09 18:51:33
j_00002203,u_000611,s_00085,2025-01-26 23:54:44
j_00002204,u_000611,s_00141,2025-01-29 21:46:32
j_00002205,u_000611,s_00130,2025-02-26 19:12:44
j_00002206,u_000611,s_00042,2025-01-01 23:11:47
j_00002207,u_000612,s_00046,2025-01-15 23:29:47
j_00002208,u_000612,s_00128,2025-02-25 22:37:36
j_00002209,u_000612,s_00119,2025-02-25 16:01:55
j_00002210,u_000612,s_00068,2025-01-19 17:29:01
j_00002211,u_000613,s_00146,2025-03-01 14:05:29
j_00002212,u_000613,s_00045,2025-01-13 19:15:48
j_00002213,u_000614,s_00139,2025-01-04 15:21:06
j_00002214,u_000614,s_00063,2025-01-19 18:02:49
j_00002215,u_000614,s_00098,2025-02-01 21:15:02
j_00002216,u_000614,s_00019,2025-01-01 12:37:47
j_00002217,u_000615,s_00100,2025-01-11 14:59:11
j_00002218,u_000615,s_00084,2025-02-17 17:46:40
j_00002219,u_000615,s_00068,2025-02-07 19:18:49
j_00002220,u_000615,s_00045,2025-02-06 18:56:48
j_00002221,u_000616,s_00103,2025-03-01 18:26:34
j_00002222,u_000616,s_00089,2025-01-14 17:21:54
j_00002223,u_000616,s_00063,2025-02-23 14:50:08
j_00002224,u_000616,s_00039,2025-01-22 17:23:14
j_00002225,u_000616,s_00023,2025-02-25 19:44:07
j_00002226,u_000616,s_00118,2025-02-16 18:09:43
j_00002227,u_000617,s_00014,2025-01-13 20:19:53
j_00002228,u_000617,s_00127,2025-01-13 21:59:55
j_00002229,u_000617,s_00118,2025-02-02 22:14:31
j_00002230,u_000618,s_00114,2025-01-31 17:50:07
j_00002231,u_000618,s_00021,2025-01-15 13:27:10
j_00002232,u_000618,s_00052,2025-01-16 23:57:37
j_00002233,u_000618,s_00050,2025-02-23 21:24:53
j_00002234,u_000619,s_00012,2025-02-15 16:29:59
j_00002235,u_000619,s_00031,2025-01-12 21:23:43
j_00002236,u_000619,s_00088,2025-02-13 23:12:52
j_00002237,u_000619,s_00083,2025-01-10 23:50:28
j_00002238,u_000620,s_00125,2025-01-27 21:34:11
j_00002239,u_000621,s_00086,2025-01-01 23:30:27
j_00002240,u_000622,s_00136,2025-02-08 15:22:05
j_00002241,u_000623,s_00118,2025-01-11 19:46:40
j_00002242,u_000623,s_00021,2025-01-15 18:20:19
j_00002243,u_000623,s_00110,2025-01-12 21:14:20
j_00002244,u_000623,s_00056,2025-01-12 23:04:00
j_00002245,u_000624,s_00018,2025-01-05 20:52:59
j_00002246,u_000624,s_00028,2025-02-03 16:04:25
j_00002247,u_000624,s_00066,2025-02-22 14:50:47
j_00002248,u_000625,s_00051,2025-01-19 23:22:31
j_00002249,u_000625,s_00066,2025-02-16 22:00:38
j_00002250,u_000625,s_00063,2025-02-02 21:55:28
j_00002251,u_000625,s_00025,2025-01-16 18:44:41
j_00002252,u_000625,s_00085,2025-01-04 21:43:11
j_00002253,u_000625,s_00148,2025-02-16 16:32:59
j_00002254,u_000626,s_00029,2025-01-02 21:45:25
j_00002255,u_000626,s_00073,2025-01-26 15:07:00
j_00002256,u_000626,s_00049,2025-01-03 18:14:57
j_00002257,u_000626,s_00105,2025-02-16 17:32:01
j_00002258,u_000626,s_00097,2025-03-01 06:44:28
j_00002259,u_000627,s_00075,2025-01-20 18:35:47
j_00002260,u_000628,s_00039,2025-01-19 16:24:22
j_00002261,u_000629,s_00110,2025-02-03 19:40:12
j_00002262,u_000629,s_00024,2025-01-31 20:03:14
j_00002263,u_000629,s_00080,2025-01-23 23:30:41
j_00002264,u_000630,s_00121,2025-01-22 21:23:34
j_00002265,u_000630,s_00052,2025-01-12 21:29:30
j_00002266,u_000630,s_00020,2025-01-16 21:07:30
j_00002267,u_000630,s_00000,2025-02-05 23:54:19
j_00002268,u_000630,s_00053,2025-02-14 21:51:56
j_00002269,u_000630,s_00017,2025-02-15 21:56:13
j_00002270,u_000631,s_00048,2025-01-31 22:50:50
j_00002271,u_000632,s_00066,2025-02-15 10:39:46
j_00002272,u_000632,s_00038,2025-02-05 23:17:00
j_00002273,u_000633,s_00065,2025-01-22 23:06:10
j_00002274,u_000634,s_00149,2025-01-22 20:36:33
j_00002275,u_000634,s_00056,2025-02-01 14:56:09
j_00002276,u_000634,s_00102,2025-01-19 23:21:51
j_00002277,u_000635,s_00147,2025-02-15 17:59:26
j_00002278,u_000635,s_00059,2025-01-12 22:09:50
j_00002279,u_000635,s_00038,2025-01-04 14:16:07
j_00002280,u_000635,s_00009,2025-01-30 23:38:01
j_00002281,u_000635,s_00096,2025-01-05 14:29:38
j_00002282,u_000635,s_00005,2025-01-12 20:45:48
j_00002283,u_000636,s_00103,2025-01-23 11:20:59
j_00002284,u_000636,s_00040,2025-01-01 19:46:47
j_00002285,u_000636,s_00077,2025-01-14 18:18:44
j_00002286,u_000636,s_00051,2025-02-02 23:08:03
j_00002287,u_000636,s_00070,2025-01-23 18:34:36
j_00002288,u_000637,s_00143,2025-02-23 23:30:42
j_00002289,u_000637,s_00117,2025-01-06 15:34:23
j_00002290,u_000637,s_00045,2025-02-13 18:01:59
j_00002291,u_000638,s_00060,2025-02-05 18:24:59
j_00002292,u_000639,s_00130,2025-02-08 21:05:51
j_00002293,u_000639,s_00037,2025-02-10 21:48:52
j_00002294,u_000639,s_00105,2025-01-04 22:04:34
j_00002295,u_000640,s_00051,2025-02-17 21:55:49
j_00002296,u_000640,s_00055,2025-01-20 22:03:04
j_00002297,u_000640,s_00013,2025-02-09 16:36:13
j_00002298,u_000640,s_00149,2025-01-18 21:20:39
j_00002299,u_000641,s_00146,2025-01-24 23:06:07
j_00002300,u_000641,s_00131,2025-02-12 13:21:48
j_00002301,u_000642,s_00059,2025-02-26 21:02:10
j_00002302,u_000642,s_00090,2025-02-22 22:41:20
j_00002303,u_000642,s_00007,2025-02-13 23:52:15
j_00002304,u_000642,s_00081,2025-02-02 22:19:32
j_00002305,u_000642,s_00145,2025-02-01 20:26:04
j_00002306,u_000643,s_00090,2025-02-27 21:08:48
j_00002307,u_000643,s_00141,2025-01-13 17:28:53
j_00002308,u_000643,s_00084,2025-02-27 18:56:44
j_00002309,u_000643,s_00075,2025-02-08 14:32:11
j_00002310,u_000643,s_00117,2025-02-06 23:52:17
j_00002311,u_000643,s_00144,2025-02-05 21:46:13
j_00002312,u_000644,s_00129,2025-02-18 16:07:36
j_00002313,u_000644,s_00010,2025-02-10 21:03:53
j_00002314,u_000645,s_00102,2025-01-06 23:21:52
j_00002315,u_000645,s_00134,2025-02-16 23:56:57
j_00002316,u_000646,s_00139,2025-02-13 16:10:41
j_00002317,u_000647,s_00032,2025-02-24 07:02:13
j_00002318,u_000647,s_00027,2025-02-26 21:57:23
j_00002319,u_000647,s_00037,2025-02-26 16:11:17
j_00002320,u_000647,s_00040,2025-01-03 22:21:03
j_00002321,u_000647,s_00028,2025-02-07 23:46:48
j_00002322,u_000648,s_00117,2025-02-26 23:05:34
j_00002323,u_000648,s_00076,2025-02-27 23:10:58
j_00002324,u_000648,s_00020,2025-02-02 23:43:50
j_00002325,u_000649,s_00110,2025-02-24 23:00:38
j_00002326,u_000649,s_00015,2025-02-22 23:42:02
j_00002327,u_000650,s_00035,2025-01-01 23:32:26
j_00002328,u_000650,s_00047,2025-02-23 19:14:28
j_00002329,u_000651,s_00028,2025-02-08 14:36:40
j_00002330,u_000652,s_00147,2025-02-04 23:19:34
j_00002331,u_000652,s_00143,2025-01-11 20:56:46
j_00002332,u_000652,s_00115,2025-02-25 23:24:01
j_00002333,u_000653,s_00032,2025-01-18 17:44:06
j_00002334,u_000653,s_00056,2025-01-26 23:16:57
j_00002335,u_000653,s_00113,2025-01-18 10:50:26
j_00002336,u_000653,s_00029,2025-02-28 18:17:49
j_00002337,u_000653,s_00096,2025-01-29 19:30:51
j_00002338,u_000654,s_00142,2025-01-07 21:48:07
j_00002339,u_000654,s_00054,2025-01-01 23:55:42
j_00002340,u_000655,s_00093,2025-02-28 15:45:10
j_00002341,u_000656,s_00121,2025-01-15 22:40:09
j_00002342,u_000656,s_00071,2025-02-16 23:41:14
j_00002343,u_000656,s_00056,2025-01-02 23:24:45
j_00002344,u_000657,s_00015,2025-02-23 22:41:05
j_00002345,u_000657,s_00042,2025-02-09 18:34:40
j_00002346,u_000657,s_00083,2025-01-14 14:31:22
j_00002347,u_000657,s_00105,2025-02-23 23:18:15
j_00002348,u_000657,s_00068,2025-01-18 22:21:14
j_00002349,u_000658,s_00147,2025-03-01 19:07:20
j_00002350,u_000658,s_00103,2025-02-05 13:43:20
j_00002351,u_000658,s_00021,2025-01-27 16:01:18
j_00002352,u_000659,s_00029,2025-01-04 22:06:31
j_00002353,u_000659,s_00127,2025-01-16 21:17:59
j_00002354,u_000660,s_00145,2025-01-04 12:08:27
j_00002355,u_000661,s_00087,2025-02-21 22:44:11
j_00002356,u_000661,s_00079,2025-01-07 13:07:36
j_00002357,u_000661,s_00077,2025-01-07 23:27:49
j_00002358,u_000661,s_00076,2025-01-08 20:43:35
j_00002359,u_000661,s_00090,2025-02-28 18:35:31
j_00002360,u_000662,s_00078,2025-02-28 23:35:40
j_00002361,u_000662,s_00097,2025-02-12 21:20:52
j_00002362,u_000662,s_00067,2025-01-05 23:27:04
j_00002363,u_000662,s_00007,2025-01-31 20:46:58
j_00002364,u_000662,s_00047,2025-02-26 20:28:53
j_00002365,u_000662,s_00089,2025-01-06 18:41:57
j_00002366,u_000663,s_00111,2025-02-17 21:49:29
j_00002367,u_000663,s_00072,2025-01-02 23:14:51
j_00002368,u_000663,s_00007,2025-02-18 17:07:04
j_00002369,u_000663,s_00130,2025-02-02 22:27:24
j_00002370,u_000663,s_00124,2025-02-23 16:22:52
j_00002371,u_000664,s_00083,2025-01-25 11:08:16
j_00002372,u_000664,s_00022,2025-02-17 20:45:45
j_00002373,u_000664,s_00111,2025-02-20 21:37:19
j_00002374,u_000664,s_00008,2025-01-20 19:39:35
j_00002375,u_000665,s_00091,2025-02-08 14:42:39
j_00002376,u_000665,s_00135,2025-01-28 21:26:52
j_00002377,u_000665,s_00149,2025-01-26 21:30:20
j_00002378,u_000665,s_00101,2025-02-17 16:13:47
j_00002379,u_000665,s_00053,2025-01-14 14:43:26
j_00002380,u_000666,s_00134,2025-01-08 18:56:23
j_00002381,u_000666,s_00003,2025-01-29 22:52:04
j_00002382,u_000666,s_00051,2025-02-19 21:24:04
j_00002383,u_000667,s_00106,2025-01-10 16:02:46
j_00002384,u_000668,s_00012,2025-01-21 20:52:06
j_00002385,u_000668,s_00034,2025-02-10 23:34:06
j_00002386,u_000668,s_00112,2025-01-29 15:46:11
j_00002387,u_000669,s_00078,2025-02-06 20:18:20
j_00002388,u_000669,s_00070,2025-02-01 23:51:09
j_00002389,u_000669,s_00110,2025-02-18 14:50:35
j_00002390,u_000669,s_00090,2025-02-22 23:01:49
j_00002391,u_000669,s_00095,2025-01-27 23:33:31
j_00002392,u_000670,s_00023,2025-01-26 19:28:39
j_00002393,u_000670,s_00019,2025-01-17 18:39:53
j_00002394,u_000670,s_00114,2025-01-27 23:15:53
j_00002395,u_000670,s_00106,2025-02-20 19:05:39
j_00002396,u_000671,s_00050,2025-01-31 10:16:04
j_00002397,u_000671,s_00117,2025-02-11 19:31:47
j_00002398,u_000671,s_00049,2025-01-26 21:16:45
j_00002399,u_000671,s_00132,2025-02-12 22:27:18
j_00002400,u_000671,s_00017,2025-02-12 16:23:09
j_00002401,u_000671,s_00139,2025-02-01 18:41:07
j_00002402,u_000672,s_00029,2025-02-26 23:24:16
j_00002403,u_000672,s_00038,2025-02-22 19:08:44
j_00002404,u_000672,s_00118,2025-01-10 13:38:56
j_00002405,u_000672,s_00019,2025-01-14 23:12:09
j_00002406,u_000672,s_00021,2025-02-27 19:18:24
j_00002407,u_000672,s_00122,2025-01-25 23:42:50
j_00002408,u_000673,s_00004,2025-01-19 14:16:05
j_00002409,u_000673,s_00102,2025-02-17 19:03:56
j_00002410,u_000674,s_00092,2025-02-06 22:21:01
j_00002411,u_000675,s_00135,2025-01-08 19:23:16
j_00002412,u_000675,s_00059,2025-01-06 15:41:01
j_00002413,u_000676,s_00030,2025-02-18 10:42:45
j_00002414,u_000676,s_00017,2025-02-15 23:00:25
j_00002415,u_000676,s_00097,2025-01-22 20:45:26
j_00002416,u_000676,s_00066,2025-02-21 23:44:32
j_00002417,u_000676,s_00110,2025-01-08 23:10:17
j_00002418,u_000676,s_00131,2025-02-22 22:20:45
j_00002419,u_000677,s_00004,2025-01-05 18:46:25
j_00002420,u_000677,s_00010,2025-02-08 21:34:47
j_00002421,u_000677,s_00118,2025-02-20 23:20:38
j_00002422,u_000677,s_00066,2025-02-07 20:45:40
j_00002423,u_000677,s_00120,2025-02-16 23:37:59
j_00002424,u_000678,s_00034,2025-01-21 14:30:30
j_00002425,u_000679,s_00058,2025-01-18 13:00:18
j_00002426,u_000680,s_00060,2025-01-16 23:38:43
j_00002427,u_000680,s_00082,2025-01-07 16:10:42
j_00002428,u_000680,s_00041,2025-01-17 23:55:29
j_00002429,u_000680,s_00018,2025-01-15 23:11:20
j_00002430,u_000681,s_00025,2025-02-15 23:01:55
j_00002431,u_000681,s_00086,2025-01-13 23:22:15
j_00002432,u_000681,s_00045,2025-01-10 16:20:04
j_00002433,u_000681,s_00125,2025-02-13 13:21:37
j_00002434,u_000682,s_00007,2025-02-02 23:55:04
j_00002435,u_000682,s_00098,2025-01-13 14:16:45
j_00002436,u_000682,s_00048,2025-02-12 23:50:50
j_00002437,u_000682,s_00066,2025-01-13 22:09:43
j_00002438,u_000682,s_00003,2025-02-17 19:37:14
j_00002439,u_000682,s_00030,2025-01-02 21:07:56
j_00002440,u_000683,s_00108,2025-02-05 21:13:05
j_00002441,u_000683,s_00052,2025-02-05 19:08:06
j_00002442,u_000683,s_00120,2025-01-23 23:19:18
j_00002443,u_000683,s_00080,2025-02-11 23:27:32
j_00002444,u_000683,s_00135,2025-01-23 20:51:42
j_00002445,u_000684,s_00021,2025-02-09 17:45:17
j_00002446,u_000684,s_00041,2025-01-14 23:41:54
j_00002447,u_000685,s_00063,2025-02-04 11:29:49
j_00002448,u_000686,s_00012,2025-02-15 21:17:13
j_00002449,u_000686,s_00086,2025-02-27 22:17:03
j_00002450,u_000686,s_00132,2025-01-22 16:07:42
j_00002451,u_000686,s_00031,2025-01-29 23:39:10
j_00002452,u_000687,s_00057,2025-01-29 19:46:16
j_00002453,u_000687,s_00083,2025-02-21 17:32:46
j_00002454,u_000687,s_00096,2025-02-27 23:34:11
j_00002455,u_000687,s_00139,2025-02-08 15:22:21
j_00002456,u_000688,s_00099,2025-02-19 23:57:55
j_00002457,u_000688,s_00019,2025-01-06 12:53:40
j_00002458,u_000688,s_00135,2025-02-15 21:24:37
j_00002459,u_000688,s_00071,2025-02-18 20:45:59
j_00002460,u_000688,s_00004,2025-02-12 17:20:46
j_00002461,u_000688,s_00140,2025-02-05 21:07:27
j_00002462,u_000689,s_00129,2025-02-23 19:17:39
j_00002463,u_000689,s_00053,2025-02-09 23:50:31
j_00002464,u_000689,s_00008,2025-02-20 22:28:21
j_00002465,u_000689,s_00035,2025-01-11 21:51:58
j_00002466,u_000690,s_00050,2025-02-09 21:19:35
j_00002467,u_000690,s_00071,2025-01-27 18:27:44
j_00002468,u_000690,s_00002,2025-02-22 18:04:24
j_00002469,u_000690,s_00109,2025-02-22 20:46:11
j_00002470,u_000691,s_00012,2025-02-20 19:18:07
j_00002471,u_000691,s_00019,2025-01-13 23:05:48
j_00002472,u_000692,s_00093,2025-01-30 20:13:31
j_00002473,u_000693,s_00022,2025-01-01 21:39:30
j_00002474,u_000693,s_00103,2025-02-28 14:48:07
j_00002475,u_000693,s_00017,2025-01-16 23:57:47
j_00002476,u_000693,s_00083,2025-02-07 17:14:15
j_00002477,u_000693,s_00085,2025-01-30 15:35:35
j_00002478,u_000693,s_00140,2025-02-24 23:27:21
j_00002479,u_000694,s_00038,2025-02-19 22:42:13
j_00002480,u_000694,s_00049,2025-02-16 23:40:09
j_00002481,u_000694,s_00020,2025-02-08 21:04:48
j_00002482,u_000694,s_00002,2025-01-08 19:08:05
j_00002483,u_000694,s_00041,2025-02-25 18:35:00
j_00002484,u_000695,s_00115,2025-01-04 23:31:18
j_00002485,u_000696,s_00053,2025-01-28 23:53:53
j_00002486,u_000696,s_00131,2025-01-23 19:50:42
j_00002487,u_000696,s_00122,2025-01-24 23:03:49
j_00002488,u_000696,s_00063,2025-02-28 19:35:12
j_00002489,u_000696,s_00104,2025-01-14 14:24:58
j_00002490,u_000697,s_00025,2025-02-04 13:28:07
j_00002491,u_000697,s_00117,2025-01-14 13:03:02
j_00002492,u_000697,s_00124,2025-02-24 18:50:28
j_00002493,u_000698,s_00137,2025-02-14 19:09:26
j_00002494,u_000698,s_00074,2025-01-25 22:56:17
j_00002495,u_000698,s_00134,2025-01-05 19:55:10
j_00002496,u_000699,s_00127,2025-01-10 23:49:19
j_00002497,u_000699,s_00078,2025-01-15 20:07:22
j_00002498,u_000699,s_00122,2025-01-25 20:24:36
j_00002499,u_000699,s_00121,2025-02-23 17:01:21
j_00002500,u_000699,s_00044,2025-01-08 23:36:14
j_00002501,u_000699,s_00010,2025-02-04 13:51:35
j_00002502,u_000700,s_00139,2025-01-21 21:31:34
j_00002503,u_000700,s_00052,2025-01-03 19:01:26
j_00002504,u_000700,s_00060,2025-02-07 23:18:06
j_00002505,u_000700,s_00062,2025-02-12 19:10:57
j_00002506,u_000700,s_00145,2025-02-27 20:26:31
j_00002507,u_000700,s_00063,2025-01-31 18:22:16
j_00002508,u_000701,s_00030,2025-01-20 23:49:43
j_00002509,u_000701,s_00140,2025-02-21 20:13:25
j_00002510,u_000702,s_00017,2025-01-15 23:18:09
j_00002511,u_000702,s_00078,2025-02-10 21:14:42
j_00002512,u_000703,s_00019,2025-02-26 20:53:05
j_00002513,u_000703,s_00148,2025-01-01 19:17:16
j_00002514,u_000703,s_00061,2025-02-25 22:59:39
j_00002515,u_000703,s_00115,2025-01-13 17:39:43
j_00002516,u_000703,s_00081,2025-01-29 20:18:59
j_00002517,u_000704,s_00132,2025-01-16 20:35:42
j_00002518,u_000704,s_00032,2025-01-09 21:07:13
j_00002519,u_000704,s_00029,2025-02-12 21:54:42
j_00002520,u_000704,s_00019,2025-01-29 21:57:45
j_00002521,u_000704,s_00002,2025-01-31 20:17:40
j_00002522,u_000704,s_00038,2025-01-30 23:10:44
j_00002523,u_000705,s_00134,2025-02-14 21:25:49
j_00002524,u_000706,s_00095,2025-02-27 23:46:34
j_00002525,u_000706,s_00066,2025-01-31 20:37:59
j_00002526,u_000706,s_00149,2025-01-10 23:02:38
j_00002527,u_000706,s_00089,2025-01-20 17:00:03
j_00002528,u_000706,s_00047,2025-01-30 23:14:10
j_00002529,u_000706,s_00056,2025-01-07 17:45:29
j_00002530,u_000707,s_00037,2025-01-14 21:15:26
j_00002531,u_000707,s_00025,2025-01-13 18:53:48
j_00002532,u_000707,s_00048,2025-02-28 21:17:40
j_00002533,u_000708,s_00002,2025-01-25 19:53:00
j_00002534,u_000708,s_00080,2025-02-22 16:55:27
j_00002535,u_000708,s_00120,2025-02-03 18:43:32
j_00002536,u_000708,s_00032,2025-01-31 23:10:58
j_00002537,u_000709,s_00086,2025-02-26 21:04:39
j_00002538,u_000710,s_00132,2025-02-11 14:10:10
j_00002539,u_000710,s_00121,2025-01-15 23:37:11
j_00002540,u_000710,s_00077,2025-01-17 16:41:18
j_00002541,u_000710,s_00086,2025-02-09 22:59:24
j_00002542,u_000710,s_00031,2025-01-01 22:57:06
j_00002543,u_000711,s_00088,2025-01-10 22:18:47
j_00002544,u_000711,s_00013,2025-01-05 23:23:04
j_00002545,u_000711,s_00098,2025-02-12 16:46:04
j_00002546,u_000711,s_00092,2025-01-27 22:46:07
j_00002547,u_000711,s_00023,2025-01-01 23:18:08
j_00002548,u_000712,s_00129,2025-02-14 17:01:33
j_00002549,u_000712,s_00105,2025-02-09 17:05:49
j_00002550,u_000712,s_00069,2025-02-13 18:49:56
j_00002551,u_000712,s_00016,2025-01-10 21:20:48
j_00002552,u_000713,s_00029,2025-02-22 14:43:41
j_00002553,u_000713,s_00042,2025-01-11 22:48:35
j_00002554,u_000713,s_00015,2025-02-04 14:53:18
j_00002555,u_000713,s_00077,2025-02-03 23:29:24
j_00002556,u_000713,s_00019,2025-01-14 22:38:52
j_00002557,u_000714,s_00070,2025-01-23 23:11:06
j_00002558,u_000714,s_00024,2025-01-04 22:56:49
j_00002559,u_000714,s_00080,2025-01-29 18:52:48
j_00002560,u_000714,s_00146,2025-02-10 16:23:03
j_00002561,u_000714,s_00101,2025-01-19 20:22:14
j_00002562,u_000714,s_00027,2025-02-02 19:43:18
j_00002563,u_000715,s_00095,2025-02-27 23:24:54
j_00002564,u_000715,s_00108,2025-01-15 16:43:26
j_00002565,u_000715,s_00083,2025-01-18 23:05:46
j_00002566,u_000715,s_00149,2025-01-08 23:16:36
j_00002567,u_000715,s_00106,2025-02-02 19:46:04
j_00002568,u_000715,s_00120,2025-01-13 23:55:40
j_00002569,u_000716,s_00053,2025-02-21 16:01:38
j_00002570,u_000716,s_00145,2025-01-18 20:46:52
j_00002571,u_000716,s_00070,2025-02-09 14:04:55
j_00002572,u_000716,s_00014,2025-01-12 23:51:35
j_00002573,u_000716,s_00013,2025-01-20 13:15:52
j_00002574,u_000717,s_00106,2025-01-11 14:21:08
j_00002575,u_000717,s_00107,2025-02-03 17:43:36
j_00002576,u_000717,s_00120,2025-01-02 23:50:34
j_00002577,u_000717,s_00110,2025-01-05 23:24:10
j_00002578,u_000717,s_00126,2025-01-31 20:18:32
j_00002579,u_000717,s_00127,2025-02-02 23:58:40
j_00002580,u_000718,s_00110,2025-01-20 19:57:24
j_00002581,u_000718,s_00089,2025-01-26 21:31:39
j_00002582,u_000718,s_00055,2025-01-25 23:01:44
j_00002583,u_000718,s_00094,2025-02-15 19:58:35
j_00002584,u_000718,s_00054,2025-01-27 16:37:23
j_00002585,u_000719,s_00062,2025-02-20 21:33:15
j_00002586,u_000719,s_00093,2025-01-14 22:06:39
j_00002587,u_000719,s_00039,2025-01-12 20:59:54
j_00002588,u_000719,s_00046,2025-01-25 23:43:27
j_00002589,u_000719,s_00035,2025-01-05 19:13:30
j_00002590,u_000720,s_00041,2025-02-10 20:21:54
j_00002591,u_000720,s_00079,2025-01-24 21:20:17
j_00002592,u_000720,s_00109,2025-01-22 21:52:48
j_00002593,u_000720,s_00075,2025-02-02 23:28:15
j_00002594,u_000721,s_00052,2025-01-05 21:52:15
j_00002595,u_000721,s_00072,2025-01-23 18:41:16
j_00002596,u_000721,s_00081,2025-02-28 22:22:03
j_00002597,u_000721,s_00096,2025-02-07 23:24:27
j_00002598,u_000721,s_00016,2025-02-04 23:48:21
j_00002599,u_000722,s_00088,2025-01-31 22:29:13
j_00002600,u_000723,s_00084,2025-01-29 14:40:45
j_00002601,u_000723,s_00052,2025-02-26 10:07:31
j_00002602,u_000723,s_00141,2025-02-25 23:25:11
j_00002603,u_000723,s_00133,2025-01-25 21:34:11
j_00002604,u_000724,s_00026,2025-02-25 19:20:48
j_00002605,u_000724,s_00001,2025-01-05 22:50:16
j_00002606,u_000724,s_00140,2025-01-20 23:12:23
j_00002607,u_000725,s_00054,2025-01-19 23:50:07
j_00002608,u_000725,s_00086,2025-02-11 23:03:48
j_00002609,u_000725,s_00146,2025-02-06 16:25:21
j_00002610,u_000725,s_00049,2025-01-29 16:31:42
j_00002611,u_000725,s_00121,2025-01-16 10:15:24
j_00002612,u_000725,s_00026,2025-01-31 22:32:48
j_00002613,u_000726,s_00067,2025-01-17 23:54:24
j_00002614,u_000727,s_00071,2025-01-30 23:26:53
j_00002615,u_000727,s_00076,2025-01-21 22:32:43
j_00002616,u_000727,s_00065,2025-02-23 19:57:28
j_00002617,u_000727,s_00005,2025-02-14 17:55:29
j_00002618,u_000728,s_00054,2025-01-11 16:00:37
j_00002619,u_000728,s_00136,2025-02-26 19:43:41
j_00002620,u_000729,s_00134,2025-02-09 16:51:42
j_00002621,u_000729,s_00003,2025-01-22 23:56:01
j_00002622,u_000729,s_00072,2025-02-01 14:48:15
j_00002623,u_000729,s_00025,2025-01-12 19:04:26
j_00002624,u_000729,s_00038,2025-01-03 12:45:32
j_00002625,u_000729,s_00081,2025-01-26 21:50:05
j_00002626,u_000730,s_00038,2025-02-16 19:31:11
j_00002627,u_000730,s_00002,2025-01-22 18:01:27
j_00002628,u_000730,s_00124,2025-01-24 16:11:26
j_00002629,u_000730,s_00069,2025-03-01 20:16:36
j_00002630,u_000730,s_00024,2025-03-01 17:51:04
j_00002631,u_000730,s_00057,2025-01-28 19:07:47
j_00002632,u_000731,s_00148,2025-01-03 23:44:18
j_00002633,u_000731,s_00040,2025-02-10 20:10:33
j_00002634,u_000732,s_00012,2025-02-12 22:49:56
j_00002635,u_000732,s_00133,2025-02-24 18:00:22
j_00002636,u_000732,s_00100,2025-02-26 16:14:18
j_00002637,u_000732,s_00002,2025-02-07 19:06:15
j_00002638,u_000732,s_00015,2025-01-07 23:33:39
j_00002639,u_000732,s_00111,2025-01-15 18:46:57
j_00002640,u_000733,s_00003,2025-02-13 21:24:33
j_00002641,u_000733,s_00070,2025-02-06 16:32:11
j_00002642,u_000733,s_00097,2025-01-27 08:38:56
j_00002643,u_000734,s_00106,2025-01-25 16:27:02
j_00002644,u_000734,s_00082,2025-02-12 23:45:24
j_00002645,u_000734,s_00027,2025-01-26 22:17:07
j_00002646,u_000734,s_00054,2025-01-10 23:10:01
j_00002647,u_000734,s_00084,2025-02-28 18:11:59
j_00002648,u_000734,s_00066,2025-01-21 10:10:05
j_00002649,u_000735,s_00111,2025-01-17 15:02:54
j_00002650,u_000735,s_00099,2025-01-05 21:02:32
j_00002651,u_000735,s_00093,2025-01-29 20:03:19
j_00002652,u_000735,s_00125,2025-03-01 19:09:51
j_00002653,u_000735,s_00140,2025-01-10 17:38:00
j_00002654,u_000736,s_00105,2025-01-15 23:14:41
j_00002655,u_000737,s_00046,2025-01-11 17:35:46
j_00002656,u_000737,s_00081,2025-01-06 21:04:21
j_00002657,u_000738,s_00099,2025-02-06 20:48:18
j_00002658,u_000738,s_00104,2025-01-18 18:21:00
j_00002659,u_000738,s_00071,2025-02-15 16:26:01
j_00002660,u_000739,s_00076,2025-01-25 18:40:02
j_00002661,u_000739,s_00007,2025-02-08 23:59:27
j_00002662,u_000740,s_00070,2025-01-06 23:47:31
j_00002663,u_000741,s_00092,2025-01-20 23:24:25
j_00002664,u_000741,s_00002,2025-01-25 16:20:42
j_00002665,u_000741,s_00149,2025-01-04 14:20:21
j_00002666,u_000741,s_00132,2025-01-26 23:05:47
j_00002667,u_000741,s_00053,2025-01-29 23:20:39
j_00002668,u_000741,s_00097,2025-01-25 20:45:56
j_00002669,u_000742,s_00135,2025-01-31 18:16:43
j_00002670,u_000742,s_00024,2025-02-17 14:23:07
j_00002671,u_000742,s_00018,2025-02-16 23:04:33
j_00002672,u_000742,s_00042,2025-01-01 23:15:39
j_00002673,u_000742,s_00034,2025-02-08 17:04:00
j_00002674,u_000742,s_00028,2025-02-24 16:28:02
j_00002675,u_000743,s_00134,2025-02-22 23:17:01
j_00002676,u_000743,s_00056,2025-01-20 17:58:10
j_00002677,u_000743,s_00025,2025-02-16 23:35:52
j_00002678,u_000744,s_00013,2025-02-18 19:22:14
j_00002679,u_000744,s_00114,2025-01-22 18:32:11
j_00002680,u_000745,s_00104,2025-02-22 20:57:26
j_00002681,u_000745,s_00058,2025-02-07 18:10:23
j_00002682,u_000746,s_00048,2025-02-15 23:15:59
j_00002683,u_000746,s_00076,2025-02-14 23:32:06
j_00002684,u_000746,s_00142,2025-02-16 23:06:50
j_00002685,u_000746,s_00037,2025-02-27 20:31:13
j_00002686,u_000746,s_00091,2025-02-21 18:09:18
j_00002687,u_000746,s_00107,2025-01-26 19:51:29
j_00002688,u_000747,s_00039,2025-02-03 18:46:58
j_00002689,u_000747,s_00069,2025-02-08 23:02:14
j_00002690,u_000748,s_00097,2025-02-21 23:32:20
j_00002691,u_000749,s_00097,2025-01-24 19:12:39
j_00002692,u_000749,s_00031,2025-01-19 16:34:40
j_00002693,u_000749,s_00056,2025-02-14 23:32:22
j_00002694,u_000750,s_00082,2025-02-27 20:58:07
j_00002695,u_000750,s_00135,2025-02-24 19:10:47
j_00002696,u_000750,s_00070,2025-01-09 23:30:54
j_00002697,u_000751,s_00040,2025-02-25 17:57:36
j_00002698,u_000751,s_00042,2025-02-17 18:07:52
j_00002699,u_000751,s_00008,2025-01-10 19:15:15
j_00002700,u_000751,s_00078,2025-01-01 14:43:51
j_00002701,u_000752,s_00046,2025-01-13 21:06:48
j_00002702,u_000752,s_00131,2025-02-25 16:12:54
j_00002703,u_000752,s_00085,2025-02-15 17:57:55
j_00002704,u_000753,s_00032,2025-02-04 17:34:20
j_00002705,u_000753,s_00101,2025-02-07 17:03:07
j_00002706,u_000753,s_00094,2025-01-25 16:51:44
j_00002707,u_000753,s_00092,2025-02-24 20:31:40
j_00002708,u_000753,s_00043,2025-01-10 19:28:38
j_00002709,u_000753,s_00131,2025-01-19 20:59:37
j_00002710,u_000754,s_00126,2025-01-13 23:18:02
j_00002711,u_000754,s_00090,2025-02-20 19:22:40
j_00002712,u_000754,s_00038,2025-02-02 22:34:29
j_00002713,u_000754,s_00134,2025-02-11 22:14:01
j_00002714,u_000755,s_00013,2025-02-25 19:07:51
j_00002715,u_000755,s_00042,2025-01-12 21:08:01
j_00002716,u_000755,s_00017,2025-02-27 20:18:14
j_00002717,u_000755,s_00007,2025-01-08 20:04:17
j_00002718,u_000755,s_00065,2025-02-15 17:30:46
j_00002719,u_000755,s_00018,2025-02-12 18:59:04
j_00002720,u_000756,s_00094,2025-02-19 20:15:23
j_00002721,u_000756,s_00097,2025-01-10 12:02:21
j_00002722,u_000756,s_00019,2025-02-27 23:02:24
j_00002723,u_000757,s_00096,2025-02-17 23:09:52
j_00002724,u_000757,s_00143,2025-01-07 20:35:19
j_00002725,u_000757,s_00016,2025-02-03 22:28:21
j_00002726,u_000757,s_00019,2025-02-19 23:24:24
j_00002727,u_000758,s_00001,2025-01-29 14:45:23
j_00002728,u_000758,s_00053,2025-01-23 23:23:57
j_00002729,u_000758,s_00031,2025-01-17 18:36:16
j_00002730,u_000759,s_00078,2025-01-31 23:59:06
j_00002731,u_000759,s_00004,2025-03-01 19:10:25
j_00002732,u_000759,s_00133,2025-02-06 23:06:05
j_00002733,u_000759,s_00143,2025-02-13 19:13:47
j_00002734,u_000759,s_00097,2025-02-16 23:09:53
j_00002735,u_000760,s_00038,2025-02-16 17:49:49
j_00002736,u_000760,s_00085,2025-01-25 23:52:48
j_00002737,u_000760,s_00101,2025-02-16 22:33:25
j_00002738,u_000760,s_00126,2025-01-20 21:07:41
j_00002739,u_000760,s_00020,2025-02-05 20:51:23
j_00002740,u_000761,s_00144,2025-01-19 17:55:51
j_00002741,u_000761,s_00082,2025-02-26 09:24:11
j_00002742,u_000762,s_00147,2025-02-13 23:40:08
j_00002743,u_000762,s_00110,2025-02-05 18:36:58
j_00002744,u_000762,s_00092,2025-01-28 23:31:21
j_00002745,u_000762,s_00003,2025-02-01 21:21:18
j_00002746,u_000762,s_00088,2025-02-16 23:16:40
j_00002747,u_000762,s_00021,2025-01-17 23:16:20
j_00002748,u_000763,s_00120,2025-02-19 10:21:44
j_00002749,u_000763,s_00131,2025-01-17 22:45:25
j_00002750,u_000763,s_00134,2025-01-09 18:49:47
j_00002751,u_000763,s_00032,2025-02-14 23:06:04
j_00002752,u_000763,s_00148,2025-02-12 22:03:43
j_00002753,u_000763,s_00003,2025-01-21 22:28:19
j_00002754,u_000764,s_00102,2025-02-08 18:46:25
j_00002755,u_000764,s_00059,2025-02-13 16:33:55
j_00002756,u_000764,s_00146,2025-02-17 18:49:28
j_00002757,u_000764,s_00089,2025-02-27 12:42:04
j_00002758,u_000764,s_00060,2025-02-21 17:42:27
j_00002759,u_000764,s_00075,2025-01-27 14:32:14
j_00002760,u_000765,s_00076,2025-01-14 14:03:28
j_00002761,u_000765,s_00062,2025-01-06 20:10:13
j_00002762,u_000766,s_00131,2025-02-04 22:44:38
j_00002763,u_000766,s_00002,2025-02-09 19:18:14
j_00002764,u_000766,s_00103,2025-02-11 18:43:27
j_00002765,u_000766,s_00063,2025-01-01 16:20:57
j_00002766,u_000766,s_00146,2025-02-12 18:00:38
j_00002767,u_000767,s_00048,2025-02-17 16:40:42
j_00002768,u_000768,s_00117,2025-02-13 19:53:46
j_00002769,u_000769,s_00008,2025-02-01 13:26:55
j_00002770,u_000769,s_00112,2025-01-01 22:07:53
j_00002771,u_000769,s_00130,2025-01-30 17:24:51
j_00002772,u_000769,s_00014,2025-02-08 21:57:20
j_00002773,u_000769,s_00062,2025-02-04 23:19:37
j_00002774,u_000769,s_00110,2025-02-04 21:04:49
j_00002775,u_000770,s_00131,2025-01-31 23:46:33
j_00002776,u_000771,s_00043,2025-02-03 11:14:07
j_00002777,u_000771,s_00117,2025-01-20 18:02:30
j_00002778,u_000771,s_00049,2025-02-06 23:41:12
j_00002779,u_000771,s_00075,2025-01-17 22:20:41
j_00002780,u_000771,s_00027,2025-01-30 23:08:51
j_00002781,u_000771,s_00102,2025-01-25 23:03:42
j_00002782,u_000772,s_00068,2025-02-12 21:11:33
j_00002783,u_000772,s_00110,2025-02-23 18:08:35
j_00002784,u_000772,s_00047,2025-02-07 16:00:32
j_00002785,u_000773,s_00148,2025-01-09 18:22:26
j_00002786,u_000773,s_00020,2025-02-10 18:49:13
j_00002787,u_000774,s_00051,2025-01-20 17:23:40
j_00002788,u_000775,s_00080,2025-01-03 16:02:20
j_00002789,u_000775,s_00140,2025-01-12 21:52:09
j_00002790,u_000775,s_00024,2025-03-01 23:37:48
j_00002791,u_000775,s_00008,2025-01-26 23:57:33
j_00002792,u_000775,s_00135,2025-01-13 18:34:31
j_00002793,u_000776,s_00104,2025-01-09 23:28:31
j_00002794,u_000776,s_00072,2025-02-09 21:30:04
j_00002795,u_000776,s_00074,2025-02-15 19:00:32
j_00002796,u_000776,s_00084,2025-01-22 19:22:32
j_00002797,u_000776,s_00140,2025-01-07 19:26:30
j_00002798,u_000777,s_00105,2025-01-22 22:17:00
j_00002799,u_000777,s_00017,2025-02-09 20:50:45
j_00002800,u_000777,s_00000,2025-01-07 17:57:36
j_00002801,u_000778,s_00081,2025-01-17 16:28:45
j_00002802,u_000778,s_00073,2025-01-01 21:47:30
j_00002803,u_000778,s_00085,2025-01-29 21:13:19
j_00002804,u_000778,s_00114,2025-01-11 18:55:49
j_00002805,u_000778,s_00139,2025-01-12 15:42:21
j_00002806,u_000779,s_00008,2025-01-07 23:44:27
j_00002807,u_000779,s_00136,2025-02-13 23:35:00
j_00002808,u_000780,s_00104,2025-01-30 12:49:09
j_00002809,u_000780,s_00109,2025-02-26 23:32:06
j_00002810,u_000780,s_00149,2025-01-24 19:57:25
j_00002811,u_000780,s_00089,2025-01-14 20:39:15
j_00002812,u_000781,s_00051,2025-01-13 23:27:19
j_00002813,u_000781,s_00009,2025-02-27 23:12:45
j_00002814,u_000782,s_00143,2025-02-05 23:54:40
j_00002815,u_000782,s_00046,2025-01-20 20:03:47
j_00002816,u_000782,s_00105,2025-02-09 14:02:48
j_00002817,u_000782,s_00144,2025-02-03 11:01:14
j_00002818,u_000783,s_00033,2025-01-07 23:06:36
j_00002819,u_000784,s_00078,2025-02-12 23:14:52
j_00002820,u_000784,s_00146,2025-01-08 16:29:18
j_00002821,u_000784,s_00062,2025-01-12 18:16:22
j_00002822,u_000785,s_00031,2025-02-12 17:27:31
j_00002823,u_000785,s_00030,2025-01-27 17:26:47
j_00002824,u_000785,s_00113,2025-01-14 23:26:08
j_00002825,u_000785,s_00149,2025-01-05 20:03:28
j_00002826,u_000786,s_00065,2025-02-05 19:32:14
j_00002827,u_000786,s_00024,2025-02-11 23:17:42
j_00002828,u_000786,s_00021,2025-01-13 14:32:14
j_00002829,u_000786,s_00082,2025-01-25 22:03:21
j_00002830,u_000787,s_00146,2025-01-21 15:52:20
j_00002831,u_000787,s_00134,2025-02-23 19:43:04
j_00002832,u_000787,s_00098,2025-02-17 20:20:40
j_00002833,u_000788,s_00021,2025-01-17 23:21:15
j_00002834,u_000788,s_00069,2025-01-31 18:18:29
j_00002835,u_000788,s_00090,2025-02-25 18:59:41
j_00002836,u_000788,s_00067,2025-01-21 18:42:47
j_00002837,u_000789,s_00054,2025-01-09 15:27:55
j_00002838,u_000789,s_00095,2025-01-18 22:38:07
j_00002839,u_000789,s_00062,2025-02-06 21:03:37
j_00002840,u_000789,s_00094,2025-03-01 21:49:19
j_00002841,u_000790,s_00037,2025-01-19 19:35:46
j_00002842,u_000790,s_00026,2025-01-04 19:18:23
j_00002843,u_000791,s_00091,2025-01-11 23:41:00
j_00002844,u_000791,s_00139,2025-01-25 23:00:51
j_00002845,u_000792,s_00007,2025-01-06 23:29:45
j_00002846,u_000792,s_00079,2025-01-03 21:56:19
j_00002847,u_000792,s_00051,2025-02-09 23:45:50
j_00002848,u_000792,s_00069,2025-02-19 18:02:24
j_00002849,u_000793,s_00144,2025-01-14 19:35:24
j_00002850,u_000793,s_00139,2025-02-01 23:40:17
j_00002851,u_000793,s_00030,2025-02-04 23:31:29
j_00002852,u_000793,s_00133,2025-02-10 18:19:59
j_00002853,u_000793,s_00076,2025-02-28 15:40:03
j_00002854,u_000793,s_00057,2025-02-23 19:25:35
j_00002855,u_000794,s_00003,2025-01-19 17:56:10
j_00002856,u_000794,s_00076,2025-02-28 23:50:07
j_00002857,u_000794,s_00125,2025-01-03 23:54:03
j_00002858,u_000794,s_00117,2025-02-27 16:25:16
j_00002859,u_000794,s_00104,2025-01-09 15:40:43
j_00002860,u_000795,s_00060,2025-01-07 16:08:44
j_00002861,u_000795,s_00055,2025-01-08 17:45:47
j_00002862,u_000795,s_00098,2025-01-08 19:45:08
j_00002863,u_000795,s_00147,2025-01-28 23:46:06
j_00002864,u_000796,s_00033,2025-02-08 16:01:58
j_00002865,u_000796,s_00012,2025-02-14 23:27:55
j_00002866,u_000796,s_00060,2025-01-01 16:16:42
j_00002867,u_000796,s_00142,2025-01-18 14:54:50
j_00002868,u_000796,s_00061,2025-01-08 23:32:48
j_00002869,u_000796,s_00075,2025-01-09 23:36:34
j_00002870,u_000797,s_00122,2025-02-14 19:26:28
j_00002871,u_000797,s_00097,2025-02-08 21:06:58
j_00002872,u_000797,s_00035,2025-01-13 21:37:40
j_00002873,u_000797,s_00046,2025-01-19 20:36:52
j_00002874,u_000797,s_00016,2025-02-25 14:22:12
j_00002875,u_000797,s_00031,2025-02-04 10:37:13
j_00002876,u_000798,s_00096,2025-01-15 16:23:37
j_00002877,u_000798,s_00137,2025-02-26 23:39:57
j_00002878,u_000798,s_00081,2025-01-12 23:20:37
j_00002879,u_000798,s_00145,2025-01-18 18:46:26
j_00002880,u_000799,s_00076,2025-02-11 16:53:01
j_00002881,u_000800,s_00069,2025-01-31 21:29:09
j_00002882,u_000800,s_00028,2025-01-05 21:01:13
j_00002883,u_000800,s_00026,2025-02-18 22:40:12
j_00002884,u_000800,s_00098,2025-01-14 09:56:42
j_00002885,u_000801,s_00001,2025-02-11 23:42:41
j_00002886,u_000801,s_00097,2025-01-21 23:21:22
j_00002887,u_000801,s_00064,2025-02-15 19:33:59
j_00002888,u_000801,s_00055,2025-02-23 17:21:23
j_00002889,u_000802,s_00035,2025-02-16 23:46:26
j_00002890,u_000802,s_00039,2025-02-25 21:43:31
j_00002891,u_000803,s_00006,2025-02-02 20:37:34
j_00002892,u_000803,s_00039,2025-01-04 21:23:11
j_00002893,u_000803,s_00111,2025-02-02 19:10:18
j_00002894,u_000803,s_00033,2025-01-28 21:36:41
j_00002895,u_000803,s_00003,2025-02-13 22:20:50
j_00002896,u_000803,s_00080,2025-01-15 21:54:25
j_00002897,u_000804,s_00061,2025-02-11 21:03:06
j_00002898,u_000804,s_00038,2025-01-27 23:50:51
j_00002899,u_000804,s_00083,2025-02-10 13:46:34
j_00002900,u_000804,s_00008,2025-01-26 16:30:26
j_00002901,u_000804,s_00028,2025-01-23 20:59:35
j_00002902,u_000804,s_00127,2025-01-13 17:42:49
j_00002903,u_000805,s_00135,2025-02-19 18:02:00
j_00002904,u_000805,s_00058,2025-01-05 23:23:21
j_00002905,u_000806,s_00138,2025-01-15 19:50:56
j_00002906,u_000806,s_00055,2025-01-26 12:46:18
j_00002907,u_000806,s_00039,2025-01-10 18:09:58
j_00002908,u_000807,s_00022,2025-02-25 20:10:16
j_00002909,u_000807,s_00117,2025-01-21 20:55:28
j_00002910,u_000808,s_00065,2025-01-15 22:02:04
j_00002911,u_000808,s_00127,2025-01-16 21:56:43
j_00002912,u_000809,s_00093,2025-01-12 19:32:14
j_00002913,u_000809,s_00049,2025-02-09 15:48:50
j_00002914,u_000810,s_00010,2025-01-29 18:12:07
j_00002915,u_000810,s_00079,2025-01-14 17:20:07
j_00002916,u_000810,s_00122,2025-02-22 18:43:28
j_00002917,u_000811,s_00000,2025-02-09 22:09:05
j_00002918,u_000811,s_00110,2025-01-25 21:06:19
j_00002919,u_000812,s_00038,2025-01-31 23:36:41
j_00002920,u_000813,s_00013,2025-02-09 18:00:30
j_00002921,u_000813,s_00066,2025-01-10 23:56:33
j_00002922,u_000813,s_00005,2025-02-18 22:40:05
j_00002923,u_000814,s_00067,2025-01-16 20:42:40
j_00002924,u_000814,s_00115,2025-01-02 22:30:05
j_00002925,u_000814,s_00122,2025-02-01 17:37:34
j_00002926,u_000814,s_00087,2025-02-22 11:57:47
j_00002927,u_000815,s_00117,2025-02-13 17:00:43
j_00002928,u_000815,s_00104,2025-01-19 22:14:21
j_00002929,u_000816,s_00127,2025-01-24 20:41:09
j_00002930,u_000816,s_00080,2025-02-05 19:07:49
j_00002931,u_000816,s_00096,2025-01-14 16:14:12
j_00002932,u_000816,s_00000,2025-02-19 12:01:29
j_00002933,u_000817,s_00120,2025-01-18 23:03:14
j_00002934,u_000817,s_00066,2025-01-14 19:26:01
j_00002935,u_000818,s_00028,2025-01-06 18:39:24
j_00002936,u_000818,s_00116,2025-02-11 17:06:33
j_00002937,u_000818,s_00039,2025-01-02 23:58:45
j_00002938,u_000818,s_00134,2025-02-18 23:46:43
j_00002939,u_000818,s_00088,2025-02-28 16:39:49
j_00002940,u_000819,s_00086,2025-01-07 23:04:48
j_00002941,u_000819,s_00017,2025-01-06 19:31:24
j_00002942,u_000819,s_00079,2025-02-26 17:55:20
j_00002943,u_000819,s_00133,2025-01-08 18:14:36
j_00002944,u_000820,s_00141,2025-01-25 16:32:28
j_00002945,u_000820,s_00052,2025-02-22 14:33:17
j_00002946,u_000820,s_00065,2025-01-09 23:41:01
j_00002947,u_000820,s_00123,2025-02-09 19:55:28
j_00002948,u_000820,s_00082,2025-01-23 22:07:28
j_00002949,u_000820,s_00109,2025-01-27 21:03:56
j_00002950,u_000821,s_00095,2025-02-25 22:05:48
j_00002951,u_000822,s_00056,2025-02-08 11:16:16
j_00002952,u_000822,s_00042,2025-01-20 16:21:06
j_00002953,u_000822,s_00123,2025-02-26 22:52:47
j_00002954,u_000822,s_00107,2025-02-04 14:31:29
j_00002955,u_000822,s_00018,2025-01-06 21:44:02
j_00002956,u_000822,s_00000,2025-01-24 14:34:45
j_00002957,u_000823,s_00036,2025-01-15 20:57:20
j_00002958,u_000823,s_00007,2025-02-08 23:19:10
j_00002959,u_000823,s_00013,2025-02-21 23:40:39
j_00002960,u_000824,s_00101,2025-01-03 12:16:47
j_00002961,u_000825,s_00130,2025-02-16 23:14:46
j_00002962,u_000825,s_00064,2025-02-24 23:58:16
j_00002963,u_000825,s_00045,2025-03-01 23:01:35
j_00002964,u_000825,s_00139,2025-02-09 21:16:27
j_00002965,u_000825,s_00101,2025-01-19 14:23:52
j_00002966,u_000826,s_00098,2025-01-09 21:08:11
j_00002967,u_000826,s_00030,2025-02-26 23:46:49
j_00002968,u_000827,s_00105,2025-01-25 19:21:20
j_00002969,u_000827,s_00011,2025-01-21 23:27:37
j_00002970,u_000828,s_00136,2025-02-14 16:18:30
j_00002971,u_000828,s_00029,2025-02-12 21:53:20
j_00002972,u_000828,s_00061,2025-02-18 10:25:13
j_00002973,u_000828,s_00074,2025-02-22 16:47:21
j_00002974,u_000828,s_00033,2025-02-22 19:37:36
j_00002975,u_000828,s_00043,2025-01-11 18:57:36
j_00002976,u_000829,s_00103,2025-01-11 14:36:37
j_00002977,u_000829,s_00137,2025-01-13 18:59:39
j_00002978,u_000830,s_00035,2025-02-07 21:41:03
j_00002979,u_000830,s_00100,2025-02-04 19:03:23
j_00002980,u_000830,s_00146,2025-02-21 20:09:18
j_00002981,u_000830,s_00080,2025-02-20 22:47:23
j_00002982,u_000831,s_00128,2025-02-18 18:02:22
j_00002983,u_000831,s_00074,2025-01-05 23:11:10
j_00002984,u_000832,s_00120,2025-02-11 16:47:57
j_00002985,u_000833,s_00061,2025-02-21 23:21:00
j_00002986,u_000834,s_00129,2025-02-28 23:13:35
j_00002987,u_000835,s_00023,2025-01-21 18:11:27
j_00002988,u_000835,s_00110,2025-02-16 18:18:42
j_00002989,u_000835,s_00093,2025-01-25 20:50:49
j_00002990,u_000836,s_00006,2025-01-10 22:27:38
j_00002991,u_000836,s_00131,2025-01-21 23:57:45
j_00002992,u_000836,s_00130,2025-01-16 14:42:16
j_00002993,u_000837,s_00040,2025-02-24 21:16:59
j_00002994,u_000838,s_00143,2025-01-11 11:09:05
j_00002995,u_000838,s_00029,2025-01-08 19:56:40
j_00002996,u_000838,s_00096,2025-02-04 23:54:08
j_00002997,u_000839,s_00104,2025-02-04 14:07:14
j_00002998,u_000839,s_00052,2025-02-03 13:19:49
j_00002999,u_000840,s_00015,2025-01-09 20:44:40
j_00003000,u_000840,s_00032,2025-01-30 23:58:38
j_00003001,u_000840,s_00102,2025-02-25 21:54:49
j_00003002,u_000840,s_00111,2025-01-06 12:17:16
j_00003003,u_000841,s_00118,2025-02-17 13:53:38
j_00003004,u_000841,s_00042,2025-01-08 20:43:12
j_00003005,u_000841,s_00143,2025-01-15 15:27:28
j_00003006,u_000841,s_00138,2025-02-23 20:22:24
j_00003007,u_000841,s_00004,2025-01-18 20:48:37
j_00003008,u_000841,s_00049,2025-02-01 18:50:03
j_00003009,u_000842,s_00119,2025-01-23 23:54:01
j_00003010,u_000842,s_00082,2025-02-06 22:27:01
j_00003011,u_000842,s_00081,2025-01-25 23:16:15
j_00003012,u_000842,s_00088,2025-01-27 23:52:34
j_00003013,u_000842,s_00036,2025-02-19 19:18:09
j_00003014,u_000843,s_00053,2025-02-03 19:45:59
j_00003015,u_000843,s_00095,2025-02-03 18:30:24
j_00003016,u_000843,s_00067,2025-02-18 22:35:18
j_00003017,u_000843,s_00143,2025-01-26 17:12:53
j_00003018,u_000843,s_00106,2025-02-19 23:14:10
j_00003019,u_000843,s_00100,2025-02-13 17:39:11
j_00003020,u_000844,s_00064,2025-02-23 20:15:22
j_00003021,u_000844,s_00037,2025-01-28 19:40:04
j_00003022,u_000845,s_00091,2025-02-03 18:59:40
j_00003023,u_000845,s_00147,2025-01-08 23:04:46
j_00003024,u_000846,s_00116,2025-01-07 18:55:21
j_00003025,u_000846,s_00021,2025-01-07 18:10:52
j_00003026,u_000846,s_00134,2025-02-07 17:08:00
j_00003027,u_000846,s_00065,2025-01-20 20:50:31
j_00003028,u_000846,s_00060,2025-01-18 19:12:43
j_00003029,u_000847,s_00144,2025-02-06 15:38:22
j_00003030,u_000847,s_00067,2025-01-24 18:06:56
j_00003031,u_000848,s_00102,2025-01-09 22:05:25
j_00003032,u_000848,s_00090,2025-02-03 23:12:55
j_00003033,u_000848,s_00052,2025-02-03 20:31:39
j_00003034,u_000848,s_00049,2025-01-09 20:17:13
j_00003035,u_000848,s_00013,2025-01-17 18:13:49
j_00003036,u_000848,s_00060,2025-01-15 17:50:01
j_00003037,u_000849,s_00050,2025-02-11 16:10:11
j_00003038,u_000849,s_00111,2025-01-15 13:05:46
j_00003039,u_000849,s_00106,2025-01-02 17:06:54
j_00003040,u_000850,s_00131,2025-01-17 23:52:23
j_00003041,u_000850,s_00137,2025-01-29 18:28:39
j_00003042,u_000851,s_00010,2025-02-16 18:58:41
j_00003043,u_000851,s_00067,2025-01-04 18:48:44
j_00003044,u_000851,s_00089,2025-02-22 23:16:54
j_00003045,u_000851,s_00104,2025-01-20 16:47:05
j_00003046,u_000851,s_00101,2025-01-21 21:27:11
j_00003047,u_000851,s_00038,2025-01-01 19:33:55
j_00003048,u_000852,s_00042,2025-01-17 20:31:32
j_00003049,u_000852,s_00032,2025-01-29 20:45:31
j_00003050,u_000852,s_00067,2025-02-07 20:12:24
j_00003051,u_000852,s_00135,2025-02-16 23:03:21
j_00003052,u_000853,s_00027,2025-02-01 19:43:14
j_00003053,u_000853,s_00124,2025-01-07 23:57:23
j_00003054,u_000853,s_00079,2025-01-24 20:34:04
j_00003055,u_000853,s_00100,2025-02-14 13:07:17
j_00003056,u_000853,s_00087,2025-02-08 22:06:59
j_00003057,u_000854,s_00118,2025-02-05 21:32:09
j_00003058,u_000854,s_00047,2025-01-31 20:53:43
j_00003059,u_000854,s_00117,2025-01-31 18:36:02
j_00003060,u_000855,s_00036,2025-03-01 11:18:44
j_00003061,u_000856,s_00006,2025-02-05 12:37:15
j_00003062,u_000856,s_00123,2025-02-05 23:09:42
j_00003063,u_000856,s_00108,2025-01-21 17:28:29
j_00003064,u_000856,s_00112,2025-01-30 23:58:46
j_00003065,u_000856,s_00110,2025-02-12 13:37:40
j_00003066,u_000857,s_00019,2025-02-21 15:06:33
j_00003067,u_000858,s_00111,2025-02-16 22:12:44
j_00003068,u_000858,s_00131,2025-02-09 19:03:57
j_00003069,u_000858,s_00073,2025-02-16 22:24:35
j_00003070,u_000858,s_00013,2025-01-02 19:14:10
j_00003071,u_000859,s_00002,2025-01-17 19:58:06
j_00003072,u_000859,s_00135,2025-01-15 17:19:32
j_00003073,u_000859,s_00027,2025-02-09 15:02:25
j_00003074,u_000860,s_00126,2025-02-15 23:26:36
j_00003075,u_000860,s_00102,2025-01-09 23:44:40
j_00003076,u_000860,s_00148,2025-01-12 15:41:11
j_00003077,u_000860,s_00004,2025-01-30 15:58:44
j_00003078,u_000860,s_00100,2025-02-28 18:21:59
j_00003079,u_000861,s_00079,2025-01-01 21:31:19
j_00003080,u_000861,s_00067,2025-02-22 19:33:55
j_00003081,u_000861,s_00018,2025-01-12 21:01:55
j_00003082,u_000861,s_00005,2025-01-17 19:00:25
j_00003083,u_000861,s_00012,2025-02-07 19:47:47
j_00003084,u_000861,s_00141,2025-02-13 23:23:55
j_00003085,u_000862,s_00141,2025-02-22 17:41:51
j_00003086,u_000862,s_00018,2025-01-01 23:56:23
j_00003087,u_000862,s_00078,2025-01-03 23:14:39
j_00003088,u_000863,s_00105,2025-01-29 22:46:35
j_00003089,u_000863,s_00013,2025-02-03 12:12:24
j_00003090,u_000863,s_00048,2025-01-16 20:44:38
j_00003091,u_000863,s_00015,2025-02-08 17:09:56
j_00003092,u_000863,s_00109,2025-01-16 20:18:01
j_00003093,u_000863,s_00004,2025-02-25 15:28:54
j_00003094,u_000864,s_00054,2025-01-11 23:29:22
j_00003095,u_000865,s_00032,2025-02-09 23:01:49
j_00003096,u_000866,s_00080,2025-02-01 23:50:06
j_00003097,u_000866,s_00097,2025-01-07 18:00:53
j_00003098,u_000866,s_00038,2025-02-06 15:52:26
j_00003099,u_000866,s_00103,2025-01-09 21:12:54
j_00003100,u_000866,s_00011,2025-02-02 23:42:25
j_00003101,u_000866,s_00069,2025-02-08 20:42:44
j_00003102,u_000867,s_00022,2025-01-05 21:27:35
j_00003103,u_000867,s_00117,2025-01-13 19:32:12
j_00003104,u_000867,s_00134,2025-01-18 17:04:14
j_00003105,u_000867,s_00057,2025-02-25 22:54:32
j_00003106,u_000868,s_00027,2025-01-14 19:07:29
j_00003107,u_000868,s_00011,2025-02-25 21:39:36
j_00003108,u_000868,s_00114,2025-02-02 22:00:48
j_00003109,u_000869,s_00045,2025-02-26 21:44:46
j_00003110,u_000870,s_00053,2025-02-19 22:21:03
j_00003111,u_000870,s_00149,2025-01-18 16:28:29
j_00003112,u_000871,s_00099,2025-02-03 16:01:08
j_00003113,u_000871,s_00091,2025-02-13 19:13:30
j_00003114,u_000871,s_00117,2025-01-05 19:26:32
j_00003115,u_000871,s_00058,2025-02-09 17:43:59
j_00003116,u_000871,s_00139,2025-01-28 20:35:23
j_00003117,u_000872,s_00123,2025-01-03 23:15:27
j_00003118,u_000872,s_00002,2025-02-22 23:35:30
j_00003119,u_000872,s_00090,2025-01-16 23:13:07
j_00003120,u_000872,s_00055,2025-02-22 14:33:03
j_00003121,u_000872,s_00141,2025-01-13 15:32:42
j_00003122,u_000873,s_00142,2025-02-02 18:13:18
j_00003123,u_000873,s_00022,2025-01-23 20:12:21
j_00003124,u_000873,s_00020,2025-02-23 19:31:59
j_00003125,u_000873,s_00103,2025-02-27 17:35:14
j_00003126,u_000873,s_00061,2025-02-16 18:58:54
j_00003127,u_000873,s_00064,2025-02-20 21:29:37
j_00003128,u_000874,s_00081,2025-02-16 14:26:15
j_00003129,u_000874,s_00131,2025-01-18 23:28:57
j_00003130,u_000874,s_00106,2025-02-25 20:52:37
j_00003131,u_000875,s_00137,2025-02-01 23:18:18
j_00003132,u_000875,s_00064,2025-01-21 17:22:27
j_00003133,u_000875,s_00046,2025-01-12 22:22:22
j_00003134,u_000876,s_00101,2025-02-12 20:37:50
j_00003135,u_000877,s_00059,2025-01-17 23:41:27
j_00003136,u_000878,s_00141,2025-02-09 19:28:02
j_00003137,u_000878,s_00126,2025-01-04 23:15:41
j_00003138,u_000878,s_00121,2025-02-08 14:41:45
j_00003139,u_000879,s_00011,2025-02-08 23:16:23
j_00003140,u_000879,s_00042,2025-02-01 20:53:55
j_00003141,u_000879,s_00028,2025-02-09 15:37:25
j_00003142,u_000879,s_00124,2025-03-01 23:26:15
j_00003143,u_000880,s_00032,2025-02-20 23:13:42
j_00003144,u_000881,s_00032,2025-01-27 11:45:07
j_00003145,u_000881,s_00000,2025-02-22 20:36:59
j_00003146,u_000881,s_00103,2025-02-27 22:52:41
j_00003147,u_000882,s_00082,2025-01-10 21:42:18
j_00003148,u_000882,s_00116,2025-01-22 23:47:04
j_00003149,u_000882,s_00010,2025-02-14 23:05:35
j_00003150,u_000882,s_00149,2025-01-31 21:01:35
j_00003151,u_000883,s_00007,2025-01-09 23:39:47
j_00003152,u_000883,s_00045,2025-01-29 23:00:17
j_00003153,u_000883,s_00032,2025-01-23 18:53:12
j_00003154,u_000883,s_00090,2025-02-14 17:52:24
j_00003155,u_000883,s_00020,2025-01-31 23:35:49
j_00003156,u_000884,s_00108,2025-01-09 16:43:54
j_00003157,u_000884,s_00143,2025-01-03 18:25:21
j_00003158,u_000884,s_00090,2025-01-18 19:57:02
j_00003159,u_000884,s_00054,2025-01-10 21:02:06
j_00003160,u_000884,s_00024,2025-02-22 19:17:32
j_00003161,u_000884,s_00012,2025-01-17 14:41:01
j_00003162,u_000885,s_00088,2025-02-08 23:47:43
j_00003163,u_000885,s_00020,2025-01-08 18:14:01
j_00003164,u_000885,s_00037,2025-01-27 23:48:25
j_00003165,u_000886,s_00061,2025-02-26 21:27:47
j_00003166,u_000886,s_00132,2025-02-08 23:51:28
j_00003167,u_000886,s_00001,2025-01-18 22:16:40
j_00003168,u_000887,s_00102,2025-02-14 23:41:20
j_00003169,u_000887,s_00096,2025-01-31 22:12:47
j_00003170,u_000887,s_00141,2025-01-15 20:08:25
j_00003171,u_000887,s_00091,2025-03-01 23:42:45
j_00003172,u_000887,s_00131,2025-02-26 23:40:57
j_00003173,u_000887,s_00042,2025-02-03 18:17:22
j_00003174,u_000888,s_00053,2025-01-02 23:36:13
j_00003175,u_000888,s_00055,2025-01-25 19:56:55
j_00003176,u_000888,s_00118,2025-01-31 22:20:40
j_00003177,u_000888,s_00063,2025-02-25 20:30:52
j_00003178,u_000888,s_00099,2025-02-13 11:12:22
j_00003179,u_000889,s_00106,2025-01-14 19:31:20
j_00003180,u_000889,s_00140,2025-01-31 23:53:07
j_00003181,u_000890,s_00134,2025-01-11 16:38:46
j_00003182,u_000890,s_00147,2025-01-29 23:08:50
j_00003183,u_000890,s_00041,2025-02-02 20:44:49
j_00003184,u_000890,s_00038,2025-01-31 19:25:17
j_00003185,u_000890,s_00102,2025-01-26 23:01:29
j_00003186,u_000891,s_00122,2025-01-27 22:37:29
j_00003187,u_000892,s_00100,2025-02-17 21:17:07
j_00003188,u_000892,s_00076,2025-01-31 23:58:00
j_00003189,u_000892,s_00086,2025-01-03 20:59:20
j_00003190,u_000893,s_00059,2025-02-14 13:40:30
j_00003191,u_000893,s_00013,2025-02-07 18:37:59
j_00003192,u_000894,s_00022,2025-02-11 12:18:52
j_00003193,u_000894,s_00093,2025-02-12 22:04:42
j_00003194,u_000894,s_00030,2025-01-11 23:03:57
j_00003195,u_000894,s_00078,2025-02-28 23:27:46
j_00003196,u_000894,s_00055,2025-03-01 21:19:31
j_00003197,u_000894,s_00073,2025-01-09 23:57:54
j_00003198,u_000895,s_00134,2025-01-14 13:17:55
j_00003199,u_000896,s_00141,2025-01-15 19:12:12
j_00003200,u_000896,s_00118,2025-02-27 14:49:16
j_00003201,u_000896,s_00122,2025-02-25 18:50:58
j_00003202,u_000896,s_00061,2025-01-16 23:22:00
j_00003203,u_000896,s_00135,2025-02-07 23:04:31
j_00003204,u_000896,s_00075,2025-01-15 22:05:22
j_00003205,u_000897,s_00133,2025-01-03 19:31:44
j_00003206,u_000897,s_00067,2025-01-14 16:52:57
j_00003207,u_000898,s_00059,2025-01-05 20:23:19
j_00003208,u_000899,s_00113,2025-02-20 23:01:13
j_00003209,u_000899,s_00089,2025-02-17 21:22:19
j_00003210,u_000899,s_00114,2025-01-12 13:00:42
j_00003211,u_000899,s_00143,2025-02-04 20:25:21
j_00003212,u_000900,s_00099,2025-01-13 12:28:38
j_00003213,u_000900,s_00125,2025-02-03 23:43:20
j_00003214,u_000900,s_00139,2025-02-23 17:04:44
j_00003215,u_000900,s_00096,2025-02-22 15:28:03
j_00003216,u_000900,s_00071,2025-02-19 23:10:20
j_00003217,u_000901,s_00141,2025-01-15 22:27:18
j_00003218,u_000902,s_00040,2025-01-12 20:59:35
j_00003219,u_000903,s_00014,2025-01-10 23:44:38
j_00003220,u_000904,s_00128,2025-01-08 22:50:43
j_00003221,u_000904,s_00078,2025-02-06 17:02:54
j_00003222,u_000904,s_00049,2025-02-09 22:45:47
j_00003223,u_000905,s_00050,2025-02-22 18:51:02
j_00003224,u_000906,s_00050,2025-01-06 23:40:40
j_00003225,u_000906,s_00029,2025-01-16 21:46:00
j_00003226,u_000906,s_00071,2025-02-13 21:02:24
j_00003227,u_000906,s_00073,2025-02-10 14:44:35
j_00003228,u_000906,s_00019,2025-01-26 20:50:19
j_00003229,u_000907,s_00083,2025-01-10 19:13:41
j_00003230,u_000908,s_00131,2025-01-30 15:28:47
j_00003231,u_000908,s_00060,2025-01-11 19:25:36
j_00003232,u_000908,s_00140,2025-02-02 21:05:31
j_00003233,u_000908,s_00041,2025-02-24 19:07:58
j_00003234,u_000908,s_00005,2025-01-12 14:18:39
j_00003235,u_000909,s_00032,2025-01-08 18:06:13
j_00003236,u_000909,s_00060,2025-02-14 18:30:39
j_00003237,u_000909,s_00121,2025-01-02 20:03:28
j_00003238,u_000909,s_00080,2025-03-01 20:00:01
j_00003239,u_000909,s_00101,2025-02-16 18:37:54
j_00003240,u_000909,s_00149,2025-01-25 18:15:47
j_00003241,u_000910,s_00012,2025-01-22 20:22:37
j_00003242,u_000910,s_00015,2025-01-24 23:20:40
j_00003243,u_000910,s_00100,2025-01-24 21:28:34
j_00003244,u_000910,s_00081,2025-02-20 23:27:20
j_00003245,u_000910,s_00105,2025-02-17 23:07:55
j_00003246,u_000911,s_00026,2025-01-13 23:00:33
j_00003247,u_000911,s_00034,2025-01-11 23:26:20
j_00003248,u_000911,s_00044,2025-02-02 23:33:41
j_00003249,u_000911,s_00105,2025-02-09 15:46:09
j_00003250,u_000911,s_00112,2025-02-13 22:11:19
j_00003251,u_000911,s_00074,2025-01-19 23:05:07
j_00003252,u_000912,s_00084,2025-01-29 23:35:05
j_00003253,u_000912,s_00061,2025-01-07 16:54:49
j_00003254,u_000912,s_00015,2025-01-28 22:14:26
j_00003255,u_000912,s_00140,2025-02-11 20:05:51
j_00003256,u_000912,s_00038,2025-01-19 23:24:38
j_00003257,u_000912,s_00040,2025-01-20 14:33:14
j_00003258,u_000913,s_00058,2025-01-28 16:37:12
j_00003259,u_000914,s_00132,2025-02-21 12:06:27
j_00003260,u_000914,s_00108,2025-02-06 20:39:05
j_00003261,u_000914,s_00049,2025-02-25 23:20:35
j_00003262,u_000915,s_00002,2025-01-04 19:01:27
j_00003263,u_000915,s_00054,2025-02-20 20:55:08
j_00003264,u_000915,s_00102,2025-01-03 22:32:31
j_00003265,u_000915,s_00087,2025-01-20 19:18:50
j_00003266,u_000915,s_00086,2025-01-26 21:48:54
j_00003267,u_000916,s_00067,2025-01-15 21:47:25
j_00003268,u_000916,s_00000,2025-03-01 16:12:04
j_00003269,u_000916,s_00105,2025-02-23 19:57:51
j_00003270,u_000917,s_00072,2025-02-04 22:31:33
j_00003271,u_000917,s_00062,2025-01-28 23:15:45
j_00003272,u_000917,s_00012,2025-02-15 23:26:02
j_00003273,u_000917,s_00140,2025-02-12 21:11:17
j_00003274,u_000917,s_00006,2025-01-29 21:50:17
j_00003275,u_000918,s_00003,2025-02-19 23:16:42
j_00003276,u_000918,s_00125,2025-01-12 17:26:40
j_00003277,u_000918,s_00132,2025-01-17 17:04:44
j_00003278,u_000918,s_00060,2025-01-02 19:56:23
j_00003279,u_000918,s_00088,2025-01-08 14:18:18
j_00003280,u_000919,s_00099,2025-01-12 21:39:11
j_00003281,u_000919,s_00030,2025-02-07 23:21:15
j_00003282,u_000919,s_00044,2025-02-21 17:33:09
j_00003283,u_000919,s_00145,2025-02-05 21:33:49
j_00003284,u_000919,s_00105,2025-01-27 17:17:40
j_00003285,u_000919,s_00034,2025-01-17 15:25:40
j_00003286,u_000920,s_00057,2025-01-07 23:35:53
j_00003287,u_000920,s_00112,2025-02-05 15:13:44
j_00003288,u_000921,s_00134,2025-01-09 14:07:19
j_00003289,u_000921,s_00112,2025-02-17 20:10:18
j_00003290,u_000921,s_00105,2025-01-25 21:24:07
j_00003291,u_000922,s_00001,2025-01-22 22:12:43
j_00003292,u_000923,s_00087,2025-01-02 23:17:52
j_00003293,u_000923,s_00005,2025-01-15 16:41:42
j_00003294,u_000924,s_00058,2025-01-01 17:40:28
j_00003295,u_000924,s_00045,2025-02-13 23:56:19
j_00003296,u_000925,s_00132,2025-01-30 23:45:26
j_00003297,u_000925,s_00084,2025-02-17 23:25:16
j_00003298,u_000925,s_00105,2025-02-03 17:55:09
j_00003299,u_000926,s_00023,2025-02-27 23:55:25
j_00003300,u_000926,s_00027,2025-02-17 23:13:14
j_00003301,u_000926,s_00034,2025-01-09 20:10:44
j_00003302,u_000927,s_00055,2025-01-07 17:53:54
j_00003303,u_000927,s_00005,2025-02-23 20:53:11
j_00003304,u_000927,s_00023,2025-01-17 23:50:00
j_00003305,u_000927,s_00064,2025-02-15 15:27:52
j_00003306,u_000927,s_00138,2025-02-07 16:51:17
j_00003307,u_000927,s_00109,2025-02-12 17:46:15
j_00003308,u_000928,s_00144,2025-01-17 18:44:51
j_00003309,u_000928,s_00029,2025-01-19 19:36:50
j_00003310,u_000928,s_00038,2025-02-03 23:16:34
j_00003311,u_000928,s_00063,2025-01-02 21:44:09
j_00003312,u_000928,s_00004,2025-01-19 20:52:42
j_00003313,u_000929,s_00117,2025-01-31 21:53:44
j_00003314,u_000929,s_00073,2025-01-13 22:35:26
j_00003315,u_000929,s_00145,2025-01-18 13:02:33
j_00003316,u_000929,s_00065,2025-03-01 23:44:32
j_00003317,u_000929,s_00014,2025-01-18 16:15:39
j_00003318,u_000930,s_00077,2025-02-24 18:12:30
j_00003319,u_000931,s_00148,2025-02-25 21:04:58
j_00003320,u_000931,s_00144,2025-02-10 19:09:02
j_00003321,u_000931,s_00094,2025-01-10 21:29:03
j_00003322,u_000932,s_00097,2025-01-13 20:16:09
j_00003323,u_000932,s_00090,2025-02-26 18:22:08
j_00003324,u_000932,s_00101,2025-01-01 23:30:29
j_00003325,u_000932,s_00011,2025-01-31 22:31:04
j_00003326,u_000932,s_00045,2025-02-05 21:24:11
j_00003327,u_000933,s_00121,2025-02-20 22:27:31
j_00003328,u_000933,s_00133,2025-02-23 17:53:53
j_00003329,u_000934,s_00086,2025-01-18 23:16:48
j_00003330,u_000934,s_00031,2025-01-31 15:00:13
j_00003331,u_000934,s_00025,2025-02-08 20:48:03
j_00003332,u_000935,s_00009,2025-02-27 18:04:44
j_00003333,u_000935,s_00110,2025-02-03 18:46:46
j_00003334,u_000935,s_00050,2025-01-08 18:19:55
j_00003335,u_000935,s_00021,2025-02-25 16:50:25
j_00003336,u_000935,s_00014,2025-01-31 23:10:03
j_00003337,u_000936,s_00001,2025-01-11 15:09:56
j_00003338,u_000936,s_00066,2025-01-12 23:24:17
j_00003339,u_000936,s_00006,2025-01-13 22:25:22
j_00003340,u_000936,s_00127,2025-02-13 18:43:24
j_00003341,u_000936,s_00064,2025-02-26 22:38:59
j_00003342,u_000937,s_00116,2025-01-27 19:59:21
j_00003343,u_000937,s_00110,2025-01-06 15:40:33
j_00003344,u_000937,s_00065,2025-02-23 15:12:30
j_00003345,u_000937,s_00029,2025-02-08 22:05:59
j_00003346,u_000937,s_00136,2025-02-04 22:15:57
j_00003347,u_000937,s_00032,2025-01-04 20:59:37
j_00003348,u_000938,s_00074,2025-02-28 18:46:06
j_00003349,u_000938,s_00104,2025-01-05 19:44:20
j_00003350,u_000938,s_00033,2025-02-06 18:16:39
j_00003351,u_000939,s_00125,2025-02-05 13:28:48
j_00003352,u_000939,s_00141,2025-01-31 20:42:45
j_00003353,u_000939,s_00038,2025-02-03 22:56:29
j_00003354,u_000940,s_00083,2025-01-24 20:35:40
j_00003355,u_000940,s_00089,2025-02-04 23:01:18
j_00003356,u_000940,s_00053,2025-01-22 15:51:38
j_00003357,u_000941,s_00024,2025-01-29 17:56:28
j_00003358,u_000941,s_00133,2025-02-10 20:02:41
j_00003359,u_000941,s_00140,2025-02-14 20:23:52
j_00003360,u_000941,s_00037,2025-01-10 12:58:49
j_00003361,u_000941,s_00109,2025-03-01 22:57:43
j_00003362,u_000942,s_00119,2025-01-06 20:57:46
j_00003363,u_000942,s_00033,2025-01-17 11:58:10
j_00003364,u_000942,s_00086,2025-01-21 19:01:11
j_00003365,u_000943,s_00108,2025-01-20 16:09:50
j_00003366,u_000943,s_00058,2025-01-22 18:29:32
j_00003367,u_000943,s_00049,2025-01-20 14:36:25
j_00003368,u_000944,s_00140,2025-01-27 21:24:39
j_00003369,u_000944,s_00086,2025-02-15 23:16:04
j_00003370,u_000945,s_00105,2025-02-19 21:15:09
j_00003371,u_000945,s_00131,2025-01-21 11:36:08
j_00003372,u_000945,s_00029,2025-01-16 21:58:33
j_00003373,u_000946,s_00053,2025-02-10 19:49:03
j_00003374,u_000946,s_00006,2025-01-04 15:10:02
j_00003375,u_000947,s_00115,2025-01-27 21:08:40
j_00003376,u_000947,s_00061,2025-01-14 23:15:44
j_00003377,u_000947,s_00031,2025-02-06 17:43:15
j_00003378,u_000947,s_00104,2025-01-05 13:00:41
j_00003379,u_000948,s_00120,2025-02-19 11:42:05
j_00003380,u_000948,s_00135,2025-01-17 17:34:24
j_00003381,u_000948,s_00134,2025-01-31 19:39:21
j_00003382,u_000948,s_00133,2025-02-04 17:51:20
j_00003383,u_000948,s_00002,2025-01-29 17:35:52
j_00003384,u_000948,s_00094,2025-01-27 22:37:04
j_00003385,u_000949,s_00044,2025-01-17 21:28:37
j_00003386,u_000949,s_00006,2025-02-16 20:39:16
j_00003387,u_000949,s_00061,2025-01-31 23:22:29
j_00003388,u_000949,s_00012,2025-01-13 17:03:12
j_00003389,u_000949,s_00081,2025-01-16 15:01:43
j_00003390,u_000950,s_00042,2025-01-27 17:42:03
j_00003391,u_000950,s_00044,2025-02-20 17:38:04
j_00003392,u_000950,s_00024,2025-02-27 11:24:19
j_00003393,u_000951,s_00096,2025-01-24 17:44:52
j_00003394,u_000951,s_00041,2025-01-24 23:28:01
j_00003395,u_000951,s_00049,2025-01-08 23:15:10
j_00003396,u_000951,s_00099,2025-02-02 22:35:29
j_00003397,u_000951,s_00090,2025-01-15 20:22:01
j_00003398,u_000951,s_00111,2025-02-19 23:58:32
j_00003399,u_000952,s_00020,2025-02-02 15:43:21
j_00003400,u_000952,s_00013,2025-01-14 16:44:38
j_00003401,u_000952,s_00076,2025-02-24 23:41:03
j_00003402,u_000952,s_00089,2025-02-18 20:41:10
j_00003403,u_000952,s_00131,2025-01-19 17:46:10
j_00003404,u_000952,s_00120,2025-01-08 22:25:44
j_00003405,u_000953,s_00093,2025-01-16 18:49:44
j_00003406,u_000953,s_00033,2025-01-23 16:02:06
j_00003407,u_000953,s_00131,2025-01-25 16:39:24
j_00003408,u_000954,s_00036,2025-02-19 21:32:42
j_00003409,u_000954,s_00093,2025-02-28 20:00:00
j_00003410,u_000954,s_00031,2025-02-14 23:39:06
j_00003411,u_000954,s_00113,2025-02-20 18:00:38
j_00003412,u_000954,s_00128,2025-01-08 18:42:33
j_00003413,u_000955,s_00084,2025-01-09 23:31:42
j_00003414,u_000955,s_00082,2025-02-24 23:36:27
j_00003415,u_000955,s_00057,2025-02-06 20:36:54
j_00003416,u_000956,s_00044,2025-01-15 13:18:07
j_00003417,u_000956,s_00032,2025-02-17 16:37:09
j_00003418,u_000956,s_00100,2025-01-11 15:13:38
j_00003419,u_000956,s_00135,2025-02-16 20:45:51
j_00003420,u_000956,s_00056,2025-02-22 17:05:01
j_00003421,u_000956,s_00060,2025-01-30 23:08:42
j_00003422,u_000957,s_00029,2025-02-09 13:42:58
j_00003423,u_000957,s_00023,2025-02-13 15:03:33
j_00003424,u_000957,s_00058,2025-02-22 20:58:49
j_00003425,u_000958,s_00103,2025-02-05 22:01:15
j_00003426,u_000958,s_00104,2025-01-18 09:31:48
j_00003427,u_000959,s_00088,2025-01-13 13:59:27
j_00003428,u_000960,s_00134,2025-01-22 18:40:17
j_00003429,u_000960,s_00028,2025-01-04 23:37:11
j_00003430,u_000960,s_00078,2025-02-11 23:41:51
j_00003431,u_000960,s_00026,2025-01-23 18:42:43
j_00003432,u_000960,s_00011,2025-02-12 19:09:47
j_00003433,u_000960,s_00144,2025-01-04 16:18:42
j_00003434,u_000961,s_00042,2025-01-20 22:11:15
j_00003435,u_000961,s_00080,2025-01-24 23:12:11
j_00003436,u_000962,s_00133,2025-01-06 23:12:38
j_00003437,u_000962,s_00037,2025-02-19 19:38:15
j_00003438,u_000962,s_00112,2025-02-05 16:55:38
j_00003439,u_000962,s_00122,2025-02-20 20:33:54
j_00003440,u_000962,s_00142,2025-02-18 23:00:44
j_00003441,u_000963,s_00059,2025-01-03 18:41:28
j_00003442,u_000964,s_00056,2025-02-21 12:32:54
j_00003443,u_000964,s_00016,2025-01-05 18:46:33
j_00003444,u_000964,s_00137,2025-02-22 18:22:28
j_00003445,u_000964,s_00144,2025-02-10 12:25:57
j_00003446,u_000965,s_00120,2025-02-19 20:39:20
j_00003447,u_000965,s_00062,2025-01-30 22:42:12
j_00003448,u_000965,s_00092,2025-01-10 23:13:08
j_00003449,u_000966,s_00006,2025-01-09 14:35:37
j_00003450,u_000966,s_00126,2025-01-08 22:57:30
j_00003451,u_000966,s_00145,2025-02-18 23:03:46
j_00003452,u_000967,s_00137,2025-02-02 22:19:08
j_00003453,u_000967,s_00126,2025-01-13 15:32:19
j_00003454,u_000968,s_00022,2025-01-08 15:55:07
j_00003455,u_000969,s_00108,2025-01-05 20:58:18
j_00003456,u_000969,s_00076,2025-01-16 20:35:57
j_00003457,u_000969,s_00093,2025-02-14 17:32:53
j_00003458,u_000970,s_00066,2025-02-23 23:24:29
j_00003459,u_000970,s_00140,2025-02-06 18:26:05
j_00003460,u_000970,s_00067,2025-03-01 12:44:59
j_00003461,u_000971,s_00022,2025-01-24 19:32:09
j_00003462,u_000971,s_00003,2025-01-20 21:33:06
j_00003463,u_000971,s_00038,2025-02-11 21:50:24
j_00003464,u_000971,s_00145,2025-01-09 21:08:56
j_00003465,u_000971,s_00126,2025-02-24 23:57:47
j_00003466,u_000972,s_00147,2025-02-16 15:42:21
j_00003467,u_000972,s_00107,2025-01-03 18:35:27
j_00003468,u_000972,s_00055,2025-01-12 23:34:03
j_00003469,u_000973,s_00049,2025-02-07 12:34:16
j_00003470,u_000973,s_00126,2025-02-14 19:33:40
j_00003471,u_000974,s_00043,2025-01-14 23:21:25
j_00003472,u_000974,s_00144,2025-02-14 23:44:58
j_00003473,u_000975,s_00063,2025-01-29 22:15:26
j_00003474,u_000975,s_00020,2025-02-10 22:39:50
j_00003475,u_000975,s_00113,2025-01-26 15:31:43
j_00003476,u_000975,s_00145,2025-01-28 23:21:30
j_00003477,u_000976,s_00011,2025-01-24 15:48:52
j_00003478,u_000976,s_00035,2025-01-10 15:19:52
j_00003479,u_000976,s_00034,2025-01-12 21:39:19
j_00003480,u_000977,s_00123,2025-01-11 18:15:16
j_00003481,u_000977,s_00018,2025-02-18 20:12:42
j_00003482,u_000977,s_00084,2025-01-26 21:34:01
j_00003483,u_000977,s_00023,2025-01-23 23:58:42
j_00003484,u_000977,s_00118,2025-02-21 21:17:26
j_00003485,u_000977,s_00061,2025-02-23 17:06:46
j_00003486,u_000978,s_00048,2025-01-15 22:07:07
j_00003487,u_000978,s_00050,2025-01-22 16:29:34
j_00003488,u_000978,s_00016,2025-01-25 23:46:32
j_00003489,u_000979,s_00061,2025-02-20 20:42:00
j_00003490,u_000979,s_00120,2025-02-10 21:12:31
j_00003491,u_000979,s_00039,2025-02-02 12:50:39
j_00003492,u_000979,s_00020,2025-01-15 10:09:24
j_00003493,u_000980,s_00003,2025-01-24 13:33:36
j_00003494,u_000981,s_00141,2025-01-02 23:50:19
j_00003495,u_000981,s_00065,2025-02-12 15:48:36
j_00003496,u_000982,s_00138,2025-02-25 22:42:14
j_00003497,u_000982,s_00021,2025-02-17 17:19:16
j_00003498,u_000982,s_00079,2025-01-19 19:45:04
j_00003499,u_000982,s_00091,2025-01-29 19:23:05
j_00003500,u_000982,s_00030,2025-02-27 23:21:08
j_00003501,u_000982,s_00033,2025-01-26 22:31:11
j_00003502,u_000983,s_00138,2025-02-20 21:37:43
j_00003503,u_000983,s_00146,2025-02-04 23:12:12
j_00003504,u_000983,s_00016,2025-01-30 17:55:21
j_00003505,u_000984,s_00084,2025-02-05 23:52:10
j_00003506,u_000984,s_00112,2025-01-14 23:16:25
j_00003507,u_000984,s_00099,2025-01-26 23:14:14
j_00003508,u_000985,s_00004,2025-01-19 19:04:19
j_00003509,u_000985,s_00142,2025-02-15 18:24:04
j_00003510,u_000985,s_00008,2025-02-06 16:10:30
j_00003511,u_000985,s_00026,2025-01-24 16:55:16
j_00003512,u_000986,s_00004,2025-02-19 16:53:39
j_00003513,u_000987,s_00053,2025-01-28 21:49:59
j_00003514,u_000987,s_00072,2025-02-27 19:16:29
j_00003515,u_000987,s_00024,2025-02-06 21:41:30
j_00003516,u_000987,s_00138,2025-02-23 21:29:49
j_00003517,u_000988,s_00005,2025-03-01 15:16:20
j_00003518,u_000988,s_00058,2025-01-20 15:32:08
j_00003519,u_000988,s_00073,2025-01-16 19:09:43
j_00003520,u_000989,s_00059,2025-02-20 16:57:38
j_00003521,u_000990,s_00019,2025-01-14 16:09:28
j_00003522,u_000990,s_00020,2025-02-15 23:18:23
j_00003523,u_000990,s_00120,2025-01-11 13:13:01
j_00003524,u_000991,s_00010,2025-02-22 23:31:33
j_00003525,u_000991,s_00123,2025-02-11 21:40:32
j_00003526,u_000991,s_00103,2025-02-01 23:57:30
j_00003527,u_000992,s_00079,2025-01-27 23:23:18
j_00003528,u_000992,s_00115,2025-02-08 22:12:09
j_00003529,u_000993,s_00001,2025-01-24 23:01:34
j_00003530,u_000993,s_00036,2025-01-24 15:35:37
j_00003531,u_000993,s_00098,2025-01-13 19:58:10
j_00003532,u_000993,s_00113,2025-01-10 16:03:07
j_00003533,u_000994,s_00006,2025-02-23 13:59:28
j_00003534,u_000994,s_00111,2025-02-14 17:15:02
j_00003535,u_000994,s_00012,2025-01-27 23:54:11
j_00003536,u_000994,s_00123,2025-02-19 19:04:38
j_00003537,u_000994,s_00062,2025-02-06 23:53:17
j_00003538,u_000995,s_00143,2025-02-05 23:19:27
j_00003539,u_000995,s_00091,2025-01-07 23:16:41
j_00003540,u_000996,s_00108,2025-02-02 23:12:10
j_00003541,u_000996,s_00122,2025-01-07 23:08:13
j_00003542,u_000996,s_00141,2025-02-11 21:47:17
j_00003543,u_000996,s_00028,2025-01-05 20:04:25
j_00003544,u_000996,s_00097,2025-01-31 21:27:33
j_00003545,u_000996,s_00052,2025-01-23 20:56:04
j_00003546,u_000997,s_00108,2025-01-08 20:24:28
j_00003547,u_000997,s_00143,2025-01-29 23:49:41
j_00003548,u_000997,s_00134,2025-01-13 18:41:51
j_00003549,u_000997,s_00105,2025-01-15 14:47:32
j_00003550,u_000998,s_00126,2025-02-23 21:56:37
j_00003551,u_000998,s_00062,2025-01-21 17:05:48
j_00003552,u_000998,s_00123,2025-01-25 17:18:43
j_00003553,u_000998,s_00111,2025-01-01 19:19:32
j_00003554,u_000998,s_00115,2025-01-19 18:04:33
j_00003555,u_000999,s_00070,2025-01-22 23:06:59
j_00003556,u_001000,s_00058,2025-02-13 19:06:45
j_00003557,u_001000,s_00087,2025-01-08 23:56:14
j_00003558,u_001000,s_00009,2025-02-25 20:51:27
j_00003559,u_001000,s_00016,2025-01-08 19:35:44
j_00003560,u_001000,s_00064,2025-02-09 20:50:31
j_00003561,u_001001,s_00024,2025-01-01 14:20:25
j_00003562,u_001001,s_00060,2025-02-19 21:28:36
j_00003563,u_001001,s_00021,2025-02-11 23:53:22
j_00003564,u_001002,s_00051,2025-02-20 23:08:40
j_00003565,u_001002,s_00009,2025-02-25 14:08:43
j_00003566,u_001002,s_00108,2025-02-20 13:31:53
j_00003567,u_001002,s_00147,2025-02-07 17:15:57
j_00003568,u_001002,s_00037,2025-02-20 23:40:42
j_00003569,u_001003,s_00067,2025-01-06 20:38:45
j_00003570,u_001003,s_00103,2025-02-08 16:19:46
j_00003571,u_001003,s_00001,2025-03-01 14:06:19
j_00003572,u_001003,s_00109,2025-01-23 17:04:54
j_00003573,u_001003,s_00148,2025-02-28 16:26:30
j_00003574,u_001004,s_00006,2025-01-31 23:19:52
j_00003575,u_001004,s_00041,2025-01-29 23:02:13
j_00003576,u_001005,s_00016,2025-01-19 15:41:18
j_00003577,u_001005,s_00000,2025-01-07 23:57:37
j_00003578,u_001006,s_00149,2025-02-22 22:58:34
j_00003579,u_001007,s_00058,2025-02-13 15:07:24
j_00003580,u_001007,s_00140,2025-01-25 19:11:13
j_00003581,u_001007,s_00021,2025-02-27 21:25:13
j_00003582,u_001007,s_00103,2025-01-12 20:54:43
j_00003583,u_001008,s_00111,2025-02-16 13:34:01
j_00003584,u_001008,s_00068,2025-01-28 20:27:07
j_00003585,u_001008,s_00123,2025-02-07 22:55:55
j_00003586,u_001008,s_00110,2025-01-03 23:39:58
j_00003587,u_001008,s_00017,2025-02-06 17:59:04
j_00003588,u_001009,s_00054,2025-02-10 17:51:08
j_00003589,u_001009,s_00014,2025-02-28 19:59:19
j_00003590,u_001009,s_00145,2025-01-21 21:33:35
j_00003591,u_001010,s_00044,2025-01-05 20:22:11
j_00003592,u_001011,s_00048,2025-01-04 22:03:58
j_00003593,u_001011,s_00047,2025-01-09 15:43:29
j_00003594,u_001012,s_00148,2025-01-18 21:15:32
j_00003595,u_001012,s_00045,2025-02-19 17:00:11
j_00003596,u_001012,s_00025,2025-01-12 19:48:18
j_00003597,u_001013,s_00129,2025-01-09 23:25:44
j_00003598,u_001013,s_00079,2025-01-02 14:33:37
j_00003599,u_001013,s_00135,2025-01-23 18:47:13
j_00003600,u_001013,s_00111,2025-02-06 14:19:26
j_00003601,u_001013,s_00013,2025-01-17 20:49:11
j_00003602,u_001013,s_00052,2025-01-30 23:34:24
j_00003603,u_001014,s_00004,2025-01-15 20:34:13
j_00003604,u_001015,s_00080,2025-02-18 19:16:58
j_00003605,u_001015,s_00138,2025-01-02 23:47:17
j_00003606,u_001015,s_00009,2025-01-13 21:14:28
j_00003607,u_001016,s_00128,2025-02-03 23:37:38
j_00003608,u_001016,s_00071,2025-02-20 22:49:02
j_00003609,u_001016,s_00112,2025-01-25 08:06:12
j_00003610,u_001016,s_00032,2025-01-05 19:24:59
j_00003611,u_001017,s_00084,2025-02-03 15:40:41
j_00003612,u_001017,s_00098,2025-01-17 16:16:14
j_00003613,u_001018,s_00028,2025-01-19 23:01:25
j_00003614,u_001018,s_00013,2025-02-25 18:24:51
j_00003615,u_001018,s_00069,2025-02-26 23:29:11
j_00003616,u_001018,s_00043,2025-01-16 14:55:17
j_00003617,u_001018,s_00111,2025-02-05 15:48:14
j_00003618,u_001018,s_00095,2025-02-02 23:10:39
j_00003619,u_001019,s_00123,2025-02-27 18:16:31
j_00003620,u_001019,s_00100,2025-02-26 21:11:30
j_00003621,u_001019,s_00044,2025-01-22 19:54:22
j_00003622,u_001019,s_00041,2025-01-02 19:21:19
j_00003623,u_001019,s_00055,2025-01-01 18:53:30
j_00003624,u_001019,s_00030,2025-01-01 20:03:47
j_00003625,u_001020,s_00031,2025-02-16 22:33:48
j_00003626,u_001020,s_00070,2025-02-14 23:04:47
j_00003627,u_001020,s_00024,2025-02-19 19:33:02
j_00003628,u_001021,s_00082,2025-01-09 18:00:29
j_00003629,u_001021,s_00124,2025-01-04 17:09:23
j_00003630,u_001021,s_00098,2025-01-11 23:08:56
j_00003631,u_001021,s_00052,2025-02-07 22:42:24
j_00003632,u_001021,s_00135,2025-01-01 12:38:14
j_00003633,u_001022,s_00020,2025-02-09 12:33:15
j_00003634,u_001022,s_00001,2025-02-23 16:11:11
j_00003635,u_001022,s_00003,2025-01-09 20:15:26
j_00003636,u_001022,s_00027,2025-02-14 19:22:15
j_00003637,u_001022,s_00108,2025-02-03 22:58:33
j_00003638,u_001023,s_00128,2025-02-26 19:42:13
j_00003639,u_001023,s_00110,2025-01-15 23:01:35
j_00003640,u_001023,s_00107,2025-01-14 23:01:36
j_00003641,u_001023,s_00029,2025-01-01 20:20:40
j_00003642,u_001023,s_00119,2025-02-12 23:12:52
j_00003643,u_001024,s_00016,2025-02-22 13:24:04
j_00003644,u_001024,s_00101,2025-01-02 19:59:03
j_00003645,u_001025,s_00017,2025-01-30 20:11:27
j_00003646,u_001026,s_00003,2025-02-13 22:35:30
j_00003647,u_001026,s_00133,2025-02-16 13:28:45
j_00003648,u_001026,s_00061,2025-02-25 18:39:13
j_00003649,u_001027,s_00025,2025-02-13 21:32:27
j_00003650,u_001028,s_00135,2025-02-25 21:30:36
j_00003651,u_001028,s_00104,2025-03-01 23:16:39
j_00003652,u_001029,s_00071,2025-02-25 23:57:32
j_00003653,u_001029,s_00063,2025-01-27 19:16:35
j_00003654,u_001029,s_00057,2025-01-25 22:08:09
j_00003655,u_001029,s_00055,2025-01-26 19:05:27
j_00003656,u_001030,s_00113,2025-02-27 20:04:32
j_00003657,u_001030,s_00127,2025-01-17 23:21:04
j_00003658,u_001030,s_00017,2025-02-15 19:48:58
j_00003659,u_001030,s_00045,2025-02-07 21:09:37
j_00003660,u_001031,s_00049,2025-01-04 23:00:43
j_00003661,u_001031,s_00017,2025-01-30 22:31:32
j_00003662,u_001032,s_00062,2025-01-12 23:33:55
j_00003663,u_001033,s_00040,2025-02-13 23:33:00
j_00003664,u_001033,s_00081,2025-01-27 22:00:57
j_00003665,u_001034,s_00131,2025-01-22 18:12:12
j_00003666,u_001034,s_00038,2025-01-04 22:20:53
j_00003667,u_001034,s_00060,2025-01-08 21:44:03
j_00003668,u_001035,s_00125,2025-02-15 22:39:18
j_00003669,u_001035,s_00084,2025-02-21 23:48:34
j_00003670,u_001035,s_00028,2025-01-18 13:32:39
j_00003671,u_001035,s_00032,2025-02-19 23:24:00
j_00003672,u_001035,s_00107,2025-02-03 23:33:21
j_00003673,u_001036,s_00019,2025-01-22 22:23:50
j_00003674,u_001036,s_00098,2025-01-28 22:09:10
j_00003675,u_001036,s_00074,2025-02-11 19:34:56
j_00003676,u_001037,s_00125,2025-02-24 20:17:42
j_00003677,u_001037,s_00016,2025-01-30 22:15:58
j_00003678,u_001038,s_00025,2025-01-21 22:42:54
j_00003679,u_001038,s_00057,2025-02-15 22:03:13
j_00003680,u_001038,s_00050,2025-02-01 22:01:56
j_00003681,u_001038,s_00087,2025-01-24 23:21:29
j_00003682,u_001039,s_00087,2025-01-28 23:35:15
j_00003683,u_001040,s_00084,2025-02-02 15:50:53
j_00003684,u_001040,s_00064,2025-01-09 23:31:28
j_00003685,u_001041,s_00084,2025-01-04 23:15:41
j_00003686,u_001042,s_00017,2025-02-09 19:20:36
j_00003687,u_001042,s_00011,2025-01-11 23:22:17
j_00003688,u_001042,s_00065,2025-02-01 16:20:58
j_00003689,u_001042,s_00099,2025-02-16 19:40:50
j_00003690,u_001043,s_00009,2025-01-13 17:47:31
j_00003691,u_001043,s_00062,2025-01-23 23:42:34
j_00003692,u_001043,s_00103,2025-02-28 23:22:04
j_00003693,u_001044,s_00097,2025-01-03 19:17:43
j_00003694,u_001044,s_00081,2025-02-15 23:04:54
j_00003695,u_001044,s_00107,2025-01-11 23:47:58
j_00003696,u_001044,s_00113,2025-02-24 19:57:33
j_00003697,u_001045,s_00092,2025-01-25 20:03:59
j_00003698,u_001045,s_00063,2025-01-01 22:07:47
j_00003699,u_001045,s_00075,2025-02-13 16:12:30
j_00003700,u_001045,s_00116,2025-01-09 20:47:48
j_00003701,u_001046,s_00076,2025-01-22 23:12:09
j_00003702,u_001046,s_00124,2025-01-31 17:00:40
j_00003703,u_001046,s_00103,2025-02-14 23:20:37
j_00003704,u_001047,s_00119,2025-01-26 22:21:29
j_00003705,u_001047,s_00043,2025-02-21 19:23:38
j_00003706,u_001047,s_00106,2025-01-29 20:30:51
j_00003707,u_001047,s_00027,2025-01-21 23:14:34
j_00003708,u_001047,s_00044,2025-01-21 22:01:22
j_00003709,u_001047,s_00129,2025-02-18 22:06:25
j_00003710,u_001048,s_00148,2025-02-09 23:44:34
j_00003711,u_001048,s_00094,2025-01-08 18:39:34
j_00003712,u_001048,s_00052,2025-02-15 15:15:18
j_00003713,u_001048,s_00044,2025-01-25 23:56:32
j_00003714,u_001048,s_00020,2025-01-21 20:32:17
j_00003715,u_001048,s_00073,2025-01-06 23:47:56
j_00003716,u_001049,s_00141,2025-03-01 16:47:32
j_00003717,u_001050,s_00049,2025-01-04 21:18:50
j_00003718,u_001050,s_00008,2025-03-01 15:35:22
j_00003719,u_001050,s_00026,2025-01-04 20:35:23
j_00003720,u_001050,s_00134,2025-01-31 17:27:17
j_00003721,u_001050,s_00014,2025-01-07 16:38:34
j_00003722,u_001050,s_00125,2025-01-30 18:20:36
j_00003723,u_001051,s_00097,2025-02-20 10:05:33
j_00003724,u_001051,s_00098,2025-02-05 15:02:50
j_00003725,u_001052,s_00051,2025-02-02 23:26:30
j_00003726,u_001052,s_00021,2025-01-08 21:54:49
j_00003727,u_001053,s_00084,2025-02-26 15:12:03
j_00003728,u_001053,s_00117,2025-01-23 22:35:21
j_00003729,u_001053,s_00077,2025-02-02 16:09:42
j_00003730,u_001053,s_00081,2025-02-23 22:37:23
j_00003731,u_001054,s_00086,2025-02-07 19:11:43
j_00003732,u_001055,s_00026,2025-02-14 18:26:35
j_00003733,u_001055,s_00001,2025-01-12 19:48:29
j_00003734,u_001055,s_00087,2025-01-28 23:22:33
j_00003735,u_001056,s_00132,2025-02-02 16:56:54
j_00003736,u_001056,s_00067,2025-01-11 20:02:40
j_00003737,u_001057,s_00095,2025-01-24 23:05:59
j_00003738,u_001057,s_00114,2025-02-19 16:10:05
j_00003739,u_001057,s_00127,2025-02-25 13:14:48
j_00003740,u_001058,s_00059,2025-02-19 17:25:53
j_00003741,u_001058,s_00061,2025-02-26 23:54:55
j_00003742,u_001058,s_00118,2025-03-01 18:14:32
j_00003743,u_001058,s_00040,2025-01-12 19:21:29
j_00003744,u_001058,s_00149,2025-02-21 23:02:35
j_00003745,u_001059,s_00099,2025-02-07 16:42:54
j_00003746,u_001059,s_00110,2025-02-21 19:32:52
j_00003747,u_001059,s_00069,2025-02-08 13:02:56
j_00003748,u_001059,s_00001,2025-01-08 21:27:58
j_00003749,u_001059,s_00047,2025-02-03 20:13:37
j_00003750,u_001059,s_00045,2025-02-15 23:25:15
j_00003751,u_001060,s_00018,2025-01-08 15:17:09
j_00003752,u_001060,s_00065,2025-01-31 19:47:53
j_00003753,u_001061,s_00099,2025-02-09 14:03:09
j_00003754,u_001061,s_00043,2025-01-28 19:35:04
j_00003755,u_001061,s_00016,2025-02-17 23:47:28
j_00003756,u_001061,s_00049,2025-01-08 18:00:44
j_00003757,u_001062,s_00013,2025-01-21 14:54:44
j_00003758,u_001062,s_00145,2025-02-27 17:45:15
j_00003759,u_001062,s_00087,2025-01-31 13:16:30
j_00003760,u_001063,s_00029,2025-01-11 14:28:53
j_00003761,u_001063,s_00144,2025-01-07 22:40:47
j_00003762,u_001063,s_00075,2025-02-05 14:31:55
j_00003763,u_001064,s_00046,2025-02-25 21:45:46
j_00003764,u_001064,s_00133,2025-01-03 20:53:05
j_00003765,u_001064,s_00140,2025-01-07 17:21:12
j_00003766,u_001064,s_00044,2025-01-23 20:06:10
j_00003767,u_001065,s_00135,2025-01-13 16:25:07
j_00003768,u_001065,s_00097,2025-01-08 23:35:51
j_00003769,u_001065,s_00079,2025-01-18 17:46:42
j_00003770,u_001065,s_00083,2025-02-08 18:16:54
j_00003771,u_001065,s_00005,2025-02-19 17:55:19
j_00003772,u_001065,s_00070,2025-01-19 22:02:58
j_00003773,u_001066,s_00003,2025-02-12 22:34:55
j_00003774,u_001066,s_00085,2025-02-19 09:26:06
j_00003775,u_001066,s_00075,2025-01-01 21:41:52
j_00003776,u_001067,s_00075,2025-02-21 13:17:06
j_00003777,u_001068,s_00099,2025-01-12 18:55:27
j_00003778,u_001068,s_00111,2025-02-11 19:00:10
j_00003779,u_001068,s_00067,2025-02-15 18:48:34
j_00003780,u_001068,s_00053,2025-02-20 22:29:01
j_00003781,u_001068,s_00045,2025-01-25 22:30:50
j_00003782,u_001068,s_00076,2025-02-09 16:18:28
j_00003783,u_001069,s_00057,2025-01-02 16:23:52
j_00003784,u_001069,s_00076,2025-01-27 19:26:26
j_00003785,u_001069,s_00003,2025-02-27 13:18:33
j_00003786,u_001069,s_00022,2025-01-10 18:00:44
j_00003787,u_001069,s_00041,2025-01-10 23:24:58
j_00003788,u_001069,s_00034,2025-02-12 13:24:22
j_00003789,u_001070,s_00121,2025-01-31 18:43:31
j_00003790,u_001070,s_00120,2025-01-28 17:28:19
j_00003791,u_001071,s_00002,2025-01-15 23:32:02
j_00003792,u_001071,s_00122,2025-01-11 17:27:52
j_00003793,u_001071,s_00025,2025-02-14 18:25:33
j_00003794,u_001071,s_00086,2025-01-22 15:43:22
j_00003795,u_001072,s_00124,2025-02-16 20:40:46
j_00003796,u_001072,s_00141,2025-01-27 21:59:49
j_00003797,u_001072,s_00102,2025-01-24 16:29:59
j_00003798,u_001072,s_00112,2025-01-14 23:01:26
j_00003799,u_001072,s_00054,2025-02-09 21:35:06
j_00003800,u_001072,s_00076,2025-01-18 23:23:29
j_00003801,u_001073,s_00050,2025-02-24 18:05:26
j_00003802,u_001073,s_00104,2025-01-25 20:51:12
j_00003803,u_001073,s_00030,2025-02-18 19:37:35
j_00003804,u_001073,s_00080,2025-01-29 23:37:24
j_00003805,u_001074,s_00000,2025-01-25 20:38:52
j_00003806,u_001074,s_00134,2025-01-28 20:59:02
j_00003807,u_001074,s_00132,2025-01-27 18:41:42
j_00003808,u_001075,s_00136,2025-01-29 17:42:36
j_00003809,u_001075,s_00007,2025-02-23 20:45:13
j_00003810,u_001075,s_00023,2025-02-12 23:43:21
j_00003811,u_001075,s_00076,2025-01-03 17:42:51
j_00003812,u_001075,s_00001,2025-01-04 20:04:21
j_00003813,u_001075,s_00021,2025-01-02 20:24:39
j_00003814,u_001076,s_00024,2025-02-11 21:16:30
j_00003815,u_001076,s_00124,2025-01-13 13:53:53
j_00003816,u_001076,s_00132,2025-01-24 16:35:39
j_00003817,u_001076,s_00114,2025-02-19 14:30:50
j_00003818,u_001076,s_00117,2025-01-08 20:31:54
j_00003819,u_001077,s_00084,2025-01-10 16:40:07
j_00003820,u_001077,s_00042,2025-01-05 18:45:50
j_00003821,u_001077,s_00090,2025-01-18 15:12:57
j_00003822,u_001077,s_00041,2025-01-06 18:59:02
j_00003823,u_001078,s_00077,2025-02-07 15:45:27
j_00003824,u_001079,s_00043,2025-02-14 23:12:15
j_00003825,u_001079,s_00049,2025-01-12 21:36:58
j_00003826,u_001079,s_00127,2025-02-01 20:25:21
j_00003827,u_001080,s_00143,2025-01-19 18:22:11
j_00003828,u_001080,s_00043,2025-01-05 11:52:05
j_00003829,u_001080,s_00085,2025-01-29 18:17:47
j_00003830,u_001080,s_00113,2025-02-11 16:50:03
j_00003831,u_001080,s_00073,2025-01-14 20:38:18
j_00003832,u_001081,s_00034,2025-02-17 22:49:33
j_00003833,u_001081,s_00138,2025-03-01 21:44:02
j_00003834,u_001082,s_00004,2025-01-04 23:37:10
j_00003835,u_001082,s_00146,2025-01-10 17:11:59
j_00003836,u_001082,s_00015,2025-01-18 17:59:27
j_00003837,u_001082,s_00081,2025-02-20 23:38:18
j_00003838,u_001083,s_00144,2025-01-09 20:21:52
j_00003839,u_001083,s_00053,2025-01-29 19:15:04
j_00003840,u_001083,s_00073,2025-02-02 23:06:15
j_00003841,u_001083,s_00108,2025-01-08 22:18:51
j_00003842,u_001084,s_00007,2025-01-03 19:07:45
j_00003843,u_001085,s_00122,2025-01-08 17:53:25
j_00003844,u_001085,s_00005,2025-01-04 23:26:58
j_00003845,u_001085,s_00037,2025-01-31 20:37:34
j_00003846,u_001085,s_00148,2025-02-26 20:48:44
j_00003847,u_001086,s_00088,2025-01-22 22:57:59
j_00003848,u_001086,s_00038,2025-01-16 23:27:30
j_00003849,u_001086,s_00063,2025-01-15 22:03:28
j_00003850,u_001086,s_00095,2025-02-28 23:36:39
j_00003851,u_001086,s_00106,2025-02-27 21:56:04
j_00003852,u_001087,s_00138,2025-02-08 22:21:25
j_00003853,u_001087,s_00002,2025-01-28 17:06:41
j_00003854,u_001088,s_00016,2025-01-10 23:42:22
j_00003855,u_001088,s_00034,2025-02-25 15:37:42
j_00003856,u_001088,s_00121,2025-01-01 21:09:24
j_00003857,u_001088,s_00093,2025-01-10 14:00:11
j_00003858,u_001089,s_00021,2025-02-10 19:31:08
j_00003859,u_001089,s_00027,2025-01-12 17:08:32
j_00003860,u_001089,s_00010,2025-01-07 20:11:11
j_00003861,u_001089,s_00016,2025-02-05 21:18:22
j_00003862,u_001089,s_00038,2025-01-02 16:28:31
j_00003863,u_001090,s_00145,2025-01-17 19:49:02
j_00003864,u_001091,s_00143,2025-02-08 23:25:25
j_00003865,u_001091,s_00125,2025-01-12 14:50:18
j_00003866,u_001091,s_00079,2025-02-15 16:36:18
j_00003867,u_001091,s_00050,2025-01-06 23:23:54
j_00003868,u_001092,s_00135,2025-02-06 20:30:55
j_00003869,u_001092,s_00082,2025-01-05 20:08:18
j_00003870,u_001093,s_00110,2025-02-13 23:58:52
j_00003871,u_001093,s_00099,2025-02-15 16:18:13
j_00003872,u_001093,s_00148,2025-02-17 17:54:20
j_00003873,u_001094,s_00096,2025-01-17 17:38:56
j_00003874,u_001094,s_00052,2025-01-15 18:17:06
j_00003875,u_001094,s_00119,2025-02-28 23:29:22
j_00003876,u_001094,s_00037,2025-02-13 13:07:48
j_00003877,u_001095,s_00118,2025-01-11 15:36:56
j_00003878,u_001096,s_00120,2025-01-02 14:03:56
j_00003879,u_001097,s_00021,2025-01-22 23:38:52
j_00003880,u_001097,s_00052,2025-02-09 17:11:57
j_00003881,u_001097,s_00101,2025-01-23 18:07:28
j_00003882,u_001098,s_00148,2025-02-18 13:13:19
j_00003883,u_001098,s_00068,2025-01-31 18:05:23
j_00003884,u_001098,s_00045,2025-03-01 23:53:07
j_00003885,u_001098,s_00129,2025-02-22 21:56:08
j_00003886,u_001098,s_00043,2025-01-29 19:55:58
j_00003887,u_001098,s_00133,2025-02-20 13:43:11
j_00003888,u_001099,s_00037,2025-01-27 18:13:36
j_00003889,u_001100,s_00080,2025-01-01 20:45:13
j_00003890,u_001100,s_00068,2025-01-19 16:45:39
j_00003891,u_001100,s_00061,2025-01-25 22:14:28
j_00003892,u_001100,s_00054,2025-02-28 23:50:06
j_00003893,u_001100,s_00101,2025-02-19 17:59:22
j_00003894,u_001101,s_00104,2025-01-09 22:22:43
j_00003895,u_001102,s_00029,2025-01-01 19:35:48
j_00003896,u_001102,s_00052,2025-02-01 23:52:17
j_00003897,u_001102,s_00118,2025-02-02 23:15:17
j_00003898,u_001103,s_00120,2025-02-14 15:59:43
j_00003899,u_001103,s_00139,2025-01-16 23:18:25
j_00003900,u_001103,s_00141,2025-02-18 23:58:04
j_00003901,u_001104,s_00065,2025-01-25 16:14:07
j_00003902,u_001104,s_00030,2025-01-21 17:44:22
j_00003903,u_001104,s_00141,2025-01-26 17:31:16
j_00003904,u_001105,s_00003,2025-02-26 19:22:07
j_00003905,u_001106,s_00041,2025-01-24 18:26:46
j_00003906,u_001106,s_00001,2025-02-03 19:13:27
j_00003907,u_001106,s_00148,2025-02-23 23:40:42
j_00003908,u_001106,s_00038,2025-01-02 12:59:00
j_00003909,u_001106,s_00092,2025-02-02 16:35:24
j_00003910,u_001107,s_00053,2025-02-12 22:16:28
j_00003911,u_001107,s_00046,2025-02-24 22:40:34
j_00003912,u_001108,s_00126,2025-01-04 15:26:58
j_00003913,u_001108,s_00078,2025-02-13 22:55:27
j_00003914,u_001108,s_00043,2025-02-18 23:15:29
j_00003915,u_001108,s_00087,2025-01-22 19:31:53
j_00003916,u_001108,s_00000,2025-02-14 15:29:23
j_00003917,u_001109,s_00144,2025-01-30 23:53:23
j_00003918,u_001109,s_00087,2025-02-09 23:06:09
j_00003919,u_001109,s_00064,2025-01-24 16:37:43
j_00003920,u_001109,s_00072,2025-01-11 20:48:01
j_00003921,u_001110,s_00057,2025-02-19 23:21:13
j_00003922,u_001110,s_00085,2025-01-13 20:30:25
j_00003923,u_001110,s_00130,2025-01-12 13:17:26
j_00003924,u_001110,s_00006,2025-02-23 21:25:02
j_00003925,u_001111,s_00011,2025-02-26 16:57:31
j_00003926,u_001111,s_00047,2025-02-06 14:21:58
j_00003927,u_001112,s_00149,2025-02-04 13:12:06
j_00003928,u_001112,s_00144,2025-01-22 23:34:29
j_00003929,u_001112,s_00097,2025-02-06 16:28:35
j_00003930,u_001112,s_00123,2025-02-06 21:46:19
j_00003931,u_001113,s_00059,2025-02-01 22:02:34
j_00003932,u_001113,s_00078,2025-02-09 20:54:20
j_00003933,u_001113,s_00007,2025-02-03 21:42:09
j_00003934,u_001113,s_00112,2025-02-22 21:50:50
j_00003935,u_001113,s_00030,2025-02-10 20:24:59
j_00003936,u_001113,s_00126,2025-01-24 16:26:23
j_00003937,u_001114,s_00005,2025-02-09 16:20:05
j_00003938,u_001114,s_00142,2025-01-14 19:50:09
j_00003939,u_001114,s_00093,2025-01-13 19:04:53
j_00003940,u_001114,s_00111,2025-02-19 21:31:52
j_00003941,u_001114,s_00061,2025-02-04 23:15:29
j_00003942,u_001114,s_00032,2025-01-04 21:38:52
j_00003943,u_001115,s_00095,2025-01-22 16:57:13
j_00003944,u_001115,s_00027,2025-03-01 11:40:24
j_00003945,u_001115,s_00107,2025-02-08 16:02:06
j_00003946,u_001115,s_00129,2025-02-22 14:23:32
j_00003947,u_001115,s_00104,2025-02-02 17:01:41
j_00003948,u_001115,s_00022,2025-01-03 20:29:57
j_00003949,u_001116,s_00085,2025-01-11 20:10:45
j_00003950,u_001116,s_00113,2025-01-06 23:41:39
j_00003951,u_001117,s_00130,2025-02-14 21:32:40
j_00003952,u_001117,s_00123,2025-02-15 23:18:37
j_00003953,u_001117,s_00100,2025-01-28 22:51:25
j_00003954,u_001117,s_00026,2025-02-13 23:44:30
j_00003955,u_001118,s_00019,2025-02-03 18:37:10
j_00003956,u_001118,s_00089,2025-02-14 15:21:01
j_00003957,u_001118,s_00026,2025-02-10 18:16:47
j_00003958,u_001119,s_00128,2025-01-28 19:35:29
j_00003959,u_001119,s_00050,2025-02-09 17:47:52
j_00003960,u_001119,s_00098,2025-01-20 15:50:07
j_00003961,u_001119,s_00007,2025-02-14 21:46:23
j_00003962,u_001119,s_00121,2025-02-24 15:01:15
j_00003963,u_001119,s_00100,2025-01-13 13:59:50
j_00003964,u_001120,s_00077,2025-02-10 15:14:22
j_00003965,u_001120,s_00049,2025-01-07 19:00:38
j_00003966,u_001120,s_00126,2025-01-23 16:33:05
j_00003967,u_001120,s_00075,2025-02-10 19:27:31
j_00003968,u_001120,s_00120,2025-01-17 22:06:26
j_00003969,u_001120,s_00034,2025-01-15 22:12:36
j_00003970,u_001121,s_00010,2025-01-24 17:12:35
j_00003971,u_001121,s_00096,2025-01-07 14:26:06
j_00003972,u_001121,s_00038,2025-02-07 17:44:03
j_00003973,u_001121,s_00111,2025-01-08 22:40:07
j_00003974,u_001121,s_00015,2025-01-20 23:01:13
j_00003975,u_001121,s_00070,2025-01-19 21:10:43
j_00003976,u_001122,s_00019,2025-02-28 23:36:16
j_00003977,u_001123,s_00042,2025-03-01 23:48:58
j_00003978,u_001123,s_00077,2025-01-05 18:02:05
j_00003979,u_001124,s_00031,2025-01-10 23:20:30
j_00003980,u_001124,s_00028,2025-02-13 18:06:42
j_00003981,u_001124,s_00030,2025-01-18 23:29:03
j_00003982,u_001124,s_00047,2025-02-08 22:23:30
j_00003983,u_001124,s_00008,2025-02-25 12:10:04
j_00003984,u_001125,s_00019,2025-01-10 16:57:47
j_00003985,u_001125,s_00061,2025-02-27 15:45:28
j_00003986,u_001125,s_00069,2025-01-04 12:32:51
j_00003987,u_001125,s_00036,2025-01-14 23:45:39
j_00003988,u_001125,s_00099,2025-01-31 23:18:19
j_00003989,u_001126,s_00141,2025-02-22 18:56:09
j_00003990,u_001126,s_00089,2025-02-03 23:24:09
j_00003991,u_001126,s_00129,2025-01-09 23:23:01
j_00003992,u_001127,s_00017,2025-01-15 20:34:18
j_00003993,u_001128,s_00032,2025-02-15 19:34:43
j_00003994,u_001129,s_00030,2025-02-03 19:37:21
j_00003995,u_001129,s_00028,2025-01-01 22:49:08
j_00003996,u_001129,s_00050,2025-01-31 23:16:04
j_00003997,u_001129,s_00044,2025-01-25 21:42:26
j_00003998,u_001129,s_00022,2025-01-01 21:11:12
j_00003999,u_001130,s_00063,2025-01-15 19:14:44
j_00004000,u_001130,s_00047,2025-02-26 13:29:20
j_00004001,u_001130,s_00124,2025-02-12 23:31:07
j_00004002,u_001131,s_00041,2025-01-05 14:38:16
j_00004003,u_001131,s_00148,2025-01-01 22:08:26
j_00004004,u_001131,s_00137,2025-01-21 23:48:02
j_00004005,u_001132,s_00097,2025-01-28 15:33:06
j_00004006,u_001132,s_00124,2025-01-28 17:35:57
j_00004007,u_001132,s_00063,2025-02-11 23:44:20
j_00004008,u_001132,s_00011,2025-01-11 19:41:44
j_00004009,u_001132,s_00072,2025-01-03 15:25:54
j_00004010,u_001133,s_00089,2025-02-10 23:29:06
j_00004011,u_001134,s_00005,2025-02-23 16:13:41
j_00004012,u_001134,s_00035,2025-01-11 12:34:49
j_00004013,u_001134,s_00009,2025-01-22 22:12:01
j_00004014,u_001134,s_00012,2025-02-07 16:38:18
j_00004015,u_001134,s_00130,2025-01-10 21:25:08
j_00004016,u_001135,s_00055,2025-02-21 16:14:01
j_00004017,u_001135,s_00027,2025-01-14 22:28:17
j_00004018,u_001136,s_00106,2025-02-01 20:56:10
j_00004019,u_001136,s_00068,2025-01-21 09:33:53
j_00004020,u_001136,s_00100,2025-02-10 21:20:14
j_00004021,u_001136,s_00005,2025-01-12 18:27:44
j_00004022,u_001136,s_00115,2025-01-06 23:36:03
j_00004023,u_001136,s_00034,2025-01-31 21:09:37
j_00004024,u_001137,s_00055,2025-02-21 23:33:41
j_00004025,u_001137,s_00091,2025-02-07 17:02:09
j_00004026,u_001137,s_00115,2025-02-15 16:51:25
j_00004027,u_001137,s_00019,2025-01-27 19:36:55
j_00004028,u_001137,s_00089,2025-01-09 18:06:36
j_00004029,u_001137,s_00046,2025-01-26 23:27:48
j_00004030,u_001138,s_00115,2025-03-01 19:53:25
j_00004031,u_001138,s_00114,2025-02-16 15:57:14
j_00004032,u_001138,s_00038,2025-02-12 16:08:28
j_00004033,u_001138,s_00059,2025-01-19 23:16:24
j_00004034,u_001139,s_00122,2025-02-05 19:08:58
j_00004035,u_001139,s_00117,2025-02-07 19:22:25
j_00004036,u_001140,s_00048,2025-02-09 23:51:37
j_00004037,u_001140,s_00084,2025-02-23 16:42:35
j_00004038,u_001141,s_00100,2025-02-10 11:15:22
j_00004039,u_001141,s_00001,2025-01-14 16:19:22
j_00004040,u_001142,s_00032,2025-01-14 20:36:50
j_00004041,u_001142,s_00072,2025-02-07 19:35:12
j_00004042,u_001142,s_00015,2025-02-21 13:27:24
j_00004043,u_001142,s_00022,2025-02-26 23:25:40
j_00004044,u_001142,s_00115,2025-02-06 20:56:03
j_00004045,u_001142,s_00085,2025-02-01 21:30:40
j_00004046,u_001143,s_00063,2025-02-18 21:46:49
j_00004047,u_001143,s_00016,2025-02-28 14:57:26
j_00004048,u_001144,s_00074,2025-01-02 21:20:34
j_00004049,u_001144,s_00081,2025-01-19 23:46:29
j_00004050,u_001144,s_00033,2025-01-21 23:48:39
j_00004051,u_001145,s_00148,2025-02-03 22:13:03
j_00004052,u_001145,s_00071,2025-01-18 22:13:37
j_00004053,u_001145,s_00050,2025-01-19 13:09:27
j_00004054,u_001146,s_00005,2025-01-02 19:36:02
j_00004055,u_001146,s_00083,2025-01-01 16:45:48
j_00004056,u_001146,s_00018,2025-01-27 23:45:09
j_00004057,u_001146,s_00090,2025-03-01 23:23:35
j_00004058,u_001146,s_00085,2025-01-18 16:42:51
j_00004059,u_001147,s_00013,2025-01-15 19:01:55
j_00004060,u_001147,s_00057,2025-01-16 20:39:37
j_00004061,u_001147,s_00019,2025-02-28 23:28:42
j_00004062,u_001147,s_00104,2025-02-09 13:49:35
j_00004063,u_001147,s_00068,2025-02-09 11:58:46
j_00004064,u_001147,s_00117,2025-01-12 20:33:58
j_00004065,u_001148,s_00008,2025-02-24 09:37:27
j_00004066,u_001148,s_00087,2025-01-12 20:55:24
j_00004067,u_001148,s_00028,2025-02-28 22:20:10
j_00004068,u_001148,s_00054,2025-02-27 23:08:58
j_00004069,u_001149,s_00043,2025-02-04 17:30:54
j_00004070,u_001149,s_00067,2025-02-22 20:21:42
j_00004071,u_001149,s_00005,2025-03-01 22:38:39
j_00004072,u_001149,s_00118,2025-02-04 15:46:12
j_00004073,u_001149,s_00073,2025-02-16 23:30:54
j_00004074,u_001150,s_00099,2025-02-05 21:18:03
j_00004075,u_001150,s_00075,2025-02-01 17:33:37
j_00004076,u_001150,s_00065,2025-01-21 20:26:15
j_00004077,u_001150,s_00138,2025-02-09 19:11:27
j_00004078,u_001151,s_00016,2025-01-17 23:46:05
j_00004079,u_001151,s_00053,2025-01-12 18:19:08
j_00004080,u_001151,s_00018,2025-01-17 20:32:22
j_00004081,u_001152,s_00016,2025-01-01 17:54:23
j_00004082,u_001153,s_00033,2025-02-26 16:11:52
j_00004083,u_001153,s_00003,2025-01-16 20:25:35
j_00004084,u_001154,s_00087,2025-02-17 16:10:01
j_00004085,u_001154,s_00111,2025-01-27 23:26:55
j_00004086,u_001154,s_00056,2025-01-21 22:18:36
j_00004087,u_001155,s_00114,2025-01-14 16:54:49
j_00004088,u_001156,s_00011,2025-02-19 20:18:55
j_00004089,u_001156,s_00041,2025-01-31 16:36:30
j_00004090,u_001157,s_00050,2025-01-27 13:08:10
j_00004091,u_001157,s_00112,2025-02-09 17:27:26
j_00004092,u_001157,s_00079,2025-02-18 19:50:41
j_00004093,u_001158,s_00060,2025-02-09 22:40:01
j_00004094,u_001158,s_00095,2025-01-29 20:16:56
j_00004095,u_001158,s_00116,2025-02-23 23:58:21
j_00004096,u_001159,s_00098,2025-02-23 16:48:39
j_00004097,u_001159,s_00096,2025-02-27 18:24:58
j_00004098,u_001159,s_00108,2025-01-06 23:58:51
j_00004099,u_001159,s_00025,2025-02-23 12:11:44
j_00004100,u_001159,s_00149,2025-01-12 18:19:17
j_00004101,u_001160,s_00145,2025-02-07 15:55:31
j_00004102,u_001160,s_00101,2025-02-09 19:58:30
j_00004103,u_001160,s_00126,2025-01-13 18:49:51
j_00004104,u_001160,s_00116,2025-01-01 22:11:02
j_00004105,u_001160,s_00114,2025-02-26 21:13:01
j_00004106,u_001160,s_00000,2025-02-23 14:38:07
j_00004107,u_001161,s_00124,2025-01-11 17:03:57
j_00004108,u_001161,s_00030,2025-02-06 19:59:32
j_00004109,u_001161,s_00116,2025-01-10 22:56:41
j_00004110,u_001161,s_00060,2025-02-03 23:48:05
j_00004111,u_001161,s_00118,2025-01-20 22:58:00
j_00004112,u_001162,s_00030,2025-02-15 15:13:39
j_00004113,u_001163,s_00073,2025-02-04 19:52:42
j_00004114,u_001163,s_00024,2025-01-30 20:15:25
j_00004115,u_001163,s_00039,2025-02-10 17:07:04
j_00004116,u_001164,s_00028,2025-01-29 21:15:29
j_00004117,u_001164,s_00135,2025-01-01 10:46:38
j_00004118,u_001164,s_00002,2025-02-05 22:56:12
j_00004119,u_001164,s_00088,2025-02-16 18:36:18
j_00004120,u_001164,s_00031,2025-01-30 19:14:44
j_00004121,u_001165,s_00059,2025-01-11 23:36:12
j_00004122,u_001165,s_00111,2025-01-01 14:30:05
j_00004123,u_001165,s_00097,2025-01-18 21:31:37
j_00004124,u_001165,s_00124,2025-02-16 23:20:01
j_00004125,u_001166,s_00136,2025-01-20 20:08:26
j_00004126,u_001166,s_00015,2025-02-27 13:21:34
j_00004127,u_001166,s_00146,2025-01-20 23:53:03
j_00004128,u_001167,s_00015,2025-01-26 19:24:39
j_00004129,u_001167,s_00141,2025-02-15 17:01:49
j_00004130,u_001167,s_00011,2025-02-06 18:20:58
j_00004131,u_001168,s_00101,2025-01-03 18:27:15
j_00004132,u_001168,s_00082,2025-01-05 15:35:19
j_00004133,u_001168,s_00074,2025-01-12 20:38:37
j_00004134,u_001169,s_00026,2025-02-22 17:25:35
j_00004135,u_001169,s_00075,2025-01-02 22:08:36
j_00004136,u_001169,s_00099,2025-01-05 22:26:18
j_00004137,u_001169,s_00009,2025-02-16 23:00:03
j_00004138,u_001170,s_00129,2025-02-07 19:30:01
j_00004139,u_001170,s_00044,2025-03-01 16:26:59
j_00004140,u_001171,s_00060,2025-01-14 14:21:24
j_00004141,u_001171,s_00088,2025-02-09 23:39:26
j_00004142,u_001171,s_00043,2025-01-09 22:45:37
j_00004143,u_001171,s_00034,2025-02-05 17:15:12
j_00004144,u_001172,s_00037,2025-01-07 23:30:22
j_00004145,u_001172,s_00019,2025-02-24 23:30:26
j_00004146,u_001173,s_00035,2025-01-25 14:30:05
j_00004147,u_001173,s_00092,2025-01-16 16:24:36
j_00004148,u_001173,s_00020,2025-03-01 19:12:11
j_00004149,u_001173,s_00034,2025-01-04 15:10:00
j_00004150,u_001173,s_00106,2025-02-17 19:01:37
j_00004151,u_001174,s_00125,2025-01-31 22:03:18
j_00004152,u_001174,s_00034,2025-02-11 14:48:43
j_00004153,u_001174,s_00131,2025-01-16 21:04:32
j_00004154,u_001174,s_00118,2025-02-22 23:51:01
j_00004155,u_001174,s_00128,2025-01-28 21:53:41
j_00004156,u_001174,s_00119,2025-01-26 19:14:02
j_00004157,u_001175,s_00082,2025-01-28 17:26:18
j_00004158,u_001175,s_00088,2025-01-18 23:21:41
j_00004159,u_001175,s_00071,2025-01-20 15:23:24
j_00004160,u_001175,s_00055,2025-01-09 20:21:23
j_00004161,u_001176,s_00044,2025-01-30 20:20:13
j_00004162,u_001176,s_00048,2025-01-29 23:41:26
j_00004163,u_001176,s_00020,2025-01-23 17:24:17
j_00004164,u_001177,s_00041,2025-03-01 18:11:56
j_00004165,u_001177,s_00019,2025-01-07 15:22:41
j_00004166,u_001177,s_00025,2025-02-24 21:58:54
j_00004167,u_001177,s_00109,2025-02-22 18:59:20
j_00004168,u_001177,s_00145,2025-01-02 16:03:57
j_00004169,u_001177,s_00138,2025-02-12 16:34:16
j_00004170,u_001178,s_00115,2025-01-13 22:58:18
j_00004171,u_001178,s_00118,2025-01-03 15:11:17
j_00004172,u_001178,s_00148,2025-02-21 15:04:35
j_00004173,u_001178,s_00003,2025-01-07 23:12:36
j_00004174,u_001179,s_00130,2025-01-18 19:19:03
j_00004175,u_001179,s_00123,2025-01-06 23:56:33
j_00004176,u_001179,s_00148,2025-01-09 18:15:57
j_00004177,u_001180,s_00051,2025-01-04 19:19:24
j_00004178,u_001181,s_00087,2025-02-20 20:15:41
j_00004179,u_001182,s_00000,2025-01-04 23:23:37
j_00004180,u_001182,s_00144,2025-02-15 23:59:58
j_00004181,u_001183,s_00052,2025-01-10 23:05:38
j_00004182,u_001183,s_00141,2025-02-24 17:27:28
j_00004183,u_001184,s_00126,2025-02-20 16:36:00
j_00004184,u_001184,s_00076,2025-02-07 23:07:48
j_00004185,u_001184,s_00032,2025-02-19 23:02:20
j_00004186,u_001184,s_00081,2025-01-18 23:58:55
j_00004187,u_001184,s_00118,2025-02-16 20:16:14
j_00004188,u_001185,s_00056,2025-01-14 22:14:26
j_00004189,u_001185,s_00013,2025-02-06 22:20:49
j_00004190,u_001185,s_00113,2025-02-25 20:04:09
j_00004191,u_001185,s_00059,2025-02-13 20:08:16
j_00004192,u_001186,s_00108,2025-01-17 20:01:47
j_00004193,u_001186,s_00128,2025-02-14 16:32:19
j_00004194,u_001186,s_00143,2025-02-22 17:27:57
j_00004195,u_001186,s_00086,2025-02-23 17:16:32
j_00004196,u_001186,s_00007,2025-02-14 13:55:49
j_00004197,u_001186,s_00129,2025-02-13 20:18:32
j_00004198,u_001187,s_00099,2025-02-17 19:01:02
j_00004199,u_001187,s_00139,2025-02-14 23:05:48
j_00004200,u_001187,s_00002,2025-01-09 23:43:25
j_00004201,u_001187,s_00009,2025-02-18 23:31:23
j_00004202,u_001188,s_00082,2025-01-11 23:15:44
j_00004203,u_001188,s_00051,2025-02-03 16:14:16
j_00004204,u_001188,s_00124,2025-01-21 14:13:25
j_00004205,u_001188,s_00145,2025-01-13 23:25:36
j_00004206,u_001188,s_00012,2025-01-17 23:42:35
j_00004207,u_001188,s_00057,2025-01-06 23:38:43
j_00004208,u_001189,s_00103,2025-01-27 21:44:04
j_00004209,u_001189,s_00002,2025-01-26 12:02:59
j_00004210,u_001189,s_00084,2025-01-25 21:33:36
j_00004211,u_001189,s_00025,2025-01-06 22:45:37
j_00004212,u_001190,s_00134,2025-02-06 23:12:52
j_00004213,u_001190,s_00052,2025-01-11 23:34:29
j_00004214,u_001190,s_00021,2025-02-21 23:00:01
j_00004215,u_001191,s_00113,2025-01-02 17:54:07
j_00004216,u_001191,s_00121,2025-01-04 15:44:56
j_00004217,u_001191,s_00101,2025-01-19 22:37:59
j_00004218,u_001191,s_00088,2025-01-25 16:35:05
j_00004219,u_001191,s_00002,2025-02-28 23:40:41
j_00004220,u_001192,s_00041,2025-02-01 13:25:39
j_00004221,u_001192,s_00025,2025-01-23 22:58:09
j_00004222,u_001192,s_00145,2025-02-20 21:12:47
j_00004223,u_001193,s_00038,2025-01-15 19:48:27
j_00004224,u_001193,s_00022,2025-02-23 16:45:13
j_00004225,u_001194,s_00108,2025-01-25 11:50:33
j_00004226,u_001194,s_00058,2025-01-19 17:04:54
j_00004227,u_001194,s_00089,2025-01-19 17:26:13
j_00004228,u_001195,s_00043,2025-01-01 23:38:37
j_00004229,u_001195,s_00027,2025-02-10 16:37:43
j_00004230,u_001195,s_00131,2025-02-04 21:41:37
j_00004231,u_001195,s_00001,2025-02-08 14:38:39
j_00004232,u_001196,s_00084,2025-02-09 21:13:43
j_00004233,u_001196,s_00030,2025-01-02 11:49:14
j_00004234,u_001196,s_00047,2025-02-22 23:28:06
j_00004235,u_001197,s_00126,2025-01-31 19:58:59
j_00004236,u_001197,s_00059,2025-02-11 08:31:19
j_00004237,u_001197,s_00142,2025-01-03 17:32:56
j_00004238,u_001197,s_00089,2025-02-15 16:35:16
j_00004239,u_001197,s_00056,2025-02-10 17:52:15
j_00004240,u_001198,s_00149,2025-01-23 18:54:01
j_00004241,u_001198,s_00057,2025-02-26 17:35:26
j_00004242,u_001198,s_00013,2025-02-09 16:32:56
j_00004243,u_001198,s_00070,2025-02-24 15:03:53
j_00004244,u_001198,s_00060,2025-02-19 23:04:18
j_00004245,u_001198,s_00123,2025-01-13 23:44:24
j_00004246,u_001199,s_00002,2025-03-01 18:20:40
j_00004247,u_001199,s_00042,2025-02-14 19:26:57
j_00004248,u_001199,s_00129,2025-01-12 15:37:36
j_00004249,u_001200,s_00057,2025-02-17 20:13:12
j_00004250,u_001200,s_00003,2025-01-26 20:19:21
j_00004251,u_001201,s_00131,2025-02-21 19:02:43
j_00004252,u_001201,s_00145,2025-01-11 21:46:01
j_00004253,u_001201,s_00045,2025-01-16 21:30:35
j_00004254,u_001202,s_00050,2025-01-21 15:11:46
j_00004255,u_001202,s_00087,2025-01-28 23:35:20
j_00004256,u_001202,s_00108,2025-02-07 19:08:32
j_00004257,u_001202,s_00072,2025-01-14 23:46:43
j_00004258,u_001202,s_00021,2025-02-12 21:13:35
j_00004259,u_001202,s_00025,2025-01-02 23:16:01
j_00004260,u_001203,s_00021,2025-01-20 23:52:35
j_00004261,u_001203,s_00003,2025-02-09 20:44:13
j_00004262,u_001204,s_00022,2025-01-16 17:40:44
j_00004263,u_001204,s_00089,2025-01-26 17:36:15
j_00004264,u_001204,s_00113,2025-02-06 22:31:58
j_00004265,u_001204,s_00103,2025-01-15 20:11:07
j_00004266,u_001204,s_00007,2025-02-27 17:18:53
j_00004267,u_001204,s_00039,2025-02-20 23:57:02
j_00004268,u_001205,s_00115,2025-02-28 20:55:40
j_00004269,u_001205,s_00012,2025-01-30 23:43:21
j_00004270,u_001205,s_00105,2025-01-21 16:53:11
j_00004271,u_001206,s_00017,2025-03-01 23:48:13
j_00004272,u_001206,s_00078,2025-02-13 22:23:02
j_00004273,u_001206,s_00031,2025-02-17 23:42:07
j_00004274,u_001206,s_00029,2025-01-11 23:45:23
j_00004275,u_001206,s_00035,2025-02-22 19:08:09
j_00004276,u_001206,s_00058,2025-02-01 19:54:58
j_00004277,u_001207,s_00028,2025-02-16 23:29:49
j_00004278,u_001207,s_00128,2025-02-19 18:18:28
j_00004279,u_001207,s_00046,2025-01-07 22:28:05
j_00004280,u_001207,s_00012,2025-01-06 18:19:59
j_00004281,u_001207,s_00025,2025-01-04 12:19:43
j_00004282,u_001208,s_00049,2025-02-08 15:32:10
j_00004283,u_001208,s_00101,2025-02-24 21:59:03
j_00004284,u_001208,s_00107,2025-01-02 22:24:37
j_00004285,u_001208,s_00141,2025-01-09 21:12:02
j_00004286,u_001208,s_00050,2025-01-30 23:45:36
j_00004287,u_001209,s_00104,2025-01-24 21:17:26
j_00004288,u_001209,s_00034,2025-01-07 16:32:52
j_00004289,u_001209,s_00117,2025-02-06 22:15:22
j_00004290,u_001209,s_00127,2025-02-24 20:12:26
j_00004291,u_001209,s_00126,2025-01-13 17:15:32
j_00004292,u_001209,s_00065,2025-01-01 21:21:58
j_00004293,u_001210,s_00111,2025-01-14 20:57:42
j_00004294,u_001210,s_00060,2025-01-12 17:40:40
j_00004295,u_001211,s_00143,2025-01-28 19:41:18
j_00004296,u_001211,s_00063,2025-01-07 23:03:28
j_00004297,u_001211,s_00105,2025-01-22 23:00:11
j_00004298,u_001211,s_00039,2025-01-08 20:20:23
j_00004299,u_001212,s_00029,2025-02-10 20:53:49
j_00004300,u_001213,s_00129,2025-01-29 14:00:05
j_00004301,u_001213,s_00135,2025-01-05 23:45:09
j_00004302,u_001214,s_00071,2025-01-03 23:49:35
j_00004303,u_001215,s_00041,2025-01-30 23:16:47
j_00004304,u_001215,s_00001,2025-02-05 10:07:58
j_00004305,u_001215,s_00110,2025-01-11 20:09:35
j_00004306,u_001215,s_00097,2025-01-20 19:04:39
j_00004307,u_001215,s_00059,2025-02-06 22:50:17
j_00004308,u_001216,s_00090,2025-01-29 18:47:24
j_00004309,u_001216,s_00069,2025-01-07 19:40:18
j_00004310,u_001216,s_00112,2025-01-24 22:05:06
j_00004311,u_001216,s_00037,2025-01-12 16:57:22
j_00004312,u_001217,s_00130,2025-02-25 17:41:13
j_00004313,u_001217,s_00051,2025-02-18 20:49:35
j_00004314,u_001217,s_00055,2025-01-19 23:22:45
j_00004315,u_001217,s_00103,2025-01-15 23:11:58
j_00004316,u_001217,s_00091,2025-01-09 23:49:52
j_00004317,u_001218,s_00079,2025-02-14 20:03:19
j_00004318,u_001218,s_00144,2025-02-25 23:10:56
j_00004319,u_001219,s_00120,2025-01-17 13:09:56
j_00004320,u_001219,s_00070,2025-02-08 23:05:30
j_00004321,u_001220,s_00137,2025-01-15 23:33:12
j_00004322,u_001220,s_00002,2025-02-25 21:13:46
j_00004323,u_001220,s_00088,2025-01-18 23:57:06
j_00004324,u_001220,s_00032,2025-01-06 19:55:21
j_00004325,u_001220,s_00127,2025-02-22 19:10:31
j_00004326,u_001221,s_00020,2025-02-26 17:49:51
j_00004327,u_001221,s_00010,2025-01-24 19:02:58
j_00004328,u_001221,s_00017,2025-02-24 22:17:49
j_00004329,u_001221,s_00045,2025-01-15 21:39:29
j_00004330,u_001221,s_00146,2025-01-17 23:12:05
j_00004331,u_001222,s_00007,2025-02-02 20:04:47
j_00004332,u_001222,s_00134,2025-02-06 14:09:51
j_00004333,u_001222,s_00071,2025-01-24 23:39:28
j_00004334,u_001222,s_00101,2025-02-17 15:13:33
j_00004335,u_001222,s_00108,2025-02-17 17:14:51
j_00004336,u_001222,s_00138,2025-01-08 21:12:07
j_00004337,u_001223,s_00044,2025-03-01 21:52:48
j_00004338,u_001224,s_00074,2025-01-10 14:53:30
j_00004339,u_001224,s_00071,2025-02-01 17:48:41
j_00004340,u_001224,s_00000,2025-01-26 14:01:11
j_00004341,u_001225,s_00145,2025-01-28 22:15:36
j_00004342,u_001226,s_00099,2025-01-08 23:52:16
j_00004343,u_001226,s_00106,2025-01-21 15:33:31
j_00004344,u_001226,s_00069,2025-01-02 23:02:31
j_00004345,u_001226,s_00032,2025-02-28 23:14:57
j_00004346,u_001226,s_00055,2025-01-09 17:49:40
j_00004347,u_001227,s_00000,2025-01-29 12:52:33
j_00004348,u_001228,s_00036,2025-01-13 15:25:24
j_00004349,u_001228,s_00093,2025-01-11 17:09:20
j_00004350,u_001228,s_00061,2025-01-24 23:04:39
j_00004351,u_001228,s_00146,2025-02-28 19:13:52
j_00004352,u_001228,s_00090,2025-01-29 15:47:34
j_00004353,u_001229,s_00083,2025-02-27 20:49:39
j_00004354,u_001230,s_00097,2025-02-19 14:15:19
j_00004355,u_001231,s_00053,2025-01-27 22:58:33
j_00004356,u_001231,s_00062,2025-02-24 16:52:34
j_00004357,u_001231,s_00024,2025-01-21 16:59:40
j_00004358,u_001231,s_00075,2025-01-31 21:45:18
j_00004359,u_001231,s_00139,2025-02-10 23:34:20
j_00004360,u_001231,s_00022,2025-02-05 23:58:21
j_00004361,u_001232,s_00070,2025-02-19 15:41:25
j_00004362,u_001232,s_00128,2025-01-10 17:49:17
j_00004363,u_001232,s_00129,2025-01-30 22:24:11
j_00004364,u_001233,s_00126,2025-02-09 23:14:30
j_00004365,u_001233,s_00008,2025-01-20 11:34:51
j_00004366,u_001233,s_00122,2025-02-22 20:24:01
j_00004367,u_001234,s_00004,2025-01-19 18:21:39
j_00004368,u_001234,s_00011,2025-01-19 12:41:48
j_00004369,u_001234,s_00012,2025-01-20 14:36:49
j_00004370,u_001234,s_00111,2025-02-10 17:18:51
j_00004371,u_001235,s_00106,2025-01-08 20:14:19
j_00004372,u_001235,s_00043,2025-01-09 23:32:06
j_00004373,u_001236,s_00078,2025-02-16 21:19:59
j_00004374,u_001236,s_00113,2025-01-13 23:14:41
j_00004375,u_001236,s_00126,2025-01-07 20:13:21
j_00004376,u_001236,s_00048,2025-01-16 17:39:51
j_00004377,u_001236,s_00084,2025-01-24 19:24:21
j_00004378,u_001237,s_00112,2025-01-02 22:20:44
j_00004379,u_001237,s_00088,2025-02-20 23:06:57
j_00004380,u_001237,s_00145,2025-01-08 19:03:46
j_00004381,u_001238,s_00146,2025-01-25 16:41:39
j_00004382,u_001238,s_00134,2025-01-13 21:58:11
j_00004383,u_001239,s_00057,2025-01-18 21:19:56
j_00004384,u_001239,s_00017,2025-01-03 23:50:25
j_00004385,u_001239,s_00004,2025-02-26 17:36:37
j_00004386,u_001240,s_00137,2025-02-26 17:18:36
j_00004387,u_001241,s_00124,2025-01-08 23:34:14
j_00004388,u_001241,s_00026,2025-01-12 18:07:36
j_00004389,u_001242,s_00054,2025-02-23 18:20:23
j_00004390,u_001242,s_00115,2025-01-25 23:44:20
j_00004391,u_001242,s_00006,2025-01-04 14:51:51
j_00004392,u_001242,s_00064,2025-01-09 23:13:43
j_00004393,u_001243,s_00125,2025-01-25 17:54:29
j_00004394,u_001244,s_00043,2025-02-03 23:36:01
j_00004395,u_001245,s_00068,2025-02-07 19:13:42
j_00004396,u_001245,s_00016,2025-01-10 21:46:44
j_00004397,u_001245,s_00118,2025-01-23 18:52:09
j_00004398,u_001245,s_00144,2025-01-16 23:16:45
j_00004399,u_001246,s_00005,2025-02-02 18:06:23
j_00004400,u_001246,s_00021,2025-01-20 17:17:43
j_00004401,u_001246,s_00036,2025-01-13 23:45:50
j_00004402,u_001247,s_00004,2025-02-18 20:03:42
j_00004403,u_001248,s_00122,2025-02-04 17:17:56
j_00004404,u_001248,s_00117,2025-01-29 14:19:04
j_00004405,u_001248,s_00001,2025-01-09 23:01:19
j_00004406,u_001248,s_00105,2025-01-05 17:35:03
j_00004407,u_001248,s_00096,2025-02-17 23:48:10
j_00004408,u_001249,s_00103,2025-02-28 21:09:22
j_00004409,u_001249,s_00096,2025-02-05 20:53:01
j_00004410,u_001249,s_00101,2025-01-03 20:57:23
j_00004411,u_001249,s_00004,2025-01-29 23:52:07
j_00004412,u_001249,s_00067,2025-01-17 11:43:06
j_00004413,u_001250,s_00009,2025-01-04 20:26:50
j_00004414,u_001251,s_00044,2025-01-09 18:12:44
j_00004415,u_001251,s_00032,2025-01-30 19:54:27
j_00004416,u_001252,s_00033,2025-01-26 20:31:34
j_00004417,u_001252,s_00022,2025-02-03 18:27:17
j_00004418,u_001252,s_00125,2025-02-11 20:23:29
j_00004419,u_001253,s_00122,2025-01-16 19:13:46
j_00004420,u_001253,s_00130,2025-01-18 14:22:31
j_00004421,u_001253,s_00057,2025-02-10 21:47:47
j_00004422,u_001253,s_00091,2025-01-12 22:33:29
j_00004423,u_001253,s_00105,2025-01-05 17:23:21
j_00004424,u_001254,s_00091,2025-02-21 23:06:53
j_00004425,u_001255,s_00123,2025-01-13 23:24:54
j_00004426,u_001255,s_00108,2025-01-08 23:12:13
j_00004427,u_001255,s_00132,2025-02-14 23:23:27
j_00004428,u_001255,s_00071,2025-02-01 20:08:46
j_00004429,u_001255,s_00063,2025-01-09 23:56:15
j_00004430,u_001256,s_00004,2025-02-21 23:10:44
j_00004431,u_001256,s_00124,2025-01-15 23:07:53
j_00004432,u_001257,s_00003,2025-02-10 17:39:14
j_00004433,u_001258,s_00077,2025-02-09 19:20:09
j_00004434,u_001258,s_00049,2025-02-19 22:59:56
j_00004435,u_001258,s_00137,2025-02-13 23:24:59
j_00004436,u_001258,s_00091,2025-02-12 19:39:51
j_00004437,u_001258,s_00011,2025-01-04 17:50:36
j_00004438,u_001258,s_00052,2025-02-26 23:59:05
j_00004439,u_001259,s_00069,2025-01-08 15:48:54
j_00004440,u_001260,s_00013,2025-01-16 16:34:11
j_00004441,u_001261,s_00083,2025-01-27 14:48:10
j_00004442,u_001261,s_00048,2025-01-18 16:16:43
j_00004443,u_001261,s_00131,2025-02-05 23:52:23
j_00004444,u_001261,s_00041,2025-01-04 23:52:52
j_00004445,u_001261,s_00080,2025-01-28 19:23:52
j_00004446,u_001261,s_00132,2025-01-21 21:04:48
j_00004447,u_001262,s_00054,2025-02-08 19:41:50
j_00004448,u_001262,s_00031,2025-02-01 15:06:32
j_00004449,u_001262,s_00020,2025-02-15 23:01:52
j_00004450,u_001262,s_00105,2025-01-10 23:56:54
j_00004451,u_001263,s_00009,2025-02-26 21:34:16
j_00004452,u_001263,s_00045,2025-01-24 16:39:25
j_00004453,u_001263,s_00000,2025-01-21 19:52:37
j_00004454,u_001264,s_00147,2025-02-02 17:55:51
j_00004455,u_001264,s_00066,2025-01-10 20:57:23
j_00004456,u_001264,s_00013,2025-02-18 21:07:15
j_00004457,u_001264,s_00099,2025-01-16 18:19:19
j_00004458,u_001264,s_00060,2025-02-25 14:46:47
j_00004459,u_001265,s_00137,2025-01-09 23:01:31
j_00004460,u_001265,s_00003,2025-02-21 20:14:15
j_00004461,u_001265,s_00085,2025-01-24 21:30:42
j_00004462,u_001265,s_00077,2025-02-06 18:20:39
j_00004463,u_001266,s_00137,2025-02-22 13:10:31
j_00004464,u_001266,s_00095,2025-01-08 19:53:37
j_00004465,u_001266,s_00077,2025-01-21 18:26:13
j_00004466,u_001266,s_00053,2025-02-26 22:24:10
j_00004467,u_001267,s_00004,2025-01-09 23:39:48
j_00004468,u_001268,s_00123,2025-01-07 23:40:40
j_00004469,u_001268,s_00064,2025-02-01 23:29:58
j_00004470,u_001268,s_00128,2025-01-02 23:53:56
j_00004471,u_001268,s_00137,2025-03-01 21:17:21
j_00004472,u_001269,s_00071,2025-02-24 23:52:27
j_00004473,u_001269,s_00027,2025-01-12 21:52:50
j_00004474,u_001270,s_00046,2025-01-11 12:00:00
j_00004475,u_001270,s_00054,2025-02-16 19:45:51
j_00004476,u_001270,s_00089,2025-02-01 16:09:10
j_00004477,u_001270,s_00040,2025-02-19 20:29:15
j_00004478,u_001270,s_00028,2025-02-28 16:55:28
j_00004479,u_001271,s_00020,2025-01-25 22:11:42
j_00004480,u_001271,s_00051,2025-01-16 23:33:21
j_00004481,u_001271,s_00097,2025-02-07 23:46:56
j_00004482,u_001271,s_00099,2025-02-08 23:28:46
j_00004483,u_001272,s_00101,2025-01-26 13:04:44
j_00004484,u_001273,s_00084,2025-01-18 15:03:46
j_00004485,u_001273,s_00099,2025-01-16 23:31:01
j_00004486,u_001273,s_00110,2025-02-01 23:01:49
j_00004487,u_001273,s_00028,2025-01-26 20:00:36
j_00004488,u_001273,s_00018,2025-01-28 20:57:11
j_00004489,u_001273,s_00096,2025-01-06 19:31:46
j_00004490,u_001274,s_00111,2025-02-22 12:28:06
j_00004491,u_001274,s_00004,2025-02-12 16:06:37
j_00004492,u_001275,s_00119,2025-02-25 19:47:34
j_00004493,u_001275,s_00050,2025-02-19 17:30:01
j_00004494,u_001276,s_00125,2025-02-07 17:13:22
j_00004495,u_001276,s_00052,2025-01-19 23:45:07
j_00004496,u_001276,s_00017,2025-02-09 18:14:56
j_00004497,u_001276,s_00133,2025-02-03 21:30:48
j_00004498,u_001276,s_00083,2025-02-25 20:33:59
j_00004499,u_001276,s_00031,2025-01-14 22:16:29
j_00004500,u_001277,s_00038,2025-01-02 18:52:19
j_00004501,u_001277,s_00078,2025-01-08 23:42:57
j_00004502,u_001277,s_00121,2025-01-11 21:17:18
j_00004503,u_001277,s_00087,2025-02-09 14:09:24
j_00004504,u_001277,s_00004,2025-01-09 19:19:08
j_00004505,u_001278,s_00033,2025-01-09 19:27:49
j_00004506,u_001278,s_00056,2025-01-24 19:33:07
j_00004507,u_001278,s_00141,2025-02-16 22:24:02
j_00004508,u_001278,s_00019,2025-01-26 22:02:49
j_00004509,u_001278,s_00079,2025-01-17 22:40:50
j_00004510,u_001278,s_00005,2025-01-18 21:22:51
j_00004511,u_001279,s_00029,2025-02-19 20:20:51
j_00004512,u_001279,s_00017,2025-01-26 11:33:08
j_00004513,u_001279,s_00067,2025-01-23 23:50:21
j_00004514,u_001279,s_00057,2025-02-16 21:00:45
j_00004515,u_001280,s_00054,2025-01-23 16:57:18
j_00004516,u_001280,s_00072,2025-01-22 21:38:46
j_00004517,u_001280,s_00025,2025-02-15 22:32:54
j_00004518,u_001280,s_00144,2025-01-20 23:03:57
j_00004519,u_001280,s_00076,2025-01-31 22:42:46
j_00004520,u_001280,s_00045,2025-02-09 21:43:47
j_00004521,u_001281,s_00109,2025-01-13 23:33:35
j_00004522,u_001282,s_00050,2025-01-08 18:48:04
j_00004523,u_001282,s_00067,2025-02-21 21:50:26
j_00004524,u_001282,s_00078,2025-01-18 17:50:57
j_00004525,u_001282,s_00029,2025-01-21 23:19:54
j_00004526,u_001283,s_00056,2025-02-05 13:40:14
j_00004527,u_001283,s_00102,2025-01-07 23:03:44
j_00004528,u_001284,s_00001,2025-01-03 20:33:18
j_00004529,u_001284,s_00110,2025-01-25 23:08:25
j_00004530,u_001284,s_00054,2025-02-28 16:18:38
j_00004531,u_001285,s_00009,2025-02-04 20:40:29
j_00004532,u_001285,s_00070,2025-02-04 20:25:36
j_00004533,u_001286,s_00126,2025-02-06 21:51:05
j_00004534,u_001286,s_00060,2025-02-21 15:05:17
j_00004535,u_001287,s_00022,2025-02-20 22:58:48
j_00004536,u_001287,s_00021,2025-01-02 12:42:37
j_00004537,u_001287,s_00085,2025-02-02 17:25:50
j_00004538,u_001288,s_00088,2025-02-02 13:01:57
j_00004539,u_001288,s_00118,2025-01-14 23:02:21
j_00004540,u_001288,s_00124,2025-02-28 21:24:15
j_00004541,u_001288,s_00090,2025-01-16 21:34:18
j_00004542,u_001288,s_00144,2025-02-20 23:30:34
j_00004543,u_001288,s_00036,2025-01-07 18:17:15
j_00004544,u_001289,s_00126,2025-02-06 22:39:23
j_00004545,u_001289,s_00142,2025-02-14 20:36:10
j_00004546,u_001289,s_00104,2025-01-31 19:20:23
j_00004547,u_001289,s_00069,2025-01-07 23:19:56
j_00004548,u_001290,s_00031,2025-01-08 23:26:25
j_00004549,u_001290,s_00058,2025-02-06 18:44:45
j_00004550,u_001290,s_00041,2025-02-21 23:35:25
j_00004551,u_001291,s_00006,2025-02-05 21:07:26
j_00004552,u_001291,s_00110,2025-01-07 21:55:39
j_00004553,u_001291,s_00013,2025-02-17 20:12:06
j_00004554,u_001292,s_00003,2025-01-28 18:40:21
j_00004555,u_001292,s_00017,2025-01-05 05:01:08
j_00004556,u_001292,s_00005,2025-01-23 23:15:11
j_00004557,u_001292,s_00086,2025-01-13 17:33:42
j_00004558,u_001293,s_00073,2025-03-01 19:50:10
j_00004559,u_001293,s_00121,2025-02-24 19:33:12
j_00004560,u_001294,s_00021,2025-01-07 16:03:34
j_00004561,u_001294,s_00110,2025-02-04 20:57:20
j_00004562,u_001294,s_00046,2025-01-01 19:16:07
j_00004563,u_001294,s_00140,2025-01-28 17:21:57
j_00004564,u_001295,s_00007,2025-01-10 20:06:55
j_00004565,u_001295,s_00103,2025-02-14 19:41:34
j_00004566,u_001295,s_00101,2025-01-05 23:26:31
j_00004567,u_001295,s_00137,2025-02-24 14:13:48
j_00004568,u_001295,s_00033,2025-01-14 16:38:58
j_00004569,u_001296,s_00035,2025-01-16 22:11:06
j_00004570,u_001296,s_00068,2025-02-23 17:31:05
j_00004571,u_001297,s_00008,2025-02-24 16:39:19
j_00004572,u_001297,s_00054,2025-01-06 17:48:18
j_00004573,u_001297,s_00032,2025-01-07 19:41:53
j_00004574,u_001297,s_00066,2025-02-21 19:34:30
j_00004575,u_001298,s_00077,2025-02-28 19:02:48
j_00004576,u_001298,s_00055,2025-01-30 15:13:40
j_00004577,u_001298,s_00051,2025-01-10 23:34:43
j_00004578,u_001298,s_00102,2025-01-10 23:32:57
j_00004579,u_001298,s_00028,2025-01-16 12:32:35
j_00004580,u_001299,s_00110,2025-02-11 13:44:46
j_00004581,u_001299,s_00068,2025-01-06 23:54:16
j_00004582,u_001299,s_00024,2025-02-08 23:30:15
j_00004583,u_001299,s_00134,2025-02-18 11:08:35
j_00004584,u_001300,s_00061,2025-01-09 23:26:54
j_00004585,u_001300,s_00031,2025-03-01 23:15:03
j_00004586,u_001301,s_00047,2025-03-01 16:31:30
j_00004587,u_001301,s_00128,2025-01-18 23:35:12
j_00004588,u_001301,s_00001,2025-01-07 19:32:53
j_00004589,u_001301,s_00129,2025-01-20 21:34:31
j_00004590,u_001302,s_00031,2025-01-16 17:18:02
j_00004591,u_001302,s_00140,2025-01-17 23:10:00
j_00004592,u_001302,s_00056,2025-02-25 23:51:38
j_00004593,u_001302,s_00072,2025-01-10 23:24:13
j_00004594,u_001302,s_00059,2025-01-20 23:12:02
j_00004595,u_001303,s_00108,2025-02-17 19:59:09
j_00004596,u_001303,s_00024,2025-01-04 23:01:09
j_00004597,u_001304,s_00101,2025-01-04 23:20:20
j_00004598,u_001304,s_00055,2025-01-19 22:44:43
j_00004599,u_001304,s_00040,2025-02-28 16:24:51
j_00004600,u_001304,s_00025,2025-02-20 13:50:31
j_00004601,u_001305,s_00143,2025-02-25 14:21:56
j_00004602,u_001305,s_00133,2025-02-21 16:38:47
j_00004603,u_001305,s_00149,2025-01-08 23:25:09
j_00004604,u_001305,s_00059,2025-01-25 21:28:44
j_00004605,u_001305,s_00023,2025-02-01 17:29:13
j_00004606,u_001306,s_00116,2025-01-10 19:58:57
j_00004607,u_001306,s_00085,2025-03-01 18:45:50
j_00004608,u_001307,s_00064,2025-02-06 23:22:03
j_00004609,u_001307,s_00005,2025-02-21 16:24:10
j_00004610,u_001307,s_00067,2025-01-16 21:24:26
j_00004611,u_001308,s_00113,2025-02-12 21:44:44
j_00004612,u_001308,s_00145,2025-01-07 16:35:33
j_00004613,u_001308,s_00108,2025-01-02 23:32:05
j_00004614,u_001308,s_00058,2025-02-08 18:25:37
j_00004615,u_001308,s_00033,2025-01-05 16:23:38
j_00004616,u_001308,s_00088,2025-01-17 23:33:55
j_00004617,u_001309,s_00090,2025-02-17 20:49:15
j_00004618,u_001309,s_00113,2025-01-30 21:57:02
j_00004619,u_001309,s_00057,2025-01-23 15:03:44
j_00004620,u_001310,s_00090,2025-01-18 23:14:42
j_00004621,u_001310,s_00017,2025-02-10 23:41:31
j_00004622,u_001310,s_00068,2025-02-27 14:08:41
j_00004623,u_001310,s_00043,2025-02-14 21:36:10
j_00004624,u_001311,s_00038,2025-01-22 16:25:07
j_00004625,u_001312,s_00032,2025-01-26 23:11:24
j_00004626,u_001312,s_00021,2025-01-07 23:30:53
j_00004627,u_001312,s_00102,2025-01-09 21:30:30
j_00004628,u_001312,s_00058,2025-01-17 15:42:38
j_00004629,u_001312,s_00084,2025-01-24 16:49:59
j_00004630,u_001312,s_00071,2025-03-01 22:57:18
j_00004631,u_001313,s_00069,2025-02-22 14:26:28
j_00004632,u_001313,s_00073,2025-01-07 14:41:41
j_00004633,u_001313,s_00024,2025-01-20 20:47:09
j_00004634,u_001313,s_00081,2025-01-04 20:59:24
j_00004635,u_001314,s_00044,2025-01-04 21:39:33
j_00004636,u_001314,s_00003,2025-01-23 18:14:18
j_00004637,u_001314,s_00051,2025-02-27 23:20:13
j_00004638,u_001314,s_00004,2025-01-12 16:12:26
j_00004639,u_001314,s_00116,2025-02-10 22:11:52
j_00004640,u_001315,s_00035,2025-01-24 20:18:24
j_00004641,u_001315,s_00037,2025-02-02 22:29:50
j_00004642,u_001315,s_00061,2025-02-22 23:47:40
j_00004643,u_001315,s_00036,2025-02-19 18:17:07
j_00004644,u_001316,s_00056,2025-02-19 17:11:54
j_00004645,u_001316,s_00105,2025-01-25 13:07:35
j_00004646,u_001316,s_00114,2025-01-03 11:11:34
j_00004647,u_001317,s_00016,2025-03-01 19:25:41
j_00004648,u_001317,s_00148,2025-03-01 19:24:02
j_00004649,u_001317,s_00000,2025-02-21 15:23:15
j_00004650,u_001318,s_00144,2025-01-29 16:19:47
j_00004651,u_001318,s_00002,2025-01-17 23:27:37
j_00004652,u_001318,s_00130,2025-01-11 23:38:23
j_00004653,u_001318,s_00142,2025-01-23 14:02:27
j_00004654,u_001318,s_00147,2025-01-21 18:53:37
j_00004655,u_001319,s_00011,2025-01-17 21:18:28
j_00004656,u_001319,s_00000,2025-02-27 17:08:27
j_00004657,u_001319,s_00048,2025-02-09 16:10:33
j_00004658,u_001319,s_00141,2025-01-14 18:32:16
j_00004659,u_001319,s_00128,2025-02-08 23:31:34
j_00004660,u_001319,s_00049,2025-02-12 23:05:41
j_00004661,u_001320,s_00135,2025-02-01 17:29:42
j_00004662,u_001321,s_00116,2025-02-26 21:13:37
j_00004663,u_001321,s_00039,2025-02-27 19:54:27
j_00004664,u_001321,s_00002,2025-01-26 15:18:39
j_00004665,u_001321,s_00144,2025-01-29 18:59:43
j_00004666,u_001321,s_00148,2025-01-14 14:34:18
j_00004667,u_001321,s_00113,2025-02-17 23:57:29
j_00004668,u_001322,s_00087,2025-02-25 23:33:40
j_00004669,u_001322,s_00113,2025-02-09 18:07:39
j_00004670,u_001322,s_00135,2025-01-13 17:38:29
j_00004671,u_001322,s_00114,2025-02-01 23:28:15
j_00004672,u_001322,s_00116,2025-02-17 23:49:54
j_00004673,u_001323,s_00054,2025-01-03 15:23:32
j_00004674,u_001324,s_00032,2025-02-05 19:11:32
j_00004675,u_001325,s_00098,2025-02-09 19:06:28
j_00004676,u_001325,s_00144,2025-02-02 16:44:45
j_00004677,u_001325,s_00116,2025-02-08 21:13:18
j_00004678,u_001325,s_00016,2025-02-23 17:40:56
j_00004679,u_001325,s_00099,2025-01-08 17:08:03
j_00004680,u_001326,s_00081,2025-02-04 19:04:00
j_00004681,u_001326,s_00143,2025-02-17 14:42:30
j_00004682,u_001326,s_00037,2025-02-19 11:20:51
j_00004683,u_001326,s_00056,2025-01-29 23:34:00
j_00004684,u_001326,s_00112,2025-03-01 17:01:40
j_00004685,u_001326,s_00004,2025-01-20 23:11:23
j_00004686,u_001327,s_00093,2025-01-27 23:05:01
j_00004687,u_001327,s_00059,2025-02-19 17:16:22
j_00004688,u_001327,s_00053,2025-01-27 23:17:38
j_00004689,u_001328,s_00033,2025-01-21 23:22:38
j_00004690,u_001328,s_00035,2025-02-03 17:14:50
j_00004691,u_001328,s_00051,2025-02-07 09:27:59
j_00004692,u_001328,s_00001,2025-02-28 22:54:03
j_00004693,u_001329,s_00031,2025-02-07 20:05:51
j_00004694,u_001329,s_00121,2025-01-12 21:53:00
j_00004695,u_001329,s_00112,2025-01-04 19:24:58
j_00004696,u_001329,s_00053,2025-02-28 15:34:46
j_00004697,u_001329,s_00046,2025-01-26 18:40:57
j_00004698,u_001329,s_00028,2025-01-13 22:44:04
j_00004699,u_001330,s_00064,2025-01-14 18:56:04
j_00004700,u_001330,s_00090,2025-01-07 18:59:59
j_00004701,u_001331,s_00065,2025-01-12 13:05:16
j_00004702,u_001331,s_00146,2025-02-16 20:24:22
j_00004703,u_001332,s_00058,2025-02-09 15:32:17
j_00004704,u_001332,s_00032,2025-02-05 23:31:09
j_00004705,u_001332,s_00022,2025-01-01 17:59:04
j_00004706,u_001332,s_00105,2025-02-10 18:39:08
j_00004707,u_001332,s_00125,2025-02-28 23:24:50
j_00004708,u_001332,s_00103,2025-02-25 18:55:01
j_00004709,u_001333,s_00127,2025-01-24 18:43:53
j_00004710,u_001333,s_00073,2025-02-06 22:47:13
j_00004711,u_001334,s_00037,2025-01-18 12:37:36
j_00004712,u_001334,s_00130,2025-02-23 23:03:15
j_00004713,u_001334,s_00044,2025-02-25 23:58:53
j_00004714,u_001335,s_00149,2025-01-14 22:42:02
j_00004715,u_001335,s_00138,2025-01-30 06:08:42
j_00004716,u_001335,s_00112,2025-01-15 18:15:56
j_00004717,u_001336,s_00088,2025-02-06 14:20:26
j_00004718,u_001336,s_00103,2025-01-18 23:15:27
j_00004719,u_001336,s_00006,2025-02-11 23:37:08
j_00004720,u_001336,s_00002,2025-02-28 21:32:52
j_00004721,u_001337,s_00060,2025-02-22 15:12:57
j_00004722,u_001337,s_00006,2025-01-11 23:41:29
j_00004723,u_001338,s_00082,2025-01-08 18:17:41
j_00004724,u_001338,s_00143,2025-02-18 23:09:45
j_00004725,u_001338,s_00141,2025-01-05 21:57:21
j_00004726,u_001338,s_00136,2025-01-25 22:18:00
j_00004727,u_001338,s_00034,2025-03-01 18:13:07
j_00004728,u_001339,s_00072,2025-01-27 23:42:53
j_00004729,u_001339,s_00028,2025-01-01 22:45:47
j_00004730,u_001339,s_00025,2025-02-28 23:09:05
j_00004731,u_001339,s_00015,2025-02-12 20:03:48
j_00004732,u_001339,s_00148,2025-01-20 19:50:52
j_00004733,u_001340,s_00060,2025-02-06 22:30:32
j_00004734,u_001340,s_00143,2025-02-06 23:27:27
j_00004735,u_001341,s_00060,2025-02-03 23:25:59
j_00004736,u_001341,s_00139,2025-02-27 20:35:52
j_00004737,u_001341,s_00011,2025-02-17 12:40:23
j_00004738,u_001342,s_00120,2025-01-16 23:04:28
j_00004739,u_001343,s_00012,2025-03-01 14:15:56
j_00004740,u_001343,s_00104,2025-02-27 20:57:55
j_00004741,u_001344,s_00058,2025-01-03 19:10:37
j_00004742,u_001344,s_00078,2025-01-18 14:54:38
j_00004743,u_001344,s_00023,2025-02-06 21:24:44
j_00004744,u_001344,s_00031,2025-02-22 23:11:17
j_00004745,u_001344,s_00015,2025-02-13 18:35:55
j_00004746,u_001344,s_00114,2025-02-04 23:39:17
j_00004747,u_001345,s_00130,2025-01-19 23:20:49
j_00004748,u_001345,s_00117,2025-01-06 23:47:49
j_00004749,u_001345,s_00013,2025-02-23 17:03:17
j_00004750,u_001345,s_00043,2025-02-01 20:07:48
j_00004751,u_001346,s_00123,2025-01-28 21:37:52
j_00004752,u_001346,s_00064,2025-02-28 23:34:29
j_00004753,u_001346,s_00084,2025-01-10 23:41:32
j_00004754,u_001346,s_00002,2025-01-16 08:51:30
j_00004755,u_001347,s_00051,2025-02-21 16:55:02
j_00004756,u_001347,s_00082,2025-01-18 19:30:32
j_00004757,u_001347,s_00136,2025-02-26 15:30:40
j_00004758,u_001347,s_00122,2025-02-21 05:55:33
j_00004759,u_001347,s_00138,2025-01-06 17:57:29
j_00004760,u_001347,s_00147,2025-01-28 19:02:30
j_00004761,u_001348,s_00037,2025-02-15 17:30:32
j_00004762,u_001348,s_00085,2025-01-30 16:55:55
j_00004763,u_001348,s_00134,2025-01-13 20:03:24
j_00004764,u_001348,s_00116,2025-01-03 21:58:13
j_00004765,u_001348,s_00015,2025-01-01 18:44:03
j_00004766,u_001349,s_00049,2025-01-11 23:09:52
j_00004767,u_001349,s_00118,2025-01-16 20:38:10
j_00004768,u_001349,s_00141,2025-01-19 16:25:25
j_00004769,u_001349,s_00116,2025-02-21 15:20:45
j_00004770,u_001349,s_00129,2025-01-31 19:37:10
j_00004771,u_001350,s_00020,2025-01-09 23:44:14
j_00004772,u_001350,s_00064,2025-01-05 16:53:38
j_00004773,u_001350,s_00041,2025-01-08 22:25:37
j_00004774,u_001350,s_00049,2025-01-19 20:09:14
j_00004775,u_001350,s_00148,2025-02-14 23:51:32
j_00004776,u_001351,s_00069,2025-01-03 21:20:42
j_00004777,u_001351,s_00078,2025-01-25 17:45:13
j_00004778,u_001351,s_00149,2025-01-27 22:47:26
j_00004779,u_001352,s_00130,2025-01-09 23:03:16
j_00004780,u_001352,s_00090,2025-01-04 18:24:56
j_00004781,u_001352,s_00007,2025-01-14 15:05:23
j_00004782,u_001352,s_00075,2025-01-10 22:36:51
j_00004783,u_001353,s_00146,2025-02-17 20:47:52
j_00004784,u_001353,s_00007,2025-02-25 13:33:10
j_00004785,u_001354,s_00024,2025-02-07 21:19:56
j_00004786,u_001354,s_00003,2025-02-15 17:58:02
j_00004787,u_001354,s_00089,2025-02-15 13:05:23
j_00004788,u_001354,s_00097,2025-02-22 18:08:09
j_00004789,u_001354,s_00124,2025-01-06 23:21:02
j_00004790,u_001354,s_00055,2025-03-01 23:56:33
j_00004791,u_001355,s_00096,2025-01-28 23:53:36
j_00004792,u_001355,s_00086,2025-02-02 21:33:34
j_00004793,u_001356,s_00000,2025-02-17 22:57:25
j_00004794,u_001356,s_00026,2025-01-30 20:54:47
j_00004795,u_001356,s_00086,2025-01-16 15:35:29
j_00004796,u_001356,s_00125,2025-01-02 16:07:32
j_00004797,u_001356,s_00007,2025-01-11 17:53:26
j_00004798,u_001356,s_00124,2025-01-06 23:38:12
j_00004799,u_001357,s_00058,2025-01-23 23:08:39
j_00004800,u_001357,s_00000,2025-02-16 15:50:49
j_00004801,u_001357,s_00146,2025-01-21 20:23:18
j_00004802,u_001357,s_00083,2025-02-05 18:47:27
j_00004803,u_001357,s_00045,2025-01-12 19:15:53
j_00004804,u_001357,s_00124,2025-02-05 17:00:12
j_00004805,u_001358,s_00064,2025-02-27 23:27:25
j_00004806,u_001359,s_00109,2025-01-19 19:27:16
j_00004807,u_001359,s_00148,2025-01-29 20:51:20
j_00004808,u_001359,s_00074,2025-02-27 20:06:27
j_00004809,u_001359,s_00051,2025-02-06 15:54:55
j_00004810,u_001359,s_00101,2025-01-24 20:09:00
j_00004811,u_001360,s_00143,2025-01-08 23:56:21
j_00004812,u_001360,s_00096,2025-02-26 23:42:51
j_00004813,u_001360,s_00090,2025-02-06 15:21:04
j_00004814,u_001360,s_00009,2025-01-04 13:57:30
j_00004815,u_001360,s_00113,2025-02-03 20:21:09
j_00004816,u_001360,s_00084,2025-02-28 23:38:33
j_00004817,u_001361,s_00084,2025-02-25 21:00:42
j_00004818,u_001361,s_00003,2025-01-12 22:06:38
j_00004819,u_001361,s_00065,2025-01-25 14:21:33
j_00004820,u_001361,s_00093,2025-03-01 17:14:44
j_00004821,u_001362,s_00039,2025-02-16 11:13:32
j_00004822,u_001362,s_00005,2025-02-03 19:22:36
j_00004823,u_001362,s_00059,2025-01-19 11:36:04
j_00004824,u_001363,s_00112,2025-02-15 23:07:01
j_00004825,u_001363,s_00136,2025-02-04 23:45:09
j_00004826,u_001363,s_00005,2025-02-01 20:50:32
j_00004827,u_001363,s_00118,2025-02-25 13:50:23
j_00004828,u_001363,s_00114,2025-01-23 21:11:21
j_00004829,u_001363,s_00030,2025-02-07 23:52:26
j_00004830,u_001364,s_00080,2025-01-03 21:07:59
j_00004831,u_001364,s_00143,2025-02-12 23:06:22
j_00004832,u_001364,s_00021,2025-02-02 18:43:26
j_00004833,u_001364,s_00086,2025-02-22 16:45:30
j_00004834,u_001365,s_00149,2025-01-20 19:07:46
j_00004835,u_001366,s_00026,2025-02-25 12:24:44
j_00004836,u_001366,s_00003,2025-02-04 23:24:58
j_00004837,u_001367,s_00127,2025-01-13 20:43:38
j_00004838,u_001367,s_00048,2025-01-10 23:30:57
j_00004839,u_001367,s_00025,2025-01-12 18:36:36
j_00004840,u_001367,s_00069,2025-01-19 13:04:32
j_00004841,u_001367,s_00019,2025-02-03 23:58:33
j_00004842,u_001368,s_00069,2025-02-22 15:33:28
j_00004843,u_001368,s_00005,2025-03-01 21:40:12
j_00004844,u_001368,s_00138,2025-02-10 21:28:21
j_00004845,u_001369,s_00076,2025-01-30 20:14:36
j_00004846,u_001369,s_00130,2025-02-06 16:40:36
j_00004847,u_001370,s_00036,2025-01-20 19:17:09
j_00004848,u_001370,s_00146,2025-01-15 16:13:48
j_00004849,u_001370,s_00035,2025-02-02 23:33:42
j_00004850,u_001370,s_00120,2025-02-19 22:21:31
j_00004851,u_001370,s_00049,2025-01-04 19:53:27
j_00004852,u_001371,s_00126,2025-01-07 17:39:33
j_00004853,u_001372,s_00082,2025-01-11 23:22:34
j_00004854,u_001372,s_00037,2025-01-13 14:02:25
j_00004855,u_001373,s_00111,2025-01-09 13:20:51
j_00004856,u_001373,s_00025,2025-01-08 19:06:09
j_00004857,u_001373,s_00031,2025-01-02 18:13:22
j_00004858,u_001374,s_00051,2025-01-21 23:17:23
j_00004859,u_001375,s_00129,2025-02-13 22:39:05
j_00004860,u_001375,s_00130,2025-01-10 20:06:05
j_00004861,u_001375,s_00083,2025-01-20 22:09:53
j_00004862,u_001376,s_00138,2025-02-28 21:02:46
j_00004863,u_001376,s_00098,2025-01-11 23:55:21
j_00004864,u_001376,s_00097,2025-03-01 21:59:15
j_00004865,u_001376,s_00094,2025-01-31 17:17:24
j_00004866,u_001376,s_00099,2025-02-13 20:27:42
j_00004867,u_001376,s_00027,2025-01-20 09:18:17
j_00004868,u_001377,s_00107,2025-01-20 19:32:03
j_00004869,u_001377,s_00073,2025-01-24 23:33:25
j_00004870,u_001377,s_00111,2025-01-08 22:15:35
j_00004871,u_001377,s_00089,2025-01-19 21:38:31
j_00004872,u_001377,s_00044,2025-02-23 22:00:10
j_00004873,u_001377,s_00102,2025-01-01 23:38:50
j_00004874,u_001378,s_00096,2025-02-04 23:45:37
j_00004875,u_001378,s_00037,2025-02-11 21:03:43
j_00004876,u_001378,s_00103,2025-01-09 18:43:57
j_00004877,u_001378,s_00049,2025-01-07 10:44:30
j_00004878,u_001378,s_00007,2025-02-03 23:58:34
j_00004879,u_001378,s_00052,2025-01-14 22:48:45
j_00004880,u_001379,s_00120,2025-02-28 20:01:46
j_00004881,u_001379,s_00083,2025-01-12 17:04:50
j_00004882,u_001380,s_00066,2025-01-08 23:08:42
j_00004883,u_001381,s_00078,2025-01-20 18:34:03
j_00004884,u_001381,s_00064,2025-01-20 19:42:21
j_00004885,u_001381,s_00093,2025-01-10 19:39:35
j_00004886,u_001381,s_00146,2025-02-09 21:19:26
j_00004887,u_001381,s_00107,2025-01-21 15:12:02
j_00004888,u_001382,s_00084,2025-02-01 22:03:16
j_00004889,u_001382,s_00060,2025-01-15 17:22:18
j_00004890,u_001382,s_00050,2025-01-06 17:18:02
j_00004891,u_001383,s_00115,2025-01-04 23:18:45
j_00004892,u_001383,s_00081,2025-01-04 16:05:22
j_00004893,u_001383,s_00088,2025-02-22 23:17:47
j_00004894,u_001383,s_00020,2025-01-16 20:50:52
j_00004895,u_001383,s_00139,2025-01-19 13:14:53
j_00004896,u_001384,s_00054,2025-02-04 23:52:54
j_00004897,u_001385,s_00030,2025-01-06 21:05:29
j_00004898,u_001385,s_00121,2025-02-06 21:38:14
j_00004899,u_001385,s_00039,2025-02-01 23:06:05
j_00004900,u_001385,s_00073,2025-02-17 23:23:37
j_00004901,u_001385,s_00106,2025-01-08 20:57:07
j_00004902,u_001386,s_00028,2025-01-02 22:46:14
j_00004903,u_001386,s_00114,2025-02-16 21:30:14
j_00004904,u_001386,s_00137,2025-01-23 18:37:16
j_00004905,u_001386,s_00083,2025-01-04 13:39:22
j_00004906,u_001387,s_00026,2025-02-03 20:47:19
j_00004907,u_001387,s_00076,2025-01-28 23:35:31
j_00004908,u_001387,s_00039,2025-02-27 22:30:57
j_00004909,u_001387,s_00149,2025-02-26 15:04:38
j_00004910,u_001387,s_00109,2025-02-02 23:57:40
j_00004911,u_001387,s_00081,2025-01-10 18:33:09
j_00004912,u_001388,s_00059,2025-02-14 11:17:06
j_00004913,u_001389,s_00106,2025-01-13 23:08:11
j_00004914,u_001389,s_00044,2025-02-20 16:36:50
j_00004915,u_001389,s_00072,2025-02-06 23:46:10
j_00004916,u_001390,s_00037,2025-01-22 23:48:59
j_00004917,u_001390,s_00077,2025-02-28 19:53:45
j_00004918,u_001390,s_00149,2025-01-31 21:53:49
j_00004919,u_001390,s_00020,2025-01-24 23:37:18
j_00004920,u_001390,s_00079,2025-01-12 23:56:09
j_00004921,u_001390,s_00099,2025-02-08 20:04:10
j_00004922,u_001391,s_00037,2025-01-17 23:23:51
j_00004923,u_001391,s_00120,2025-01-10 20:29:25
j_00004924,u_001391,s_00090,2025-01-08 22:41:24
j_00004925,u_001392,s_00078,2025-02-08 16:17:14
j_00004926,u_001392,s_00020,2025-02-25 13:17:21
j_00004927,u_001392,s_00013,2025-01-16 18:54:22
j_00004928,u_001392,s_00009,2025-01-14 20:38:44
j_00004929,u_001393,s_00026,2025-02-06 21:38:49
j_00004930,u_001394,s_00145,2025-01-09 14:11:28
j_00004931,u_001394,s_00056,2025-01-06 22:30:20
j_00004932,u_001394,s_00112,2025-02-08 16:25:27
j_00004933,u_001394,s_00086,2025-02-01 22:37:10
j_00004934,u_001394,s_00057,2025-01-02 23:55:04
j_00004935,u_001395,s_00027,2025-01-15 18:16:13
j_00004936,u_001395,s_00040,2025-01-12 16:48:01
j_00004937,u_001396,s_00029,2025-02-10 23:38:02
j_00004938,u_001396,s_00144,2025-02-09 23:29:14
j_00004939,u_001396,s_00056,2025-02-14 20:57:54
j_00004940,u_001396,s_00035,2025-01-06 23:08:11
j_00004941,u_001397,s_00135,2025-02-20 20:40:41
j_00004942,u_001397,s_00081,2025-01-13 17:23:08
j_00004943,u_001397,s_00087,2025-03-01 15:40:27
j_00004944,u_001397,s_00090,2025-02-22 19:08:36
j_00004945,u_001397,s_00086,2025-01-28 23:44:33
j_00004946,u_001397,s_00033,2025-02-17 23:04:47
j_00004947,u_001398,s_00116,2025-02-10 20:20:15
j_00004948,u_001398,s_00054,2025-02-16 23:54:44
j_00004949,u_001398,s_00136,2025-01-02 19:37:24
j_00004950,u_001398,s_00012,2025-01-06 16:29:26
j_00004951,u_001399,s_00113,2025-02-24 14:19:19
j_00004952,u_001399,s_00080,2025-02-16 17:05:59
j_00004953,u_001399,s_00132,2025-02-06 14:06:49
j_00004954,u_001400,s_00146,2025-01-19 23:43:27
j_00004955,u_001400,s_00107,2025-01-26 21:16:44
j_00004956,u_001401,s_00142,2025-01-24 19:04:54
j_00004957,u_001401,s_00081,2025-01-27 23:26:17
j_00004958,u_001401,s_00053,2025-02-07 14:23:19
j_00004959,u_001402,s_00088,2025-02-15 19:57:45
j_00004960,u_001402,s_00145,2025-01-24 23:13:17
j_00004961,u_001402,s_00093,2025-02-20 19:16:05
j_00004962,u_001402,s_00017,2025-01-06 23:09:35
j_00004963,u_001402,s_00110,2025-02-18 23:11:12
j_00004964,u_001402,s_00037,2025-02-10 23:32:35
j_00004965,u_001403,s_00142,2025-01-31 23:13:06
j_00004966,u_001403,s_00114,2025-01-23 20:43:28
j_00004967,u_001404,s_00058,2025-01-23 18:49:14
j_00004968,u_001404,s_00142,2025-01-22 19:29:31
j_00004969,u_001404,s_00063,2025-02-26 16:14:13
j_00004970,u_001404,s_00088,2025-01-02 19:49:15
j_00004971,u_001405,s_00099,2025-02-08 19:57:54
j_00004972,u_001405,s_00012,2025-03-01 23:55:58
j_00004973,u_001405,s_00087,2025-02-02 22:55:19
j_00004974,u_001406,s_00116,2025-02-08 23:48:38
j_00004975,u_001406,s_00011,2025-02-05 11:44:21
j_00004976,u_001407,s_00015,2025-01-31 15:57:10
j_00004977,u_001407,s_00112,2025-02-07 18:20:05
j_00004978,u_001407,s_00061,2025-02-24 23:55:53
j_00004979,u_001407,s_00031,2025-02-12 19:01:03
j_00004980,u_001407,s_00144,2025-02-20 14:49:29
j_00004981,u_001408,s_00032,2025-02-03 19:20:13
j_00004982,u_001408,s_00094,2025-02-16 15:17:45
j_00004983,u_001408,s_00086,2025-02-22 14:40:08
j_00004984,u_001409,s_00086,2025-01-13 23:10:34
j_00004985,u_001409,s_00129,2025-02-21 18:59:20
j_00004986,u_001410,s_00027,2025-02-11 20:43:31
j_00004987,u_001410,s_00066,2025-01-27 19:01:11
j_00004988,u_001410,s_00103,2025-02-16 18:50:07
j_00004989,u_001410,s_00084,2025-01-11 16:06:10
j_00004990,u_001411,s_00087,2025-02-11 18:49:34
j_00004991,u_001411,s_00035,2025-02-04 21:48:38
j_00004992,u_001411,s_00065,2025-02-23 23:38:54
j_00004993,u_001411,s_00023,2025-02-07 23:36:56
j_00004994,u_001411,s_00010,2025-02-01 15:49:45
j_00004995,u_001412,s_00132,2025-02-01 23:51:00
j_00004996,u_001412,s_00138,2025-02-03 21:42:42
j_00004997,u_001412,s_00067,2025-02-23 17:10:42
j_00004998,u_001412,s_00122,2025-02-17 20:39:42
j_00004999,u_001412,s_00025,2025-01-06 22:12:39
j_00005000,u_001412,s_00077,2025-02-01 20:02:41
j_00005001,u_001413,s_00126,2025-01-18 21:09:35
j_00005002,u_001413,s_00020,2025-01-10 16:27:37
j_00005003,u_001413,s_00149,2025-02-21 23:57:41
j_00005004,u_001413,s_00136,2025-02-21 12:02:02
j_00005005,u_001414,s_00142,2025-02-26 22:04:30
j_00005006,u_001414,s_00120,2025-01-24 21:05:07
j_00005007,u_001414,s_00075,2025-01-26 22:11:55
j_00005008,u_001414,s_00012,2025-02-16 17:32:59
j_00005009,u_001415,s_00122,2025-01-12 23:49:09
j_00005010,u_001415,s_00012,2025-01-04 19:02:53
j_00005011,u_001415,s_00079,2025-01-26 15:48:28
j_00005012,u_001415,s_00005,2025-02-07 15:54:40
j_00005013,u_001415,s_00074,2025-01-28 20:04:39
j_00005014,u_001416,s_00095,2025-01-13 13:27:07
j_00005015,u_001416,s_00000,2025-02-01 23:48:54
j_00005016,u_001417,s_00045,2025-02-26 23:41:38
j_00005017,u_001417,s_00143,2025-01-17 23:11:29
j_00005018,u_001418,s_00125,2025-01-25 23:08:36
j_00005019,u_001418,s_00012,2025-01-19 18:26:58
j_00005020,u_001418,s_00136,2025-01-18 16:50:38
j_00005021,u_001419,s_00043,2025-02-09 09:56:39
j_00005022,u_001419,s_00036,2025-01-23 18:28:52
j_00005023,u_001419,s_00126,2025-02-07 23:31:41
j_00005024,u_001419,s_00035,2025-01-02 16:33:08
j_00005025,u_001420,s_00130,2025-02-09 19:29:49
j_00005026,u_001420,s_00024,2025-01-07 17:38:53
j_00005027,u_001420,s_00143,2025-01-23 21:16:44
j_00005028,u_001420,s_00145,2025-02-22 23:32:09
j_00005029,u_001421,s_00078,2025-01-21 13:36:31
j_00005030,u_001422,s_00087,2025-02-11 14:33:03
j_00005031,u_001422,s_00003,2025-01-22 23:58:46
j_00005032,u_001422,s_00005,2025-02-24 22:44:57
j_00005033,u_001422,s_00043,2025-02-27 18:44:02
j_00005034,u_001422,s_00040,2025-02-24 23:48:06
j_00005035,u_001423,s_00077,2025-01-24 14:31:55
j_00005036,u_001423,s_00076,2025-01-20 23:18:47
j_00005037,u_001423,s_00022,2025-02-06 19:32:49
j_00005038,u_001424,s_00024,2025-02-19 22:55:12
j_00005039,u_001424,s_00016,2025-02-01 10:52:38
j_00005040,u_001424,s_00015,2025-02-14 18:21:49
j_00005041,u_001424,s_00004,2025-02-22 22:28:04
j_00005042,u_001424,s_00034,2025-02-15 19:16:17
j_00005043,u_001424,s_00093,2025-01-23 23:00:17
j_00005044,u_001425,s_00053,2025-01-15 23:18:32
j_00005045,u_001425,s_00025,2025-01-27 16:06:15
j_00005046,u_001425,s_00041,2025-02-04 23:21:20
j_00005047,u_001425,s_00078,2025-02-20 16:03:15
j_00005048,u_001425,s_00094,2025-01-19 20:19:03
j_00005049,u_001426,s_00078,2025-01-10 22:42:40
j_00005050,u_001426,s_00030,2025-01-19 16:50:38
j_00005051,u_001426,s_00020,2025-02-05 23:53:52
j_00005052,u_001426,s_00093,2025-01-14 17:33:34
j_00005053,u_001426,s_00008,2025-01-24 17:32:40
j_00005054,u_001426,s_00067,2025-01-16 22:58:21
j_00005055,u_001427,s_00120,2025-03-01 16:33:23
j_00005056,u_001427,s_00099,2025-01-31 16:05:24
j_00005057,u_001427,s_00048,2025-02-13 23:56:58
j_00005058,u_001427,s_00036,2025-02-01 20:36:28
j_00005059,u_001428,s_00003,2025-01-01 14:39:51
j_00005060,u_001428,s_00097,2025-01-16 23:05:19
j_00005061,u_001428,s_00098,2025-02-20 18:28:41
j_00005062,u_001428,s_00017,2025-01-31 14:27:16
j_00005063,u_001429,s_00111,2025-02-12 09:48:23
j_00005064,u_001429,s_00106,2025-02-15 23:22:51
j_00005065,u_001430,s_00082,2025-02-03 16:20:41
j_00005066,u_001430,s_00090,2025-02-04 15:40:29
j_00005067,u_001430,s_00013,2025-01-15 22:00:24
j_00005068,u_001431,s_00034,2025-01-15 23:44:47
j_00005069,u_001431,s_00090,2025-01-09 16:00:09
j_00005070,u_001431,s_00017,2025-01-18 23:14:50
j_00005071,u_001431,s_00098,2025-02-07 23:29:37
j_00005072,u_001431,s_00066,2025-02-25 23:11:19
j_00005073,u_001431,s_00010,2025-01-27 23:02:41
j_00005074,u_001432,s_00122,2025-02-06 21:25:59
j_00005075,u_001432,s_00076,2025-02-21 18:42:20
j_00005076,u_001432,s_00148,2025-02-10 19:14:23
j_00005077,u_001433,s_00128,2025-01-16 21:16:55
j_00005078,u_001434,s_00048,2025-01-17 14:40:20
j_00005079,u_001434,s_00001,2025-02-08 16:56:51
j_00005080,u_001435,s_00149,2025-01-18 14:31:53
j_00005081,u_001435,s_00131,2025-01-15 20:33:34
j_00005082,u_001435,s_00115,2025-02-05 20:49:04
j_00005083,u_001435,s_00077,2025-02-08 17:03:03
j_00005084,u_001436,s_00067,2025-01-16 23:58:16
j_00005085,u_001436,s_00015,2025-01-03 15:28:01
j_00005086,u_001436,s_00136,2025-02-16 17:22:45
j_00005087,u_001436,s_00014,2025-01-24 23:37:38
j_00005088,u_001437,s_00071,2025-02-07 23:54:27
j_00005089,u_001437,s_00027,2025-01-11 16:56:48
j_00005090,u_001437,s_00030,2025-01-19 20:46:08
j_00005091,u_001437,s_00121,2025-02-06 16:29:30
j_00005092,u_001437,s_00033,2025-01-08 19:08:20
j_00005093,u_001437,s_00146,2025-01-20 20:11:01
j_00005094,u_001438,s_00110,2025-02-13 22:50:28
j_00005095,u_001438,s_00034,2025-02-16 21:07:08
j_00005096,u_001438,s_00026,2025-01-22 21:28:02
j_00005097,u_001438,s_00028,2025-01-07 15:24:12
j_00005098,u_001438,s_00077,2025-01-02 21:42:11
j_00005099,u_001438,s_00103,2025-02-03 22:20:37
j_00005100,u_001439,s_00138,2025-02-11 22:42:47
j_00005101,u_001439,s_00023,2025-02-05 17:30:29
j_00005102,u_001439,s_00065,2025-01-25 23:53:38
j_00005103,u_001439,s_00075,2025-01-02 14:11:06
j_00005104,u_001440,s_00141,2025-01-14 18:45:47
j_00005105,u_001440,s_00054,2025-01-03 18:43:30
j_00005106,u_001440,s_00096,2025-01-28 14:49:25
j_00005107,u_001440,s_00029,2025-01-19 18:29:52
j_00005108,u_001441,s_00042,2025-01-05 20:19:18
j_00005109,u_001441,s_00034,2025-02-06 12:31:26
j_00005110,u_001441,s_00007,2025-01-23 18:58:55
j_00005111,u_001441,s_00062,2025-02-27 13:11:08
j_00005112,u_001441,s_00092,2025-01-26 23:39:31
j_00005113,u_001442,s_00103,2025-01-06 20:13:34
j_00005114,u_001443,s_00020,2025-02-12 20:46:42
j_00005115,u_001443,s_00138,2025-02-12 20:25:55
j_00005116,u_001443,s_00010,2025-02-25 22:51:20
j_00005117,u_001443,s_00088,2025-02-11 23:09:06
j_00005118,u_001444,s_00109,2025-01-22 13:07:23
j_00005119,u_001444,s_00148,2025-02-10 23:57:09
j_00005120,u_001444,s_00058,2025-02-17 23:20:43
j_00005121,u_001445,s_00109,2025-01-31 19:05:34
j_00005122,u_001445,s_00116,2025-02-17 19:50:45
j_00005123,u_001445,s_00022,2025-02-28 07:24:20
j_00005124,u_001445,s_00108,2025-02-15 15:55:57
j_00005125,u_001445,s_00105,2025-01-31 22:26:53
j_00005126,u_001446,s_00039,2025-01-30 23:45:54
j_00005127,u_001446,s_00139,2025-02-20 22:34:42
j_00005128,u_001446,s_00147,2025-02-22 19:28:11
j_00005129,u_001446,s_00065,2025-01-16 23:29:08
j_00005130,u_001446,s_00098,2025-01-01 23:15:57
j_00005131,u_001447,s_00107,2025-02-18 18:44:52
j_00005132,u_001447,s_00049,2025-01-15 23:31:52
j_00005133,u_001447,s_00034,2025-03-01 15:00:38
j_00005134,u_001447,s_00047,2025-01-03 14:23:51
j_00005135,u_001448,s_00146,2025-02-24 18:24:29
j_00005136,u_001448,s_00121,2025-02-10 16:53:09
j_00005137,u_001448,s_00084,2025-01-19 18:25:15
j_00005138,u_001448,s_00099,2025-01-03 23:34:51
j_00005139,u_001449,s_00121,2025-02-20 19:04:38
j_00005140,u_001449,s_00043,2025-01-08 19:23:59
j_00005141,u_001449,s_00107,2025-01-06 20:17:53
j_00005142,u_001449,s_00027,2025-02-17 10:29:45
j_00005143,u_001449,s_00021,2025-02-10 13:53:02
j_00005144,u_001450,s_00074,2025-01-08 18:56:11
j_00005145,u_001450,s_00131,2025-01-21 16:17:22
j_00005146,u_001450,s_00127,2025-02-09 19:36:02
j_00005147,u_001450,s_00114,2025-02-09 23:57:56
j_00005148,u_001451,s_00035,2025-01-22 19:13:13
j_00005149,u_001451,s_00074,2025-01-25 14:26:22
j_00005150,u_001452,s_00068,2025-01-05 16:30:40
j_00005151,u_001452,s_00008,2025-01-01 23:00:02
j_00005152,u_001453,s_00044,2025-02-28 23:27:38
j_00005153,u_001453,s_00130,2025-01-14 22:07:06
j_00005154,u_001453,s_00124,2025-02-25 13:18:54
j_00005155,u_001453,s_00024,2025-01-03 21:06:41
j_00005156,u_001453,s_00118,2025-03-01 21:44:20
j_00005157,u_001454,s_00011,2025-01-26 20:50:42
j_00005158,u_001454,s_00063,2025-02-18 17:16:18
j_00005159,u_001454,s_00064,2025-02-20 18:02:06
j_00005160,u_001454,s_00121,2025-01-22 17:29:00
j_00005161,u_001455,s_00081,2025-02-14 15:06:13
j_00005162,u_001455,s_00138,2025-01-21 23:26:42
j_00005163,u_001456,s_00112,2025-02-17 23:32:33
j_00005164,u_001456,s_00052,2025-02-27 18:28:16
j_00005165,u_001456,s_00092,2025-02-18 21:31:41
j_00005166,u_001456,s_00039,2025-02-13 21:34:23
j_00005167,u_001456,s_00088,2025-01-23 23:09:09
j_00005168,u_001456,s_00146,2025-01-07 23:40:40
j_00005169,u_001457,s_00141,2025-01-31 23:40:27
j_00005170,u_001457,s_00107,2025-01-08 20:08:39
j_00005171,u_001457,s_00038,2025-01-31 18:26:33
j_00005172,u_001457,s_00140,2025-02-22 23:17:06
j_00005173,u_001457,s_00148,2025-01-07 22:23:02
j_00005174,u_001457,s_00056,2025-02-24 16:46:06
j_00005175,u_001458,s_00139,2025-02-05 21:35:13
j_00005176,u_001458,s_00033,2025-01-03 23:54:13
j_00005177,u_001458,s_00143,2025-02-13 11:34:55
j_00005178,u_001458,s_00074,2025-01-01 16:02:46
j_00005179,u_001459,s_00083,2025-02-06 21:42:52
j_00005180,u_001459,s_00059,2025-01-31 12:04:28
j_00005181,u_001460,s_00103,2025-02-14 12:20:19
j_00005182,u_001460,s_00060,2025-01-23 18:56:24
j_00005183,u_001460,s_00086,2025-01-08 21:59:52
j_00005184,u_001460,s_00068,2025-01-24 22:08:21
j_00005185,u_001460,s_00036,2025-02-15 23:59:37
j_00005186,u_001460,s_00023,2025-02-27 20:58:08
j_00005187,u_001461,s_00004,2025-01-13 18:52:58
j_00005188,u_001461,s_00140,2025-01-22 14:49:38
j_00005189,u_001462,s_00090,2025-02-22 18:04:57
j_00005190,u_001462,s_00043,2025-01-19 22:07:17
j_00005191,u_001462,s_00133,2025-01-15 23:36:37
j_00005192,u_001463,s_00068,2025-02-19 21:06:16
j_00005193,u_001463,s_00125,2025-01-30 22:15:28
j_00005194,u_001463,s_00107,2025-02-04 23:58:19
j_00005195,u_001463,s_00128,2025-01-30 20:54:08
j_00005196,u_001463,s_00074,2025-02-06 23:15:26
j_00005197,u_001463,s_00000,2025-01-17 17:32:31
j_00005198,u_001464,s_00110,2025-02-13 19:32:09
j_00005199,u_001464,s_00027,2025-01-22 18:15:23
j_00005200,u_001464,s_00007,2025-02-01 23:14:05
j_00005201,u_001464,s_00062,2025-01-12 15:26:38
j_00005202,u_001465,s_00052,2025-01-01 18:36:18
j_00005203,u_001465,s_00081,2025-02-04 12:48:05
j_00005204,u_001466,s_00127,2025-01-09 22:50:30
j_00005205,u_001467,s_00036,2025-02-24 23:01:50
j_00005206,u_001467,s_00063,2025-02-27 23:39:59
j_00005207,u_001467,s_00068,2025-01-19 23:36:58
j_00005208,u_001468,s_00032,2025-01-18 23:02:10
j_00005209,u_001468,s_00009,2025-01-31 22:50:12
j_00005210,u_001468,s_00051,2025-01-13 22:35:53
j_00005211,u_001468,s_00091,2025-02-21 22:43:37
j_00005212,u_001468,s_00045,2025-01-07 17:39:32
j_00005213,u_001469,s_00040,2025-01-28 19:20:48
j_00005214,u_001469,s_00019,2025-01-12 20:12:03
j_00005215,u_001469,s_00073,2025-02-19 18:22:33
j_00005216,u_001469,s_00047,2025-01-09 13:45:34
j_00005217,u_001469,s_00045,2025-01-27 15:38:56
j_00005218,u_001470,s_00118,2025-02-20 20:37:28
j_00005219,u_001470,s_00104,2025-01-27 23:07:30
j_00005220,u_001471,s_00091,2025-01-12 20:00:48
j_00005221,u_001472,s_00084,2025-01-10 23:40:16
j_00005222,u_001472,s_00060,2025-02-06 16:57:04
j_00005223,u_001472,s_00074,2025-01-08 21:21:28
j_00005224,u_001472,s_00119,2025-01-22 23:26:36
j_00005225,u_001472,s_00010,2025-02-06 23:57:29
j_00005226,u_001473,s_00000,2025-01-23 22:13:42
j_00005227,u_001474,s_00097,2025-02-19 23:31:15
j_00005228,u_001475,s_00039,2025-02-11 20:05:00
j_00005229,u_001475,s_00072,2025-01-09 23:15:47
j_00005230,u_001475,s_00035,2025-02-19 23:22:51
j_00005231,u_001476,s_00001,2025-02-24 16:41:37
j_00005232,u_001476,s_00125,2025-01-13 21:18:18
j_00005233,u_001476,s_00012,2025-01-22 13:27:22
j_00005234,u_001476,s_00089,2025-01-24 23:17:28
j_00005235,u_001477,s_00004,2025-01-26 20:08:25
j_00005236,u_001477,s_00147,2025-01-28 23:47:13
j_00005237,u_001478,s_00055,2025-02-23 19:40:22
j_00005238,u_001478,s_00007,2025-02-09 12:38:17
j_00005239,u_001479,s_00090,2025-02-23 23:34:26
j_00005240,u_001479,s_00136,2025-01-22 20:07:22
j_00005241,u_001480,s_00035,2025-02-01 15:30:31
j_00005242,u_001480,s_00041,2025-01-07 23:42:48
j_00005243,u_001480,s_00009,2025-01-17 23:29:19
j_00005244,u_001481,s_00091,2025-02-05 19:43:03
j_00005245,u_001482,s_00110,2025-01-11 19:19:49
j_00005246,u_001483,s_00104,2025-02-27 20:30:11
j_00005247,u_001483,s_00044,2025-01-17 15:22:55
j_00005248,u_001483,s_00139,2025-01-10 17:59:31
j_00005249,u_001484,s_00119,2025-02-16 23:10:31
j_00005250,u_001485,s_00058,2025-01-06 19:17:24
j_00005251,u_001485,s_00148,2025-01-20 16:40:42
j_00005252,u_001486,s_00011,2025-01-12 18:03:39
j_00005253,u_001486,s_00088,2025-02-11 23:30:55
j_00005254,u_001486,s_00000,2025-02-20 12:01:00
j_00005255,u_001486,s_00094,2025-01-12 21:31:11
j_00005256,u_001487,s_00027,2025-01-25 23:19:16
j_00005257,u_001488,s_00041,2025-01-29 23:11:11
j_00005258,u_001488,s_00049,2025-02-11 22:29:56
j_00005259,u_001488,s_00098,2025-01-22 23:19:04
j_00005260,u_001488,s_00092,2025-02-01 23:04:07
j_00005261,u_001489,s_00056,2025-01-31 19:31:26
j_00005262,u_001489,s_00018,2025-01-01 23:33:15
j_00005263,u_001489,s_00148,2025-02-04 23:39:19
j_00005264,u_001489,s_00085,2025-02-04 14:54:36
j_00005265,u_001490,s_00117,2025-03-01 22:42:33
j_00005266,u_001490,s_00005,2025-01-31 21:47:51
j_00005267,u_001490,s_00036,2025-02-23 20:38:27
j_00005268,u_001490,s_00099,2025-01-21 20:40:56
j_00005269,u_001491,s_00123,2025-02-11 20:47:11
j_00005270,u_001491,s_00091,2025-02-24 21:39:11
j_00005271,u_001491,s_00019,2025-01-10 23:30:23
j_00005272,u_001491,s_00035,2025-02-04 21:43:07
j_00005273,u_001492,s_00056,2025-02-25 19:57:01
j_00005274,u_001492,s_00134,2025-02-03 16:29:22
j_00005275,u_001492,s_00047,2025-02-23 18:13:32
j_00005276,u_001492,s_00119,2025-01-26 21:24:16
j_00005277,u_001492,s_00003,2025-02-23 17:00:16
j_00005278,u_001493,s_00112,2025-02-07 23:18:05
j_00005279,u_001494,s_00008,2025-01-29 21:53:06
j_00005280,u_001494,s_00078,2025-01-13 23:05:52
j_00005281,u_001495,s_00110,2025-01-11 17:53:03
j_00005282,u_001495,s_00011,2025-01-18 16:33:42
j_00005283,u_001496,s_00072,2025-02-15 23:19:42
j_00005284,u_001496,s_00129,2025-01-29 20:28:12
j_00005285,u_001496,s_00073,2025-01-24 19:52:14
j_00005286,u_001496,s_00003,2025-01-29 22:07:22
j_00005287,u_001496,s_00005,2025-01-21 22:33:39
j_00005288,u_001497,s_00149,2025-02-18 14:16:02
j_00005289,u_001497,s_00065,2025-01-24 23:32:48
j_00005290,u_001497,s_00037,2025-01-29 18:47:20
j_00005291,u_001497,s_00078,2025-02-03 23:55:29
j_00005292,u_001497,s_00008,2025-02-08 14:15:54
j_00005293,u_001497,s_00144,2025-01-21 21:39:07
j_00005294,u_001498,s_00110,2025-01-05 19:25:56
j_00005295,u_001498,s_00126,2025-02-11 12:30:36
j_00005296,u_001498,s_00012,2025-02-03 22:09:25
j_00005297,u_001498,s_00054,2025-02-08 12:51:04
j_00005298,u_001498,s_00108,2025-02-02 18:10:04
j_00005299,u_001498,s_00083,2025-01-31 23:02:49
j_00005300,u_001499,s_00015,2025-02-26 17:45:24
j_00005301,u_001499,s_00060,2025-01-04 16:24:45
j_00005302,u_001499,s_00036,2025-01-06 23:04:49
j_00005303,u_001499,s_00017,2025-02-26 19:40:24
j_00005304,u_001500,s_00060,2025-02-23 18:17:18
j_00005305,u_001500,s_00121,2025-01-25 23:58:16
j_00005306,u_001500,s_00047,2025-02-02 15:58:38
j_00005307,u_001501,s_00055,2025-01-27 18:33:42
j_00005308,u_001501,s_00076,2025-03-01 23:28:20
j_00005309,u_001501,s_00099,2025-01-28 15:26:34
j_00005310,u_001502,s_00017,2025-02-15 23:36:32
j_00005311,u_001503,s_00095,2025-01-22 19:54:08
j_00005312,u_001503,s_00076,2025-01-23 23:38:31
j_00005313,u_001503,s_00007,2025-02-10 23:05:45
j_00005314,u_001504,s_00087,2025-01-24 19:11:57
j_00005315,u_001504,s_00055,2025-01-01 18:37:20
j_00005316,u_001504,s_00032,2025-01-11 19:22:14
j_00005317,u_001504,s_00057,2025-02-22 22:28:53
j_00005318,u_001505,s_00125,2025-01-23 16:24:55
j_00005319,u_001505,s_00035,2025-01-07 15:35:49
j_00005320,u_001506,s_00006,2025-02-26 23:13:20
j_00005321,u_001506,s_00125,2025-03-01 17:04:16
j_00005322,u_001506,s_00005,2025-01-30 21:14:37
j_00005323,u_001506,s_00081,2025-02-07 19:40:15
j_00005324,u_001506,s_00042,2025-02-15 19:36:46
j_00005325,u_001507,s_00140,2025-01-04 23:48:23
j_00005326,u_001507,s_00042,2025-01-18 19:06:19
j_00005327,u_001507,s_00008,2025-02-03 18:08:48
j_00005328,u_001507,s_00023,2025-02-02 18:07:21
j_00005329,u_001507,s_00002,2025-01-20 17:33:07
j_00005330,u_001508,s_00091,2025-01-01 17:34:47
j_00005331,u_001508,s_00080,2025-02-27 18:09:18
j_00005332,u_001509,s_00008,2025-02-06 23:26:39
j_00005333,u_001509,s_00038,2025-02-15 22:03:39
j_00005334,u_001509,s_00099,2025-01-27 18:36:04
j_00005335,u_001509,s_00033,2025-01-31 23:34:02
j_00005336,u_001509,s_00107,2025-01-27 13:01:49
j_00005337,u_001509,s_00029,2025-01-26 23:05:03
j_00005338,u_001510,s_00005,2025-02-10 23:42:19
j_00005339,u_001511,s_00046,2025-03-01 23:53:45
j_00005340,u_001511,s_00063,2025-02-16 23:50:10
j_00005341,u_001511,s_00047,2025-02-10 21:34:31
j_00005342,u_001511,s_00065,2025-01-01 23:31:06
j_00005343,u_001511,s_00116,2025-01-31 17:48:33
j_00005344,u_001511,s_00112,2025-02-27 18:50:42
j_00005345,u_001512,s_00050,2025-01-24 19:54:14
j_00005346,u_001512,s_00142,2025-02-02 23:23:16
j_00005347,u_001512,s_00029,2025-01-20 16:28:31
j_00005348,u_001512,s_00025,2025-01-12 16:04:47
j_00005349,u_001512,s_00049,2025-02-12 20:10:32
j_00005350,u_001513,s_00059,2025-01-19 22:22:42
j_00005351,u_001513,s_00014,2025-02-05 17:48:24
j_00005352,u_001514,s_00109,2025-02-05 22:26:07
j_00005353,u_001514,s_00136,2025-02-20 23:35:57
j_00005354,u_001514,s_00121,2025-02-26 23:51:47
j_00005355,u_001514,s_00139,2025-02-03 21:28:02
j_00005356,u_001515,s_00027,2025-01-04 19:20:16
j_00005357,u_001515,s_00066,2025-02-04 23:43:24
j_00005358,u_001516,s_00068,2025-02-23 20:18:04
j_00005359,u_001516,s_00062,2025-01-29 23:23:51
j_00005360,u_001516,s_00006,2025-02-03 23:53:10
j_00005361,u_001516,s_00135,2025-02-15 23:26:12
j_00005362,u_001516,s_00125,2025-01-27 16:15:19
j_00005363,u_001517,s_00077,2025-01-25 15:50:56
j_00005364,u_001518,s_00119,2025-01-29 18:38:13
j_00005365,u_001518,s_00040,2025-02-21 22:46:25
j_00005366,u_001519,s_00033,2025-01-30 21:19:40
j_00005367,u_001519,s_00103,2025-01-20 23:46:09
j_00005368,u_001520,s_00106,2025-02-05 21:57:05
j_00005369,u_001520,s_00142,2025-02-11 18:09:05
j_00005370,u_001521,s_00062,2025-02-24 15:11:11
j_00005371,u_001521,s_00126,2025-02-23 23:33:19
j_00005372,u_001522,s_00070,2025-02-16 19:43:56
j_00005373,u_001522,s_00025,2025-02-16 13:00:55
j_00005374,u_001522,s_00061,2025-01-27 20:33:34
j_00005375,u_001522,s_00085,2025-01-21 16:07:56
j_00005376,u_001523,s_00068,2025-02-03 18:58:01
j_00005377,u_001523,s_00121,2025-02-12 20:43:33
j_00005378,u_001523,s_00088,2025-02-01 16:59:26
j_00005379,u_001523,s_00141,2025-01-13 18:13:07
j_00005380,u_001524,s_00146,2025-01-01 17:47:33
j_00005381,u_001524,s_00031,2025-01-04 17:22:27
j_00005382,u_001524,s_00094,2025-01-26 15:06:45
j_00005383,u_001524,s_00077,2025-02-17 18:28:25
j_00005384,u_001525,s_00072,2025-02-17 16:28:25
j_00005385,u_001525,s_00124,2025-02-18 22:30:13
j_00005386,u_001526,s_00056,2025-02-12 20:51:28
j_00005387,u_001526,s_00057,2025-01-02 23:16:04
j_00005388,u_001527,s_00091,2025-02-23 23:38:33
j_00005389,u_001527,s_00104,2025-02-26 22:11:22
j_00005390,u_001527,s_00109,2025-02-20 21:52:16
j_00005391,u_001527,s_00005,2025-01-27 22:27:22
j_00005392,u_001527,s_00060,2025-01-13 21:47:53
j_00005393,u_001527,s_00037,2025-02-24 20:16:42
j_00005394,u_001528,s_00079,2025-01-12 19:18:51
j_00005395,u_001528,s_00014,2025-02-17 15:58:23
j_00005396,u_001529,s_00098,2025-02-27 23:11:23
j_00005397,u_001530,s_00052,2025-02-24 19:33:00
j_00005398,u_001530,s_00036,2025-02-01 23:19:40
j_00005399,u_001530,s_00091,2025-02-20 23:23:01
j_00005400,u_001531,s_00075,2025-02-19 17:41:58
j_00005401,u_001532,s_00087,2025-02-28 23:46:41
j_00005402,u_001532,s_00015,2025-01-22 09:28:27
j_00005403,u_001532,s_00022,2025-02-07 23:38:39
j_00005404,u_001533,s_00148,2025-02-19 14:02:59
j_00005405,u_001533,s_00061,2025-01-14 21:14:09
j_00005406,u_001533,s_00104,2025-01-14 21:44:44
j_00005407,u_001533,s_00008,2025-01-24 23:39:51
j_00005408,u_001533,s_00140,2025-01-22 18:02:35
j_00005409,u_001533,s_00136,2025-02-15 11:53:39
j_00005410,u_001534,s_00024,2025-02-26 18:24:30
j_00005411,u_001534,s_00049,2025-01-10 19:18:09
j_00005412,u_001535,s_00123,2025-01-20 11:27:58
j_00005413,u_001535,s_00137,2025-02-25 20:23:17
j_00005414,u_001535,s_00135,2025-02-05 15:30:23
j_00005415,u_001535,s_00006,2025-01-13 22:09:58
j_00005416,u_001535,s_00119,2025-02-06 19:08:03
j_00005417,u_001536,s_00053,2025-02-22 23:59:24
j_00005418,u_001536,s_00105,2025-01-23 18:44:33
j_00005419,u_001536,s_00030,2025-01-30 21:21:14
j_00005420,u_001537,s_00129,2025-02-06 19:50:40
j_00005421,u_001537,s_00122,2025-02-20 13:47:31
j_00005422,u_001537,s_00100,2025-02-03 19:41:15
j_00005423,u_001538,s_00035,2025-02-27 23:43:12
j_00005424,u_001538,s_00052,2025-02-15 22:57:17
j_00005425,u_001538,s_00041,2025-01-26 18:50:47
j_00005426,u_001538,s_00140,2025-01-30 14:15:31
j_00005427,u_001539,s_00053,2025-02-11 22:43:47
j_00005428,u_001539,s_00051,2025-01-05 21:09:43
j_00005429,u_001539,s_00063,2025-01-14 23:30:48
j_00005430,u_001539,s_00095,2025-01-15 18:04:51
j_00005431,u_001540,s_00035,2025-02-18 13:10:37
j_00005432,u_001540,s_00112,2025-02-19 22:43:21
j_00005433,u_001541,s_00149,2025-02-19 19:22:41
j_00005434,u_001541,s_00115,2025-01-07 23:09:56
j_00005435,u_001542,s_00133,2025-01-18 20:58:19
j_00005436,u_001542,s_00112,2025-01-19 19:56:29
j_00005437,u_001542,s_00085,2025-01-02 21:13:52
j_00005438,u_001542,s_00022,2025-01-16 17:35:35
j_00005439,u_001542,s_00075,2025-01-26 17:17:08
j_00005440,u_001542,s_00003,2025-02-23 19:48:21
j_00005441,u_001543,s_00081,2025-01-11 16:41:15
j_00005442,u_001543,s_00140,2025-02-21 19:26:28
j_00005443,u_001544,s_00103,2025-02-19 23:55:59
j_00005444,u_001544,s_00141,2025-01-10 23:44:50
j_00005445,u_001544,s_00117,2025-01-16 21:09:57
j_00005446,u_001544,s_00078,2025-01-28 23:26:44
j_00005447,u_001544,s_00061,2025-02-26 16:49:30
j_00005448,u_001544,s_00095,2025-02-17 23:32:39
j_00005449,u_001545,s_00029,2025-02-28 18:05:29
j_00005450,u_001545,s_00088,2025-01-19 23:46:02
j_00005451,u_001545,s_00106,2025-02-24 23:28:07
j_00005452,u_001546,s_00003,2025-02-27 12:14:33
j_00005453,u_001546,s_00087,2025-02-05 23:48:39
j_00005454,u_001546,s_00090,2025-01-10 18:53:15
j_00005455,u_001546,s_00000,2025-01-17 17:35:01
j_00005456,u_001546,s_00104,2025-01-08 22:42:04
j_00005457,u_001546,s_00082,2025-02-18 15:14:18
j_00005458,u_001547,s_00127,2025-01-19 22:44:51
j_00005459,u_001547,s_00016,2025-02-12 16:54:25
j_00005460,u_001547,s_00054,2025-01-17 20:14:58
j_00005461,u_001548,s_00131,2025-02-28 23:56:53
j_00005462,u_001548,s_00034,2025-02-16 21:05:51
j_00005463,u_001548,s_00137,2025-01-23 18:26:58
j_00005464,u_001548,s_00037,2025-01-29 22:04:14
j_00005465,u_001549,s_00084,2025-01-04 14:26:58
j_00005466,u_001549,s_00044,2025-01-09 16:38:55
j_00005467,u_001549,s_00043,2025-03-01 18:52:47
j_00005468,u_001549,s_00058,2025-02-18 23:09:11
j_00005469,u_001550,s_00073,2025-02-20 21:53:17
j_00005470,u_001550,s_00132,2025-02-08 22:59:39
j_00005471,u_001550,s_00116,2025-01-14 19:03:02
j_00005472,u_001551,s_00079,2025-01-07 16:57:49
j_00005473,u_001551,s_00082,2025-02-13 23:54:25
j_00005474,u_001552,s_00149,2025-01-20 17:01:01
j_00005475,u_001552,s_00006,2025-01-01 21:03:17
j_00005476,u_001552,s_00014,2025-01-02 19:43:23
j_00005477,u_001552,s_00105,2025-02-03 22:25:39
j_00005478,u_001553,s_00097,2025-02-20 17:15:36
j_00005479,u_001553,s_00005,2025-01-22 23:24:22
j_00005480,u_001553,s_00103,2025-03-01 23:20:37
j_00005481,u_001553,s_00031,2025-01-23 23:58:53
j_00005482,u_001554,s_00111,2025-02-13 20:14:21
j_00005483,u_001554,s_00011,2025-01-15 18:05:22
j_00005484,u_001555,s_00030,2025-02-06 23:49:06
j_00005485,u_001555,s_00073,2025-01-17 16:50:22
j_00005486,u_001555,s_00099,2025-02-16 23:53:17
j_00005487,u_001555,s_00011,2025-01-28 21:58:45
j_00005488,u_001555,s_00059,2025-01-03 19:02:06
j_00005489,u_001556,s_00042,2025-01-15 20:46:35
j_00005490,u_001556,s_00019,2025-01-22 17:16:46
j_00005491,u_001556,s_00040,2025-01-28 21:25:15
j_00005492,u_001556,s_00001,2025-01-17 21:26:04
j_00005493,u_001557,s_00105,2025-02-04 23:59:40
j_00005494,u_001558,s_00033,2025-02-27 23:31:35
j_00005495,u_001558,s_00087,2025-02-12 22:13:33
j_00005496,u_001558,s_00089,2025-01-19 22:05:52
j_00005497,u_001558,s_00117,2025-02-10 23:35:06
j_00005498,u_001558,s_00118,2025-02-28 16:49:11
j_00005499,u_001558,s_00131,2025-01-15 19:42:28
j_00005500,u_001559,s_00005,2025-01-14 12:56:33
j_00005501,u_001560,s_00097,2025-01-03 22:02:55
j_00005502,u_001560,s_00036,2025-02-20 23:24:37
j_00005503,u_001560,s_00121,2025-02-19 16:36:12
j_00005504,u_001560,s_00110,2025-01-25 23:51:51
j_00005505,u_001561,s_00081,2025-02-22 17:18:24
j_00005506,u_001561,s_00000,2025-02-09 18:40:52
j_00005507,u_001561,s_00144,2025-02-28 20:12:16
j_00005508,u_001562,s_00049,2025-02-25 23:35:47
j_00005509,u_001562,s_00072,2025-02-27 16:46:32
j_00005510,u_001562,s_00123,2025-01-24 21:49:33
j_00005511,u_001562,s_00120,2025-02-08 23:27:58
j_00005512,u_001563,s_00031,2025-01-11 22:28:09
j_00005513,u_001563,s_00110,2025-02-23 22:52:18
j_00005514,u_001563,s_00020,2025-01-20 23:32:10
j_00005515,u_001563,s_00028,2025-01-27 17:21:49
j_00005516,u_001563,s_00069,2025-02-05 23:16:51
j_00005517,u_001564,s_00148,2025-02-17 19:42:50
j_00005518,u_001564,s_00067,2025-02-13 19:42:14
j_00005519,u_001564,s_00115,2025-02-27 23:32:15
j_00005520,u_001564,s_00083,2025-02-12 17:09:24
j_00005521,u_001564,s_00035,2025-02-17 21:09:46
j_00005522,u_001565,s_00002,2025-02-04 17:14:45
j_00005523,u_001565,s_00001,2025-01-25 23:00:59
j_00005524,u_001565,s_00011,2025-02-24 23:28:47
j_00005525,u_001565,s_00083,2025-01-23 19:24:57
j_00005526,u_001566,s_00108,2025-02-07 22:23:15
j_00005527,u_001566,s_00026,2025-01-18 20:56:36
j_00005528,u_001566,s_00028,2025-01-29 18:14:31
j_00005529,u_001566,s_00078,2025-01-23 20:48:09
j_00005530,u_001566,s_00114,2025-01-16 19:11:56
j_00005531,u_001566,s_00129,2025-02-19 13:36:07
j_00005532,u_001567,s_00049,2025-02-16 21:51:51
j_00005533,u_001567,s_00138,2025-02-12 19:50:16
j_00005534,u_001567,s_00097,2025-01-05 21:35:13
j_00005535,u_001567,s_00016,2025-01-15 19:12:36
j_00005536,u_001567,s_00095,2025-01-14 18:22:28
j_00005537,u_001568,s_00062,2025-02-12 23:25:23
j_00005538,u_001568,s_00018,2025-02-23 22:50:54
j_00005539,u_001568,s_00009,2025-01-23 23:22:41
j_00005540,u_001568,s_00117,2025-01-20 21:49:36
j_00005541,u_001568,s_00015,2025-02-03 19:57:47
j_00005542,u_001569,s_00145,2025-03-01 22:06:48
j_00005543,u_001569,s_00054,2025-01-23 12:56:10
j_00005544,u_001569,s_00089,2025-01-17 23:34:26
j_00005545,u_001570,s_00112,2025-02-01 21:36:54
j_00005546,u_001570,s_00143,2025-02-24 23:18:48
j_00005547,u_001571,s_00123,2025-02-13 16:20:03
j_00005548,u_001571,s_00076,2025-02-01 15:32:14
j_00005549,u_001572,s_00149,2025-02-13 21:11:15
j_00005550,u_001572,s_00083,2025-01-01 21:43:30
j_00005551,u_001572,s_00094,2025-02-15 21:40:48
j_00005552,u_001572,s_00050,2025-01-06 20:00:28
j_00005553,u_001573,s_00055,2025-01-24 17:12:11
j_00005554,u_001573,s_00073,2025-01-21 14:30:33
j_00005555,u_001573,s_00092,2025-02-11 21:44:13
j_00005556,u_001573,s_00050,2025-01-15 14:17:40
j_00005557,u_001574,s_00144,2025-01-15 14:53:58
j_00005558,u_001575,s_00003,2025-02-23 18:32:37
j_00005559,u_001575,s_00066,2025-01-29 21:32:54
j_00005560,u_001576,s_00053,2025-02-14 23:06:32
j_00005561,u_001576,s_00024,2025-02-04 23:37:48
j_00005562,u_001576,s_00023,2025-02-07 23:49:56
j_00005563,u_001576,s_00072,2025-02-11 22:12:10
j_00005564,u_001576,s_00055,2025-02-10 21:32:39
j_00005565,u_001576,s_00105,2025-02-24 23:00:15
j_00005566,u_001577,s_00005,2025-02-17 14:12:05
j_00005567,u_001577,s_00104,2025-01-19 18:04:14
j_00005568,u_001577,s_00045,2025-01-11 18:46:08
j_00005569,u_001577,s_00029,2025-02-20 23:59:11
j_00005570,u_001577,s_00069,2025-01-23 16:02:00
j_00005571,u_001578,s_00026,2025-01-19 23:42:58
j_00005572,u_001578,s_00032,2025-01-07 22:35:26
j_00005573,u_001578,s_00041,2025-02-03 23:42:09
j_00005574,u_001578,s_00082,2025-01-31 23:30:20
j_00005575,u_001578,s_00143,2025-02-19 23:59:44
j_00005576,u_001579,s_00003,2025-02-14 19:02:37
j_00005577,u_001579,s_00075,2025-02-13 22:08:03
j_00005578,u_001580,s_00013,2025-02-02 17:14:08
j_00005579,u_001581,s_00024,2025-02-21 16:46:32
j_00005580,u_001581,s_00052,2025-02-28 23:04:58
j_00005581,u_001582,s_00131,2025-02-18 16:07:04
j_00005582,u_001582,s_00082,2025-01-21 22:43:51
j_00005583,u_001582,s_00093,2025-01-17 22:25:03
j_00005584,u_001582,s_00118,2025-01-01 23:42:29
j_00005585,u_001582,s_00015,2025-03-01 13:21:13
j_00005586,u_001582,s_00145,2025-02-13 23:05:25
j_00005587,u_001583,s_00042,2025-02-26 19:35:55
j_00005588,u_001583,s_00122,2025-02-17 17:06:12
j_00005589,u_001583,s_00024,2025-01-26 18:28:38
j_00005590,u_001583,s_00138,2025-01-09 23:52:19
j_00005591,u_001584,s_00000,2025-01-03 22:10:39
j_00005592,u_001584,s_00031,2025-02-17 19:12:03
j_00005593,u_001584,s_00019,2025-01-19 15:56:17
j_00005594,u_001584,s_00085,2025-01-23 15:18:57
j_00005595,u_001584,s_00025,2025-02-20 23:22:43
j_00005596,u_001585,s_00130,2025-01-29 14:41:56
j_00005597,u_001585,s_00097,2025-02-27 19:07:40
j_00005598,u_001585,s_00031,2025-02-02 23:03:11
j_00005599,u_001586,s_00046,2025-02-19 21:50:27
j_00005600,u_001586,s_00111,2025-01-08 22:56:52
j_00005601,u_001586,s_00132,2025-01-24 15:59:40
j_00005602,u_001587,s_00016,2025-01-11 15:01:31
j_00005603,u_001587,s_00148,2025-01-04 23:31:52
j_00005604,u_001587,s_00097,2025-03-01 18:50:06
j_00005605,u_001587,s_00080,2025-02-01 23:50:57
j_00005606,u_001588,s_00103,2025-01-22 20:21:07
j_00005607,u_001588,s_00077,2025-01-23 23:29:59
j_00005608,u_001588,s_00090,2025-01-15 18:09:48
j_00005609,u_001588,s_00047,2025-01-08 21:08:29
j_00005610,u_001588,s_00136,2025-02-24 16:22:28
j_00005611,u_001588,s_00080,2025-01-07 23:13:01
j_00005612,u_001589,s_00053,2025-01-24 22:58:19
j_00005613,u_001589,s_00098,2025-01-10 16:04:13
j_00005614,u_001589,s_00092,2025-02-25 19:31:42
j_00005615,u_001590,s_00101,2025-01-13 23:33:11
j_00005616,u_001590,s_00106,2025-01-24 23:03:48
j_00005617,u_001590,s_00095,2025-02-15 14:26:18
j_00005618,u_001590,s_00069,2025-02-04 18:56:51
j_00005619,u_001591,s_00000,2025-01-23 23:06:21
j_00005620,u_001591,s_00095,2025-02-03 19:08:45
j_00005621,u_001591,s_00072,2025-01-27 21:09:40
j_00005622,u_001591,s_00103,2025-01-18 23:03:59
j_00005623,u_001591,s_00005,2025-02-05 15:53:31
j_00005624,u_001591,s_00139,2025-01-22 16:02:21
j_00005625,u_001592,s_00067,2025-02-27 19:16:38
j_00005626,u_001592,s_00125,2025-01-28 23:49:01
j_00005627,u_001592,s_00119,2025-02-15 23:59:58
j_00005628,u_001593,s_00130,2025-01-15 23:09:40
j_00005629,u_001593,s_00057,2025-02-08 19:21:02
j_00005630,u_001593,s_00002,2025-02-03 23:10:10
j_00005631,u_001593,s_00109,2025-02-14 19:11:00
j_00005632,u_001593,s_00112,2025-01-28 22:56:40
j_00005633,u_001593,s_00070,2025-02-13 23:20:39
j_00005634,u_001594,s_00139,2025-01-04 23:36:09
j_00005635,u_001594,s_00067,2025-02-11 20:09:32
j_00005636,u_001594,s_00010,2025-02-15 18:17:29
j_00005637,u_001594,s_00120,2025-01-30 23:21:28
j_00005638,u_001595,s_00040,2025-01-03 23:35:37
j_00005639,u_001595,s_00058,2025-02-04 18:54:51
j_00005640,u_001595,s_00143,2025-02-16 15:14:54
j_00005641,u_001595,s_00134,2025-01-28 23:38:09
j_00005642,u_001595,s_00024,2025-01-06 13:29:56
j_00005643,u_001595,s_00013,2025-01-24 13:47:34
j_00005644,u_001596,s_00135,2025-03-01 19:20:10
j_00005645,u_001596,s_00064,2025-01-17 20:25:55
j_00005646,u_001596,s_00082,2025-02-01 15:37:22
j_00005647,u_001597,s_00103,2025-01-22 20:26:26
j_00005648,u_001597,s_00078,2025-02-12 21:45:58
j_00005649,u_001597,s_00117,2025-01-26 18:00:34
j_00005650,u_001597,s_00025,2025-01-24 23:20:08
j_00005651,u_001598,s_00026,2025-02-04 21:10:04
j_00005652,u_001598,s_00083,2025-02-04 23:08:49
j_00005653,u_001599,s_00091,2025-01-30 14:03:20
j_00005654,u_001599,s_00105,2025-01-16 14:21:05
j_00005655,u_001599,s_00056,2025-01-07 21:13:02
j_00005656,u_001599,s_00106,2025-02-11 23:45:56
j_00005657,u_001600,s_00019,2025-01-21 15:30:34
j_00005658,u_001600,s_00097,2025-02-06 20:47:31
j_00005659,u_001601,s_00140,2025-01-23 15:53:35
j_00005660,u_001601,s_00097,2025-02-21 17:47:25
j_00005661,u_001601,s_00019,2025-02-12 20:25:57
j_00005662,u_001601,s_00077,2025-01-25 18:58:36
j_00005663,u_001602,s_00130,2025-01-20 14:23:38
j_00005664,u_001602,s_00121,2025-02-14 14:49:53
j_00005665,u_001602,s_00024,2025-01-01 12:10:00
j_00005666,u_001602,s_00025,2025-01-04 21:58:19
j_00005667,u_001602,s_00106,2025-01-06 22:18:49
j_00005668,u_001603,s_00015,2025-01-21 22:37:05
j_00005669,u_001603,s_00022,2025-01-30 16:21:19
j_00005670,u_001603,s_00025,2025-01-18 23:13:09
j_00005671,u_001604,s_00017,2025-01-12 22:19:42
j_00005672,u_001604,s_00045,2025-01-19 20:36:50
j_00005673,u_001604,s_00129,2025-01-30 19:06:15
j_00005674,u_001605,s_00005,2025-01-18 17:11:41
j_00005675,u_001605,s_00129,2025-02-04 20:55:45
j_00005676,u_001606,s_00020,2025-01-23 23:05:54
j_00005677,u_001606,s_00139,2025-02-26 23:43:55
j_00005678,u_001606,s_00058,2025-03-01 18:18:27
j_00005679,u_001606,s_00034,2025-02-09 22:19:04
j_00005680,u_001606,s_00067,2025-02-03 15:21:44
j_00005681,u_001607,s_00136,2025-01-02 22:22:32
j_00005682,u_001607,s_00122,2025-02-07 16:42:27
j_00005683,u_001607,s_00137,2025-01-23 22:48:32
j_00005684,u_001607,s_00120,2025-01-18 23:21:38
j_00005685,u_001608,s_00142,2025-02-17 17:10:17
j_00005686,u_001608,s_00113,2025-01-03 23:00:19
j_00005687,u_001608,s_00025,2025-01-16 21:43:20
j_00005688,u_001608,s_00048,2025-02-16 17:55:29
j_00005689,u_001609,s_00053,2025-02-25 16:02:40
j_00005690,u_001610,s_00051,2025-01-31 23:35:02
j_00005691,u_001611,s_00055,2025-02-01 21:13:17
j_00005692,u_001612,s_00048,2025-02-28 17:12:43
j_00005693,u_001612,s_00129,2025-01-06 19:49:01
j_00005694,u_001612,s_00043,2025-01-29 21:15:47
j_00005695,u_001612,s_00065,2025-01-15 19:18:46
j_00005696,u_001612,s_00063,2025-01-29 21:07:19
j_00005697,u_001612,s_00119,2025-02-24 23:54:37
j_00005698,u_001613,s_00079,2025-02-05 15:54:29
j_00005699,u_001613,s_00042,2025-03-01 22:54:15
j_00005700,u_001613,s_00066,2025-01-31 19:13:08
j_00005701,u_001613,s_00067,2025-02-21 18:11:57
j_00005702,u_001613,s_00136,2025-01-11 23:56:51
j_00005703,u_001613,s_00019,2025-01-20 14:36:53
j_00005704,u_001614,s_00049,2025-01-17 10:15:08
j_00005705,u_001615,s_00013,2025-02-16 20:02:57
j_00005706,u_001616,s_00024,2025-01-31 19:47:37
j_00005707,u_001616,s_00055,2025-01-14 14:48:30
j_00005708,u_001616,s_00007,2025-01-11 13:00:20
j_00005709,u_001616,s_00034,2025-01-24 23:28:14
j_00005710,u_001616,s_00018,2025-01-10 21:28:19
j_00005711,u_001617,s_00139,2025-02-11 20:27:10
j_00005712,u_001617,s_00042,2025-02-20 23:22:47
j_00005713,u_001617,s_00018,2025-02-28 23:19:56
j_00005714,u_001617,s_00098,2025-01-15 23:20:58
j_00005715,u_001618,s_00015,2025-01-27 15:55:53
j_00005716,u_001618,s_00114,2025-01-31 15:59:07
j_00005717,u_001619,s_00094,2025-01-30 22:06:44
j_00005718,u_001619,s_00048,2025-01-28 21:43:51
j_00005719,u_001619,s_00071,2025-01-14 23:34:30
j_00005720,u_001619,s_00125,2025-01-07 13:15:33
j_00005721,u_001620,s_00110,2025-01-25 22:11:23
j_00005722,u_001620,s_00046,2025-01-06 23:45:49
j_00005723,u_001621,s_00103,2025-01-04 23:21:42
j_00005724,u_001621,s_00101,2025-02-01 18:07:37
j_00005725,u_001622,s_00006,2025-02-21 22:58:00
j_00005726,u_001622,s_00134,2025-02-02 16:55:57
j_00005727,u_001622,s_00141,2025-01-02 18:25:31
j_00005728,u_001623,s_00020,2025-02-20 15:25:57
j_00005729,u_001623,s_00119,2025-02-11 16:25:40
j_00005730,u_001623,s_00047,2025-01-19 19:11:31
j_00005731,u_001623,s_00100,2025-01-17 18:06:45
j_00005732,u_001623,s_00099,2025-02-23 16:16:14
j_00005733,u_001623,s_00131,2025-01-29 14:23:27
j_00005734,u_001624,s_00108,2025-01-09 23:09:01
j_00005735,u_001624,s_00061,2025-01-17 17:02:44
j_00005736,u_001624,s_00008,2025-01-16 21:55:19
j_00005737,u_001624,s_00012,2025-01-25 12:52:05
j_00005738,u_001624,s_00062,2025-01-21 23:18:47
j_00005739,u_001625,s_00043,2025-02-02 20:36:13
j_00005740,u_001625,s_00133,2025-01-20 18:08:13
j_00005741,u_001626,s_00066,2025-02-08 18:55:08
j_00005742,u_001626,s_00052,2025-01-30 23:48:36
j_00005743,u_001626,s_00050,2025-02-26 08:10:20
j_00005744,u_001626,s_00022,2025-02-19 16:12:34
j_00005745,u_001627,s_00116,2025-01-20 19:19:20
j_00005746,u_001627,s_00011,2025-01-03 19:05:45
j_00005747,u_001627,s_00061,2025-02-05 23:20:22
j_00005748,u_001627,s_00135,2025-01-21 18:40:47
j_00005749,u_001627,s_00070,2025-02-24 23:43:27
j_00005750,u_001627,s_00047,2025-01-25 23:00:00
j_00005751,u_001628,s_00054,2025-01-18 22:21:26
j_00005752,u_001628,s_00051,2025-01-21 17:49:14
j_00005753,u_001628,s_00074,2025-02-21 14:52:29
j_00005754,u_001628,s_00079,2025-01-07 22:33:07
j_00005755,u_001628,s_00016,2025-02-27 23:44:45
j_00005756,u_001628,s_00000,2025-01-15 22:14:37
j_00005757,u_001629,s_00129,2025-02-20 23:52:08
j_00005758,u_001629,s_00120,2025-02-02 23:28:58
j_00005759,u_001629,s_00022,2025-02-04 23:41:21
j_00005760,u_001629,s_00149,2025-01-13 15:15:12
j_00005761,u_001629,s_00132,2025-02-13 20:10:00
j_00005762,u_001630,s_00124,2025-02-08 23:31:14
j_00005763,u_001631,s_00144,2025-01-29 19:31:01
j_00005764,u_001631,s_00132,2025-01-28 23:34:28
j_00005765,u_001632,s_00036,2025-02-05 19:48:36
j_00005766,u_001632,s_00032,2025-01-29 21:46:22
j_00005767,u_001633,s_00103,2025-02-28 18:18:52
j_00005768,u_001634,s_00060,2025-01-03 20:27:57
j_00005769,u_001634,s_00013,2025-01-16 20:05:18
j_00005770,u_001635,s_00071,2025-02-21 13:47:38
j_00005771,u_001635,s_00109,2025-02-17 18:08:24
j_00005772,u_001636,s_00087,2025-01-21 15:04:16
j_00005773,u_001636,s_00088,2025-01-31 18:31:12
j_00005774,u_001636,s_00130,2025-01-02 16:55:31
j_00005775,u_001636,s_00097,2025-01-11 23:22:08
j_00005776,u_001637,s_00007,2025-02-26 23:11:40
j_00005777,u_001637,s_00031,2025-02-08 22:11:53
j_00005778,u_001637,s_00041,2025-01-03 14:50:22
j_00005779,u_001638,s_00110,2025-02-17 19:39:34
j_00005780,u_001638,s_00103,2025-01-25 14:29:58
j_00005781,u_001638,s_00013,2025-02-04 19:55:42
j_00005782,u_001639,s_00149,2025-02-21 22:06:24
j_00005783,u_001639,s_00051,2025-02-20 23:36:52
j_00005784,u_001640,s_00080,2025-01-09 21:21:02
j_00005785,u_001641,s_00100,2025-01-22 23:14:35
j_00005786,u_001641,s_00017,2025-01-17 21:55:15
j_00005787,u_001641,s_00139,2025-02-24 19:57:10
j_00005788,u_001641,s_00092,2025-02-16 23:50:31
j_00005789,u_001641,s_00031,2025-02-08 23:08:42
j_00005790,u_001641,s_00016,2025-01-04 17:43:44
j_00005791,u_001642,s_00052,2025-02-18 21:21:44
j_00005792,u_001642,s_00014,2025-02-03 18:22:17
j_00005793,u_001642,s_00058,2025-01-17 11:11:24
j_00005794,u_001642,s_00136,2025-01-27 21:35:06
j_00005795,u_001643,s_00093,2025-01-27 14:51:37
j_00005796,u_001643,s_00007,2025-01-18 21:13:48
j_00005797,u_001644,s_00113,2025-02-24 13:32:29
j_00005798,u_001644,s_00114,2025-02-25 17:38:18
j_00005799,u_001644,s_00095,2025-01-04 18:37:19
j_00005800,u_001644,s_00034,2025-02-26 23:15:39
j_00005801,u_001644,s_00132,2025-01-25 17:01:40
j_00005802,u_001645,s_00015,2025-02-17 15:49:28
j_00005803,u_001645,s_00005,2025-02-16 21:35:14
j_00005804,u_001645,s_00076,2025-02-05 19:42:24
j_00005805,u_001645,s_00102,2025-02-14 23:31:19
j_00005806,u_001645,s_00084,2025-02-10 15:23:05
j_00005807,u_001646,s_00111,2025-02-21 20:15:24
j_00005808,u_001646,s_00001,2025-01-26 23:39:50
j_00005809,u_001646,s_00052,2025-02-14 19:49:36
j_00005810,u_001646,s_00073,2025-02-28 20:19:08
j_00005811,u_001646,s_00008,2025-02-26 13:01:51
j_00005812,u_001646,s_00062,2025-01-09 16:09:12
j_00005813,u_001647,s_00105,2025-01-30 21:34:36
j_00005814,u_001648,s_00083,2025-01-31 18:14:34
j_00005815,u_001648,s_00104,2025-02-07 22:48:43
j_00005816,u_001648,s_00040,2025-02-08 21:16:45
j_00005817,u_001648,s_00005,2025-02-20 14:29:17
j_00005818,u_001649,s_00008,2025-02-01 23:13:46
j_00005819,u_001649,s_00006,2025-02-12 15:27:35
j_00005820,u_001649,s_00038,2025-02-23 16:40:20
j_00005821,u_001649,s_00102,2025-01-07 20:47:06
j_00005822,u_001649,s_00063,2025-02-08 23:44:34
j_00005823,u_001649,s_00119,2025-01-23 15:30:27
j_00005824,u_001650,s_00146,2025-02-24 20:27:28
j_00005825,u_001650,s_00126,2025-02-03 20:19:41
j_00005826,u_001650,s_00108,2025-02-06 22:59:42
j_00005827,u_001650,s_00066,2025-02-15 23:44:10
j_00005828,u_001650,s_00107,2025-01-15 18:53:17
j_00005829,u_001651,s_00015,2025-02-02 23:44:54
j_00005830,u_001651,s_00009,2025-02-16 23:05:35
j_00005831,u_001652,s_00067,2025-02-16 23:15:25
j_00005832,u_001652,s_00050,2025-01-14 22:27:58
j_00005833,u_001652,s_00132,2025-02-20 20:18:40
j_00005834,u_001652,s_00112,2025-01-10 18:54:50
j_00005835,u_001652,s_00077,2025-01-16 14:29:28
j_00005836,u_001652,s_00063,2025-02-21 18:13:09
j_00005837,u_001653,s_00092,2025-02-06 20:35:43
j_00005838,u_001653,s_00123,2025-02-02 19:22:48
j_00005839,u_001653,s_00036,2025-02-03 22:07:35
j_00005840,u_001654,s_00076,2025-02-28 14:56:25
j_00005841,u_001654,s_00106,2025-01-14 19:56:07
j_00005842,u_001654,s_00053,2025-01-18 23:46:14
j_00005843,u_001655,s_00053,2025-01-30 23:18:55
j_00005844,u_001655,s_00037,2025-02-20 22:49:10
j_00005845,u_001655,s_00000,2025-02-02 21:17:39
j_00005846,u_001655,s_00044,2025-02-13 18:52:39
j_00005847,u_001656,s_00146,2025-02-19 12:53:28
j_00005848,u_001656,s_00083,2025-02-23 21:10:59
j_00005849,u_001656,s_00046,2025-01-28 10:18:40
j_00005850,u_001656,s_00117,2025-01-28 18:41:58
j_00005851,u_001656,s_00029,2025-01-05 19:14:15
j_00005852,u_001657,s_00005,2025-01-05 18:48:44
j_00005853,u_001658,s_00118,2025-01-30 23:40:46
j_00005854,u_001658,s_00137,2025-02-14 23:13:55
j_00005855,u_001658,s_00005,2025-02-20 23:46:24
j_00005856,u_001658,s_00092,2025-01-25 16:02:19
j_00005857,u_001659,s_00046,2025-02-04 23:23:48
j_00005858,u_001659,s_00061,2025-02-18 22:10:43
j_00005859,u_001659,s_00103,2025-01-20 16:00:16
j_00005860,u_001659,s_00131,2025-01-10 20:44:18
j_00005861,u_001659,s_00132,2025-02-25 23:09:47
j_00005862,u_001660,s_00036,2025-02-02 17:41:34
j_00005863,u_001660,s_00060,2025-01-10 20:04:54
j_00005864,u_001660,s_00067,2025-01-16 21:53:37
j_00005865,u_001660,s_00056,2025-01-20 15:58:58
j_00005866,u_001661,s_00124,2025-01-13 18:19:19
j_00005867,u_001661,s_00016,2025-01-27 15:29:46
j_00005868,u_001662,s_00017,2025-02-18 23:37:11
j_00005869,u_001663,s_00125,2025-02-14 16:35:42
j_00005870,u_001663,s_00009,2025-02-25 21:01:25
j_00005871,u_001663,s_00036,2025-02-20 14:58:31
j_00005872,u_001663,s_00003,2025-01-19 15:56:48
j_00005873,u_001664,s_00077,2025-01-04 15:29:06
j_00005874,u_001664,s_00069,2025-01-10 18:33:13
j_00005875,u_001664,s_00015,2025-02-17 20:10:33
j_00005876,u_001664,s_00034,2025-01-21 21:44:24
j_00005877,u_001664,s_00043,2025-02-13 12:30:33
j_00005878,u_001665,s_00035,2025-01-28 19:17:25
j_00005879,u_001665,s_00149,2025-02-23 16:18:03
j_00005880,u_001665,s_00102,2025-01-31 22:04:56
j_00005881,u_001665,s_00126,2025-02-24 18:47:41
j_00005882,u_001666,s_00023,2025-01-16 19:03:36
j_00005883,u_001666,s_00019,2025-02-16 17:33:08
j_00005884,u_001666,s_00111,2025-02-01 23:48:11
j_00005885,u_001666,s_00027,2025-01-12 14:03:35
j_00005886,u_001666,s_00044,2025-01-15 18:09:03
j_00005887,u_001666,s_00063,2025-01-19 20:45:28
j_00005888,u_001667,s_00094,2025-01-10 18:49:53
j_00005889,u_001667,s_00144,2025-02-26 16:04:52
j_00005890,u_001667,s_00100,2025-01-13 12:15:30
j_00005891,u_001667,s_00034,2025-02-05 17:36:13
j_00005892,u_001668,s_00029,2025-02-04 16:32:04
j_00005893,u_001668,s_00089,2025-02-02 23:31:10
j_00005894,u_001668,s_00103,2025-02-07 23:15:16
j_00005895,u_001668,s_00141,2025-02-24 19:32:33
j_00005896,u_001669,s_00133,2025-02-28 14:03:43
j_00005897,u_001670,s_00131,2025-02-22 22:52:27
j_00005898,u_001670,s_00074,2025-01-28 16:32:49
j_00005899,u_001670,s_00027,2025-02-13 17:22:09
j_00005900,u_001670,s_00042,2025-01-12 17:22:25
j_00005901,u_001671,s_00045,2025-02-22 17:22:36
j_00005902,u_001671,s_00008,2025-01-12 18:26:03
j_00005903,u_001672,s_00127,2025-01-07 14:11:54
j_00005904,u_001672,s_00122,2025-02-19 17:36:59
j_00005905,u_001672,s_00051,2025-02-15 23:11:44
j_00005906,u_001672,s_00124,2025-01-09 19:18:42
j_00005907,u_001672,s_00079,2025-02-27 20:52:12
j_00005908,u_001673,s_00110,2025-01-07 11:33:10
j_00005909,u_001674,s_00040,2025-01-03 23:54:14
j_00005910,u_001674,s_00086,2025-02-27 17:39:08
j_00005911,u_001674,s_00148,2025-01-14 23:47:33
j_00005912,u_001674,s_00124,2025-01-15 20:05:57
j_00005913,u_001674,s_00061,2025-02-17 17:30:40
j_00005914,u_001674,s_00129,2025-02-06 13:21:52
j_00005915,u_001675,s_00091,2025-02-01 23:01:58
j_00005916,u_001675,s_00138,2025-03-01 23:05:39
j_00005917,u_001676,s_00065,2025-01-06 23:11:06
j_00005918,u_001676,s_00052,2025-02-25 23:00:55
j_00005919,u_001676,s_00129,2025-01-17 20:26:32
j_00005920,u_001677,s_00076,2025-02-07 23:03:32
j_00005921,u_001678,s_00018,2025-01-20 18:49:59
j_00005922,u_001678,s_00063,2025-01-18 22:35:41
j_00005923,u_001679,s_00101,2025-01-20 17:57:06
j_00005924,u_001679,s_00003,2025-02-03 17:05:45
j_00005925,u_001679,s_00026,2025-02-22 20:04:58
j_00005926,u_001679,s_00065,2025-01-07 14:52:14
j_00005927,u_001679,s_00008,2025-02-09 21:23:27
j_00005928,u_001679,s_00019,2025-02-21 18:45:06
j_00005929,u_001680,s_00106,2025-02-14 12:11:43
j_00005930,u_001680,s_00037,2025-02-28 18:00:08
j_00005931,u_001681,s_00124,2025-01-01 18:29:25
j_00005932,u_001681,s_00020,2025-01-22 23:34:39
j_00005933,u_001681,s_00053,2025-01-26 21:06:50
j_00005934,u_001681,s_00051,2025-02-02 23:00:19
j_00005935,u_001682,s_00132,2025-01-20 22:12:54
j_00005936,u_001682,s_00025,2025-01-16 17:06:01
j_00005937,u_001682,s_00113,2025-02-21 19:59:09
j_00005938,u_001682,s_00119,2025-01-14 18:59:07
j_00005939,u_001682,s_00060,2025-02-27 21:00:44
j_00005940,u_001682,s_00078,2025-01-03 20:27:21
j_00005941,u_001683,s_00000,2025-01-26 17:23:01
j_00005942,u_001683,s_00107,2025-02-06 20:01:47
j_00005943,u_001683,s_00077,2025-02-28 21:39:16
j_00005944,u_001683,s_00032,2025-02-15 15:51:40
j_00005945,u_001684,s_00069,2025-01-01 21:36:33
j_00005946,u_001685,s_00027,2025-02-14 13:55:06
j_00005947,u_001685,s_00054,2025-01-20 23:38:36
j_00005948,u_001685,s_00133,2025-02-21 22:32:51
j_00005949,u_001686,s_00008,2025-02-16 23:56:21
j_00005950,u_001686,s_00104,2025-01-12 15:42:50
j_00005951,u_001686,s_00125,2025-01-22 23:45:16
j_00005952,u_001687,s_00071,2025-02-19 23:46:16
j_00005953,u_001687,s_00001,2025-02-25 19:01:10
j_00005954,u_001688,s_00097,2025-02-06 18:44:12
j_00005955,u_001688,s_00139,2025-01-14 15:44:14
j_00005956,u_001689,s_00138,2025-01-24 14:29:38
j_00005957,u_001689,s_00005,2025-02-17 16:33:07
j_00005958,u_001689,s_00088,2025-02-05 14:49:32
j_00005959,u_001689,s_00098,2025-01-13 23:08:15
j_00005960,u_001690,s_00066,2025-01-18 13:31:08
j_00005961,u_001690,s_00115,2025-01-12 20:46:49
j_00005962,u_001690,s_00070,2025-01-29 21:15:32
j_00005963,u_001691,s_00002,2025-01-27 21:15:17
j_00005964,u_001691,s_00148,2025-02-02 21:00:38
j_00005965,u_001692,s_00058,2025-02-26 23:18:54
j_00005966,u_001692,s_00006,2025-02-09 18:21:16
j_00005967,u_001692,s_00145,2025-02-05 20:57:14
j_00005968,u_001693,s_00084,2025-01-22 18:04:40
j_00005969,u_001693,s_00080,2025-02-08 23:38:29
j_00005970,u_001693,s_00004,2025-02-27 23:03:40
j_00005971,u_001694,s_00124,2025-01-01 15:47:10
j_00005972,u_001694,s_00045,2025-01-21 11:28:55
j_00005973,u_001695,s_00073,2025-01-04 22:25:01
j_00005974,u_001695,s_00055,2025-01-13 23:56:16
j_00005975,u_001695,s_00039,2025-01-05 23:44:37
j_00005976,u_001696,s_00102,2025-02-05 22:06:31
j_00005977,u_001696,s_00124,2025-02-19 23:15:20
j_00005978,u_001696,s_00069,2025-02-26 23:16:58
j_00005979,u_001696,s_00108,2025-01-15 23:36:20
j_00005980,u_001696,s_00034,2025-02-11 23:49:40
j_00005981,u_001696,s_00081,2025-01-20 14:38:24
j_00005982,u_001697,s_00099,2025-01-19 19:24:26
j_00005983,u_001697,s_00105,2025-02-06 21:44:46
j_00005984,u_001697,s_00132,2025-02-10 19:45:21
j_00005985,u_001697,s_00065,2025-02-05 19:04:23
j_00005986,u_001698,s_00101,2025-01-06 23:32:46
j_00005987,u_001698,s_00028,2025-01-25 16:42:05
j_00005988,u_001698,s_00125,2025-01-18 23:36:25
j_00005989,u_001698,s_00116,2025-01-01 21:14:16
j_00005990,u_001699,s_00003,2025-01-03 16:09:28
j_00005991,u_001699,s_00064,2025-01-27 15:17:34
j_00005992,u_001699,s_00130,2025-01-07 13:21:25
j_00005993,u_001699,s_00053,2025-02-14 21:55:59
j_00005994,u_001699,s_00031,2025-01-04 19:37:54
j_00005995,u_001699,s_00116,2025-01-15 16:50:08
j_00005996,u_001700,s_00002,2025-03-01 12:01:38
j_00005997,u_001700,s_00081,2025-02-12 21:47:19
j_00005998,u_001700,s_00016,2025-02-03 19:11:42
j_00005999,u_001700,s_00118,2025-01-01 17:33:29
j_00006000,u_001701,s_00108,2025-01-03 16:23:57
j_00006001,u_001701,s_00133,2025-02-24 19:51:56
j_00006002,u_001702,s_00055,2025-02-17 21:40:03
j_00006003,u_001702,s_00084,2025-02-27 18:27:06
j_00006004,u_001702,s_00109,2025-02-18 15:30:01
j_00006005,u_001703,s_00077,2025-01-01 19:42:47
j_00006006,u_001703,s_00002,2025-02-18 23:43:13
j_00006007,u_001703,s_00084,2025-01-28 20:34:43
j_00006008,u_001704,s_00121,2025-02-11 20:43:19
j_00006009,u_001704,s_00091,2025-01-25 18:47:18
j_00006010,u_001704,s_00073,2025-02-13 16:01:36
j_00006011,u_001705,s_00122,2025-02-20 16:22:46
j_00006012,u_001706,s_00062,2025-02-28 13:54:33
j_00006013,u_001707,s_00046,2025-02-02 23:19:34
j_00006014,u_001707,s_00009,2025-01-17 21:49:44
j_00006015,u_001707,s_00112,2025-02-06 20:32:10
j_00006016,u_001708,s_00124,2025-01-30 21:16:35
j_00006017,u_001708,s_00087,2025-01-13 21:21:17
j_00006018,u_001708,s_00104,2025-02-13 17:29:09
j_00006019,u_001708,s_00139,2025-01-05 18:07:19
j_00006020,u_001708,s_00028,2025-01-25 18:18:11
j_00006021,u_001708,s_00021,2025-02-11 23:40:19
j_00006022,u_001709,s_00100,2025-02-25 23:54:01
j_00006023,u_001709,s_00097,2025-02-07 20:57:44
j_00006024,u_001709,s_00084,2025-02-28 23:22:20
j_00006025,u_001709,s_00061,2025-02-19 23:47:39
j_00006026,u_001709,s_00147,2025-01-15 14:23:44
j_00006027,u_001710,s_00089,2025-02-20 19:48:49
j_00006028,u_001710,s_00057,2025-01-21 19:54:04
j_00006029,u_001710,s_00061,2025-02-07 22:26:30
j_00006030,u_001710,s_00120,2025-01-13 19:36:25
j_00006031,u_001710,s_00104,2025-02-02 19:52:21
j_00006032,u_001710,s_00133,2025-02-10 18:08:48
j_00006033,u_001711,s_00075,2025-02-24 23:14:04
j_00006034,u_001711,s_00145,2025-02-26 14:37:18
j_00006035,u_001712,s_00031,2025-02-18 18:10:47
j_00006036,u_001712,s_00019,2025-02-03 12:47:23
j_00006037,u_001712,s_00002,2025-02-22 15:15:04
j_00006038,u_001713,s_00149,2025-01-07 21:20:10
j_00006039,u_001713,s_00114,2025-03-01 21:48:18
j_00006040,u_001713,s_00073,2025-01-13 18:31:14
j_00006041,u_001713,s_00100,2025-01-25 23:47:40
j_00006042,u_001714,s_00075,2025-02-24 23:37:10
j_00006043,u_001714,s_00113,2025-02-13 19:30:45
j_00006044,u_001714,s_00111,2025-02-20 21:30:18
j_00006045,u_001715,s_00101,2025-02-11 18:48:04
j_00006046,u_001715,s_00077,2025-02-06 22:59:00
j_00006047,u_001715,s_00019,2025-01-11 15:01:36
j_00006048,u_001716,s_00089,2025-03-01 23:30:44
j_00006049,u_001716,s_00149,2025-02-08 23:46:08
j_00006050,u_001716,s_00143,2025-02-10 15:38:18
j_00006051,u_001717,s_00012,2025-01-26 16:29:45
j_00006052,u_001718,s_00025,2025-02-27 21:47:52
j_00006053,u_001718,s_00050,2025-01-28 18:28:43
j_00006054,u_001718,s_00002,2025-01-12 22:08:37
j_00006055,u_001718,s_00144,2025-01-11 18:16:44
j_00006056,u_001718,s_00137,2025-02-11 23:02:17
j_00006057,u_001718,s_00107,2025-02-14 20:42:03
j_00006058,u_001719,s_00090,2025-01-13 23:58:33
j_00006059,u_001719,s_00069,2025-02-11 22:22:33
j_00006060,u_001719,s_00142,2025-03-01 14:43:48
j_00006061,u_001719,s_00072,2025-02-01 23:58:14
j_00006062,u_001719,s_00064,2025-02-28 23:23:53
j_00006063,u_001719,s_00038,2025-01-10 21:52:29
j_00006064,u_001720,s_00136,2025-01-25 22:01:26
j_00006065,u_001721,s_00090,2025-02-03 15:40:59
j_00006066,u_001721,s_00044,2025-01-22 12:09:32
j_00006067,u_001721,s_00000,2025-01-07 19:46:05
j_00006068,u_001722,s_00027,2025-01-28 23:00:15
j_00006069,u_001722,s_00041,2025-01-21 21:49:35
j_00006070,u_001722,s_00092,2025-01-13 23:23:13
j_00006071,u_001722,s_00074,2025-01-23 23:14:09
j_00006072,u_001723,s_00032,2025-01-26 20:33:17
j_00006073,u_001723,s_00145,2025-02-23 23:59:30
j_00006074,u_001723,s_00136,2025-01-30 23:09:05
j_00006075,u_001723,s_00035,2025-01-25 19:18:31
j_00006076,u_001723,s_00034,2025-01-24 19:38:43
j_00006077,u_001724,s_00007,2025-02-05 20:05:27
j_00006078,u_001724,s_00079,2025-01-17 10:57:41
j_00006079,u_001724,s_00148,2025-02-22 21:31:38
j_00006080,u_001724,s_00000,2025-01-26 22:59:29
j_00006081,u_001724,s_00056,2025-01-26 20:24:58
j_00006082,u_001724,s_00044,2025-01-04 21:49:36
j_00006083,u_001725,s_00103,2025-02-23 19:19:48
j_00006084,u_001725,s_00005,2025-01-29 12:26:38
j_00006085,u_001725,s_00127,2025-01-09 23:20:57
j_00006086,u_001726,s_00006,2025-01-11 18:32:25
j_00006087,u_001726,s_00033,2025-01-22 17:13:11
j_00006088,u_001726,s_00040,2025-02-16 23:30:10
j_00006089,u_001726,s_00079,2025-01-06 23:50:59
j_00006090,u_001726,s_00135,2025-01-08 21:09:47
j_00006091,u_001727,s_00015,2025-02-03 23:47:18
j_00006092,u_001727,s_00114,2025-01-30 15:51:26
j_00006093,u_001727,s_00042,2025-02-27 19:02:02
j_00006094,u_001727,s_00029,2025-02-15 23:40:57
j_00006095,u_001727,s_00084,2025-02-09 17:29:26
j_00006096,u_001727,s_00055,2025-01-21 16:38:23
j_00006097,u_001728,s_00093,2025-02-07 20:17:14
j_00006098,u_001728,s_00133,2025-02-05 20:13:04
j_00006099,u_001728,s_00058,2025-01-17 22:17:45
j_00006100,u_001728,s_00113,2025-01-23 14:09:13
j_00006101,u_001728,s_00139,2025-02-25 09:24:05
j_00006102,u_001729,s_00002,2025-02-02 23:52:58
j_00006103,u_001729,s_00081,2025-01-29 15:46:32
j_00006104,u_001730,s_00014,2025-02-17 17:10:04
j_00006105,u_001730,s_00074,2025-01-17 11:33:17
j_00006106,u_001730,s_00108,2025-01-14 23:04:33
j_00006107,u_001730,s_00128,2025-03-01 21:03:12
j_00006108,u_001730,s_00036,2025-02-18 21:37:59
j_00006109,u_001731,s_00102,2025-01-26 21:18:52
j_00006110,u_001731,s_00069,2025-02-26 11:42:53
j_00006111,u_001731,s_00038,2025-01-23 16:09:30
j_00006112,u_001732,s_00055,2025-02-10 18:07:59
j_00006113,u_001733,s_00099,2025-01-03 17:42:19
j_00006114,u_001733,s_00083,2025-02-11 18:12:33
j_00006115,u_001733,s_00113,2025-01-11 20:03:44
j_00006116,u_001733,s_00125,2025-01-15 23:47:30
j_00006117,u_001733,s_00001,2025-02-18 14:42:51
j_00006118,u_001734,s_00070,2025-01-13 19:55:06
j_00006119,u_001734,s_00064,2025-01-29 22:35:26
j_00006120,u_001734,s_00065,2025-02-25 16:28:49
j_00006121,u_001734,s_00071,2025-02-27 19:40:10
j_00006122,u_001734,s_00111,2025-01-27 21:47:23
j_00006123,u_001734,s_00029,2025-01-06 20:37:59
j_00006124,u_001735,s_00007,2025-01-18 22:19:36
j_00006125,u_001735,s_00059,2025-02-06 20:53:21
j_00006126,u_001735,s_00119,2025-01-21 18:42:21
j_00006127,u_001736,s_00131,2025-02-13 15:52:12
j_00006128,u_001736,s_00120,2025-03-01 20:33:44
j_00006129,u_001736,s_00038,2025-02-07 20:26:06
j_00006130,u_001737,s_00010,2025-02-07 16:50:12
j_00006131,u_001737,s_00039,2025-02-01 22:36:07
j_00006132,u_001737,s_00019,2025-01-12 23:46:45
j_00006133,u_001738,s_00036,2025-02-04 17:53:56
j_00006134,u_001739,s_00092,2025-02-25 17:17:05
j_00006135,u_001739,s_00067,2025-02-11 16:11:56
j_00006136,u_001739,s_00037,2025-02-15 13:08:54
j_00006137,u_001739,s_00142,2025-02-21 23:35:30
j_00006138,u_001739,s_00103,2025-01-24 18:48:02
j_00006139,u_001739,s_00042,2025-01-21 16:58:41
j_00006140,u_001740,s_00117,2025-02-28 15:01:31
j_00006141,u_001741,s_00127,2025-01-28 18:00:49
j_00006142,u_001741,s_00047,2025-02-14 17:40:17
j_00006143,u_001741,s_00034,2025-02-08 23:16:33
j_00006144,u_001741,s_00051,2025-01-08 15:28:53
j_00006145,u_001742,s_00089,2025-01-19 13:04:40
j_00006146,u_001743,s_00105,2025-01-20 22:04:38
j_00006147,u_001743,s_00026,2025-01-11 19:31:58
j_00006148,u_001743,s_00054,2025-02-16 19:41:29
j_00006149,u_001743,s_00112,2025-02-27 22:53:10
j_00006150,u_001743,s_00007,2025-02-27 20:28:58
j_00006151,u_001744,s_00075,2025-01-12 19:38:08
j_00006152,u_001744,s_00111,2025-01-27 14:51:33
j_00006153,u_001744,s_00051,2025-01-14 13:25:45
j_00006154,u_001744,s_00113,2025-01-04 17:12:47
j_00006155,u_001744,s_00122,2025-02-07 15:49:42
j_00006156,u_001744,s_00087,2025-02-21 21:00:25
j_00006157,u_001745,s_00005,2025-01-05 12:16:11
j_00006158,u_001745,s_00081,2025-02-08 18:07:02
j_00006159,u_001745,s_00114,2025-01-03 19:38:18
j_00006160,u_001745,s_00062,2025-02-20 19:16:58
j_00006161,u_001746,s_00072,2025-01-04 21:20:41
j_00006162,u_001746,s_00137,2025-01-27 18:39:24
j_00006163,u_001746,s_00013,2025-01-08 17:17:29
j_00006164,u_001746,s_00060,2025-01-25 23:21:20
j_00006165,u_001747,s_00089,2025-01-26 18:29:53
j_00006166,u_001747,s_00050,2025-02-02 23:07:27
j_00006167,u_001747,s_00008,2025-02-19 18:56:50
j_00006168,u_001747,s_00037,2025-03-01 19:58:03
j_00006169,u_001747,s_00096,2025-01-21 19:42:29
j_00006170,u_001748,s_00090,2025-02-25 20:06:36
j_00006171,u_001748,s_00024,2025-01-26 18:28:40
j_00006172,u_001748,s_00002,2025-01-08 20:21:01
j_00006173,u_001748,s_00072,2025-02-06 23:09:38
j_00006174,u_001748,s_00108,2025-02-13 23:52:50
j_00006175,u_001748,s_00109,2025-01-19 23:24:05
j_00006176,u_001749,s_00131,2025-02-05 14:39:19
j_00006177,u_001749,s_00148,2025-01-26 15:41:25
j_00006178,u_001749,s_00103,2025-01-09 20:19:15
j_00006179,u_001749,s_00095,2025-01-24 23:20:26
j_00006180,u_001749,s_00139,2025-01-26 17:58:53
j_00006181,u_001749,s_00016,2025-01-21 17:49:53
j_00006182,u_001750,s_00051,2025-02-24 23:30:36
j_00006183,u_001750,s_00123,2025-01-24 22:32:53
j_00006184,u_001751,s_00023,2025-02-07 23:00:48
j_00006185,u_001751,s_00144,2025-01-01 18:12:03
j_00006186,u_001751,s_00105,2025-01-19 17:00:23
j_00006187,u_001751,s_00036,2025-02-23 23:48:50
j_00006188,u_001752,s_00114,2025-02-23 18:56:26
j_00006189,u_001752,s_00031,2025-02-28 17:09:36
j_00006190,u_001752,s_00077,2025-01-04 16:16:24
j_00006191,u_001752,s_00010,2025-02-21 17:21:00
j_00006192,u_001752,s_00060,2025-01-17 23:48:33
j_00006193,u_001753,s_00122,2025-01-01 13:24:22
j_00006194,u_001753,s_00070,2025-01-06 22:02:46
j_00006195,u_001754,s_00100,2025-02-15 17:35:53
j_00006196,u_001754,s_00135,2025-02-05 19:08:06
j_00006197,u_001754,s_00036,2025-02-04 19:38:21
j_00006198,u_001754,s_00113,2025-02-22 19:51:23
j_00006199,u_001754,s_00122,2025-01-06 18:04:40
j_00006200,u_001755,s_00059,2025-01-05 18:59:23
j_00006201,u_001756,s_00100,2025-02-25 17:39:33
j_00006202,u_001756,s_00078,2025-02-06 23:03:54
j_00006203,u_001756,s_00080,2025-02-16 20:13:35
j_00006204,u_001756,s_00021,2025-02-01 19:10:05
j_00006205,u_001756,s_00138,2025-01-09 17:53:28
j_00006206,u_001756,s_00081,2025-02-01 18:43:53
j_00006207,u_001757,s_00023,2025-02-27 17:22:28
j_00006208,u_001757,s_00114,2025-01-08 23:31:58
j_00006209,u_001757,s_00004,2025-01-08 16:20:54
j_00006210,u_001757,s_00086,2025-01-21 11:24:15
j_00006211,u_001758,s_00081,2025-01-28 20:38:24
j_00006212,u_001758,s_00135,2025-02-07 18:11:11
j_00006213,u_001758,s_00119,2025-01-10 17:45:11
j_00006214,u_001758,s_00010,2025-02-26 23:56:22
j_00006215,u_001758,s_00021,2025-01-10 09:58:25
j_00006216,u_001759,s_00033,2025-01-13 23:10:21
j_00006217,u_001759,s_00028,2025-02-28 23:24:43
j_00006218,u_001759,s_00075,2025-01-23 17:15:09
j_00006219,u_001759,s_00119,2025-02-04 18:38:28
j_00006220,u_001759,s_00106,2025-01-27 22:19:53
j_00006221,u_001760,s_00125,2025-01-16 22:23:43
j_00006222,u_001760,s_00026,2025-01-31 17:08:12
j_00006223,u_001761,s_00048,2025-02-16 13:33:14
j_00006224,u_001761,s_00139,2025-01-01 23:32:55
j_00006225,u_001761,s_00123,2025-02-22 23:33:34
j_00006226,u_001762,s_00067,2025-01-12 20:20:52
j_00006227,u_001762,s_00083,2025-02-25 20:45:51
j_00006228,u_001762,s_00076,2025-02-27 22:36:26
j_00006229,u_001762,s_00093,2025-02-25 22:10:31
j_00006230,u_001762,s_00063,2025-02-09 11:22:22
j_00006231,u_001762,s_00075,2025-02-24 18:39:38
j_00006232,u_001763,s_00101,2025-02-21 18:06:38
j_00006233,u_001764,s_00008,2025-02-08 19:21:40
j_00006234,u_001764,s_00062,2025-02-23 23:52:51
j_00006235,u_001764,s_00060,2025-01-21 12:26:44
j_00006236,u_001764,s_00058,2025-02-20 14:30:06
j_00006237,u_001764,s_00113,2025-02-25 17:40:21
j_00006238,u_001765,s_00130,2025-02-08 20:19:34
j_00006239,u_001765,s_00115,2025-01-08 23:49:37
j_00006240,u_001766,s_00114,2025-01-13 23:00:51
j_00006241,u_001766,s_00070,2025-01-11 18:28:24
j_00006242,u_001766,s_00075,2025-02-01 23:35:49
j_00006243,u_001766,s_00059,2025-01-27 22:14:23
j_00006244,u_001767,s_00090,2025-02-19 22:46:08
j_00006245,u_001767,s_00100,2025-01-18 19:04:28
j_00006246,u_001767,s_00021,2025-01-10 18:39:08
j_00006247,u_001767,s_00019,2025-02-06 15:38:24
j_00006248,u_001768,s_00139,2025-01-09 15:47:14
j_00006249,u_001768,s_00089,2025-02-24 21:12:01
j_00006250,u_001768,s_00009,2025-01-05 19:09:39
j_00006251,u_001768,s_00084,2025-01-30 18:34:44
j_00006252,u_001768,s_00028,2025-02-26 22:58:07
j_00006253,u_001769,s_00009,2025-02-03 19:47:35
j_00006254,u_001769,s_00117,2025-02-18 16:12:30
j_00006255,u_001769,s_00062,2025-01-26 18:24:08
j_00006256,u_001769,s_00067,2025-02-15 23:16:36
j_00006257,u_001769,s_00128,2025-02-12 15:46:15
j_00006258,u_001769,s_00055,2025-01-31 20:30:49
j_00006259,u_001770,s_00133,2025-01-07 19:26:36
j_00006260,u_001770,s_00037,2025-02-28 16:00:06
j_00006261,u_001770,s_00033,2025-01-03 18:38:31
j_00006262,u_001771,s_00113,2025-01-22 13:26:07
j_00006263,u_001771,s_00049,2025-02-08 20:02:43
j_00006264,u_001772,s_00054,2025-02-16 14:11:17
j_00006265,u_001772,s_00124,2025-02-02 23:43:29
j_00006266,u_001772,s_00117,2025-01-25 19:44:41
j_00006267,u_001773,s_00017,2025-01-25 17:29:50
j_00006268,u_001773,s_00073,2025-02-28 23:45:30
j_00006269,u_001773,s_00055,2025-01-21 15:44:04
j_00006270,u_001773,s_00143,2025-02-21 17:36:15
j_00006271,u_001774,s_00112,2025-01-04 12:12:36
j_00006272,u_001774,s_00030,2025-02-09 23:25:02
j_00006273,u_001774,s_00087,2025-02-10 23:48:22
j_00006274,u_001774,s_00122,2025-02-10 13:18:19
j_00006275,u_001774,s_00142,2025-01-26 16:39:18
j_00006276,u_001775,s_00086,2025-02-11 20:49:57
j_00006277,u_001775,s_00006,2025-01-27 17:31:56
j_00006278,u_001775,s_00020,2025-02-05 19:30:53
j_00006279,u_001775,s_00056,2025-02-23 19:11:51
j_00006280,u_001775,s_00075,2025-02-10 21:29:53
j_00006281,u_001776,s_00070,2025-02-14 16:02:11
j_00006282,u_001776,s_00142,2025-02-28 20:06:23
j_00006283,u_001776,s_00001,2025-01-14 15:32:03
j_00006284,u_001777,s_00064,2025-02-05 18:13:47
j_00006285,u_001777,s_00079,2025-02-09 13:20:52
j_00006286,u_001777,s_00070,2025-02-11 18:21:01
j_00006287,u_001777,s_00102,2025-01-08 17:28:10
j_00006288,u_001777,s_00135,2025-02-15 23:41:10
j_00006289,u_001777,s_00088,2025-01-12 19:26:55
j_00006290,u_001778,s_00103,2025-01-25 20:50:47
j_00006291,u_001779,s_00035,2025-02-12 19:28:16
j_00006292,u_001780,s_00109,2025-01-16 11:59:02
j_00006293,u_001781,s_00093,2025-01-08 12:59:24
j_00006294,u_001781,s_00091,2025-02-10 18:25:35
j_00006295,u_001781,s_00125,2025-01-17 21:45:02
j_00006296,u_001781,s_00046,2025-02-19 19:27:28
j_00006297,u_001781,s_00090,2025-02-23 16:52:32
j_00006298,u_001781,s_00009,2025-01-21 19:45:58
j_00006299,u_001782,s_00095,2025-02-14 18:20:11
j_00006300,u_001782,s_00035,2025-01-14 23:19:11
j_00006301,u_001783,s_00010,2025-02-25 22:52:25
j_00006302,u_001783,s_00065,2025-01-15 17:32:19
j_00006303,u_001783,s_00093,2025-02-22 19:41:55
j_00006304,u_001783,s_00100,2025-02-17 21:40:47
j_00006305,u_001784,s_00123,2025-01-19 21:09:15
j_00006306,u_001784,s_00080,2025-02-19 23:14:20
j_00006307,u_001784,s_00108,2025-02-07 19:54:38
j_00006308,u_001784,s_00133,2025-02-10 23:16:52
j_00006309,u_001784,s_00046,2025-01-23 15:52:12
j_00006310,u_001785,s_00082,2025-01-15 17:21:17
j_00006311,u_001785,s_00095,2025-02-11 11:50:36
j_00006312,u_001785,s_00144,2025-01-04 20:34:51
j_00006313,u_001785,s_00086,2025-01-21 22:05:17
j_00006314,u_001785,s_00114,2025-01-09 09:16:28
j_00006315,u_001786,s_00047,2025-01-01 20:57:40
j_00006316,u_001786,s_00074,2025-01-01 22:12:25
j_00006317,u_001786,s_00001,2025-01-06 22:13:46
j_00006318,u_001786,s_00119,2025-02-26 15:08:30
j_00006319,u_001786,s_00034,2025-02-16 23:36:52
j_00006320,u_001786,s_00039,2025-03-01 20:48:36
j_00006321,u_001787,s_00122,2025-01-06 22:56:55
j_00006322,u_001788,s_00077,2025-03-01 19:53:51
j_00006323,u_001788,s_00091,2025-02-05 21:53:14
j_00006324,u_001788,s_00021,2025-02-17 23:54:53
j_00006325,u_001789,s_00127,2025-02-21 19:34:07
j_00006326,u_001789,s_00039,2025-01-16 21:49:16
j_00006327,u_001789,s_00103,2025-02-14 23:38:02
j_00006328,u_001789,s_00020,2025-02-08 19:08:06
j_00006329,u_001790,s_00070,2025-01-25 15:01:43
j_00006330,u_001790,s_00023,2025-01-30 22:05:06
j_00006331,u_001790,s_00051,2025-01-13 23:20:11
j_00006332,u_001790,s_00090,2025-01-12 23:29:24
j_00006333,u_001790,s_00019,2025-02-25 22:38:48
j_00006334,u_001791,s_00142,2025-02-13 10:31:48
j_00006335,u_001791,s_00114,2025-02-03 17:21:57
j_00006336,u_001791,s_00062,2025-02-11 17:43:03
j_00006337,u_001791,s_00033,2025-01-25 20:51:08
j_00006338,u_001792,s_00026,2025-01-15 23:13:23
j_00006339,u_001792,s_00004,2025-02-26 15:15:16
j_00006340,u_001792,s_00129,2025-03-01 23:55:05
j_00006341,u_001792,s_00017,2025-01-13 18:58:31
j_00006342,u_001793,s_00029,2025-02-18 16:18:28
j_00006343,u_001793,s_00101,2025-01-27 23:30:25
j_00006344,u_001794,s_00131,2025-02-12 23:34:01
j_00006345,u_001795,s_00043,2025-01-07 22:38:25
j_00006346,u_001795,s_00113,2025-01-29 16:51:27
j_00006347,u_001795,s_00011,2025-01-08 22:06:13
j_00006348,u_001796,s_00086,2025-02-18 15:31:47
j_00006349,u_001796,s_00028,2025-01-24 16:12:53
j_00006350,u_001797,s_00111,2025-01-16 19:45:55
j_00006351,u_001797,s_00090,2025-02-11 16:35:40
j_00006352,u_001797,s_00000,2025-02-27 23:44:40
j_00006353,u_001797,s_00071,2025-01-21 17:54:09
j_00006354,u_001798,s_00098,2025-02-13 19:47:23
j_00006355,u_001798,s_00073,2025-02-11 16:51:00
j_00006356,u_001798,s_00067,2025-01-30 23:48:33
j_00006357,u_001798,s_00123,2025-02-18 17:37:45
j_00006358,u_001798,s_00077,2025-01-08 23:23:40
j_00006359,u_001799,s_00102,2025-02-22 23:20:00
j_00006360,u_001799,s_00083,2025-01-25 18:21:33
j_00006361,u_001799,s_00079,2025-01-03 20:36:52
j_00006362,u_001799,s_00030,2025-03-01 18:48:06
j_00006363,u_001800,s_00103,2025-02-16 22:22:31
j_00006364,u_001800,s_00071,2025-02-18 19:34:15
j_00006365,u_001800,s_00147,2025-01-09 18:24:55
j_00006366,u_001800,s_00043,2025-02-15 20:36:33
j_00006367,u_001801,s_00076,2025-02-11 13:49:46
j_00006368,u_001802,s_00033,2025-02-24 19:24:31
j_00006369,u_001802,s_00010,2025-01-23 22:23:53
j_00006370,u_001802,s_00105,2025-02-25 20:12:17
j_00006371,u_001802,s_00005,2025-02-12 23:29:44
j_00006372,u_001803,s_00070,2025-01-16 18:27:25
j_00006373,u_001803,s_00074,2025-01-13 18:09:34
j_00006374,u_001803,s_00016,2025-02-24 15:58:41
j_00006375,u_001804,s_00059,2025-02-08 18:51:10
j_00006376,u_001805,s_00130,2025-01-08 23:17:52
j_00006377,u_001805,s_00017,2025-01-08 21:56:43
j_00006378,u_001806,s_00042,2025-02-19 17:16:24
j_00006379,u_001806,s_00060,2025-01-11 15:25:35
j_00006380,u_001806,s_00115,2025-01-14 13:07:39
j_00006381,u_001806,s_00112,2025-02-06 16:36:27
j_00006382,u_001806,s_00000,2025-02-21 23:28:38
j_00006383,u_001807,s_00026,2025-01-21 18:16:33
j_00006384,u_001807,s_00114,2025-02-09 16:17:46
j_00006385,u_001807,s_00001,2025-02-12 16:56:13
j_00006386,u_001807,s_00146,2025-02-06 22:41:00
j_00006387,u_001807,s_00082,2025-02-11 19:09:24
j_00006388,u_001807,s_00085,2025-01-14 17:08:49
j_00006389,u_001808,s_00028,2025-02-07 18:04:07
j_00006390,u_001808,s_00128,2025-01-01 23:14:51
j_00006391,u_001808,s_00065,2025-02-13 23:44:24
j_00006392,u_001808,s_00122,2025-02-17 23:03:12
j_00006393,u_001809,s_00049,2025-02-17 12:14:28
j_00006394,u_001809,s_00090,2025-01-02 19:02:48
j_00006395,u_001809,s_00025,2025-02-24 17:38:51
j_00006396,u_001809,s_00044,2025-01-27 22:48:36
j_00006397,u_001809,s_00017,2025-01-05 23:31:31
j_00006398,u_001809,s_00102,2025-02-02 21:54:48
j_00006399,u_001810,s_00084,2025-02-04 16:41:54
j_00006400,u_001810,s_00057,2025-01-25 17:45:47
j_00006401,u_001811,s_00062,2025-02-14 22:18:58
j_00006402,u_001811,s_00025,2025-02-02 22:51:49
j_00006403,u_001812,s_00005,2025-01-14 20:37:02
j_00006404,u_001812,s_00147,2025-02-07 20:05:01
j_00006405,u_001812,s_00130,2025-01-16 20:04:35
j_00006406,u_001812,s_00103,2025-01-08 21:53:57
j_00006407,u_001812,s_00065,2025-01-17 22:16:17
j_00006408,u_001812,s_00025,2025-02-24 22:27:57
j_00006409,u_001813,s_00091,2025-02-04 20:45:51
j_00006410,u_001813,s_00048,2025-01-20 19:46:08
j_00006411,u_001814,s_00132,2025-01-22 19:01:29
j_00006412,u_001814,s_00077,2025-02-21 16:36:13
j_00006413,u_001814,s_00018,2025-02-09 16:54:04
j_00006414,u_001814,s_00071,2025-02-16 22:20:41
j_00006415,u_001815,s_00105,2025-02-06 17:32:12
j_00006416,u_001815,s_00144,2025-03-01 23:15:33
j_00006417,u_001816,s_00038,2025-02-09 19:43:40
j_00006418,u_001816,s_00079,2025-01-25 23:07:25
j_00006419,u_001817,s_00059,2025-01-16 22:31:04
j_00006420,u_001817,s_00068,2025-01-03 23:24:04
j_00006421,u_001817,s_00054,2025-02-16 18:38:22
j_00006422,u_001818,s_00004,2025-02-25 21:29:02
j_00006423,u_001818,s_00099,2025-02-09 22:58:52
j_00006424,u_001818,s_00107,2025-01-30 13:58:09
j_00006425,u_001819,s_00136,2025-01-08 23:17:01
j_00006426,u_001819,s_00134,2025-02-08 23:02:08
j_00006427,u_001819,s_00116,2025-01-13 23:29:41
j_00006428,u_001819,s_00086,2025-02-07 23:35:35
j_00006429,u_001819,s_00076,2025-01-19 22:45:40
j_00006430,u_001819,s_00004,2025-02-21 18:31:20
j_00006431,u_001820,s_00072,2025-02-26 19:35:19
j_00006432,u_001820,s_00063,2025-01-15 23:01:40
j_00006433,u_001820,s_00123,2025-01-20 16:45:06
j_00006434,u_001820,s_00115,2025-02-25 15:19:23
j_00006435,u_001820,s_00015,2025-01-02 18:23:06
j_00006436,u_001820,s_00046,2025-01-31 22:25:25
j_00006437,u_001821,s_00082,2025-01-09 16:04:58
j_00006438,u_001821,s_00147,2025-01-26 19:29:51
j_00006439,u_001821,s_00101,2025-01-02 19:22:40
j_00006440,u_001821,s_00038,2025-01-09 15:14:39
j_00006441,u_001822,s_00075,2025-01-25 10:14:22
j_00006442,u_001822,s_00125,2025-01-04 15:02:42
j_00006443,u_001822,s_00068,2025-02-17 21:53:50
j_00006444,u_001822,s_00082,2025-02-04 21:17:33
j_00006445,u_001823,s_00139,2025-01-28 21:52:06
j_00006446,u_001824,s_00048,2025-01-29 22:50:41
j_00006447,u_001824,s_00135,2025-02-20 17:27:07
j_00006448,u_001825,s_00027,2025-02-20 16:48:19
j_00006449,u_001826,s_00056,2025-01-03 21:12:11
j_00006450,u_001826,s_00100,2025-02-11 19:10:03
j_00006451,u_001826,s_00136,2025-01-29 23:53:45
j_00006452,u_001826,s_00123,2025-02-16 21:38:38
j_00006453,u_001826,s_00031,2025-02-17 23:41:24
j_00006454,u_001826,s_00140,2025-02-12 18:55:22
j_00006455,u_001827,s_00076,2025-02-10 23:00:38
j_00006456,u_001827,s_00037,2025-01-13 23:10:31
j_00006457,u_001828,s_00119,2025-02-21 20:57:13
j_00006458,u_001828,s_00086,2025-02-12 21:07:28
j_00006459,u_001828,s_00023,2025-01-17 16:26:46
j_00006460,u_001829,s_00065,2025-01-14 23:01:33
j_00006461,u_001829,s_00044,2025-01-31 23:19:48
j_00006462,u_001829,s_00063,2025-01-21 18:10:30
j_00006463,u_001829,s_00004,2025-02-10 22:15:24
j_00006464,u_001829,s_00130,2025-01-25 21:48:44
j_00006465,u_001829,s_00027,2025-01-11 21:16:12
j_00006466,u_001830,s_00059,2025-01-24 23:48:37
j_00006467,u_001830,s_00015,2025-02-18 22:53:37
j_00006468,u_001830,s_00130,2025-02-19 19:32:16
j_00006469,u_001830,s_00113,2025-01-19 23:32:15
j_00006470,u_001830,s_00071,2025-02-17 23:20:05
j_00006471,u_001831,s_00089,2025-01-06 17:40:08
j_00006472,u_001831,s_00068,2025-03-01 19:48:05
j_00006473,u_001831,s_00092,2025-02-15 12:51:36
j_00006474,u_001831,s_00115,2025-01-03 22:11:07
j_00006475,u_001832,s_00139,2025-02-12 23:41:30
j_00006476,u_001833,s_00075,2025-01-30 18:08:06
j_00006477,u_001833,s_00107,2025-02-23 20:29:47
j_00006478,u_001833,s_00145,2025-01-15 19:05:40
j_00006479,u_001833,s_00129,2025-02-23 18:33:17
j_00006480,u_001834,s_00004,2025-02-22 20:51:44
j_00006481,u_001834,s_00026,2025-01-17 16:49:13
j_00006482,u_001834,s_00124,2025-01-26 19:42:38
j_00006483,u_001834,s_00010,2025-02-08 16:34:38
j_00006484,u_001835,s_00121,2025-01-15 22:37:26
j_00006485,u_001835,s_00144,2025-03-01 20:05:42
j_00006486,u_001836,s_00142,2025-01-12 18:43:56
j_00006487,u_001836,s_00055,2025-01-15 20:40:24
j_00006488,u_001836,s_00135,2025-01-31 19:08:17
j_00006489,u_001836,s_00148,2025-01-29 23:37:26
j_00006490,u_001836,s_00021,2025-01-04 18:23:34
j_00006491,u_001837,s_00138,2025-02-24 22:30:07
j_00006492,u_001837,s_00039,2025-01-15 17:48:57
j_00006493,u_001837,s_00058,2025-01-07 23:19:28
j_00006494,u_001837,s_00008,2025-02-01 23:55:57
j_00006495,u_001837,s_00129,2025-02-25 23:25:57
j_00006496,u_001837,s_00044,2025-01-01 23:30:03
j_00006497,u_001838,s_00009,2025-01-30 21:01:06
j_00006498,u_001838,s_00021,2025-02-24 23:07:10
j_00006499,u_001839,s_00081,2025-02-23 23:16:34
j_00006500,u_001839,s_00079,2025-01-11 15:58:21
j_00006501,u_001840,s_00043,2025-02-07 17:15:01
j_00006502,u_001840,s_00003,2025-02-20 14:23:33
j_00006503,u_001841,s_00081,2025-02-10 23:51:19
j_00006504,u_001841,s_00042,2025-02-09 13:19:50
j_00006505,u_001841,s_00093,2025-02-16 12:48:45
j_00006506,u_001841,s_00139,2025-01-28 15:07:50
j_00006507,u_001841,s_00099,2025-01-05 13:07:34
j_00006508,u_001841,s_00033,2025-02-08 21:00:41
j_00006509,u_001842,s_00005,2025-02-07 15:07:04
j_00006510,u_001843,s_00096,2025-02-21 13:36:45
j_00006511,u_001843,s_00092,2025-02-25 19:05:27
j_00006512,u_001843,s_00149,2025-01-21 20:36:00
j_00006513,u_001843,s_00014,2025-02-27 12:35:04
j_00006514,u_001843,s_00101,2025-01-01 17:14:18
j_00006515,u_001843,s_00010,2025-02-28 19:02:22
j_00006516,u_001844,s_00144,2025-01-09 18:09:12
j_00006517,u_001844,s_00052,2025-02-08 18:08:46
j_00006518,u_001844,s_00142,2025-02-10 23:31:26
j_00006519,u_001844,s_00148,2025-02-07 23:55:15
j_00006520,u_001844,s_00102,2025-03-01 18:26:40
j_00006521,u_001845,s_00042,2025-02-03 14:38:27
j_00006522,u_001845,s_00111,2025-01-08 19:18:46
j_00006523,u_001845,s_00063,2025-02-06 20:05:30
j_00006524,u_001846,s_00090,2025-01-18 19:13:44
j_00006525,u_001846,s_00046,2025-02-06 22:28:51
j_00006526,u_001846,s_00102,2025-01-23 23:51:04
j_00006527,u_001846,s_00078,2025-01-03 13:14:07
j_00006528,u_001847,s_00068,2025-02-08 17:59:43
j_00006529,u_001847,s_00148,2025-01-06 23:38:33
j_00006530,u_001847,s_00020,2025-01-20 17:21:14
j_00006531,u_001847,s_00111,2025-02-07 23:37:01
j_00006532,u_001847,s_00062,2025-02-22 22:41:57
j_00006533,u_001847,s_00006,2025-01-19 23:41:05
j_00006534,u_001848,s_00139,2025-01-18 23:51:27
j_00006535,u_001848,s_00011,2025-01-19 21:39:13
j_00006536,u_001848,s_00012,2025-02-04 13:01:23
j_00006537,u_001848,s_00016,2025-01-12 17:22:43
j_00006538,u_001848,s_00051,2025-02-01 23:54:30
j_00006539,u_001849,s_00107,2025-02-18 14:12:02
j_00006540,u_001849,s_00037,2025-01-05 21:29:05
j_00006541,u_001850,s_00062,2025-02-27 09:30:56
j_00006542,u_001851,s_00018,2025-02-01 14:33:15
j_00006543,u_001851,s_00036,2025-02-07 23:52:25
j_00006544,u_001851,s_00093,2025-02-07 20:32:47
j_00006545,u_001851,s_00116,2025-02-26 18:00:50
j_00006546,u_001852,s_00091,2025-02-09 16:14:17
j_00006547,u_001853,s_00135,2025-02-23 12:37:13
j_00006548,u_001854,s_00114,2025-01-18 22:46:26
j_00006549,u_001854,s_00008,2025-01-14 18:38:20
j_00006550,u_001854,s_00103,2025-02-08 13:43:42
j_00006551,u_001854,s_00097,2025-01-10 20:14:43
j_00006552,u_001854,s_00119,2025-01-07 22:05:15
j_00006553,u_001854,s_00057,2025-01-13 19:56:22
j_00006554,u_001855,s_00090,2025-01-17 20:33:43
j_00006555,u_001855,s_00019,2025-01-06 20:44:30
j_00006556,u_001855,s_00062,2025-02-13 17:57:33
j_00006557,u_001856,s_00032,2025-02-04 20:10:48
j_00006558,u_001856,s_00040,2025-01-13 22:52:39
j_00006559,u_001856,s_00132,2025-01-17 23:21:39
j_00006560,u_001856,s_00076,2025-02-25 23:37:28
j_00006561,u_001857,s_00102,2025-02-24 17:23:50
j_00006562,u_001857,s_00122,2025-01-08 22:11:01
j_00006563,u_001858,s_00020,2025-02-06 21:52:05
j_00006564,u_001859,s_00073,2025-01-20 17:20:40
j_00006565,u_001860,s_00078,2025-01-22 18:01:36
j_00006566,u_001860,s_00058,2025-02-05 22:09:16
j_00006567,u_001860,s_00069,2025-03-01 23:57:36
j_00006568,u_001861,s_00045,2025-02-04 12:49:06
j_00006569,u_001862,s_00048,2025-02-27 23:39:36
j_00006570,u_001862,s_00060,2025-02-19 23:46:21
j_00006571,u_001862,s_00030,2025-02-16 20:38:35
j_00006572,u_001863,s_00032,2025-02-17 19:54:20
j_00006573,u_001863,s_00039,2025-02-17 21:05:43
j_00006574,u_001864,s_00013,2025-01-16 17:03:06
j_00006575,u_001864,s_00007,2025-02-28 19:41:50
j_00006576,u_001864,s_00030,2025-02-25 14:57:29
j_00006577,u_001864,s_00104,2025-02-06 13:34:13
j_00006578,u_001865,s_00021,2025-02-12 23:57:57
j_00006579,u_001865,s_00066,2025-02-22 20:24:06
j_00006580,u_001865,s_00133,2025-01-10 20:40:32
j_00006581,u_001865,s_00094,2025-01-04 19:30:04
j_00006582,u_001866,s_00149,2025-03-01 16:52:53
j_00006583,u_001866,s_00092,2025-02-03 18:38:09
j_00006584,u_001867,s_00007,2025-02-13 20:26:15
j_00006585,u_001867,s_00083,2025-01-31 19:14:39
j_00006586,u_001867,s_00034,2025-02-01 16:18:53
j_00006587,u_001868,s_00029,2025-01-03 21:04:24
j_00006588,u_001869,s_00049,2025-01-18 20:09:15
j_00006589,u_001869,s_00018,2025-01-06 21:30:20
j_00006590,u_001870,s_00136,2025-01-26 22:01:55
j_00006591,u_001870,s_00126,2025-01-02 19:28:54
j_00006592,u_001870,s_00034,2025-02-18 19:02:07
j_00006593,u_001870,s_00015,2025-01-18 23:09:54
j_00006594,u_001870,s_00115,2025-02-14 16:41:50
j_00006595,u_001870,s_00130,2025-01-04 12:01:32
j_00006596,u_001871,s_00010,2025-01-02 22:20:15
j_00006597,u_001871,s_00126,2025-01-26 17:11:27
j_00006598,u_001871,s_00021,2025-02-17 15:03:46
j_00006599,u_001871,s_00033,2025-02-18 23:12:16
j_00006600,u_001871,s_00112,2025-02-02 19:06:20
j_00006601,u_001871,s_00076,2025-02-06 14:04:27
j_00006602,u_001872,s_00036,2025-02-11 23:39:04
j_00006603,u_001872,s_00003,2025-02-10 13:07:24
j_00006604,u_001872,s_00111,2025-02-14 19:56:08
j_00006605,u_001873,s_00100,2025-01-02 12:29:00
j_00006606,u_001873,s_00067,2025-01-26 21:24:23
j_00006607,u_001873,s_00143,2025-02-20 17:52:45
j_00006608,u_001873,s_00115,2025-01-27 23:46:58
j_00006609,u_001873,s_00053,2025-01-09 19:25:26
j_00006610,u_001873,s_00029,2025-02-09 23:58:45
j_00006611,u_001874,s_00024,2025-01-19 18:31:13
j_00006612,u_001874,s_00015,2025-01-31 13:42:38
j_00006613,u_001874,s_00139,2025-02-01 20:58:39
j_00006614,u_001874,s_00138,2025-02-11 18:43:19
j_00006615,u_001875,s_00060,2025-02-25 12:35:26
j_00006616,u_001876,s_00009,2025-02-11 15:36:40
j_00006617,u_001876,s_00069,2025-03-01 17:39:18
j_00006618,u_001876,s_00053,2025-01-02 23:58:36
j_00006619,u_001876,s_00142,2025-02-16 22:42:13
j_00006620,u_001876,s_00036,2025-01-26 18:17:32
j_00006621,u_001876,s_00032,2025-02-13 21:01:03
j_00006622,u_001877,s_00139,2025-01-06 11:46:26
j_00006623,u_001877,s_00140,2025-02-01 17:29:30
j_00006624,u_001877,s_00119,2025-01-02 21:24:49
j_00006625,u_001878,s_00059,2025-02-09 20:56:22
j_00006626,u_001878,s_00049,2025-01-13 17:09:00
j_00006627,u_001878,s_00088,2025-01-09 19:02:02
j_00006628,u_001878,s_00098,2025-01-05 21:44:32
j_00006629,u_001879,s_00136,2025-01-17 19:55:48
j_00006630,u_001879,s_00143,2025-02-27 23:49:53
j_00006631,u_001879,s_00122,2025-03-01 21:52:48
j_00006632,u_001879,s_00017,2025-01-05 22:51:20
j_00006633,u_001880,s_00120,2025-02-28 23:41:29
j_00006634,u_001880,s_00117,2025-02-05 23:55:53
j_00006635,u_001881,s_00126,2025-01-20 23:20:50
j_00006636,u_001881,s_00097,2025-02-26 17:44:27
j_00006637,u_001881,s_00036,2025-01-15 13:05:28
j_00006638,u_001881,s_00077,2025-01-11 19:31:04
j_00006639,u_001881,s_00000,2025-01-14 19:17:10
j_00006640,u_001882,s_00113,2025-01-09 23:56:31
j_00006641,u_001882,s_00092,2025-01-30 15:26:31
j_00006642,u_001882,s_00027,2025-01-09 19:12:34
j_00006643,u_001882,s_00043,2025-01-14 21:34:18
j_00006644,u_001883,s_00043,2025-01-23 20:04:13
j_00006645,u_001883,s_00136,2025-02-08 19:07:27
j_00006646,u_001883,s_00134,2025-02-21 21:25:52
j_00006647,u_001884,s_00020,2025-01-05 23:37:58
j_00006648,u_001884,s_00038,2025-02-07 23:34:03
j_00006649,u_001885,s_00015,2025-01-07 20:03:21
j_00006650,u_001885,s_00115,2025-03-01 16:40:31
j_00006651,u_001885,s_00107,2025-01-17 23:03:12
j_00006652,u_001885,s_00090,2025-02-21 15:48:21
j_00006653,u_001885,s_00075,2025-02-16 23:02:07
j_00006654,u_001886,s_00145,2025-01-20 23:01:27
j_00006655,u_001886,s_00117,2025-01-20 23:31:53
j_00006656,u_001887,s_00092,2025-01-20 22:48:55
j_00006657,u_001888,s_00135,2025-01-29 11:45:00
j_00006658,u_001888,s_00024,2025-01-27 15:36:38
j_00006659,u_001888,s_00098,2025-02-09 21:10:54
j_00006660,u_001888,s_00147,2025-01-28 17:57:46
j_00006661,u_001888,s_00015,2025-02-17 18:01:03
j_00006662,u_001888,s_00055,2025-01-28 22:20:23
j_00006663,u_001889,s_00067,2025-01-19 19:45:45
j_00006664,u_001889,s_00063,2025-01-20 15:37:58
j_00006665,u_001890,s_00142,2025-02-13 23:47:17
j_00006666,u_001890,s_00042,2025-01-09 22:45:16
j_00006667,u_001890,s_00144,2025-01-18 19:56:14
j_00006668,u_001890,s_00096,2025-01-19 22:30:53
j_00006669,u_001891,s_00037,2025-02-08 20:49:10
j_00006670,u_001891,s_00067,2025-01-08 23:09:21
j_00006671,u_001891,s_00031,2025-01-28 20:10:08
j_00006672,u_001891,s_00005,2025-02-10 23:02:56
j_00006673,u_001891,s_00057,2025-02-25 12:12:03
j_00006674,u_001892,s_00136,2025-01-27 21:06:30
j_00006675,u_001892,s_00145,2025-02-28 18:49:09
j_00006676,u_001892,s_00110,2025-02-06 16:29:24
j_00006677,u_001892,s_00000,2025-02-16 23:26:35
j_00006678,u_001892,s_00129,2025-01-15 23:38:41
j_00006679,u_001892,s_00075,2025-02-24 11:21:34
j_00006680,u_001893,s_00053,2025-01-16 22:34:25
j_00006681,u_001893,s_00050,2025-01-09 22:00:16
j_00006682,u_001893,s_00147,2025-01-05 17:42:48
j_00006683,u_001893,s_00072,2025-02-09 16:52:40
j_00006684,u_001894,s_00102,2025-02-07 13:02:40
j_00006685,u_001894,s_00141,2025-01-12 18:04:46
j_00006686,u_001894,s_00132,2025-02-22 19:08:13
j_00006687,u_001894,s_00119,2025-01-17 23:36:58
j_00006688,u_001894,s_00045,2025-02-06 21:45:55
j_00006689,u_001895,s_00122,2025-02-01 15:49:26
j_00006690,u_001895,s_00082,2025-02-05 20:46:12
j_00006691,u_001895,s_00089,2025-02-14 18:34:22
j_00006692,u_001895,s_00060,2025-02-25 16:42:23
j_00006693,u_001895,s_00074,2025-02-13 13:16:58
j_00006694,u_001895,s_00138,2025-02-24 22:44:17
j_00006695,u_001896,s_00112,2025-02-22 21:10:56
j_00006696,u_001896,s_00059,2025-01-22 22:57:13
j_00006697,u_001896,s_00063,2025-02-03 17:02:55
j_00006698,u_001896,s_00091,2025-01-12 20:56:55
j_00006699,u_001896,s_00133,2025-02-25 14:27:36
j_00006700,u_001896,s_00146,2025-02-28 16:38:06
j_00006701,u_001897,s_00032,2025-02-23 20:09:37
j_00006702,u_001898,s_00010,2025-02-14 21:19:54
j_00006703,u_001898,s_00134,2025-02-20 13:51:55
j_00006704,u_001898,s_00064,2025-02-17 15:00:27
j_00006705,u_001898,s_00086,2025-01-14 18:11:28
j_00006706,u_001898,s_00078,2025-01-16 23:37:23
j_00006707,u_001899,s_00107,2025-02-01 16:48:12
j_00006708,u_001899,s_00022,2025-01-26 20:25:39
j_00006709,u_001900,s_00032,2025-02-14 20:05:59
j_00006710,u_001900,s_00017,2025-02-14 19:08:16
j_00006711,u_001900,s_00053,2025-02-28 21:53:50
j_00006712,u_001900,s_00103,2025-02-17 14:12:05
j_00006713,u_001900,s_00049,2025-01-01 17:34:03
j_00006714,u_001900,s_00131,2025-01-21 23:56:54
j_00006715,u_001901,s_00134,2025-01-20 23:22:06
j_00006716,u_001902,s_00081,2025-02-08 23:03:24
j_00006717,u_001902,s_00091,2025-01-21 23:48:52
j_00006718,u_001903,s_00106,2025-02-28 12:47:20
j_00006719,u_001903,s_00089,2025-01-18 16:39:18
j_00006720,u_001904,s_00127,2025-01-27 18:54:02
j_00006721,u_001904,s_00026,2025-02-19 23:46:41
j_00006722,u_001904,s_00061,2025-01-23 18:41:19
j_00006723,u_001904,s_00078,2025-01-03 22:20:07
j_00006724,u_001905,s_00052,2025-01-20 21:03:28
j_00006725,u_001906,s_00017,2025-01-22 21:43:10
j_00006726,u_001907,s_00080,2025-02-06 19:50:50
j_00006727,u_001907,s_00000,2025-02-12 15:41:44
j_00006728,u_001907,s_00112,2025-02-02 09:39:58
j_00006729,u_001907,s_00024,2025-01-25 23:43:58
j_00006730,u_001908,s_00145,2025-01-31 17:16:50
j_00006731,u_001908,s_00105,2025-01-09 12:07:30
j_00006732,u_001908,s_00083,2025-01-11 21:37:10
j_00006733,u_001908,s_00005,2025-02-06 21:56:02
j_00006734,u_001908,s_00130,2025-02-21 23:08:05
j_00006735,u_001908,s_00033,2025-02-01 23:04:14
j_00006736,u_001909,s_00096,2025-01-04 16:42:52
j_00006737,u_001909,s_00117,2025-02-28 16:25:12
j_00006738,u_001909,s_00118,2025-01-20 18:54:05
j_00006739,u_001909,s_00086,2025-02-14 23:28:56
j_00006740,u_001910,s_00090,2025-02-23 11:31:26
j_00006741,u_001910,s_00084,2025-03-01 20:03:25
j_00006742,u_001910,s_00085,2025-01-07 23:57:18
j_00006743,u_001911,s_00042,2025-01-12 23:19:56
j_00006744,u_001911,s_00115,2025-02-08 22:26:20
j_00006745,u_001911,s_00098,2025-02-15 23:37:51
j_00006746,u_001911,s_00106,2025-02-20 09:51:59
j_00006747,u_001912,s_00144,2025-02-03 23:47:27
j_00006748,u_001912,s_00076,2025-01-10 21:46:42
j_00006749,u_001912,s_00060,2025-02-12 23:06:01
j_00006750,u_001912,s_00100,2025-02-10 15:05:46
j_00006751,u_001913,s_00101,2025-01-29 12:49:58
j_00006752,u_001913,s_00064,2025-02-08 23:54:11
j_00006753,u_001913,s_00086,2025-01-13 16:37:00
j_00006754,u_001914,s_00115,2025-02-18 18:54:02
j_00006755,u_001914,s_00142,2025-01-03 22:19:51
j_00006756,u_001914,s_00100,2025-02-20 23:21:14
j_00006757,u_001914,s_00119,2025-02-20 23:10:24
j_00006758,u_001915,s_00107,2025-02-11 20:47:20
j_00006759,u_001916,s_00077,2025-02-18 15:40:18
j_00006760,u_001916,s_00003,2025-02-24 22:13:09
j_00006761,u_001917,s_00073,2025-01-10 22:59:24
j_00006762,u_001917,s_00120,2025-02-02 12:01:55
j_00006763,u_001917,s_00018,2025-02-08 23:46:21
j_00006764,u_001917,s_00140,2025-02-26 10:12:48
j_00006765,u_001917,s_00051,2025-02-14 23:47:41
j_00006766,u_001918,s_00128,2025-02-05 17:29:47
j_00006767,u_001918,s_00093,2025-02-03 22:14:34
j_00006768,u_001918,s_00148,2025-01-09 22:03:22
j_00006769,u_001919,s_00129,2025-01-20 19:37:15
j_00006770,u_001920,s_00038,2025-01-26 21:09:16
j_00006771,u_001921,s_00132,2025-02-22 19:26:31
j_00006772,u_001921,s_00067,2025-02-21 22:57:24
j_00006773,u_001921,s_00057,2025-02-08 23:53:24
j_00006774,u_001921,s_00024,2025-01-07 14:29:22
j_00006775,u_001921,s_00076,2025-02-13 07:43:55
j_00006776,u_001921,s_00064,2025-01-28 18:49:38
j_00006777,u_001922,s_00049,2025-02-09 18:36:53
j_00006778,u_001922,s_00044,2025-01-26 18:12:55
j_00006779,u_001923,s_00110,2025-02-13 16:48:37
j_00006780,u_001924,s_00010,2025-01-14 23:05:05
j_00006781,u_001924,s_00041,2025-01-09 14:31:57
j_00006782,u_001924,s_00134,2025-01-14 21:46:28
j_00006783,u_001924,s_00091,2025-02-25 22:34:22
j_00006784,u_001924,s_00083,2025-01-05 21:20:24
j_00006785,u_001925,s_00105,2025-01-18 21:24:05
j_00006786,u_001925,s_00065,2025-01-21 23:27:39
j_00006787,u_001925,s_00055,2025-02-20 20:44:02
j_00006788,u_001925,s_00019,2025-01-22 18:59:43
j_00006789,u_001926,s_00054,2025-02-23 21:46:50
j_00006790,u_001926,s_00008,2025-03-01 22:18:25
j_00006791,u_001926,s_00034,2025-02-09 23:06:23
j_00006792,u_001927,s_00110,2025-01-21 13:28:40
j_00006793,u_001927,s_00046,2025-02-05 19:51:51
j_00006794,u_001927,s_00135,2025-02-10 15:38:05
j_00006795,u_001927,s_00023,2025-01-07 22:19:27
j_00006796,u_001927,s_00060,2025-02-19 22:05:19
j_00006797,u_001927,s_00058,2025-01-27 18:15:00
j_00006798,u_001928,s_00012,2025-02-20 17:42:00
j_00006799,u_001928,s_00071,2025-02-06 22:40:31
j_00006800,u_001929,s_00085,2025-02-21 19:27:45
j_00006801,u_001929,s_00017,2025-01-05 23:20:35
j_00006802,u_001929,s_00039,2025-01-03 23:10:14
j_00006803,u_001929,s_00060,2025-01-07 23:58:27
j_00006804,u_001930,s_00007,2025-02-22 20:25:57
j_00006805,u_001930,s_00053,2025-03-01 23:46:50
j_00006806,u_001930,s_00032,2025-03-01 20:27:07
j_00006807,u_001930,s_00051,2025-01-20 18:34:38
j_00006808,u_001930,s_00049,2025-01-16 17:38:37
j_00006809,u_001931,s_00057,2025-01-21 17:21:21
j_00006810,u_001931,s_00061,2025-02-19 19:56:21
j_00006811,u_001931,s_00089,2025-01-16 21:27:43
j_00006812,u_001931,s_00113,2025-02-02 14:45:56
j_00006813,u_001932,s_00130,2025-02-08 18:54:19
j_00006814,u_001932,s_00018,2025-01-22 20:22:55
j_00006815,u_001933,s_00063,2025-01-29 22:14:50
j_00006816,u_001933,s_00091,2025-02-09 19:58:03
j_00006817,u_001933,s_00141,2025-02-17 20:47:16
j_00006818,u_001933,s_00047,2025-01-12 15:47:26
j_00006819,u_001933,s_00149,2025-01-31 16:56:39
j_00006820,u_001934,s_00002,2025-01-10 19:01:13
j_00006821,u_001934,s_00033,2025-01-01 22:56:24
j_00006822,u_001934,s_00100,2025-02-08 20:06:05
j_00006823,u_001934,s_00029,2025-01-29 16:08:06
j_00006824,u_001934,s_00112,2025-01-16 19:13:26
j_00006825,u_001935,s_00029,2025-01-04 23:06:37
j_00006826,u_001936,s_00095,2025-02-26 22:05:27
j_00006827,u_001937,s_00149,2025-02-19 19:07:22
j_00006828,u_001937,s_00131,2025-02-26 15:29:29
j_00006829,u_001937,s_00016,2025-01-07 17:22:38
j_00006830,u_001937,s_00046,2025-01-01 20:20:42
j_00006831,u_001937,s_00103,2025-01-14 21:10:32
j_00006832,u_001938,s_00076,2025-01-07 22:58:05
j_00006833,u_001939,s_00131,2025-01-28 21:19:02
j_00006834,u_001939,s_00125,2025-02-08 18:28:20
j_00006835,u_001939,s_00099,2025-01-12 17:08:12
j_00006836,u_001939,s_00086,2025-01-24 23:12:32
j_00006837,u_001939,s_00082,2025-02-02 17:14:42
j_00006838,u_001939,s_00064,2025-01-20 14:58:15
j_00006839,u_001940,s_00071,2025-01-28 13:10:28
j_00006840,u_001941,s_00134,2025-02-05 18:30:13
j_00006841,u_001941,s_00043,2025-02-27 23:32:27
j_00006842,u_001941,s_00104,2025-01-19 17:04:22
j_00006843,u_001941,s_00006,2025-01-06 23:21:00
j_00006844,u_001941,s_00119,2025-02-22 19:04:39
j_00006845,u_001941,s_00007,2025-02-04 23:10:18
j_00006846,u_001942,s_00105,2025-01-29 16:40:44
j_00006847,u_001942,s_00081,2025-02-13 17:34:40
j_00006848,u_001942,s_00126,2025-02-28 20:29:11
j_00006849,u_001942,s_00133,2025-01-08 21:12:53
j_00006850,u_001942,s_00014,2025-02-21 19:37:01
j_00006851,u_001943,s_00025,2025-02-08 21:54:34
j_00006852,u_001943,s_00032,2025-02-05 22:50:48
j_00006853,u_001943,s_00128,2025-02-21 14:10:32
j_00006854,u_001944,s_00035,2025-01-19 18:40:33
j_00006855,u_001944,s_00067,2025-02-17 17:14:28
j_00006856,u_001945,s_00009,2025-02-04 18:51:03
j_00006857,u_001945,s_00054,2025-02-26 21:28:40
j_00006858,u_001945,s_00063,2025-01-29 17:44:57
j_00006859,u_001946,s_00112,2025-02-13 11:32:47
j_00006860,u_001946,s_00107,2025-01-30 19:40:03
j_00006861,u_001946,s_00015,2025-01-24 15:56:13
j_00006862,u_001946,s_00076,2025-01-23 21:08:49
j_00006863,u_001946,s_00099,2025-02-25 23:54:42
j_00006864,u_001947,s_00054,2025-02-20 11:28:21
j_00006865,u_001947,s_00141,2025-01-14 16:08:14
j_00006866,u_001947,s_00024,2025-02-21 21:25:27
j_00006867,u_001947,s_00062,2025-02-05 14:03:01
j_00006868,u_001947,s_00072,2025-01-07 23:32:05
j_00006869,u_001948,s_00135,2025-02-15 23:28:04
j_00006870,u_001948,s_00094,2025-01-10 19:23:49
j_00006871,u_001949,s_00100,2025-02-22 16:26:02
j_00006872,u_001949,s_00047,2025-01-28 10:37:33
j_00006873,u_001949,s_00127,2025-02-24 23:49:16
j_00006874,u_001949,s_00080,2025-01-29 23:23:45
j_00006875,u_001950,s_00000,2025-01-06 23:01:07
j_00006876,u_001950,s_00033,2025-02-16 19:33:54
j_00006877,u_001950,s_00022,2025-02-13 15:56:05
j_00006878,u_001950,s_00052,2025-01-19 23:23:50
j_00006879,u_001950,s_00071,2025-01-13 19:07:08
j_00006880,u_001950,s_00046,2025-02-21 21:54:01
j_00006881,u_001951,s_00043,2025-02-16 21:25:02
j_00006882,u_001951,s_00035,2025-01-18 20:22:46
j_00006883,u_001952,s_00052,2025-02-12 23:17:20
j_00006884,u_001952,s_00026,2025-01-15 23:43:25
j_00006885,u_001952,s_00034,2025-01-11 17:08:49
j_00006886,u_001952,s_00081,2025-02-09 16:36:15
j_00006887,u_001952,s_00145,2025-02-19 10:20:33
j_00006888,u_001953,s_00128,2025-02-25 18:23:17
j_00006889,u_001953,s_00077,2025-01-28 15:12:03
j_00006890,u_001954,s_00025,2025-01-09 21:48:59
j_00006891,u_001954,s_00049,2025-02-02 18:27:22
j_00006892,u_001954,s_00009,2025-02-10 19:55:50
j_00006893,u_001954,s_00114,2025-02-28 23:49:25
j_00006894,u_001954,s_00069,2025-01-07 21:45:52
j_00006895,u_001954,s_00052,2025-02-09 19:27:10
j_00006896,u_001955,s_00108,2025-01-31 23:56:32
j_00006897,u_001955,s_00003,2025-02-05 22:35:22
j_00006898,u_001956,s_00062,2025-01-06 18:26:59
j_00006899,u_001956,s_00102,2025-01-02 18:20:20
j_00006900,u_001957,s_00107,2025-02-06 23:54:46
j_00006901,u_001957,s_00007,2025-01-12 20:15:29
j_00006902,u_001957,s_00018,2025-02-06 15:52:24
j_00006903,u_001958,s_00102,2025-01-02 23:13:41
j_00006904,u_001958,s_00097,2025-02-18 23:45:38
j_00006905,u_001958,s_00075,2025-01-20 23:16:28
j_00006906,u_001959,s_00051,2025-01-28 23:50:03
j_00006907,u_001959,s_00021,2025-01-21 23:50:04
j_00006908,u_001960,s_00121,2025-01-26 23:43:35
j_00006909,u_001960,s_00111,2025-02-01 21:59:03
j_00006910,u_001960,s_00030,2025-02-08 19:30:36
j_00006911,u_001960,s_00108,2025-02-11 12:50:53
j_00006912,u_001961,s_00135,2025-03-01 20:33:47
j_00006913,u_001962,s_00127,2025-01-11 22:02:41
j_00006914,u_001962,s_00027,2025-02-22 20:25:16
j_00006915,u_001962,s_00077,2025-02-06 12:01:39
j_00006916,u_001962,s_00039,2025-01-19 18:39:11
j_00006917,u_001962,s_00030,2025-02-25 22:09:54
j_00006918,u_001962,s_00046,2025-02-12 15:19:05
j_00006919,u_001963,s_00037,2025-01-12 20:52:32
j_00006920,u_001964,s_00119,2025-01-11 21:44:29
j_00006921,u_001964,s_00138,2025-02-09 23:20:04
j_00006922,u_001964,s_00083,2025-02-13 23:30:11
j_00006923,u_001965,s_00021,2025-01-03 18:34:42
j_00006924,u_001965,s_00085,2025-02-07 20:21:35
j_00006925,u_001965,s_00121,2025-02-01 20:44:09
j_00006926,u_001965,s_00005,2025-02-28 22:08:08
j_00006927,u_001965,s_00001,2025-02-14 22:25:39
j_00006928,u_001965,s_00131,2025-02-24 23:15:39
j_00006929,u_001966,s_00050,2025-01-03 10:40:24
j_00006930,u_001967,s_00106,2025-02-15 21:38:01
j_00006931,u_001968,s_00134,2025-01-21 21:48:01
j_00006932,u_001968,s_00149,2025-02-03 19:22:09
j_00006933,u_001968,s_00142,2025-02-22 10:13:03
j_00006934,u_001968,s_00118,2025-02-22 19:01:33
j_00006935,u_001968,s_00131,2025-01-14 17:51:23
j_00006936,u_001969,s_00063,2025-01-15 23:19:13
j_00006937,u_001970,s_00126,2025-02-13 21:45:35
j_00006938,u_001970,s_00030,2025-02-22 16:21:42
j_00006939,u_001970,s_00120,2025-02-06 11:19:10
j_00006940,u_001970,s_00136,2025-01-04 22:14:37
j_00006941,u_001970,s_00089,2025-01-10 22:46:06
j_00006942,u_001970,s_00102,2025-02-14 19:17:35
j_00006943,u_001971,s_00129,2025-02-14 22:17:22
j_00006944,u_001971,s_00091,2025-02-23 18:42:06
j_00006945,u_001971,s_00034,2025-02-01 23:31:48
j_00006946,u_001972,s_00075,2025-01-26 23:44:10
j_00006947,u_001972,s_00046,2025-01-07 13:06:47
j_00006948,u_001972,s_00053,2025-02-16 14:57:21
j_00006949,u_001972,s_00032,2025-02-26 23:14:41
j_00006950,u_001972,s_00058,2025-01-03 23:07:42
j_00006951,u_001972,s_00139,2025-01-30 14:06:25
j_00006952,u_001973,s_00087,2025-01-22 13:18:40
j_00006953,u_001973,s_00060,2025-02-14 20:25:26
j_00006954,u_001974,s_00116,2025-02-15 15:04:36
j_00006955,u_001975,s_00045,2025-01-14 18:37:13
j_00006956,u_001975,s_00087,2025-02-27 19:36:25
j_00006957,u_001975,s_00023,2025-01-09 19:46:08
j_00006958,u_001975,s_00096,2025-02-16 23:00:24
j_00006959,u_001975,s_00095,2025-02-14 23:05:00
j_00006960,u_001975,s_00044,2025-01-10 18:12:24
j_00006961,u_001976,s_00036,2025-02-10 15:26:51
j_00006962,u_001976,s_00024,2025-01-17 21:35:21
j_00006963,u_001976,s_00133,2025-01-17 23:12:29
j_00006964,u_001976,s_00071,2025-01-06 18:21:51
j_00006965,u_001976,s_00014,2025-02-14 23:30:00
j_00006966,u_001977,s_00017,2025-02-18 16:32:40
j_00006967,u_001977,s_00129,2025-01-31 20:31:31
j_00006968,u_001977,s_00053,2025-02-16 15:38:20
j_00006969,u_001977,s_00026,2025-01-21 20:45:15
j_00006970,u_001977,s_00063,2025-02-03 19:50:35
j_00006971,u_001977,s_00096,2025-02-17 22:57:25
j_00006972,u_001978,s_00112,2025-01-26 23:23:23
j_00006973,u_001978,s_00121,2025-02-07 18:19:40
j_00006974,u_001979,s_00019,2025-01-09 12:16:23
j_00006975,u_001979,s_00037,2025-01-31 19:21:48
j_00006976,u_001979,s_00092,2025-02-21 21:32:17
j_00006977,u_001980,s_00054,2025-02-16 20:36:42
j_00006978,u_001980,s_00011,2025-01-19 19:04:33
j_00006979,u_001980,s_00106,2025-02-02 23:59:53
j_00006980,u_001980,s_00046,2025-02-07 20:02:24
j_00006981,u_001981,s_00054,2025-02-26 19:24:14
j_00006982,u_001981,s_00013,2025-02-19 16:27:23
j_00006983,u_001981,s_00133,2025-02-19 13:20:39
j_00006984,u_001982,s_00069,2025-02-15 21:13:25
j_00006985,u_001982,s_00078,2025-01-22 20:31:53
j_00006986,u_001983,s_00113,2025-01-23 15:00:09
j_00006987,u_001983,s_00055,2025-01-28 19:44:18
j_00006988,u_001983,s_00078,2025-01-26 19:40:58
j_00006989,u_001984,s_00011,2025-02-27 17:46:47
j_00006990,u_001984,s_00114,2025-02-22 16:48:04
j_00006991,u_001984,s_00072,2025-02-23 21:53:56
j_00006992,u_001984,s_00122,2025-02-06 19:08:25
j_00006993,u_001985,s_00037,2025-01-12 17:50:38
j_00006994,u_001986,s_00043,2025-01-09 16:33:01
j_00006995,u_001986,s_00015,2025-01-17 19:07:09
j_00006996,u_001986,s_00125,2025-02-09 23:59:41
j_00006997,u_001987,s_00100,2025-01-22 20:48:15
j_00006998,u_001987,s_00067,2025-02-09 19:16:07
j_00006999,u_001988,s_00037,2025-02-22 21:53:40
j_00007000,u_001989,s_00009,2025-01-21 23:43:13
j_00007001,u_001990,s_00083,2025-02-25 21:26:51
j_00007002,u_001990,s_00148,2025-01-31 21:09:10
j_00007003,u_001990,s_00046,2025-02-18 22:43:01
j_00007004,u_001991,s_00123,2025-01-04 19:55:23
j_00007005,u_001992,s_00080,2025-01-17 20:11:19
j_00007006,u_001992,s_00027,2025-02-25 18:00:38
j_00007007,u_001992,s_00110,2025-02-23 13:13:14
j_00007008,u_001993,s_00109,2025-02-04 21:17:58
j_00007009,u_001993,s_00064,2025-01-02 21:22:25
j_00007010,u_001993,s_00005,2025-01-04 18:58:42
j_00007011,u_001993,s_00112,2025-01-26 23:57:46
j_00007012,u_001994,s_00115,2025-02-23 17:40:53
j_00007013,u_001994,s_00016,2025-01-23 12:13:30
j_00007014,u_001994,s_00075,2025-02-23 17:12:13
j_00007015,u_001994,s_00086,2025-02-02 13:04:31
j_00007016,u_001994,s_00011,2025-01-09 21:47:25
j_00007017,u_001994,s_00125,2025-02-03 16:13:36
j_00007018,u_001995,s_00069,2025-01-22 23:53:14
j_00007019,u_001996,s_00138,2025-01-14 23:36:30
j_00007020,u_001996,s_00128,2025-02-10 16:29:57
j_00007021,u_001996,s_00035,2025-01-13 16:55:41
j_00007022,u_001997,s_00037,2025-02-24 22:09:57
j_00007023,u_001998,s_00086,2025-02-18 23:27:06
j_00007024,u_001998,s_00136,2025-02-16 11:15:39
j_00007025,u_001998,s_00078,2025-01-05 21:10:01
j_00007026,u_001999,s_00048,2025-02-27 11:56:12
j_00007027,u_001999,s_00115,2025-01-30 17:36:49
j_00007028,u_001999,s_00036,2025-02-13 23:09:06
