voice_session_id,user_id,server_id,started_ts,ended_ts
v_000000000,u_001921,s_00067,2025-02-04 14:39:02,2025-02-04 14:51:02
v_000000001,u_001777,s_00088,2025-01-01 20:06:07,2025-01-01 20:45:07
v_000000002,u_000358,s_00101,2025-02-21 14:21:54,2025-02-21 15:21:54
v_000000003,u_001211,s_00039,2025-02-07 18:06:51,2025-02-07 18:18:51
v_000000004,u_000921,s_00134,2025-01-07 22:37:56,2025-01-07 22:43:56
v_000000005,u_001348,s_00134,2025-02-04 20:52:29,2025-02-04 20:59:29
v_000000006,u_000268,s_00128,2025-02-12 21:34:24,2025-02-12 22:10:24
v_000000007,u_000987,s_00053,2025-02-11 16:50:54,2025-02-11 16:57:54
v_000000008,u_000601,s_00130,2025-02-17 18:08:20,2025-02-17 18:27:20
v_000000009,u_001431,s_00098,2025-02-15 20:07:08,2025-02-15 20:13:08
v_000000010,u_000604,s_00073,2025-01-05 20:48:38,2025-01-05 20:51:38
v_000000011,u_000547,s_00099,2025-02-06 22:02:22,2025-02-06 22:08:22
v_000000012,u_000451,s_00075,2025-02-06 19:26:27,2025-02-06 19:31:27
v_000000013,u_000501,s_00097,2025-01-31 12:27:20,2025-01-31 12:46:20
v_000000014,u_000915,s_00087,2025-01-06 23:22:07,2025-01-06 23:37:07
v_000000015,u_001389,s_00044,2025-01-10 21:49:44,2025-01-10 21:53:44
v_000000016,u_001743,s_00054,2025-02-20 23:17:39,2025-02-20 23:46:39
v_000000017,u_000947,s_00115,2025-02-12 19:59:51,2025-02-12 20:34:51
v_000000018,u_000605,s_00069,2025-01-31 16:19:32,2025-01-31 16:31:32
v_000000019,u_001155,s_00114,2025-01-18 21:55:26,2025-01-18 22:09:26
v_000000020,u_000270,s_00076,2025-01-23 23:56:17,2025-01-24 00:01:17
v_000000021,u_001616,s_00007,2025-01-22 23:58:29,2025-01-23 00:01:29
v_000000022,u_000452,s_00044,2025-02-09 17:30:48,2025-02-09 17:43:48
v_000000023,u_000169,s_00133,2025-02-27 23:04:31,2025-02-27 23:55:31
v_000000024,u_001273,s_00018,2025-01-29 19:53:28,2025-01-29 20:08:28
v_000000025,u_001357,s_00058,2025-02-03 23:36:58,2025-02-03 23:54:58
v_000000026,u_000986,s_00004,2025-01-21 19:28:34,2025-01-21 19:29:34
v_000000027,u_000954,s_00036,2025-01-31 13:56:32,2025-01-31 14:21:32
v_000000028,u_001488,s_00049,2025-01-10 23:13:52,2025-01-11 00:00:52
v_000000029,u_001116,s_00085,2025-03-01 15:05:15,2025-03-01 15:06:15
v_000000030,u_001539,s_00063,2025-01-29 13:01:37,2025-01-29 13:15:37
v_000000031,u_000719,s_00062,2025-01-31 21:01:57,2025-01-31 21:16:57
v_000000032,u_001457,s_00056,2025-01-21 15:18:42,2025-01-21 15:27:42
v_000000033,u_001296,s_00068,2025-02-25 17:56:43,2025-02-25 18:08:43
v_000000034,u_000009,s_00096,2025-01-03 23:01:28,2025-01-03 23:24:28
v_000000035,u_001184,s_00126,2025-02-13 22:21:28,2025-02-13 22:36:28
v_000000036,u_000012,s_00061,2025-01-30 23:52:46,2025-01-31 00:02:46
v_000000037,u_000755,s_00042,2025-01-08 21:27:36,2025-01-08 21:42:36
v_000000038,u_001395,s_00040,2025-01-11 23:03:51,2025-01-11 23:17:51
v_000000039,u_001714,s_00075,2025-02-02 18:52:45,2025-02-02 19:10:45
v_000000040,u_000638,s_00060,2025-01-07 15:45:14,2025-01-07 15:55:14
v_000000041,u_001323,s_00054,2025-01-25 19:52:15,2025-01-25 19:54:15
v_000000042,u_000150,s_00048,2025-02-23 23:49:03,2025-02-24 00:45:03
v_000000043,u_000343,s_00140,2025-02-11 18:26:09,2025-02-11 18:27:09
v_000000044,u_000830,s_00035,2025-02-24 23:13:41,2025-02-24 23:52:41
v_000000045,u_000782,s_00046,2025-02-18 14:15:16,2025-02-18 14:20:16
v_000000046,u_001321,s_00144,2025-02-07 23:09:29,2025-02-07 23:10:29
v_000000047,u_000210,s_00078,2025-02-10 20:31:52,2025-02-10 20:48:52
v_000000048,u_000273,s_00008,2025-01-24 21:00:35,2025-01-24 21:04:35
v_000000049,u_000424,s_00100,2025-01-18 13:08:59,2025-01-18 13:17:59
v_000000050,u_000800,s_00069,2025-02-15 21:36:44,2025-02-15 21:44:44
v_000000051,u_000307,s_00045,2025-02-17 19:45:32,2025-02-17 20:26:32
v_000000052,u_000971,s_00022,2025-01-30 12:44:43,2025-01-30 12:49:43
v_000000053,u_001843,s_00101,2025-01-27 21:04:04,2025-01-27 21:16:04
v_000000054,u_001514,s_00121,2025-02-12 21:10:47,2025-02-12 22:02:47
v_000000055,u_001499,s_00017,2025-02-07 17:50:53,2025-02-07 17:51:53
v_000000056,u_000866,s_00080,2025-01-12 21:55:46,2025-01-12 22:27:46
v_000000057,u_000085,s_00089,2025-01-25 13:12:29,2025-01-25 13:37:29
v_000000058,u_000870,s_00053,2025-02-26 23:41:33,2025-02-27 00:16:33
v_000000059,u_000584,s_00143,2025-01-04 14:16:01,2025-01-04 15:10:01
v_000000060,u_000033,s_00044,2025-01-18 22:53:16,2025-01-18 23:28:16
v_000000061,u_001939,s_00131,2025-02-01 23:37:44,2025-02-01 23:45:44
v_000000062,u_000794,s_00125,2025-01-08 13:26:11,2025-01-08 13:30:11
v_000000063,u_000528,s_00067,2025-02-13 21:07:12,2025-02-13 21:28:12
v_000000064,u_000323,s_00056,2025-02-10 21:28:57,2025-02-10 21:48:57
v_000000065,u_001059,s_00099,2025-02-09 23:53:23,2025-02-10 00:02:23
v_000000066,u_000176,s_00077,2025-02-05 23:35:51,2025-02-05 23:48:51
v_000000067,u_000840,s_00111,2025-01-08 23:58:19,2025-01-09 00:32:19
v_000000068,u_000573,s_00011,2025-01-06 20:34:34,2025-01-06 20:36:34
v_000000069,u_001759,s_00075,2025-01-19 15:50:04,2025-01-19 15:56:04
v_000000070,u_001550,s_00116,2025-02-01 19:42:21,2025-02-01 19:59:21
v_000000071,u_000844,s_00037,2025-01-27 16:31:55,2025-01-27 16:35:55
v_000000072,u_001202,s_00072,2025-01-15 23:45:21,2025-01-15 23:46:21
v_000000073,u_001202,s_00050,2025-02-24 23:37:03,2025-02-25 01:03:03
v_000000074,u_000166,s_00113,2025-02-11 21:54:36,2025-02-11 22:23:36
v_000000075,u_000878,s_00141,2025-01-12 16:18:10,2025-01-12 16:53:10
v_000000076,u_001847,s_00111,2025-02-16 23:32:30,2025-02-16 23:36:30
v_000000077,u_001758,s_00021,2025-03-01 10:38:35,2025-03-01 10:44:35
v_000000078,u_001503,s_00007,2025-01-04 20:09:20,2025-01-04 20:46:20
v_000000079,u_000006,s_00070,2025-02-01 16:58:02,2025-02-01 17:29:02
v_000000080,u_001791,s_00033,2025-01-14 23:44:21,2025-01-15 00:40:21
v_000000081,u_000420,s_00043,2025-01-21 23:05:24,2025-01-21 23:14:24
v_000000082,u_001226,s_00106,2025-02-22 23:38:43,2025-02-22 23:47:43
v_000000083,u_001538,s_00035,2025-01-11 17:12:54,2025-01-11 17:14:54
v_000000084,u_000603,s_00040,2025-02-17 19:08:00,2025-02-17 19:38:00
v_000000085,u_000836,s_00130,2025-01-19 17:46:11,2025-01-19 18:40:11
v_000000086,u_000115,s_00135,2025-01-21 23:01:03,2025-01-21 23:30:03
v_000000087,u_000914,s_00049,2025-01-11 18:09:44,2025-01-11 19:15:44
v_000000088,u_001730,s_00074,2025-02-11 20:57:09,2025-02-11 21:59:09
v_000000089,u_001072,s_00076,2025-02-03 13:48:21,2025-02-03 14:01:21
v_000000090,u_001564,s_00035,2025-02-01 20:48:06,2025-02-01 21:04:06
v_000000091,u_000277,s_00069,2025-02-17 18:40:29,2025-02-17 18:48:29
v_000000092,u_000941,s_00037,2025-01-21 23:58:43,2025-01-22 00:02:43
v_000000093,u_000254,s_00062,2025-02-23 21:28:20,2025-02-23 21:41:20
v_000000094,u_001258,s_00091,2025-03-01 13:48:06,2025-03-01 14:07:06
v_000000095,u_001079,s_00049,2025-01-11 21:07:05,2025-01-11 21:09:05
v_000000096,u_000461,s_00137,2025-01-10 15:51:05,2025-01-10 16:31:05
v_000000097,u_000441,s_00000,2025-02-21 23:34:26,2025-02-22 00:36:26
v_000000098,u_001354,s_00124,2025-02-28 19:07:34,2025-02-28 20:03:34
v_000000099,u_001826,s_00123,2025-01-02 10:43:56,2025-01-02 10:58:56
v_000000100,u_000262,s_00019,2025-01-31 22:46:48,2025-01-31 22:47:48
v_000000101,u_001173,s_00035,2025-02-20 17:42:41,2025-02-20 18:45:41
v_000000102,u_001012,s_00148,2025-02-14 23:21:47,2025-02-14 23:38:47
v_000000103,u_001957,s_00018,2025-01-11 23:59:18,2025-01-12 00:03:18
v_000000104,u_001301,s_00128,2025-01-15 14:25:55,2025-01-15 14:31:55
v_000000105,u_001870,s_00136,2025-02-11 19:36:35,2025-02-11 19:54:35
v_000000106,u_001483,s_00139,2025-02-12 12:02:22,2025-02-12 12:09:22
v_000000107,u_001671,s_00008,2025-01-05 16:33:10,2025-01-05 17:48:10
v_000000108,u_000122,s_00023,2025-02-10 23:41:01,2025-02-11 00:12:01
v_000000109,u_001057,s_00114,2025-01-27 16:15:44,2025-01-27 16:21:44
v_000000110,u_001202,s_00108,2025-01-21 17:07:23,2025-01-21 17:14:23
v_000000111,u_000848,s_00013,2025-02-15 16:21:53,2025-02-15 16:26:53
v_000000112,u_000932,s_00097,2025-03-01 18:33:03,2025-03-01 18:41:03
v_000000113,u_000363,s_00103,2025-02-03 23:44:12,2025-02-03 23:57:12
v_000000114,u_000717,s_00107,2025-01-08 22:53:25,2025-01-08 23:26:25
v_000000115,u_000910,s_00100,2025-02-23 15:02:20,2025-02-23 15:03:20
v_000000116,u_001075,s_00023,2025-02-22 23:30:16,2025-02-22 23:36:16
v_000000117,u_001831,s_00115,2025-02-04 13:34:38,2025-02-04 13:35:38
v_000000118,u_000985,s_00008,2025-03-01 19:12:28,2025-03-01 20:05:28
v_000000119,u_001333,s_00073,2025-02-23 16:07:57,2025-02-23 16:11:57
v_000000120,u_000017,s_00127,2025-01-13 15:06:26,2025-01-13 16:29:26
v_000000121,u_000414,s_00117,2025-02-08 21:40:56,2025-02-08 22:54:56
v_000000122,u_001002,s_00037,2025-01-28 21:24:30,2025-01-28 21:31:30
v_000000123,u_001191,s_00121,2025-02-17 23:12:22,2025-02-17 23:13:22
v_000000124,u_000530,s_00132,2025-01-22 23:58:42,2025-01-22 23:59:42
v_000000125,u_001768,s_00028,2025-01-19 23:56:45,2025-01-19 23:57:45
v_000000126,u_001631,s_00132,2025-01-29 16:40:47,2025-01-29 16:45:47
v_000000127,u_000989,s_00059,2025-01-12 20:11:41,2025-01-12 20:21:41
v_000000128,u_001798,s_00077,2025-02-04 20:14:10,2025-02-04 21:10:10
v_000000129,u_001188,s_00057,2025-02-02 14:05:54,2025-02-02 14:20:54
v_000000130,u_000777,s_00017,2025-01-25 19:05:52,2025-01-25 19:12:52
v_000000131,u_001415,s_00122,2025-01-31 16:01:33,2025-01-31 16:54:33
v_000000132,u_000887,s_00102,2025-01-02 22:53:15,2025-01-02 23:01:15
v_000000133,u_000200,s_00110,2025-01-17 18:13:37,2025-01-17 18:16:37
v_000000134,u_001299,s_00068,2025-02-13 18:51:30,2025-02-13 19:23:30
v_000000135,u_001233,s_00008,2025-01-22 09:20:46,2025-01-22 09:38:46
v_000000136,u_000723,s_00052,2025-01-15 21:56:31,2025-01-15 21:57:31
v_000000137,u_000584,s_00073,2025-01-20 16:29:58,2025-01-20 16:52:58
v_000000138,u_001357,s_00146,2025-01-21 21:44:50,2025-01-21 22:12:50
v_000000139,u_001659,s_00103,2025-02-13 21:44:58,2025-02-13 21:51:58
v_000000140,u_001094,s_00119,2025-02-19 21:15:33,2025-02-19 21:35:33
v_000000141,u_000605,s_00069,2025-02-04 20:46:40,2025-02-04 21:33:40
v_000000142,u_001945,s_00063,2025-01-04 20:42:12,2025-01-04 20:51:12
v_000000143,u_001041,s_00084,2025-01-30 20:30:39,2025-01-30 21:14:39
v_000000144,u_000742,s_00018,2025-02-25 16:13:06,2025-02-25 16:55:06
v_000000145,u_000485,s_00060,2025-01-11 17:14:42,2025-01-11 17:31:42
v_000000146,u_000552,s_00049,2025-02-11 15:12:24,2025-02-11 15:20:24
v_000000147,u_001985,s_00037,2025-02-25 20:46:30,2025-02-25 21:16:30
v_000000148,u_000002,s_00104,2025-01-26 19:30:27,2025-01-26 19:39:27
v_000000149,u_001108,s_00126,2025-01-15 19:25:47,2025-01-15 20:09:47
v_000000150,u_000340,s_00136,2025-02-16 23:30:44,2025-02-16 23:31:44
v_000000151,u_000185,s_00100,2025-01-28 18:05:57,2025-01-28 18:32:57
v_000000152,u_001890,s_00096,2025-01-25 16:49:30,2025-01-25 17:41:30
v_000000153,u_001275,s_00050,2025-01-27 23:00:28,2025-01-27 23:13:28
v_000000154,u_000062,s_00146,2025-02-23 21:36:12,2025-02-23 22:22:12
v_000000155,u_000371,s_00113,2025-01-03 18:04:08,2025-01-03 18:27:08
v_000000156,u_000015,s_00111,2025-02-05 23:55:31,2025-02-06 00:02:31
v_000000157,u_000276,s_00090,2025-01-01 23:17:45,2025-01-01 23:56:45
v_000000158,u_000547,s_00063,2025-01-29 23:55:50,2025-01-29 23:56:50
v_000000159,u_000210,s_00075,2025-02-21 23:17:37,2025-02-21 23:18:37
v_000000160,u_001121,s_00038,2025-01-19 20:53:44,2025-01-19 21:05:44
v_000000161,u_001496,s_00073,2025-02-25 12:36:44,2025-02-25 13:00:44
v_000000162,u_000656,s_00056,2025-02-28 21:00:47,2025-02-28 21:04:47
v_000000163,u_000032,s_00039,2025-02-09 23:43:51,2025-02-10 00:22:51
v_000000164,u_000780,s_00089,2025-01-14 23:15:16,2025-01-15 00:15:16
v_000000165,u_001355,s_00096,2025-01-23 23:26:13,2025-01-23 23:30:13
v_000000166,u_001774,s_00122,2025-01-03 12:27:33,2025-01-03 12:43:33
v_000000167,u_001807,s_00146,2025-02-20 10:48:48,2025-02-20 11:53:48
v_000000168,u_000953,s_00033,2025-02-12 23:50:57,2025-02-12 23:53:57
v_000000169,u_001844,s_00052,2025-01-22 17:22:50,2025-01-22 17:30:50
v_000000170,u_000242,s_00006,2025-02-09 16:51:43,2025-02-09 17:08:43
v_000000171,u_001553,s_00103,2025-02-01 10:18:49,2025-02-01 10:42:49
v_000000172,u_000139,s_00085,2025-02-17 23:48:25,2025-02-18 00:01:25
v_000000173,u_001809,s_00017,2025-02-11 20:37:52,2025-02-11 21:02:52
v_000000174,u_000418,s_00006,2025-01-09 23:54:11,2025-01-10 01:20:11
v_000000175,u_000243,s_00144,2025-02-25 16:13:04,2025-02-25 16:17:04
v_000000176,u_000032,s_00104,2025-01-25 23:50:29,2025-01-26 00:36:29
v_000000177,u_001457,s_00141,2025-01-09 17:22:01,2025-01-09 17:43:01
v_000000178,u_001744,s_00122,2025-02-24 21:42:00,2025-02-24 21:52:00
v_000000179,u_001563,s_00020,2025-01-26 22:26:27,2025-01-26 22:28:27
v_000000180,u_000734,s_00106,2025-01-05 16:47:23,2025-01-05 16:59:23
v_000000181,u_001191,s_00121,2025-01-18 14:24:53,2025-01-18 14:27:53
v_000000182,u_000530,s_00132,2025-01-12 17:57:21,2025-01-12 18:24:21
v_000000183,u_000637,s_00143,2025-02-19 19:50:34,2025-02-19 19:53:34
v_000000184,u_001233,s_00122,2025-01-30 20:08:43,2025-01-30 20:21:43
v_000000185,u_000084,s_00127,2025-02-25 18:31:40,2025-02-25 18:33:40
v_000000186,u_001916,s_00003,2025-01-09 14:59:30,2025-01-09 15:18:30
v_000000187,u_000749,s_00056,2025-02-24 16:04:03,2025-02-24 16:47:03
v_000000188,u_000853,s_00100,2025-01-06 20:13:13,2025-01-06 21:36:13
v_000000189,u_001221,s_00010,2025-02-12 18:40:11,2025-02-12 19:04:11
v_000000190,u_001776,s_00070,2025-01-09 19:57:44,2025-01-09 19:58:44
v_000000191,u_000245,s_00009,2025-01-27 17:59:22,2025-01-27 18:36:22
v_000000192,u_001942,s_00133,2025-02-23 21:46:18,2025-02-23 21:53:18
v_000000193,u_000123,s_00062,2025-02-08 19:56:18,2025-02-08 20:07:18
v_000000194,u_000644,s_00129,2025-02-22 16:21:09,2025-02-22 16:27:09
v_000000195,u_000909,s_00101,2025-01-18 16:59:40,2025-01-18 17:40:40
v_000000196,u_000241,s_00073,2025-02-01 20:20:01,2025-02-01 21:23:01
v_000000197,u_001937,s_00016,2025-01-14 15:38:35,2025-01-14 15:49:35
v_000000198,u_001619,s_00048,2025-02-24 19:20:40,2025-02-24 19:36:40
v_000000199,u_000927,s_00005,2025-02-16 21:17:40,2025-02-16 21:18:40
v_000000200,u_001773,s_00073,2025-01-12 23:40:54,2025-01-13 00:09:54
v_000000201,u_001221,s_00010,2025-02-18 20:38:01,2025-02-18 20:40:01
v_000000202,u_001976,s_00133,2025-01-05 15:49:59,2025-01-05 16:07:59
v_000000203,u_001449,s_00121,2025-01-05 16:45:53,2025-01-05 17:03:53
v_000000204,u_000842,s_00081,2025-02-11 23:47:25,2025-02-12 00:01:25
v_000000205,u_001979,s_00037,2025-01-25 14:35:24,2025-01-25 14:43:24
v_000000206,u_001418,s_00012,2025-02-04 21:03:47,2025-02-04 21:31:47
v_000000207,u_000556,s_00127,2025-01-06 13:06:39,2025-01-06 13:11:39
v_000000208,u_000123,s_00035,2025-01-28 22:51:39,2025-01-28 23:22:39
v_000000209,u_001496,s_00129,2025-01-05 19:26:11,2025-01-05 19:51:11
v_000000210,u_001862,s_00048,2025-02-12 20:22:26,2025-02-12 20:26:26
v_000000211,u_000235,s_00103,2025-02-24 23:38:31,2025-02-24 23:48:31
v_000000212,u_000696,s_00131,2025-02-18 08:01:27,2025-02-18 08:03:27
v_000000213,u_000919,s_00044,2025-01-03 23:32:18,2025-01-03 23:33:18
v_000000214,u_000176,s_00068,2025-01-08 20:51:23,2025-01-08 20:52:23
v_000000215,u_001344,s_00015,2025-02-13 18:21:35,2025-02-13 18:32:35
v_000000216,u_000009,s_00096,2025-02-25 20:47:59,2025-02-25 20:59:59
v_000000217,u_000808,s_00127,2025-02-01 20:12:19,2025-02-01 20:15:19
v_000000218,u_001636,s_00097,2025-01-15 17:21:35,2025-01-15 17:32:35
v_000000219,u_001947,s_00054,2025-02-14 15:56:27,2025-02-14 16:17:27
v_000000220,u_001958,s_00075,2025-02-02 15:33:31,2025-02-02 15:40:31
v_000000221,u_000718,s_00054,2025-01-02 20:27:56,2025-01-02 20:33:56
v_000000222,u_000160,s_00025,2025-01-05 22:09:48,2025-01-05 22:17:48
v_000000223,u_000754,s_00038,2025-01-05 23:48:47,2025-01-06 00:25:47
v_000000224,u_000841,s_00049,2025-02-06 21:52:53,2025-02-06 21:59:53
v_000000225,u_000351,s_00123,2025-01-07 13:09:18,2025-01-07 13:36:18
v_000000226,u_001035,s_00084,2025-01-03 23:43:58,2025-01-03 23:44:58
v_000000227,u_000269,s_00012,2025-01-19 19:35:10,2025-01-19 19:37:10
v_000000228,u_000872,s_00055,2025-01-19 21:46:57,2025-01-19 21:48:57
v_000000229,u_001231,s_00062,2025-01-05 16:36:20,2025-01-05 17:38:20
v_000000230,u_001204,s_00007,2025-02-19 15:29:19,2025-02-19 15:32:19
v_000000231,u_000277,s_00112,2025-01-30 23:34:24,2025-01-30 23:46:24
v_000000232,u_000902,s_00040,2025-01-24 17:23:49,2025-01-24 17:57:49
v_000000233,u_001255,s_00071,2025-02-27 20:11:28,2025-02-27 20:17:28
v_000000234,u_001843,s_00014,2025-02-15 15:31:48,2025-02-15 15:46:48
v_000000235,u_001589,s_00092,2025-01-04 23:34:29,2025-01-04 23:55:29
v_000000236,u_001338,s_00136,2025-02-20 20:55:09,2025-02-20 21:01:09
v_000000237,u_000717,s_00110,2025-02-14 23:39:43,2025-02-15 00:13:43
v_000000238,u_001942,s_00133,2025-02-12 19:20:06,2025-02-12 19:57:06
v_000000239,u_000167,s_00110,2025-01-18 23:56:45,2025-01-19 00:08:45
v_000000240,u_000882,s_00010,2025-03-01 19:34:50,2025-03-01 20:05:50
v_000000241,u_000594,s_00005,2025-01-19 22:00:39,2025-01-19 22:02:39
v_000000242,u_000541,s_00124,2025-02-13 17:30:49,2025-02-13 17:43:49
v_000000243,u_000139,s_00113,2025-01-31 14:44:00,2025-01-31 14:57:00
v_000000244,u_001551,s_00082,2025-01-02 22:44:30,2025-01-02 22:45:30
v_000000245,u_000133,s_00079,2025-01-09 18:06:17,2025-01-09 20:26:17
v_000000246,u_000785,s_00030,2025-01-05 18:35:50,2025-01-05 19:01:50
v_000000247,u_000529,s_00033,2025-01-07 23:50:21,2025-01-08 00:20:21
v_000000248,u_000275,s_00142,2025-02-19 23:20:59,2025-02-19 23:56:59
v_000000249,u_001424,s_00024,2025-01-20 16:38:51,2025-01-20 16:57:51
v_000000250,u_001000,s_00064,2025-02-16 13:36:04,2025-02-16 13:38:04
v_000000251,u_000852,s_00032,2025-02-24 14:40:31,2025-02-24 15:13:31
v_000000252,u_000888,s_00055,2025-01-30 13:47:47,2025-01-30 14:24:47
v_000000253,u_000864,s_00054,2025-02-08 15:48:36,2025-02-08 16:03:36
v_000000254,u_000755,s_00018,2025-01-16 23:50:56,2025-01-17 00:10:56
v_000000255,u_000541,s_00124,2025-02-23 08:48:57,2025-02-23 09:07:57
v_000000256,u_001351,s_00149,2025-01-13 21:26:41,2025-01-13 21:29:41
v_000000257,u_000606,s_00037,2025-01-02 16:06:48,2025-01-02 16:07:48
v_000000258,u_001079,s_00127,2025-02-04 21:55:36,2025-02-04 21:58:36
v_000000259,u_000167,s_00032,2025-02-22 23:41:10,2025-02-22 23:55:10
v_000000260,u_001590,s_00069,2025-01-09 15:21:45,2025-01-09 15:43:45
v_000000261,u_000351,s_00085,2025-01-04 23:09:25,2025-01-04 23:12:25
v_000000262,u_000424,s_00106,2025-01-27 19:17:56,2025-01-27 20:08:56
v_000000263,u_000247,s_00014,2025-01-04 16:59:09,2025-01-04 17:16:09
v_000000264,u_000547,s_00099,2025-02-01 18:08:41,2025-02-01 18:29:41
v_000000265,u_001590,s_00101,2025-01-29 17:17:38,2025-01-29 17:25:38
v_000000266,u_001828,s_00086,2025-02-21 09:31:00,2025-02-21 09:49:00
v_000000267,u_001844,s_00148,2025-02-09 21:58:00,2025-02-09 22:12:00
v_000000268,u_001019,s_00123,2025-01-29 18:54:51,2025-01-29 19:30:51
v_000000269,u_001682,s_00132,2025-02-24 13:00:25,2025-02-24 13:05:25
v_000000270,u_000006,s_00097,2025-02-12 16:23:08,2025-02-12 17:46:08
v_000000271,u_000272,s_00019,2025-01-09 13:13:40,2025-01-09 13:17:40
v_000000272,u_001417,s_00143,2025-02-10 23:25:30,2025-02-11 00:05:30
v_000000273,u_000027,s_00048,2025-02-12 18:41:46,2025-02-12 18:52:46
v_000000274,u_000698,s_00134,2025-01-26 23:24:35,2025-01-26 23:33:35
v_000000275,u_001535,s_00123,2025-01-19 21:29:41,2025-01-19 21:30:41
v_000000276,u_000606,s_00126,2025-02-08 21:51:28,2025-02-08 22:04:28
v_000000277,u_001557,s_00105,2025-01-23 23:07:26,2025-01-23 23:33:26
v_000000278,u_000941,s_00140,2025-02-07 23:23:43,2025-02-07 23:37:43
v_000000279,u_001700,s_00081,2025-01-18 22:34:39,2025-01-18 22:46:39
v_000000280,u_001580,s_00013,2025-02-20 23:15:31,2025-02-20 23:19:31
v_000000281,u_001609,s_00053,2025-02-03 20:38:03,2025-02-03 20:43:03
v_000000282,u_000329,s_00124,2025-01-09 23:08:12,2025-01-09 23:12:12
v_000000283,u_001102,s_00052,2025-02-06 19:14:20,2025-02-06 19:27:20
v_000000284,u_000255,s_00135,2025-02-12 19:37:21,2025-02-12 19:39:21
v_000000285,u_000200,s_00042,2025-02-09 16:31:03,2025-02-09 16:34:03
v_000000286,u_000941,s_00109,2025-02-19 15:24:38,2025-02-19 15:56:38
v_000000287,u_000274,s_00029,2025-02-14 15:55:21,2025-02-14 15:59:21
v_000000288,u_001486,s_00000,2025-01-23 15:35:40,2025-01-23 16:08:40
v_000000289,u_001130,s_00124,2025-02-23 18:17:29,2025-02-23 18:45:29
v_000000290,u_001870,s_00034,2025-01-28 17:58:41,2025-01-28 18:43:41
v_000000291,u_001579,s_00003,2025-02-03 22:54:25,2025-02-03 23:16:25
v_000000292,u_001731,s_00102,2025-02-09 18:06:59,2025-02-09 18:11:59
v_000000293,u_000124,s_00076,2025-01-14 22:45:10,2025-01-14 23:29:10
v_000000294,u_000081,s_00097,2025-02-01 18:25:28,2025-02-01 18:27:28
v_000000295,u_000515,s_00087,2025-02-24 17:41:36,2025-02-24 17:42:36
v_000000296,u_001051,s_00098,2025-02-25 23:26:59,2025-02-25 23:28:59
v_000000297,u_001292,s_00003,2025-02-26 15:49:58,2025-02-26 16:07:58
v_000000298,u_000755,s_00065,2025-02-20 22:12:52,2025-02-20 22:13:52
v_000000299,u_001141,s_00100,2025-01-18 19:34:37,2025-01-18 19:55:37
v_000000300,u_001752,s_00077,2025-02-28 18:35:09,2025-02-28 18:36:09
v_000000301,u_000068,s_00010,2025-02-17 21:40:18,2025-02-17 22:04:18
v_000000302,u_001411,s_00010,2025-02-04 18:16:23,2025-02-04 18:51:23
v_000000303,u_001627,s_00011,2025-01-25 23:26:41,2025-01-25 23:37:41
v_000000304,u_001129,s_00022,2025-02-05 18:50:46,2025-02-05 18:51:46
v_000000305,u_000292,s_00043,2025-02-19 23:18:15,2025-02-19 23:38:15
v_000000306,u_001606,s_00020,2025-01-12 19:56:49,2025-01-12 20:09:49
v_000000307,u_001701,s_00108,2025-02-01 15:18:39,2025-02-01 15:19:39
v_000000308,u_001350,s_00020,2025-02-09 20:11:06,2025-02-09 21:26:06
v_000000309,u_000210,s_00046,2025-02-10 23:01:01,2025-02-10 23:04:01
v_000000310,u_001731,s_00102,2025-02-16 16:38:54,2025-02-16 16:59:54
v_000000311,u_000769,s_00110,2025-02-16 22:54:08,2025-02-16 23:03:08
v_000000312,u_000852,s_00032,2025-01-27 14:00:25,2025-01-27 14:41:25
v_000000313,u_001079,s_00043,2025-02-14 16:38:34,2025-02-14 16:39:34
v_000000314,u_000304,s_00080,2025-02-19 21:42:12,2025-02-19 21:45:12
v_000000315,u_001004,s_00006,2025-02-26 23:59:18,2025-02-27 00:01:18
v_000000316,u_001591,s_00095,2025-01-31 20:34:53,2025-01-31 20:35:53
v_000000317,u_000618,s_00052,2025-02-28 23:30:26,2025-03-01 00:10:26
v_000000318,u_001618,s_00114,2025-01-26 16:25:06,2025-01-26 18:08:06
v_000000319,u_000018,s_00128,2025-02-08 23:42:47,2025-02-09 00:01:47
v_000000320,u_000455,s_00055,2025-01-28 20:51:11,2025-01-28 21:30:11
v_000000321,u_001080,s_00113,2025-01-31 09:08:09,2025-01-31 09:09:09
v_000000322,u_001985,s_00037,2025-01-25 23:18:36,2025-01-25 23:22:36
v_000000323,u_001796,s_00028,2025-02-07 12:06:07,2025-02-07 12:21:07
v_000000324,u_000833,s_00061,2025-02-23 16:40:44,2025-02-23 16:45:44
v_000000325,u_001410,s_00103,2025-01-09 23:22:17,2025-01-09 23:27:17
v_000000326,u_001998,s_00078,2025-02-22 17:08:23,2025-02-22 17:15:23
v_000000327,u_001550,s_00116,2025-01-10 20:26:57,2025-01-10 21:27:57
v_000000328,u_001524,s_00094,2025-01-02 18:30:35,2025-01-02 19:37:35
v_000000329,u_001954,s_00052,2025-02-01 14:54:31,2025-02-01 15:41:31
v_000000330,u_001048,s_00044,2025-01-08 21:18:02,2025-01-08 21:26:02
v_000000331,u_000562,s_00130,2025-01-23 19:21:15,2025-01-23 19:37:15
v_000000332,u_001498,s_00012,2025-02-16 12:50:49,2025-02-16 13:59:49
v_000000333,u_000068,s_00010,2025-01-31 23:15:37,2025-01-31 23:46:37
v_000000334,u_000593,s_00032,2025-01-12 19:06:53,2025-01-12 19:30:53
v_000000335,u_000676,s_00110,2025-01-28 17:22:03,2025-01-28 18:34:03
v_000000336,u_001288,s_00124,2025-02-11 16:24:49,2025-02-11 16:25:49
v_000000337,u_001209,s_00117,2025-01-04 15:04:10,2025-01-04 15:30:10
v_000000338,u_000727,s_00065,2025-01-28 19:59:40,2025-01-28 20:28:40
v_000000339,u_001809,s_00102,2025-01-16 17:13:53,2025-01-16 17:32:53
v_000000340,u_000971,s_00022,2025-02-14 23:21:52,2025-02-14 23:50:52
v_000000341,u_000213,s_00020,2025-02-20 22:18:46,2025-02-20 22:40:46
v_000000342,u_001624,s_00062,2025-01-02 18:08:58,2025-01-02 19:17:58
v_000000343,u_001921,s_00132,2025-02-23 22:56:55,2025-02-24 00:08:55
v_000000344,u_000161,s_00107,2025-02-15 16:35:54,2025-02-15 16:50:54
v_000000345,u_000098,s_00115,2025-01-31 23:10:17,2025-02-01 00:12:17
v_000000346,u_001808,s_00128,2025-01-29 23:19:42,2025-01-29 23:56:42
v_000000347,u_000276,s_00090,2025-01-09 17:40:11,2025-01-09 17:50:11
v_000000348,u_001846,s_00090,2025-01-31 16:06:12,2025-01-31 16:24:12
v_000000349,u_000321,s_00063,2025-02-25 21:15:44,2025-02-25 22:03:44
v_000000350,u_000960,s_00144,2025-01-26 18:06:44,2025-01-26 18:29:44
v_000000351,u_001108,s_00000,2025-01-31 19:36:01,2025-01-31 20:03:01
v_000000352,u_001784,s_00123,2025-02-27 15:07:18,2025-02-27 15:34:18
v_000000353,u_001783,s_00100,2025-02-19 21:50:43,2025-02-19 21:53:43
v_000000354,u_000093,s_00126,2025-02-10 10:01:47,2025-02-10 10:05:47
v_000000355,u_000688,s_00140,2025-02-26 18:14:35,2025-02-26 18:15:35
v_000000356,u_000859,s_00027,2025-01-20 23:51:36,2025-01-21 00:49:36
v_000000357,u_000672,s_00038,2025-01-23 17:39:10,2025-01-23 17:48:10
v_000000358,u_000263,s_00023,2025-01-07 19:36:17,2025-01-07 20:14:17
v_000000359,u_000170,s_00102,2025-01-14 19:51:39,2025-01-14 20:22:39
v_000000360,u_000027,s_00059,2025-02-18 20:53:32,2025-02-18 21:02:32
v_000000361,u_001808,s_00122,2025-02-02 20:07:47,2025-02-02 20:19:47
v_000000362,u_001364,s_00143,2025-02-18 23:44:10,2025-02-19 00:10:10
v_000000363,u_001898,s_00064,2025-02-02 20:47:01,2025-02-02 21:17:01
v_000000364,u_001737,s_00010,2025-02-08 20:42:34,2025-02-08 21:13:34
v_000000365,u_001711,s_00075,2025-01-28 19:39:50,2025-01-28 19:42:50
v_000000366,u_001918,s_00148,2025-02-11 23:03:26,2025-02-11 23:08:26
v_000000367,u_001578,s_00082,2025-01-20 22:51:38,2025-01-20 22:53:38
v_000000368,u_000817,s_00066,2025-01-29 23:18:40,2025-01-29 23:28:40
v_000000369,u_000680,s_00060,2025-02-06 22:43:34,2025-02-06 22:48:34
v_000000370,u_000192,s_00130,2025-01-27 23:06:13,2025-01-27 23:13:13
v_000000371,u_000553,s_00045,2025-01-12 17:26:47,2025-01-12 17:27:47
v_000000372,u_000372,s_00083,2025-01-08 23:31:36,2025-01-08 23:33:36
v_000000373,u_001188,s_00057,2025-01-17 21:36:41,2025-01-17 22:07:41
v_000000374,u_000539,s_00033,2025-02-26 22:28:59,2025-02-26 22:48:59
v_000000375,u_001394,s_00086,2025-02-11 16:05:48,2025-02-11 17:11:48
v_000000376,u_000841,s_00118,2025-01-22 22:21:02,2025-01-22 22:28:02
v_000000377,u_000586,s_00146,2025-01-14 23:38:32,2025-01-14 23:58:32
v_000000378,u_001234,s_00012,2025-01-02 19:22:16,2025-01-02 19:35:16
v_000000379,u_000228,s_00131,2025-01-16 23:09:46,2025-01-16 23:10:46
v_000000380,u_001356,s_00007,2025-02-14 18:18:26,2025-02-14 19:01:26
v_000000381,u_001968,s_00149,2025-01-23 19:33:39,2025-01-23 19:44:39
v_000000382,u_000384,s_00129,2025-02-23 09:19:36,2025-02-23 09:44:36
v_000000383,u_001583,s_00024,2025-02-18 13:08:15,2025-02-18 13:20:15
v_000000384,u_001470,s_00104,2025-02-23 20:09:15,2025-02-23 20:16:15
v_000000385,u_000892,s_00100,2025-01-24 19:11:25,2025-01-24 20:01:25
v_000000386,u_001816,s_00079,2025-01-17 23:35:26,2025-01-17 23:40:26
v_000000387,u_001277,s_00004,2025-01-17 15:02:29,2025-01-17 15:43:29
v_000000388,u_000729,s_00081,2025-01-16 23:59:01,2025-01-17 00:17:01
v_000000389,u_001877,s_00140,2025-02-19 18:22:54,2025-02-19 18:24:54
v_000000390,u_000732,s_00002,2025-02-22 23:31:06,2025-02-22 23:51:06
v_000000391,u_001697,s_00099,2025-01-21 20:38:33,2025-01-21 20:44:33
v_000000392,u_001198,s_00070,2025-01-07 18:14:57,2025-01-07 18:15:57
v_000000393,u_000238,s_00057,2025-02-16 23:44:35,2025-02-16 23:56:35
v_000000394,u_000035,s_00018,2025-01-09 23:36:03,2025-01-09 23:53:03
v_000000395,u_001785,s_00086,2025-01-16 23:28:48,2025-01-16 23:44:48
v_000000396,u_000320,s_00098,2025-02-18 21:04:30,2025-02-18 21:26:30
v_000000397,u_001151,s_00053,2025-01-26 22:55:42,2025-01-26 23:09:42
v_000000398,u_001917,s_00073,2025-01-14 23:39:01,2025-01-15 00:13:01
v_000000399,u_000071,s_00000,2025-02-06 16:00:43,2025-02-06 17:33:43
v_000000400,u_001222,s_00007,2025-01-01 21:45:10,2025-01-01 22:39:10
v_000000401,u_001065,s_00083,2025-01-11 23:36:41,2025-01-11 23:40:41
v_000000402,u_000997,s_00108,2025-02-04 20:36:32,2025-02-04 20:49:32
v_000000403,u_000703,s_00115,2025-01-30 16:56:57,2025-01-30 17:20:57
v_000000404,u_001453,s_00124,2025-02-04 13:51:56,2025-02-04 14:02:56
v_000000405,u_001848,s_00051,2025-02-05 21:32:56,2025-02-05 21:42:56
v_000000406,u_001672,s_00122,2025-02-09 19:04:15,2025-02-09 20:17:15
v_000000407,u_001913,s_00064,2025-01-18 22:53:17,2025-01-18 22:57:17
v_000000408,u_000951,s_00049,2025-02-07 19:08:00,2025-02-07 19:13:00
v_000000409,u_000162,s_00095,2025-02-09 17:33:29,2025-02-09 17:43:29
v_000000410,u_001011,s_00048,2025-01-21 23:44:44,2025-01-21 23:45:44
v_000000411,u_000695,s_00115,2025-01-05 23:27:08,2025-01-06 00:08:08
v_000000412,u_000792,s_00079,2025-02-10 23:55:13,2025-02-11 00:08:13
v_000000413,u_000665,s_00101,2025-02-09 18:59:17,2025-02-09 19:41:17
v_000000414,u_000239,s_00069,2025-02-09 22:50:24,2025-02-09 22:57:24
v_000000415,u_001386,s_00137,2025-02-25 23:43:54,2025-02-26 00:31:54
v_000000416,u_000911,s_00112,2025-02-08 20:13:06,2025-02-08 21:03:06
v_000000417,u_001798,s_00073,2025-01-04 17:48:16,2025-01-04 17:50:16
v_000000418,u_000498,s_00132,2025-02-25 20:25:58,2025-02-25 20:27:58
v_000000419,u_000711,s_00023,2025-02-08 22:34:59,2025-02-08 22:40:59
v_000000420,u_001071,s_00086,2025-01-10 23:47:55,2025-01-11 00:40:55
v_000000421,u_000748,s_00097,2025-01-22 23:44:18,2025-01-22 23:47:18
v_000000422,u_001718,s_00050,2025-02-17 22:19:25,2025-02-17 22:23:25
v_000000423,u_000027,s_00059,2025-02-06 18:19:59,2025-02-06 19:19:59
v_000000424,u_001728,s_00133,2025-01-09 19:05:57,2025-01-09 19:12:57
v_000000425,u_000926,s_00023,2025-01-10 13:33:47,2025-01-10 13:36:47
v_000000426,u_001839,s_00079,2025-02-24 12:04:58,2025-02-24 12:45:58
v_000000427,u_001409,s_00086,2025-01-27 16:16:24,2025-01-27 16:47:24
v_000000428,u_001769,s_00067,2025-01-01 23:42:59,2025-01-01 23:43:59
v_000000429,u_000235,s_00045,2025-02-19 14:53:06,2025-02-19 15:09:06
v_000000430,u_001424,s_00034,2025-01-27 22:48:04,2025-01-27 23:50:04
v_000000431,u_001778,s_00103,2025-02-15 23:07:40,2025-02-15 23:23:40
v_000000432,u_000789,s_00062,2025-02-17 18:39:04,2025-02-17 19:23:04
v_000000433,u_001533,s_00104,2025-01-21 15:04:16,2025-01-21 15:56:16
v_000000434,u_001257,s_00003,2025-01-30 19:32:08,2025-01-30 19:41:08
v_000000435,u_000935,s_00050,2025-01-11 23:41:10,2025-01-11 23:53:10
v_000000436,u_001576,s_00024,2025-02-18 21:17:17,2025-02-18 21:51:17
v_000000437,u_000975,s_00145,2025-02-12 15:41:58,2025-02-12 16:27:58
v_000000438,u_001799,s_00079,2025-01-14 20:22:12,2025-01-14 20:24:12
v_000000439,u_000017,s_00089,2025-02-16 15:09:48,2025-02-16 16:03:48
v_000000440,u_000352,s_00140,2025-01-14 13:28:10,2025-01-14 13:49:10
v_000000441,u_000919,s_00044,2025-01-24 23:35:44,2025-01-24 23:46:44
v_000000442,u_000970,s_00140,2025-02-12 20:17:08,2025-02-12 21:02:08
v_000000443,u_001334,s_00130,2025-01-29 17:00:50,2025-01-29 17:05:50
v_000000444,u_001256,s_00004,2025-02-21 18:43:58,2025-02-21 18:57:58
v_000000445,u_000900,s_00071,2025-01-26 16:48:53,2025-01-26 17:35:53
v_000000446,u_001754,s_00135,2025-01-14 12:21:13,2025-01-14 12:56:13
v_000000447,u_000498,s_00122,2025-02-14 23:59:57,2025-02-15 00:10:57
v_000000448,u_000543,s_00046,2025-02-12 18:22:12,2025-02-12 18:36:12
v_000000449,u_000480,s_00008,2025-02-26 19:09:38,2025-02-26 19:56:38
v_000000450,u_001821,s_00082,2025-02-09 22:50:57,2025-02-09 22:55:57
v_000000451,u_001173,s_00092,2025-02-28 20:04:25,2025-02-28 20:15:25
v_000000452,u_000380,s_00091,2025-02-17 17:43:37,2025-02-17 19:08:37
v_000000453,u_001255,s_00132,2025-01-22 23:45:13,2025-01-23 00:31:13
v_000000454,u_001075,s_00021,2025-02-10 23:36:28,2025-02-10 23:54:28
v_000000455,u_001986,s_00125,2025-02-10 23:51:03,2025-02-11 00:53:03
v_000000456,u_001211,s_00039,2025-02-10 19:18:40,2025-02-10 19:27:40
v_000000457,u_000915,s_00002,2025-02-19 21:56:29,2025-02-19 22:10:29
v_000000458,u_001106,s_00041,2025-03-01 21:31:25,2025-03-01 21:41:25
v_000000459,u_001616,s_00034,2025-02-15 14:05:05,2025-02-15 14:06:05
v_000000460,u_000115,s_00066,2025-02-14 14:38:11,2025-02-14 14:43:11
v_000000461,u_001751,s_00036,2025-01-02 22:49:05,2025-01-02 23:46:05
v_000000462,u_000743,s_00056,2025-01-30 23:45:18,2025-01-31 00:14:18
v_000000463,u_000158,s_00136,2025-02-19 20:50:17,2025-02-19 21:07:17
v_000000464,u_001699,s_00053,2025-01-22 11:19:24,2025-01-22 12:00:24
v_000000465,u_001965,s_00005,2025-02-06 21:31:22,2025-02-06 22:47:22
v_000000466,u_000788,s_00090,2025-01-10 23:28:15,2025-01-11 01:03:15
v_000000467,u_000950,s_00044,2025-01-04 20:15:08,2025-01-04 20:33:08
v_000000468,u_001965,s_00021,2025-02-09 23:51:58,2025-02-09 23:53:58
v_000000469,u_001573,s_00050,2025-02-13 19:15:29,2025-02-13 19:28:29
v_000000470,u_001698,s_00116,2025-01-06 20:03:51,2025-01-06 20:04:51
v_000000471,u_001641,s_00092,2025-02-06 20:46:36,2025-02-06 20:49:36
v_000000472,u_001275,s_00050,2025-01-15 21:40:35,2025-01-15 21:47:35
v_000000473,u_001865,s_00021,2025-01-12 19:49:08,2025-01-12 19:55:08
v_000000474,u_000605,s_00041,2025-01-06 20:35:57,2025-01-06 20:57:57
v_000000475,u_000267,s_00105,2025-01-11 22:52:21,2025-01-11 23:03:21
v_000000476,u_000863,s_00004,2025-02-18 20:56:08,2025-02-18 21:16:08
v_000000477,u_001242,s_00115,2025-01-19 22:14:01,2025-01-19 22:15:01
v_000000478,u_001819,s_00116,2025-01-02 23:43:08,2025-01-02 23:46:08
v_000000479,u_000285,s_00091,2025-02-02 18:46:59,2025-02-02 18:47:59
v_000000480,u_000694,s_00038,2025-01-17 23:09:16,2025-01-18 00:06:16
v_000000481,u_001829,s_00130,2025-01-26 22:01:32,2025-01-26 22:02:32
v_000000482,u_000813,s_00066,2025-02-16 23:22:14,2025-02-16 23:48:14
v_000000483,u_001495,s_00011,2025-01-03 15:41:43,2025-01-03 15:42:43
v_000000484,u_000954,s_00113,2025-02-11 17:18:15,2025-02-11 17:19:15
v_000000485,u_000543,s_00010,2025-02-20 19:19:26,2025-02-20 19:34:26
v_000000486,u_001762,s_00093,2025-02-03 18:49:52,2025-02-03 19:17:52
v_000000487,u_000716,s_00070,2025-02-27 19:50:04,2025-02-27 20:14:04
v_000000488,u_000201,s_00121,2025-01-07 14:30:13,2025-01-07 14:32:13
v_000000489,u_000090,s_00090,2025-02-16 18:32:32,2025-02-16 19:15:32
v_000000490,u_001534,s_00049,2025-02-25 20:46:47,2025-02-25 20:49:47
v_000000491,u_000097,s_00086,2025-02-20 19:23:31,2025-02-20 19:25:31
v_000000492,u_000600,s_00059,2025-01-17 18:56:16,2025-01-17 19:02:16
v_000000493,u_001826,s_00140,2025-02-01 19:36:40,2025-02-01 19:58:40
v_000000494,u_001619,s_00071,2025-02-17 21:13:39,2025-02-17 22:09:39
v_000000495,u_000975,s_00020,2025-01-14 23:00:08,2025-01-14 23:06:08
v_000000496,u_001274,s_00004,2025-02-03 23:32:20,2025-02-04 00:00:20
v_000000497,u_001903,s_00106,2025-02-18 16:03:35,2025-02-18 16:07:35
v_000000498,u_001544,s_00095,2025-02-07 22:34:15,2025-02-07 23:05:15
v_000000499,u_000216,s_00111,2025-02-21 22:49:53,2025-02-21 23:13:53
v_000000500,u_000361,s_00093,2025-01-10 18:25:11,2025-01-10 18:26:11
v_000000501,u_000517,s_00085,2025-01-02 19:32:01,2025-01-02 19:42:01
v_000000502,u_001157,s_00079,2025-01-01 15:17:52,2025-01-01 15:25:52
v_000000503,u_001638,s_00110,2025-01-02 14:20:51,2025-01-02 14:50:51
v_000000504,u_001190,s_00052,2025-01-16 23:00:30,2025-01-16 23:03:30
v_000000505,u_000851,s_00089,2025-02-21 21:35:42,2025-02-21 21:55:42
v_000000506,u_001280,s_00025,2025-01-26 19:20:14,2025-01-26 20:15:14
v_000000507,u_000430,s_00020,2025-02-10 23:06:23,2025-02-10 23:27:23
v_000000508,u_001276,s_00133,2025-02-17 21:24:33,2025-02-17 21:37:33
v_000000509,u_001282,s_00029,2025-01-17 21:10:10,2025-01-17 21:53:10
v_000000510,u_000482,s_00063,2025-01-19 19:23:53,2025-01-19 19:38:53
v_000000511,u_001317,s_00016,2025-01-28 18:11:06,2025-01-28 18:48:06
v_000000512,u_000198,s_00124,2025-02-11 23:04:22,2025-02-11 23:10:22
v_000000513,u_001449,s_00107,2025-02-10 23:46:41,2025-02-10 23:56:41
v_000000514,u_000128,s_00088,2025-01-04 15:04:12,2025-01-04 15:32:12
v_000000515,u_000444,s_00114,2025-02-22 20:13:49,2025-02-22 20:42:49
v_000000516,u_000687,s_00083,2025-01-21 20:48:51,2025-01-21 20:58:51
v_000000517,u_000899,s_00113,2025-01-10 11:18:33,2025-01-10 11:23:33
v_000000518,u_000439,s_00143,2025-02-11 23:33:29,2025-02-12 00:34:29
v_000000519,u_000167,s_00073,2025-02-06 12:12:52,2025-02-06 12:37:52
v_000000520,u_000012,s_00086,2025-01-07 17:56:48,2025-01-07 18:22:48
v_000000521,u_000127,s_00113,2025-02-16 18:19:48,2025-02-16 18:44:48
v_000000522,u_001505,s_00125,2025-02-19 22:03:31,2025-02-19 22:19:31
v_000000523,u_001794,s_00131,2025-01-14 22:33:15,2025-01-14 23:08:15
v_000000524,u_000063,s_00000,2025-02-07 21:58:17,2025-02-07 22:37:17
v_000000525,u_000892,s_00076,2025-01-19 16:12:31,2025-01-19 16:20:31
v_000000526,u_001644,s_00114,2025-01-06 16:39:17,2025-01-06 16:55:17
v_000000527,u_000921,s_00105,2025-01-08 18:15:39,2025-01-08 19:07:39
v_000000528,u_000012,s_00121,2025-01-09 20:50:38,2025-01-09 20:58:38
v_000000529,u_001665,s_00149,2025-01-02 18:21:53,2025-01-02 18:36:53
v_000000530,u_000937,s_00032,2025-01-14 15:32:14,2025-01-14 15:33:14
v_000000531,u_000120,s_00010,2025-01-22 22:15:26,2025-01-22 22:22:26
v_000000532,u_001102,s_00052,2025-01-10 11:55:30,2025-01-10 12:13:30
v_000000533,u_000548,s_00138,2025-01-14 16:38:18,2025-01-14 16:58:18
v_000000534,u_000097,s_00006,2025-01-23 18:56:21,2025-01-23 19:17:21
v_000000535,u_000277,s_00069,2025-02-27 18:40:43,2025-02-27 19:11:43
v_000000536,u_001601,s_00097,2025-01-20 20:45:03,2025-01-20 20:51:03
v_000000537,u_000200,s_00082,2025-02-26 12:16:27,2025-02-26 12:51:27
v_000000538,u_001224,s_00071,2025-02-01 19:38:27,2025-02-01 19:56:27
v_000000539,u_000093,s_00126,2025-02-16 12:01:21,2025-02-16 12:41:21
v_000000540,u_001926,s_00008,2025-01-14 15:50:08,2025-01-14 15:57:08
v_000000541,u_000583,s_00005,2025-02-07 17:41:51,2025-02-07 17:43:51
v_000000542,u_001595,s_00134,2025-02-06 23:37:09,2025-02-07 00:07:09
v_000000543,u_001427,s_00099,2025-02-27 21:55:01,2025-02-27 22:00:01
v_000000544,u_000927,s_00005,2025-02-12 21:09:08,2025-02-12 21:14:08
v_000000545,u_001807,s_00026,2025-02-23 23:16:33,2025-02-23 23:17:33
v_000000546,u_001038,s_00057,2025-02-11 21:30:25,2025-02-11 21:51:25
v_000000547,u_000184,s_00122,2025-02-23 20:02:50,2025-02-23 20:23:50
v_000000548,u_001013,s_00129,2025-02-18 23:01:35,2025-02-18 23:35:35
v_000000549,u_001477,s_00004,2025-01-06 22:13:57,2025-01-06 22:47:57
v_000000550,u_000349,s_00129,2025-01-23 17:32:10,2025-01-23 17:56:10
v_000000551,u_001396,s_00144,2025-02-05 19:21:55,2025-02-05 20:24:55
v_000000552,u_001506,s_00081,2025-03-01 23:10:08,2025-03-01 23:12:08
v_000000553,u_000383,s_00136,2025-01-24 22:13:35,2025-01-24 22:16:35
v_000000554,u_000004,s_00147,2025-01-21 20:51:20,2025-01-21 21:09:20
v_000000555,u_001900,s_00049,2025-01-07 23:48:28,2025-01-08 00:20:28
v_000000556,u_000950,s_00042,2025-02-13 23:45:39,2025-02-14 00:26:39
v_000000557,u_001923,s_00110,2025-02-24 21:33:20,2025-02-24 22:11:20
v_000000558,u_001941,s_00104,2025-01-07 21:45:10,2025-01-07 22:09:10
v_000000559,u_001277,s_00087,2025-01-19 19:33:24,2025-01-19 19:48:24
v_000000560,u_001397,s_00033,2025-02-17 18:00:32,2025-02-17 18:01:32
v_000000561,u_001301,s_00047,2025-01-29 23:24:16,2025-01-29 23:54:16
v_000000562,u_001387,s_00149,2025-01-22 23:51:17,2025-01-23 00:17:17
v_000000563,u_000841,s_00042,2025-02-20 23:23:27,2025-02-21 00:25:27
v_000000564,u_001140,s_00084,2025-01-01 19:15:53,2025-01-01 19:17:53
v_000000565,u_000342,s_00095,2025-02-24 16:57:54,2025-02-24 17:03:54
v_000000566,u_000240,s_00053,2025-01-11 16:34:33,2025-01-11 17:41:33
v_000000567,u_000100,s_00049,2025-01-20 15:32:33,2025-01-20 15:48:33
v_000000568,u_000853,s_00100,2025-02-16 18:19:13,2025-02-16 18:46:13
v_000000569,u_000138,s_00077,2025-01-15 21:44:03,2025-01-15 21:48:03
v_000000570,u_000008,s_00077,2025-01-11 19:56:24,2025-01-11 20:11:24
v_000000571,u_001983,s_00113,2025-01-22 19:46:17,2025-01-22 19:47:17
v_000000572,u_001318,s_00144,2025-01-02 12:53:32,2025-01-02 12:58:32
v_000000573,u_000484,s_00011,2025-02-27 20:52:55,2025-02-27 21:06:55
v_000000574,u_001042,s_00065,2025-02-28 15:03:21,2025-02-28 15:07:21
v_000000575,u_000459,s_00050,2025-01-17 11:43:59,2025-01-17 11:48:59
v_000000576,u_001132,s_00072,2025-01-30 18:33:50,2025-01-30 19:16:50
v_000000577,u_001595,s_00040,2025-01-31 20:42:56,2025-01-31 20:59:56
v_000000578,u_000249,s_00079,2025-02-23 16:37:01,2025-02-23 16:48:01
v_000000579,u_000909,s_00101,2025-01-07 17:53:52,2025-01-07 17:59:52
v_000000580,u_000452,s_00060,2025-02-19 20:18:50,2025-02-19 20:34:50
v_000000581,u_000095,s_00050,2025-03-01 23:52:45,2025-03-02 00:43:45
v_000000582,u_001338,s_00136,2025-01-23 23:20:06,2025-01-23 23:24:06
v_000000583,u_001462,s_00090,2025-02-24 20:16:53,2025-02-24 20:29:53
v_000000584,u_000127,s_00113,2025-01-29 22:37:06,2025-01-29 23:17:06
v_000000585,u_000885,s_00088,2025-01-25 18:23:07,2025-01-25 18:40:07
v_000000586,u_000468,s_00105,2025-01-08 21:46:25,2025-01-08 21:47:25
v_000000587,u_001339,s_00015,2025-01-21 23:31:27,2025-01-21 23:40:27
v_000000588,u_000282,s_00040,2025-01-24 23:22:27,2025-01-24 23:30:27
v_000000589,u_001289,s_00142,2025-02-13 16:34:25,2025-02-13 16:35:25
v_000000590,u_000787,s_00134,2025-03-01 23:39:14,2025-03-02 00:22:14
v_000000591,u_000932,s_00045,2025-02-14 23:48:26,2025-02-14 23:49:26
v_000000592,u_000942,s_00033,2025-02-07 23:28:54,2025-02-07 23:52:54
v_000000593,u_000093,s_00126,2025-02-23 19:23:03,2025-02-23 19:33:03
v_000000594,u_000519,s_00089,2025-01-22 11:30:30,2025-01-22 11:35:30
v_000000595,u_000316,s_00046,2025-03-01 23:35:30,2025-03-01 23:36:30
v_000000596,u_000079,s_00004,2025-02-05 23:04:05,2025-02-05 23:48:05
v_000000597,u_000683,s_00108,2025-01-20 21:10:46,2025-01-20 21:17:46
v_000000598,u_000965,s_00120,2025-02-07 18:37:04,2025-02-07 18:51:04
v_000000599,u_000165,s_00007,2025-02-26 18:39:22,2025-02-26 18:53:22
v_000000600,u_000684,s_00041,2025-02-07 19:20:30,2025-02-07 19:51:30
v_000000601,u_001975,s_00087,2025-02-05 23:46:18,2025-02-05 23:55:18
v_000000602,u_000210,s_00148,2025-02-20 21:52:34,2025-02-20 21:53:34
v_000000603,u_001682,s_00113,2025-01-11 22:40:25,2025-01-11 22:47:25
v_000000604,u_000364,s_00124,2025-01-16 18:40:09,2025-01-16 18:41:09
v_000000605,u_001492,s_00119,2025-01-13 12:03:42,2025-01-13 12:14:42
v_000000606,u_000279,s_00144,2025-01-12 23:38:35,2025-01-12 23:50:35
v_000000607,u_001151,s_00018,2025-02-06 15:51:58,2025-02-06 15:58:58
v_000000608,u_000825,s_00130,2025-01-29 22:53:52,2025-01-29 23:00:52
v_000000609,u_001972,s_00046,2025-03-01 22:41:06,2025-03-01 23:02:06
v_000000610,u_001277,s_00038,2025-02-24 23:10:34,2025-02-25 01:39:34
v_000000611,u_001878,s_00059,2025-01-18 23:18:15,2025-01-18 23:19:15
v_000000612,u_000022,s_00010,2025-01-24 22:15:54,2025-01-24 22:17:54
v_000000613,u_000766,s_00002,2025-01-24 21:19:12,2025-01-24 22:10:12
v_000000614,u_000276,s_00076,2025-02-10 23:55:59,2025-02-11 00:14:59
v_000000615,u_000227,s_00101,2025-02-15 23:30:19,2025-02-15 23:44:19
v_000000616,u_000124,s_00039,2025-01-24 16:17:59,2025-01-24 16:23:59
v_000000617,u_001836,s_00148,2025-02-02 17:19:07,2025-02-02 17:22:07
v_000000618,u_000527,s_00086,2025-01-18 22:04:36,2025-01-18 22:06:36
v_000000619,u_001663,s_00125,2025-02-05 22:22:31,2025-02-05 22:25:31
v_000000620,u_000237,s_00042,2025-01-08 22:41:17,2025-01-08 23:24:17
v_000000621,u_000018,s_00080,2025-02-20 16:39:31,2025-02-20 16:48:31
v_000000622,u_001789,s_00127,2025-02-28 19:26:52,2025-02-28 19:29:52
v_000000623,u_001354,s_00124,2025-01-05 19:34:16,2025-01-05 20:11:16
v_000000624,u_000844,s_00037,2025-02-25 18:42:44,2025-02-25 18:48:44
v_000000625,u_000451,s_00037,2025-01-31 23:08:48,2025-01-31 23:11:48
v_000000626,u_001754,s_00135,2025-01-25 22:20:06,2025-01-25 22:49:06
v_000000627,u_001740,s_00117,2025-02-17 19:09:58,2025-02-17 19:10:58
v_000000628,u_000259,s_00114,2025-01-17 22:00:15,2025-01-17 22:12:15
v_000000629,u_000191,s_00049,2025-01-02 20:03:03,2025-01-02 20:42:03
v_000000630,u_000797,s_00097,2025-01-16 23:42:14,2025-01-17 00:06:14
v_000000631,u_001159,s_00025,2025-02-10 19:50:12,2025-02-10 20:26:12
v_000000632,u_000016,s_00117,2025-02-13 22:29:17,2025-02-13 23:03:17
v_000000633,u_001218,s_00079,2025-01-17 15:48:24,2025-01-17 16:25:24
v_000000634,u_000484,s_00005,2025-02-11 19:56:37,2025-02-11 20:31:37
v_000000635,u_001128,s_00032,2025-01-19 13:17:01,2025-01-19 13:55:01
v_000000636,u_001339,s_00148,2025-01-15 21:14:13,2025-01-15 21:28:13
v_000000637,u_001299,s_00110,2025-02-12 18:10:07,2025-02-12 18:13:07
v_000000638,u_001820,s_00015,2025-01-24 13:41:54,2025-01-24 13:44:54
v_000000639,u_001606,s_00034,2025-02-22 16:59:27,2025-02-22 17:27:27
v_000000640,u_001472,s_00119,2025-02-23 23:11:57,2025-02-23 23:12:57
v_000000641,u_000079,s_00054,2025-02-03 20:09:17,2025-02-03 20:26:17
v_000000642,u_000612,s_00119,2025-01-14 19:49:34,2025-01-14 20:28:34
v_000000643,u_001781,s_00093,2025-01-10 23:14:21,2025-01-10 23:22:21
v_000000644,u_000939,s_00125,2025-02-01 17:13:54,2025-02-01 17:18:54
v_000000645,u_000592,s_00061,2025-02-14 11:09:32,2025-02-14 11:12:32
v_000000646,u_001663,s_00036,2025-01-02 19:40:52,2025-01-02 21:18:52
v_000000647,u_001899,s_00107,2025-01-08 18:41:13,2025-01-08 19:02:13
v_000000648,u_000741,s_00092,2025-02-25 22:59:29,2025-02-25 23:09:29
v_000000649,u_000437,s_00004,2025-02-24 23:44:15,2025-02-25 00:39:15
v_000000650,u_001063,s_00029,2025-01-15 17:19:26,2025-01-15 17:20:26
v_000000651,u_000511,s_00141,2025-01-12 14:59:13,2025-01-12 15:22:13
v_000000652,u_000059,s_00074,2025-01-23 19:42:05,2025-01-23 20:01:05
v_000000653,u_000632,s_00066,2025-02-23 14:53:26,2025-02-23 15:31:26
v_000000654,u_001992,s_00027,2025-02-21 19:47:47,2025-02-21 20:21:47
v_000000655,u_000822,s_00123,2025-01-21 22:32:22,2025-01-21 22:38:22
v_000000656,u_001263,s_00009,2025-01-09 23:38:19,2025-01-09 23:48:19
v_000000657,u_001900,s_00032,2025-01-31 18:43:46,2025-01-31 18:57:46
v_000000658,u_000592,s_00072,2025-01-17 18:27:57,2025-01-17 18:42:57
v_000000659,u_001171,s_00034,2025-01-23 19:08:08,2025-01-23 19:40:08
v_000000660,u_000718,s_00094,2025-01-21 22:42:45,2025-01-21 23:20:45
v_000000661,u_000912,s_00084,2025-01-22 18:51:34,2025-01-22 18:53:34
v_000000662,u_001692,s_00145,2025-01-20 23:21:37,2025-01-20 23:23:37
v_000000663,u_001126,s_00129,2025-02-09 17:51:58,2025-02-09 17:55:58
v_000000664,u_001794,s_00131,2025-02-03 23:47:12,2025-02-03 23:58:12
v_000000665,u_000929,s_00145,2025-01-26 16:34:19,2025-01-26 17:14:19
v_000000666,u_001066,s_00003,2025-01-08 22:12:46,2025-01-08 22:18:46
v_000000667,u_001376,s_00094,2025-02-24 17:06:40,2025-02-24 17:13:40
v_000000668,u_001901,s_00134,2025-02-19 19:18:19,2025-02-19 19:50:19
v_000000669,u_000379,s_00014,2025-02-04 23:29:25,2025-02-04 23:51:25
v_000000670,u_001710,s_00120,2025-01-21 17:42:47,2025-01-21 17:52:47
v_000000671,u_000852,s_00067,2025-01-03 23:27:36,2025-01-04 00:45:36
v_000000672,u_000802,s_00039,2025-02-20 21:35:39,2025-02-20 21:46:39
v_000000673,u_000931,s_00148,2025-02-20 21:44:12,2025-02-20 22:01:12
v_000000674,u_000412,s_00098,2025-01-05 23:56:01,2025-01-06 00:32:01
v_000000675,u_000108,s_00068,2025-02-14 23:57:19,2025-02-14 23:59:19
v_000000676,u_001798,s_00098,2025-01-14 21:10:47,2025-01-14 21:24:47
v_000000677,u_001755,s_00059,2025-02-07 23:48:15,2025-02-08 00:00:15
v_000000678,u_000136,s_00140,2025-02-07 18:06:26,2025-02-07 18:07:26
v_000000679,u_000348,s_00138,2025-01-25 20:25:00,2025-01-25 20:38:00
v_000000680,u_001587,s_00080,2025-02-24 13:25:16,2025-02-24 14:31:16
v_000000681,u_000554,s_00060,2025-01-20 21:46:00,2025-01-20 21:56:00
v_000000682,u_001843,s_00096,2025-02-05 23:48:28,2025-02-06 00:14:28
v_000000683,u_000295,s_00051,2025-02-14 21:47:43,2025-02-14 21:48:43
v_000000684,u_001287,s_00021,2025-02-19 23:07:21,2025-02-19 23:15:21
v_000000685,u_000127,s_00033,2025-01-05 17:59:37,2025-01-05 18:07:37
v_000000686,u_000785,s_00113,2025-01-04 12:34:36,2025-01-04 12:49:36
v_000000687,u_000229,s_00149,2025-01-30 12:05:57,2025-01-30 12:15:57
v_000000688,u_000509,s_00048,2025-01-18 13:39:44,2025-01-18 13:46:44
v_000000689,u_000888,s_00053,2025-01-21 18:54:56,2025-01-21 20:45:56
v_000000690,u_001503,s_00095,2025-01-20 17:22:01,2025-01-20 17:45:01
v_000000691,u_001094,s_00119,2025-01-26 16:02:44,2025-01-26 16:03:44
v_000000692,u_000310,s_00021,2025-02-17 20:45:35,2025-02-17 20:51:35
v_000000693,u_000243,s_00101,2025-01-06 13:09:59,2025-01-06 13:14:59
v_000000694,u_000711,s_00013,2025-02-21 23:06:47,2025-02-21 23:21:47
v_000000695,u_001396,s_00035,2025-01-11 22:46:02,2025-01-11 22:59:02
v_000000696,u_001908,s_00130,2025-02-09 21:22:56,2025-02-09 21:23:56
v_000000697,u_000693,s_00085,2025-02-11 23:24:39,2025-02-12 00:11:39
v_000000698,u_000956,s_00044,2025-01-17 15:04:14,2025-01-17 15:05:14
v_000000699,u_000693,s_00022,2025-01-25 16:13:46,2025-01-25 18:14:46
v_000000700,u_001224,s_00071,2025-01-15 17:36:50,2025-01-15 17:39:50
v_000000701,u_001629,s_00120,2025-01-26 18:07:55,2025-01-26 18:38:55
v_000000702,u_000574,s_00134,2025-02-01 22:19:03,2025-02-01 22:40:03
v_000000703,u_000037,s_00096,2025-02-21 11:48:15,2025-02-21 11:49:15
v_000000704,u_000240,s_00051,2025-02-17 19:12:24,2025-02-17 19:17:24
v_000000705,u_001414,s_00142,2025-01-30 23:51:13,2025-01-31 00:03:13
v_000000706,u_001989,s_00009,2025-01-01 13:17:05,2025-01-01 13:18:05
v_000000707,u_000573,s_00085,2025-01-02 20:12:03,2025-01-02 21:11:03
v_000000708,u_001894,s_00141,2025-01-05 20:46:37,2025-01-05 20:54:37
v_000000709,u_001861,s_00045,2025-02-15 19:35:43,2025-02-15 19:38:43
v_000000710,u_000829,s_00137,2025-01-27 20:22:13,2025-01-27 20:26:13
v_000000711,u_000691,s_00012,2025-01-29 19:38:02,2025-01-29 20:18:02
v_000000712,u_001262,s_00105,2025-01-18 15:08:58,2025-01-18 15:31:58
v_000000713,u_000237,s_00052,2025-01-16 21:25:34,2025-01-16 21:36:34
v_000000714,u_001367,s_00048,2025-03-01 11:24:42,2025-03-01 11:26:42
v_000000715,u_000440,s_00090,2025-01-06 22:54:37,2025-01-06 22:55:37
v_000000716,u_000051,s_00091,2025-01-26 21:25:40,2025-01-26 21:26:40
v_000000717,u_001020,s_00070,2025-01-28 21:10:15,2025-01-28 21:55:15
v_000000718,u_001991,s_00123,2025-02-25 22:09:14,2025-02-25 22:11:14
v_000000719,u_000411,s_00055,2025-01-12 23:13:36,2025-01-12 23:14:36
v_000000720,u_001485,s_00148,2025-01-24 13:57:41,2025-01-24 14:29:41
v_000000721,u_001819,s_00136,2025-02-08 20:03:09,2025-02-08 20:04:09
v_000000722,u_001987,s_00067,2025-02-22 23:41:27,2025-02-23 00:01:27
v_000000723,u_000820,s_00109,2025-02-14 23:51:21,2025-02-15 00:03:21
v_000000724,u_001345,s_00043,2025-03-01 13:59:38,2025-03-01 14:08:38
v_000000725,u_000064,s_00135,2025-01-06 18:43:50,2025-01-06 18:52:50
v_000000726,u_000242,s_00083,2025-02-24 23:20:20,2025-02-24 23:25:20
v_000000727,u_000220,s_00046,2025-01-19 18:22:50,2025-01-19 18:42:50
v_000000728,u_000820,s_00065,2025-02-10 15:19:29,2025-02-10 15:25:29
v_000000729,u_000378,s_00077,2025-01-15 23:46:39,2025-01-15 23:49:39
v_000000730,u_000613,s_00045,2025-01-20 11:39:49,2025-01-20 12:12:49
v_000000731,u_000150,s_00079,2025-02-08 22:42:34,2025-02-08 23:06:34
v_000000732,u_000882,s_00082,2025-02-06 17:26:30,2025-02-06 18:10:30
v_000000733,u_000438,s_00113,2025-02-15 16:32:52,2025-02-15 16:50:52
v_000000734,u_001578,s_00143,2025-01-13 22:41:32,2025-01-13 22:56:32
v_000000735,u_001628,s_00079,2025-02-06 21:09:25,2025-02-06 21:11:25
v_000000736,u_000073,s_00100,2025-02-04 20:09:21,2025-02-04 21:11:21
v_000000737,u_000060,s_00027,2025-02-17 22:07:48,2025-02-17 22:39:48
v_000000738,u_000285,s_00039,2025-02-23 16:21:23,2025-02-23 16:42:23
v_000000739,u_001174,s_00125,2025-02-08 21:56:42,2025-02-08 22:15:42
v_000000740,u_001993,s_00064,2025-01-11 19:01:27,2025-01-11 19:02:27
v_000000741,u_000128,s_00109,2025-02-27 23:41:13,2025-02-28 00:26:13
v_000000742,u_001174,s_00118,2025-02-28 16:29:40,2025-02-28 16:37:40
v_000000743,u_001426,s_00093,2025-01-13 20:57:33,2025-01-13 20:58:33
v_000000744,u_001506,s_00125,2025-02-07 23:29:28,2025-02-07 23:49:28
v_000000745,u_000517,s_00055,2025-01-30 23:19:11,2025-01-31 00:09:11
v_000000746,u_000001,s_00119,2025-01-24 15:52:34,2025-01-24 15:58:34
v_000000747,u_001586,s_00132,2025-02-26 18:30:48,2025-02-26 18:37:48
v_000000748,u_001950,s_00071,2025-02-26 23:05:06,2025-02-26 23:10:06
v_000000749,u_000239,s_00069,2025-01-15 23:38:43,2025-01-16 00:06:43
v_000000750,u_001819,s_00076,2025-02-27 23:17:11,2025-02-28 00:10:11
v_000000751,u_000279,s_00046,2025-02-26 18:04:28,2025-02-26 19:43:28
v_000000752,u_000516,s_00139,2025-02-14 20:10:51,2025-02-14 20:29:51
v_000000753,u_000626,s_00029,2025-02-21 23:08:48,2025-02-21 23:36:48
v_000000754,u_000308,s_00043,2025-02-10 19:40:12,2025-02-10 19:41:12
v_000000755,u_001648,s_00083,2025-02-04 23:32:28,2025-02-04 23:37:28
v_000000756,u_000266,s_00010,2025-02-14 17:37:51,2025-02-14 17:38:51
v_000000757,u_001874,s_00138,2025-02-12 20:09:18,2025-02-12 20:15:18
v_000000758,u_001663,s_00125,2025-01-05 20:36:46,2025-01-05 20:38:46
v_000000759,u_000320,s_00121,2025-01-10 21:15:24,2025-01-10 21:40:24
v_000000760,u_001537,s_00122,2025-01-05 14:28:34,2025-01-05 15:11:34
v_000000761,u_000354,s_00077,2025-02-06 21:03:21,2025-02-06 21:21:21
v_000000762,u_000446,s_00081,2025-02-23 14:22:47,2025-02-23 14:34:47
v_000000763,u_000735,s_00099,2025-02-12 20:47:34,2025-02-12 21:08:34
v_000000764,u_001098,s_00068,2025-01-31 14:49:27,2025-01-31 15:44:27
v_000000765,u_001132,s_00011,2025-01-13 20:26:50,2025-01-13 20:33:50
v_000000766,u_001119,s_00050,2025-01-01 20:36:12,2025-01-01 21:02:12
v_000000767,u_001130,s_00124,2025-01-06 23:59:58,2025-01-07 00:44:58
v_000000768,u_000626,s_00073,2025-01-24 23:04:58,2025-01-24 23:23:58
v_000000769,u_001058,s_00059,2025-02-17 17:31:18,2025-02-17 17:36:18
v_000000770,u_000584,s_00049,2025-01-23 19:22:01,2025-01-23 19:27:01
v_000000771,u_000669,s_00078,2025-02-15 15:39:11,2025-02-15 15:48:11
v_000000772,u_001918,s_00093,2025-02-25 23:13:06,2025-02-25 23:20:06
v_000000773,u_000404,s_00135,2025-01-12 23:47:49,2025-01-12 23:48:49
v_000000774,u_000074,s_00120,2025-02-20 18:16:03,2025-02-20 18:36:03
v_000000775,u_001298,s_00102,2025-03-01 19:54:12,2025-03-01 19:56:12
v_000000776,u_000318,s_00143,2025-02-22 17:28:06,2025-02-22 18:04:06
v_000000777,u_000048,s_00098,2025-01-20 17:05:07,2025-01-20 17:15:07
v_000000778,u_000668,s_00112,2025-02-21 23:17:25,2025-02-21 23:32:25
v_000000779,u_000906,s_00071,2025-01-29 20:58:06,2025-01-29 20:59:06
v_000000780,u_000457,s_00103,2025-02-08 14:44:38,2025-02-08 14:45:38
v_000000781,u_001270,s_00028,2025-02-22 20:20:34,2025-02-22 21:04:34
v_000000782,u_001812,s_00147,2025-02-05 23:31:01,2025-02-06 00:48:01
v_000000783,u_001472,s_00074,2025-02-14 20:30:45,2025-02-14 20:46:45
v_000000784,u_001258,s_00077,2025-01-26 22:43:31,2025-01-26 23:45:31
v_000000785,u_000155,s_00129,2025-02-28 23:18:26,2025-03-01 00:13:26
v_000000786,u_000210,s_00004,2025-02-23 21:00:57,2025-02-23 21:01:57
v_000000787,u_001492,s_00047,2025-01-02 23:09:14,2025-01-02 23:35:14
v_000000788,u_000955,s_00057,2025-01-18 19:14:50,2025-01-18 19:20:50
v_000000789,u_001185,s_00013,2025-02-15 21:39:09,2025-02-15 22:19:09
v_000000790,u_001076,s_00124,2025-01-19 19:47:58,2025-01-19 20:02:58
v_000000791,u_001389,s_00106,2025-01-27 22:56:07,2025-01-27 23:06:07
v_000000792,u_001117,s_00026,2025-01-15 17:28:22,2025-01-15 17:53:22
v_000000793,u_000784,s_00078,2025-01-25 15:51:57,2025-01-25 16:32:57
v_000000794,u_000841,s_00138,2025-01-28 19:25:53,2025-01-28 19:41:53
v_000000795,u_000999,s_00070,2025-01-21 22:38:13,2025-01-21 23:00:13
v_000000796,u_000604,s_00083,2025-02-12 19:34:11,2025-02-12 20:24:11
v_000000797,u_001500,s_00121,2025-01-03 15:59:51,2025-01-03 16:18:51
v_000000798,u_001022,s_00108,2025-01-27 20:00:16,2025-01-27 20:06:16
v_000000799,u_000023,s_00049,2025-01-10 17:47:40,2025-01-10 17:50:40
v_000000800,u_000337,s_00028,2025-02-07 23:27:12,2025-02-07 23:32:12
v_000000801,u_001699,s_00031,2025-01-18 21:49:06,2025-01-18 22:08:06
v_000000802,u_000589,s_00060,2025-02-21 21:52:51,2025-02-21 22:11:51
v_000000803,u_000270,s_00072,2025-01-03 23:55:52,2025-01-03 23:58:52
v_000000804,u_001402,s_00088,2025-01-03 23:28:53,2025-01-03 23:47:53
v_000000805,u_000761,s_00144,2025-01-24 19:09:06,2025-01-24 19:35:06
v_000000806,u_000816,s_00000,2025-02-13 22:08:15,2025-02-13 22:17:15
v_000000807,u_001709,s_00097,2025-02-18 21:28:17,2025-02-18 21:59:17
v_000000808,u_000826,s_00098,2025-01-15 20:17:32,2025-01-15 20:18:32
v_000000809,u_000863,s_00105,2025-01-21 18:25:51,2025-01-21 19:45:51
v_000000810,u_000890,s_00041,2025-01-19 14:31:29,2025-01-19 16:16:29
v_000000811,u_001336,s_00103,2025-02-20 23:26:51,2025-02-20 23:31:51
v_000000812,u_000254,s_00030,2025-01-19 21:44:11,2025-01-19 21:57:11
v_000000813,u_001698,s_00116,2025-02-17 23:52:54,2025-02-18 01:08:54
v_000000814,u_000180,s_00134,2025-01-18 15:31:51,2025-01-18 15:38:51
v_000000815,u_001174,s_00131,2025-02-05 11:38:40,2025-02-05 12:08:40
v_000000816,u_001026,s_00133,2025-02-25 16:21:39,2025-02-25 18:43:39
v_000000817,u_001011,s_00048,2025-02-02 21:33:51,2025-02-02 21:42:51
v_000000818,u_001941,s_00104,2025-02-23 12:30:39,2025-02-23 12:58:39
v_000000819,u_000375,s_00031,2025-01-10 19:56:43,2025-01-10 20:01:43
v_000000820,u_000303,s_00148,2025-02-22 19:47:27,2025-02-22 20:17:27
v_000000821,u_000437,s_00078,2025-01-12 23:45:42,2025-01-13 00:06:42
v_000000822,u_000348,s_00006,2025-01-30 14:34:05,2025-01-30 14:35:05
v_000000823,u_000543,s_00010,2025-02-28 18:02:28,2025-02-28 18:05:28
v_000000824,u_001925,s_00065,2025-01-26 20:36:20,2025-01-26 20:39:20
v_000000825,u_000244,s_00056,2025-01-22 23:18:06,2025-01-22 23:21:06
v_000000826,u_000086,s_00004,2025-02-28 19:29:52,2025-02-28 19:42:52
v_000000827,u_000492,s_00053,2025-02-12 23:39:14,2025-02-13 00:21:14
v_000000828,u_001053,s_00084,2025-02-19 19:19:46,2025-02-19 19:20:46
v_000000829,u_001370,s_00049,2025-01-27 19:27:08,2025-01-27 19:35:08
v_000000830,u_001195,s_00001,2025-01-18 16:17:46,2025-01-18 16:31:46
v_000000831,u_001719,s_00064,2025-02-12 17:26:16,2025-02-12 17:27:16
v_000000832,u_000276,s_00057,2025-01-19 16:58:50,2025-01-19 17:06:50
v_000000833,u_000064,s_00135,2025-01-03 22:37:55,2025-01-03 22:50:55
v_000000834,u_001539,s_00063,2025-01-23 15:25:49,2025-01-23 15:29:49
v_000000835,u_000876,s_00101,2025-01-03 18:02:30,2025-01-03 18:04:30
v_000000836,u_000269,s_00084,2025-02-05 20:34:32,2025-02-05 20:57:32
v_000000837,u_001613,s_00019,2025-01-14 15:18:58,2025-01-14 15:22:58
v_000000838,u_001873,s_00053,2025-01-29 15:58:18,2025-01-29 16:04:18
v_000000839,u_001336,s_00103,2025-01-04 15:24:12,2025-01-04 15:56:12
v_000000840,u_000167,s_00032,2025-01-26 20:10:19,2025-01-26 20:49:19
v_000000841,u_001252,s_00125,2025-02-03 19:49:42,2025-02-03 21:00:42
v_000000842,u_001844,s_00052,2025-02-05 17:49:17,2025-02-05 17:54:17
v_000000843,u_000281,s_00039,2025-01-22 17:33:41,2025-01-22 18:13:41
v_000000844,u_001167,s_00015,2025-02-17 22:33:15,2025-02-18 00:06:15
v_000000845,u_001124,s_00028,2025-02-09 21:24:05,2025-02-09 21:45:05
v_000000846,u_000451,s_00024,2025-02-15 21:23:21,2025-02-15 21:30:21
v_000000847,u_000521,s_00052,2025-02-01 20:52:18,2025-02-01 21:19:18
v_000000848,u_001832,s_00139,2025-01-12 14:52:49,2025-01-12 15:02:49
v_000000849,u_000762,s_00003,2025-01-22 23:29:15,2025-01-23 00:09:15
v_000000850,u_001908,s_00130,2025-03-01 22:41:45,2025-03-01 22:42:45
v_000000851,u_000631,s_00048,2025-01-26 18:34:23,2025-01-26 19:28:23
v_000000852,u_001695,s_00055,2025-01-01 15:17:13,2025-01-01 15:29:13
v_000000853,u_000813,s_00013,2025-01-24 17:24:40,2025-01-24 17:57:40
v_000000854,u_001851,s_00116,2025-01-31 17:33:09,2025-01-31 17:50:09
v_000000855,u_000007,s_00149,2025-02-20 20:43:36,2025-02-20 21:18:36
v_000000856,u_001142,s_00022,2025-01-25 23:13:59,2025-01-26 00:08:59
v_000000857,u_001617,s_00042,2025-01-26 23:00:02,2025-01-26 23:02:02
v_000000858,u_000040,s_00064,2025-01-16 15:28:59,2025-01-16 15:36:59
v_000000859,u_000077,s_00030,2025-02-01 18:42:33,2025-02-01 18:46:33
v_000000860,u_001074,s_00132,2025-02-28 20:18:58,2025-02-28 21:12:58
v_000000861,u_001292,s_00003,2025-01-27 16:36:00,2025-01-27 16:45:00
v_000000862,u_001556,s_00040,2025-01-17 23:43:05,2025-01-17 23:55:05
v_000000863,u_001945,s_00054,2025-01-22 15:40:46,2025-01-22 16:24:46
v_000000864,u_000059,s_00074,2025-02-24 22:09:48,2025-02-24 22:35:48
v_000000865,u_000572,s_00149,2025-01-21 19:28:45,2025-01-21 20:34:45
v_000000866,u_001599,s_00091,2025-01-09 22:09:10,2025-01-09 22:29:10
v_000000867,u_000528,s_00048,2025-02-05 23:38:13,2025-02-06 00:03:13
v_000000868,u_000926,s_00023,2025-01-30 19:20:39,2025-01-30 19:43:39
v_000000869,u_000544,s_00040,2025-02-17 22:20:02,2025-02-17 22:36:02
v_000000870,u_001856,s_00132,2025-01-19 14:46:00,2025-01-19 15:16:00
v_000000871,u_000271,s_00009,2025-01-18 16:52:22,2025-01-18 17:00:22
v_000000872,u_000279,s_00036,2025-01-12 17:50:57,2025-01-12 18:06:57
v_000000873,u_001087,s_00002,2025-02-26 23:02:18,2025-02-26 23:16:18
v_000000874,u_000857,s_00019,2025-01-08 23:29:26,2025-01-09 00:17:26
v_000000875,u_001766,s_00059,2025-02-14 23:30:04,2025-02-14 23:45:04
v_000000876,u_000513,s_00141,2025-01-04 19:28:17,2025-01-04 19:29:17
v_000000877,u_001345,s_00013,2025-03-01 19:02:44,2025-03-01 19:42:44
v_000000878,u_000731,s_00148,2025-01-20 14:05:10,2025-01-20 14:13:10
v_000000879,u_001641,s_00092,2025-02-23 12:28:30,2025-02-23 12:44:30
v_000000880,u_001047,s_00129,2025-01-19 20:06:29,2025-01-19 20:09:29
v_000000881,u_001603,s_00015,2025-02-21 15:19:18,2025-02-21 16:07:18
v_000000882,u_000869,s_00045,2025-02-26 21:56:44,2025-02-26 22:26:44
v_000000883,u_001979,s_00019,2025-01-18 13:23:21,2025-01-18 13:38:21
v_000000884,u_000697,s_00025,2025-02-09 22:22:20,2025-02-09 22:43:20
v_000000885,u_001224,s_00071,2025-01-30 15:08:41,2025-01-30 15:18:41
v_000000886,u_000906,s_00019,2025-02-24 23:01:20,2025-02-24 23:21:20
v_000000887,u_000942,s_00086,2025-02-04 23:09:59,2025-02-04 23:47:59
v_000000888,u_000543,s_00046,2025-01-17 20:45:50,2025-01-17 20:52:50
v_000000889,u_000683,s_00108,2025-01-19 23:30:46,2025-01-19 23:40:46
v_000000890,u_001408,s_00094,2025-02-25 19:58:09,2025-02-25 20:18:09
v_000000891,u_001179,s_00130,2025-02-24 21:29:16,2025-02-24 22:47:16
v_000000892,u_000684,s_00041,2025-01-02 23:10:34,2025-01-03 00:08:34
v_000000893,u_000187,s_00061,2025-01-27 13:37:44,2025-01-27 13:52:44
v_000000894,u_000706,s_00056,2025-02-04 19:05:01,2025-02-04 19:15:01
v_000000895,u_001642,s_00058,2025-02-17 20:19:30,2025-02-17 20:49:30
v_000000896,u_000507,s_00008,2025-02-22 23:00:05,2025-02-22 23:16:05
v_000000897,u_001054,s_00086,2025-01-30 19:22:44,2025-01-30 19:38:44
v_000000898,u_001862,s_00030,2025-02-09 23:55:41,2025-02-09 23:56:41
v_000000899,u_001594,s_00139,2025-01-23 10:57:55,2025-01-23 11:13:55
v_000000900,u_000992,s_00115,2025-01-29 20:07:49,2025-01-29 20:14:49
v_000000901,u_000631,s_00048,2025-02-16 23:14:48,2025-02-16 23:19:48
v_000000902,u_000927,s_00023,2025-01-03 23:47:05,2025-01-03 23:49:05
v_000000903,u_001050,s_00008,2025-01-22 21:10:09,2025-01-22 21:22:09
v_000000904,u_001947,s_00054,2025-01-04 23:19:00,2025-01-04 23:36:00
v_000000905,u_000975,s_00063,2025-02-03 16:25:16,2025-02-03 16:26:16
v_000000906,u_000191,s_00048,2025-02-04 16:50:58,2025-02-04 18:32:58
v_000000907,u_000086,s_00071,2025-02-20 23:04:08,2025-02-20 23:06:08
v_000000908,u_001409,s_00086,2025-02-26 16:26:06,2025-02-26 16:42:06
v_000000909,u_001278,s_00079,2025-02-28 23:01:27,2025-02-28 23:42:27
v_000000910,u_000063,s_00000,2025-02-10 14:18:36,2025-02-10 14:21:36
v_000000911,u_000782,s_00105,2025-02-03 20:16:31,2025-02-03 20:49:31
v_000000912,u_001695,s_00055,2025-02-18 19:22:53,2025-02-18 20:29:53
v_000000913,u_001106,s_00092,2025-02-25 11:11:44,2025-02-25 11:24:44
v_000000914,u_001894,s_00102,2025-01-18 23:06:57,2025-01-19 00:06:57
v_000000915,u_000262,s_00137,2025-01-18 15:13:31,2025-01-18 15:17:31
v_000000916,u_001350,s_00041,2025-03-01 16:45:49,2025-03-01 17:09:49
v_000000917,u_001566,s_00114,2025-01-21 12:10:17,2025-01-21 13:01:17
v_000000918,u_000777,s_00105,2025-02-08 22:16:43,2025-02-08 22:23:43
v_000000919,u_000604,s_00103,2025-01-01 18:35:24,2025-01-01 19:00:24
v_000000920,u_000598,s_00122,2025-01-15 18:50:38,2025-01-15 18:51:38
v_000000921,u_000773,s_00020,2025-01-09 19:15:59,2025-01-09 19:27:59
v_000000922,u_000599,s_00017,2025-02-23 17:05:43,2025-02-23 17:06:43
v_000000923,u_001404,s_00088,2025-02-26 22:52:27,2025-02-26 22:55:27
v_000000924,u_000579,s_00146,2025-01-18 19:03:21,2025-01-18 19:38:21
v_000000925,u_000699,s_00127,2025-01-22 21:22:27,2025-01-22 22:07:27
v_000000926,u_001836,s_00021,2025-02-04 19:45:59,2025-02-04 21:05:59
v_000000927,u_001564,s_00067,2025-01-27 22:02:45,2025-01-27 22:36:45
v_000000928,u_000535,s_00117,2025-02-20 23:34:14,2025-02-21 00:42:14
v_000000929,u_000461,s_00139,2025-01-04 23:44:49,2025-01-05 00:06:49
v_000000930,u_000116,s_00070,2025-01-04 14:14:30,2025-01-04 14:20:30
v_000000931,u_000107,s_00108,2025-01-22 22:46:43,2025-01-22 22:51:43
v_000000932,u_000743,s_00056,2025-01-27 20:55:17,2025-01-27 21:11:17
v_000000933,u_000535,s_00117,2025-02-03 17:31:29,2025-02-03 17:44:29
v_000000934,u_000365,s_00131,2025-01-02 23:28:42,2025-01-02 23:48:42
v_000000935,u_001786,s_00047,2025-02-15 20:48:41,2025-02-15 21:01:41
v_000000936,u_000639,s_00037,2025-02-08 20:15:37,2025-02-08 20:19:37
v_000000937,u_000531,s_00076,2025-02-14 17:25:48,2025-02-14 17:41:48
v_000000938,u_001765,s_00130,2025-01-06 17:21:15,2025-01-06 17:36:15
v_000000939,u_001774,s_00122,2025-01-06 20:33:59,2025-01-06 20:34:59
v_000000940,u_000465,s_00049,2025-02-24 22:52:14,2025-02-24 23:18:14
v_000000941,u_000763,s_00131,2025-02-27 19:53:33,2025-02-27 20:00:33
v_000000942,u_000760,s_00101,2025-02-04 20:25:26,2025-02-04 20:37:26
v_000000943,u_001185,s_00013,2025-01-11 17:52:12,2025-01-11 18:28:12
v_000000944,u_000674,s_00092,2025-01-02 18:34:13,2025-01-02 19:09:13
v_000000945,u_001689,s_00138,2025-01-10 16:15:55,2025-01-10 16:30:55
v_000000946,u_000448,s_00015,2025-02-08 20:05:23,2025-02-08 20:20:23
v_000000947,u_000962,s_00133,2025-01-16 19:59:21,2025-01-16 20:05:21
v_000000948,u_000254,s_00062,2025-01-31 11:15:31,2025-01-31 11:43:31
v_000000949,u_001298,s_00055,2025-01-26 16:02:02,2025-01-26 17:19:02
v_000000950,u_000343,s_00140,2025-01-12 13:39:39,2025-01-12 14:13:39
v_000000951,u_001866,s_00149,2025-02-02 15:05:14,2025-02-02 15:30:14
v_000000952,u_000596,s_00119,2025-02-28 23:46:44,2025-02-28 23:47:44
v_000000953,u_000119,s_00042,2025-01-31 21:51:25,2025-01-31 21:54:25
v_000000954,u_000526,s_00030,2025-01-11 23:56:56,2025-01-12 00:45:56
v_000000955,u_001506,s_00006,2025-02-26 21:50:28,2025-02-26 22:54:28
v_000000956,u_001890,s_00096,2025-02-21 16:48:38,2025-02-21 16:49:38
v_000000957,u_000239,s_00069,2025-02-16 22:13:56,2025-02-16 23:02:56
v_000000958,u_000827,s_00011,2025-01-29 23:33:44,2025-01-29 23:39:44
v_000000959,u_001819,s_00136,2025-02-16 23:52:19,2025-02-16 23:54:19
v_000000960,u_001748,s_00108,2025-01-12 23:36:42,2025-01-12 23:37:42
v_000000961,u_000335,s_00114,2025-01-11 23:32:28,2025-01-11 23:33:28
v_000000962,u_001591,s_00103,2025-01-20 19:40:14,2025-01-20 19:41:14
v_000000963,u_001921,s_00076,2025-02-12 23:52:03,2025-02-12 23:54:03
v_000000964,u_001301,s_00001,2025-01-06 18:44:24,2025-01-06 19:24:24
v_000000965,u_001454,s_00011,2025-02-03 20:54:34,2025-02-03 20:59:34
v_000000966,u_000335,s_00008,2025-01-27 21:02:15,2025-01-27 21:10:15
v_000000967,u_000343,s_00140,2025-02-26 18:18:44,2025-02-26 18:48:44
v_000000968,u_001542,s_00022,2025-02-27 20:45:05,2025-02-27 20:49:05
v_000000969,u_001562,s_00120,2025-01-24 19:05:29,2025-01-24 19:18:29
v_000000970,u_000894,s_00055,2025-01-15 20:06:07,2025-01-15 20:16:07
v_000000971,u_001630,s_00124,2025-02-22 10:46:09,2025-02-22 12:04:09
v_000000972,u_000442,s_00101,2025-01-09 21:45:35,2025-01-09 22:17:35
v_000000973,u_000050,s_00000,2025-01-11 12:42:04,2025-01-11 12:45:04
v_000000974,u_000919,s_00105,2025-02-06 15:46:57,2025-02-06 15:49:57
v_000000975,u_001716,s_00143,2025-01-04 21:15:48,2025-01-04 21:17:48
v_000000976,u_001226,s_00032,2025-02-19 22:30:38,2025-02-19 23:26:38
v_000000977,u_001922,s_00049,2025-01-14 23:47:32,2025-01-15 00:12:32
v_000000978,u_001792,s_00004,2025-02-02 18:02:36,2025-02-02 18:26:36
v_000000979,u_001898,s_00078,2025-01-04 18:22:52,2025-01-04 18:29:52
v_000000980,u_001175,s_00082,2025-01-16 19:17:31,2025-01-16 19:38:31
v_000000981,u_001414,s_00120,2025-02-06 06:27:32,2025-02-06 06:32:32
v_000000982,u_000230,s_00073,2025-01-23 16:12:15,2025-01-23 16:42:15
v_000000983,u_000958,s_00103,2025-02-09 14:20:12,2025-02-09 14:22:12
v_000000984,u_000649,s_00110,2025-02-16 17:42:38,2025-02-16 18:10:38
v_000000985,u_000818,s_00039,2025-02-19 16:19:41,2025-02-19 16:28:41
v_000000986,u_000317,s_00069,2025-02-17 23:36:35,2025-02-17 23:49:35
v_000000987,u_001092,s_00135,2025-02-21 16:31:31,2025-02-21 16:48:31
v_000000988,u_001298,s_00102,2025-01-04 23:14:31,2025-01-04 23:15:31
v_000000989,u_000505,s_00075,2025-02-03 17:26:51,2025-02-03 17:46:51
v_000000990,u_000250,s_00142,2025-02-13 21:26:35,2025-02-13 21:27:35
v_000000991,u_001837,s_00039,2025-01-01 17:36:35,2025-01-01 18:09:35
v_000000992,u_001872,s_00003,2025-01-15 17:11:15,2025-01-15 17:18:15
v_000000993,u_000853,s_00100,2025-01-12 19:57:44,2025-01-12 19:58:44
v_000000994,u_000455,s_00099,2025-02-28 20:25:01,2025-02-28 20:43:01
v_000000995,u_001431,s_00098,2025-01-18 19:24:57,2025-01-18 19:58:57
v_000000996,u_001147,s_00068,2025-01-27 18:53:52,2025-01-27 18:55:52
v_000000997,u_001641,s_00139,2025-02-24 13:30:21,2025-02-24 13:37:21
v_000000998,u_001414,s_00012,2025-03-01 20:46:04,2025-03-01 20:56:04
v_000000999,u_000700,s_00145,2025-02-08 18:35:09,2025-02-08 18:43:09
v_000001000,u_001382,s_00050,2025-01-28 20:47:01,2025-01-28 21:25:01
v_000001001,u_001137,s_00046,2025-01-17 21:27:20,2025-01-17 21:38:20
v_000001002,u_001593,s_00112,2025-01-27 18:12:08,2025-01-27 18:37:08
v_000001003,u_000992,s_00079,2025-01-11 18:50:13,2025-01-11 19:09:13
v_000001004,u_001422,s_00040,2025-01-25 22:20:49,2025-01-25 22:56:49
v_000001005,u_001899,s_00022,2025-02-18 23:43:00,2025-02-18 23:44:00
v_000001006,u_000051,s_00064,2025-01-17 12:51:38,2025-01-17 13:05:38
v_000001007,u_000784,s_00062,2025-01-02 22:58:48,2025-01-02 23:39:48
v_000001008,u_001292,s_00003,2025-02-17 17:28:00,2025-02-17 19:47:00
v_000001009,u_000259,s_00057,2025-01-01 18:05:35,2025-01-01 18:06:35
v_000001010,u_001453,s_00130,2025-01-26 23:09:20,2025-01-26 23:29:20
v_000001011,u_000703,s_00061,2025-01-12 18:15:32,2025-01-12 18:29:32
v_000001012,u_000274,s_00077,2025-02-10 20:24:38,2025-02-10 20:40:38
v_000001013,u_001397,s_00033,2025-01-07 20:03:10,2025-01-07 20:22:10
v_000001014,u_001313,s_00024,2025-02-15 23:07:14,2025-02-15 23:41:14
v_000001015,u_001674,s_00040,2025-01-22 18:23:27,2025-01-22 18:29:27
v_000001016,u_001712,s_00002,2025-02-19 23:39:38,2025-02-20 00:49:38
v_000001017,u_001989,s_00009,2025-01-03 23:22:54,2025-01-03 23:26:54
v_000001018,u_000861,s_00012,2025-02-24 20:21:22,2025-02-24 20:30:22
v_000001019,u_001033,s_00081,2025-02-01 22:38:03,2025-02-01 22:56:03
v_000001020,u_000930,s_00077,2025-01-13 20:44:53,2025-01-13 20:47:53
v_000001021,u_000284,s_00023,2025-01-07 17:55:43,2025-01-07 17:58:43
v_000001022,u_000962,s_00037,2025-02-03 14:15:38,2025-02-03 14:29:38
v_000001023,u_000893,s_00013,2025-02-09 20:49:16,2025-02-09 21:15:16
v_000001024,u_000782,s_00105,2025-01-30 21:51:53,2025-01-30 22:00:53
v_000001025,u_000165,s_00143,2025-01-14 23:53:21,2025-01-14 23:56:21
v_000001026,u_001970,s_00126,2025-02-24 23:32:15,2025-02-24 23:33:15
v_000001027,u_001061,s_00099,2025-02-25 22:59:09,2025-02-25 23:00:09
v_000001028,u_001703,s_00002,2025-02-19 20:13:28,2025-02-19 20:46:28
v_000001029,u_001504,s_00055,2025-01-08 19:25:06,2025-01-08 19:31:06
v_000001030,u_001904,s_00078,2025-02-06 16:18:11,2025-02-06 16:36:11
v_000001031,u_001246,s_00036,2025-01-04 19:44:39,2025-01-04 20:41:39
v_000001032,u_000242,s_00098,2025-01-18 11:28:47,2025-01-18 11:53:47
v_000001033,u_000495,s_00040,2025-02-24 23:48:55,2025-02-25 00:01:55
v_000001034,u_000910,s_00081,2025-01-28 21:48:59,2025-01-28 22:25:59
v_000001035,u_001739,s_00092,2025-02-26 23:05:23,2025-02-26 23:06:23
v_000001036,u_001908,s_00145,2025-02-14 14:27:06,2025-02-14 14:41:06
v_000001037,u_000298,s_00149,2025-02-04 21:43:45,2025-02-04 22:26:45
v_000001038,u_000419,s_00001,2025-02-22 16:38:41,2025-02-22 17:40:41
v_000001039,u_000675,s_00059,2025-01-25 23:32:55,2025-01-25 23:38:55
v_000001040,u_001506,s_00042,2025-01-12 14:44:28,2025-01-12 14:58:28
v_000001041,u_001792,s_00026,2025-02-01 23:44:37,2025-02-02 00:13:37
v_000001042,u_001031,s_00049,2025-01-10 20:29:17,2025-01-10 21:05:17
v_000001043,u_000388,s_00033,2025-02-06 21:27:38,2025-02-06 21:41:38
v_000001044,u_001284,s_00110,2025-01-16 23:42:11,2025-01-17 00:10:11
v_000001045,u_001497,s_00008,2025-02-15 15:59:21,2025-02-15 16:10:21
v_000001046,u_001429,s_00106,2025-02-21 19:00:38,2025-02-21 19:02:38
v_000001047,u_000858,s_00073,2025-01-17 20:03:32,2025-01-17 21:45:32
v_000001048,u_000071,s_00085,2025-02-11 23:19:11,2025-02-11 23:34:11
v_000001049,u_001209,s_00034,2025-01-27 23:58:27,2025-01-28 00:34:27
v_000001050,u_001362,s_00039,2025-01-17 23:56:49,2025-01-18 00:02:49
v_000001051,u_001313,s_00069,2025-02-10 23:20:46,2025-02-10 23:22:46
v_000001052,u_000687,s_00083,2025-01-13 16:16:30,2025-01-13 16:33:30
v_000001053,u_000275,s_00000,2025-01-28 21:41:40,2025-01-28 21:43:40
v_000001054,u_000418,s_00133,2025-02-22 23:56:55,2025-02-23 00:21:55
v_000001055,u_000662,s_00067,2025-01-31 15:45:52,2025-01-31 16:16:52
v_000001056,u_000368,s_00136,2025-02-20 19:46:57,2025-02-20 21:04:57
v_000001057,u_000269,s_00084,2025-02-20 17:39:28,2025-02-20 17:47:28
v_000001058,u_000935,s_00009,2025-01-22 21:03:24,2025-01-22 21:27:24
v_000001059,u_000165,s_00143,2025-02-21 21:39:19,2025-02-21 22:29:19
v_000001060,u_001262,s_00054,2025-01-02 13:18:55,2025-01-02 13:27:55
v_000001061,u_001807,s_00026,2025-02-28 11:07:34,2025-02-28 11:08:34
v_000001062,u_001174,s_00034,2025-01-08 23:55:49,2025-01-08 23:58:49
v_000001063,u_000271,s_00007,2025-02-21 19:13:38,2025-02-21 19:14:38
v_000001064,u_001934,s_00100,2025-01-07 18:04:31,2025-01-07 18:28:31
v_000001065,u_000135,s_00031,2025-01-15 20:32:05,2025-01-15 21:03:05
v_000001066,u_001195,s_00001,2025-01-23 12:46:30,2025-01-23 12:51:30
v_000001067,u_000507,s_00012,2025-02-10 23:11:00,2025-02-10 23:13:00
v_000001068,u_000605,s_00041,2025-01-05 16:48:43,2025-01-05 16:53:43
v_000001069,u_000757,s_00096,2025-02-21 19:45:09,2025-02-21 19:59:09
v_000001070,u_001516,s_00006,2025-02-04 23:25:30,2025-02-04 23:36:30
v_000001071,u_001769,s_00062,2025-01-03 22:51:41,2025-01-03 23:25:41
v_000001072,u_001329,s_00046,2025-01-02 12:10:05,2025-01-02 12:36:05
v_000001073,u_001977,s_00063,2025-01-06 19:57:34,2025-01-06 20:40:34
v_000001074,u_001125,s_00036,2025-01-21 18:52:44,2025-01-21 20:05:44
v_000001075,u_000658,s_00147,2025-01-20 16:29:10,2025-01-20 16:44:10
v_000001076,u_000291,s_00040,2025-02-09 10:15:34,2025-02-09 10:46:34
v_000001077,u_001410,s_00027,2025-02-08 18:40:24,2025-02-08 18:44:24
v_000001078,u_000650,s_00035,2025-02-04 15:41:03,2025-02-04 16:33:03
v_000001079,u_001300,s_00061,2025-02-25 22:12:20,2025-02-25 22:50:20
v_000001080,u_000877,s_00059,2025-01-04 12:34:28,2025-01-04 12:44:28
v_000001081,u_001838,s_00021,2025-02-21 21:51:50,2025-02-21 22:01:50
v_000001082,u_001984,s_00011,2025-01-26 23:59:49,2025-01-27 00:03:49
v_000001083,u_001462,s_00133,2025-02-10 18:16:32,2025-02-10 18:30:32
v_000001084,u_000358,s_00093,2025-01-27 23:13:00,2025-01-27 23:47:00
v_000001085,u_001020,s_00070,2025-02-20 16:36:39,2025-02-20 16:38:39
v_000001086,u_000248,s_00143,2025-01-23 22:26:14,2025-01-23 22:48:14
v_000001087,u_001841,s_00093,2025-02-11 22:00:22,2025-02-11 22:12:22
v_000001088,u_000460,s_00002,2025-02-01 15:20:33,2025-02-01 15:23:33
v_000001089,u_001206,s_00058,2025-02-05 14:35:25,2025-02-05 15:25:25
v_000001090,u_000310,s_00004,2025-01-06 17:58:57,2025-01-06 18:30:57
v_000001091,u_000619,s_00088,2025-01-06 17:58:05,2025-01-06 18:00:05
v_000001092,u_000647,s_00037,2025-01-28 23:32:23,2025-01-28 23:44:23
v_000001093,u_000706,s_00047,2025-03-01 15:20:04,2025-03-01 15:24:04
v_000001094,u_001356,s_00007,2025-01-29 18:53:51,2025-01-29 19:54:51
v_000001095,u_001278,s_00033,2025-01-13 19:49:53,2025-01-13 20:25:53
v_000001096,u_000123,s_00008,2025-02-27 22:05:13,2025-02-27 22:22:13
v_000001097,u_001030,s_00127,2025-02-04 15:08:38,2025-02-04 15:15:38
v_000001098,u_001070,s_00120,2025-02-09 14:01:17,2025-02-09 15:00:17
v_000001099,u_001809,s_00025,2025-02-18 20:18:00,2025-02-18 20:46:00
v_000001100,u_001448,s_00146,2025-01-15 21:53:09,2025-01-15 22:02:09
v_000001101,u_001878,s_00049,2025-02-21 23:50:49,2025-02-22 00:00:49
v_000001102,u_001939,s_00099,2025-01-13 16:38:20,2025-01-13 16:43:20
v_000001103,u_001036,s_00074,2025-01-06 23:47:21,2025-01-07 00:27:21
v_000001104,u_000230,s_00122,2025-01-04 18:42:33,2025-01-04 19:03:33
v_000001105,u_000806,s_00138,2025-01-25 15:07:41,2025-01-25 15:14:41
v_000001106,u_001072,s_00124,2025-01-14 22:44:37,2025-01-14 23:03:37
v_000001107,u_001594,s_00139,2025-02-20 20:47:58,2025-02-20 20:55:58
v_000001108,u_000715,s_00083,2025-01-29 16:10:50,2025-01-29 16:19:50
v_000001109,u_001907,s_00112,2025-02-10 23:14:51,2025-02-10 23:15:51
v_000001110,u_000173,s_00102,2025-02-24 18:35:08,2025-02-24 18:45:08
v_000001111,u_000049,s_00084,2025-02-26 23:42:42,2025-02-26 23:54:42
v_000001112,u_001560,s_00036,2025-02-22 18:46:02,2025-02-22 18:56:02
v_000001113,u_001645,s_00005,2025-02-25 17:20:13,2025-02-25 17:21:13
v_000001114,u_001308,s_00108,2025-03-01 15:31:23,2025-03-01 16:01:23
v_000001115,u_000292,s_00102,2025-01-28 20:12:23,2025-01-28 21:41:23
v_000001116,u_000703,s_00061,2025-01-28 18:57:24,2025-01-28 19:06:24
v_000001117,u_001819,s_00086,2025-02-11 21:44:43,2025-02-11 22:32:43
v_000001118,u_001191,s_00113,2025-02-14 13:41:12,2025-02-14 14:24:12
v_000001119,u_001193,s_00038,2025-02-14 17:44:32,2025-02-14 18:07:32
v_000001120,u_001218,s_00079,2025-02-16 23:48:06,2025-02-16 23:49:06
v_000001121,u_000623,s_00118,2025-01-20 19:14:24,2025-01-20 19:37:24
v_000001122,u_001818,s_00099,2025-01-11 23:35:31,2025-01-11 23:40:31
v_000001123,u_001415,s_00074,2025-01-24 22:23:48,2025-01-24 22:44:48
v_000001124,u_000056,s_00093,2025-02-05 18:02:06,2025-02-05 18:39:06
v_000001125,u_001681,s_00124,2025-01-03 23:42:37,2025-01-03 23:59:37
v_000001126,u_000100,s_00052,2025-02-01 21:16:00,2025-02-01 21:45:00
v_000001127,u_001941,s_00007,2025-01-10 17:16:05,2025-01-10 18:53:05
v_000001128,u_000567,s_00083,2025-01-18 21:49:36,2025-01-18 22:18:36
v_000001129,u_001826,s_00056,2025-02-11 20:06:34,2025-02-11 20:11:34
v_000001130,u_001746,s_00072,2025-01-01 18:34:27,2025-01-01 19:14:27
v_000001131,u_000019,s_00087,2025-01-30 23:21:36,2025-01-30 23:45:36
v_000001132,u_001578,s_00143,2025-02-14 23:40:03,2025-02-15 00:30:03
v_000001133,u_000364,s_00042,2025-02-22 19:23:18,2025-02-22 19:24:18
v_000001134,u_000827,s_00105,2025-01-20 20:43:28,2025-01-20 21:15:28
v_000001135,u_000488,s_00128,2025-02-28 22:41:11,2025-02-28 23:11:11
v_000001136,u_001405,s_00099,2025-01-26 16:59:19,2025-01-26 17:07:19
v_000001137,u_000438,s_00113,2025-01-09 18:31:05,2025-01-09 18:36:05
v_000001138,u_000701,s_00140,2025-02-25 23:48:39,2025-02-26 00:18:39
v_000001139,u_001698,s_00028,2025-01-20 18:05:16,2025-01-20 18:29:16
v_000001140,u_001360,s_00096,2025-01-06 22:14:01,2025-01-06 22:18:01
v_000001141,u_001721,s_00000,2025-02-28 21:12:56,2025-02-28 21:18:56
v_000001142,u_001518,s_00119,2025-01-22 23:41:03,2025-01-22 23:42:03
v_000001143,u_000731,s_00040,2025-02-22 22:16:09,2025-02-22 22:17:09
v_000001144,u_000139,s_00145,2025-01-13 17:09:13,2025-01-13 17:25:13
v_000001145,u_001363,s_00118,2025-01-15 23:42:33,2025-01-15 23:50:33
v_000001146,u_001817,s_00054,2025-02-28 15:16:06,2025-02-28 16:18:06
v_000001147,u_001120,s_00126,2025-02-07 19:46:54,2025-02-07 19:47:54
v_000001148,u_001058,s_00118,2025-01-25 13:18:40,2025-01-25 13:27:40
v_000001149,u_001563,s_00110,2025-01-13 22:59:30,2025-01-13 23:21:30
v_000001150,u_000382,s_00138,2025-02-26 23:28:53,2025-02-27 00:28:53
v_000001151,u_000043,s_00088,2025-02-13 23:12:55,2025-02-13 23:15:55
v_000001152,u_001933,s_00091,2025-01-05 22:18:41,2025-01-05 22:26:41
v_000001153,u_001322,s_00116,2025-01-26 17:04:41,2025-01-26 17:26:41
v_000001154,u_000768,s_00117,2025-02-02 19:17:38,2025-02-02 19:55:38
v_000001155,u_000136,s_00140,2025-02-11 17:37:22,2025-02-11 18:23:22
v_000001156,u_001972,s_00053,2025-01-13 17:11:54,2025-01-13 17:15:54
v_000001157,u_001656,s_00117,2025-01-21 21:15:02,2025-01-21 21:28:02
v_000001158,u_001565,s_00011,2025-03-01 11:08:01,2025-03-01 11:40:01
v_000001159,u_000911,s_00044,2025-01-01 18:40:03,2025-01-01 19:25:03
v_000001160,u_000998,s_00115,2025-02-11 16:44:46,2025-02-11 16:51:46
v_000001161,u_001316,s_00105,2025-01-23 13:22:54,2025-01-23 13:29:54
v_000001162,u_000994,s_00111,2025-01-16 21:03:00,2025-01-16 21:04:00
v_000001163,u_001896,s_00063,2025-01-26 19:19:33,2025-01-26 19:34:33
v_000001164,u_000259,s_00114,2025-01-22 16:56:26,2025-01-22 17:19:26
v_000001165,u_000468,s_00104,2025-01-03 19:31:40,2025-01-03 20:05:40
v_000001166,u_001537,s_00100,2025-01-13 22:15:57,2025-01-13 22:26:57
v_000001167,u_001045,s_00092,2025-01-16 19:20:35,2025-01-16 19:23:35
v_000001168,u_001946,s_00015,2025-01-26 20:06:19,2025-01-26 20:23:19
v_000001169,u_001444,s_00148,2025-01-20 17:41:06,2025-01-20 18:02:06
v_000001170,u_001001,s_00024,2025-01-23 14:02:02,2025-01-23 14:14:02
v_000001171,u_000451,s_00060,2025-01-15 14:03:07,2025-01-15 14:06:07
v_000001172,u_000828,s_00136,2025-01-14 20:26:27,2025-01-14 20:30:27
v_000001173,u_001045,s_00075,2025-02-12 23:08:36,2025-02-12 23:16:36
v_000001174,u_001834,s_00124,2025-02-28 18:44:56,2025-02-28 18:59:56
v_000001175,u_001356,s_00026,2025-02-18 23:30:52,2025-02-19 00:28:52
v_000001176,u_000965,s_00120,2025-02-26 20:12:27,2025-02-26 21:01:27
v_000001177,u_000323,s_00056,2025-01-30 23:18:32,2025-01-30 23:47:32
v_000001178,u_001436,s_00015,2025-02-01 19:37:41,2025-02-01 19:40:41
v_000001179,u_000691,s_00012,2025-01-11 20:51:57,2025-01-11 21:06:57
v_000001180,u_000585,s_00089,2025-01-20 21:07:40,2025-01-20 21:20:40
v_000001181,u_001606,s_00067,2025-02-02 12:53:34,2025-02-02 12:54:34
v_000001182,u_001498,s_00126,2025-01-26 20:16:06,2025-01-26 21:32:06
v_000001183,u_001777,s_00102,2025-01-25 23:35:21,2025-01-25 23:40:21
v_000001184,u_001768,s_00084,2025-01-31 19:08:32,2025-01-31 20:09:32
v_000001185,u_000731,s_00040,2025-02-22 23:32:22,2025-02-23 00:30:22
v_000001186,u_001451,s_00035,2025-01-11 15:33:01,2025-01-11 15:45:01
v_000001187,u_000210,s_00075,2025-01-08 22:21:52,2025-01-08 22:47:52
v_000001188,u_000792,s_00007,2025-01-16 23:19:46,2025-01-16 23:39:46
v_000001189,u_001734,s_00071,2025-02-02 23:37:24,2025-02-03 00:24:24
v_000001190,u_000206,s_00026,2025-01-29 23:51:48,2025-01-30 00:46:48
v_000001191,u_000567,s_00116,2025-02-12 20:39:05,2025-02-12 20:42:05
v_000001192,u_000159,s_00137,2025-01-03 23:01:11,2025-01-03 23:07:11
v_000001193,u_000217,s_00089,2025-03-01 11:50:56,2025-03-01 12:09:56
v_000001194,u_000955,s_00082,2025-01-19 23:57:04,2025-01-20 00:28:04
v_000001195,u_000461,s_00137,2025-01-29 17:07:52,2025-01-29 17:36:52
v_000001196,u_001904,s_00127,2025-01-15 16:39:20,2025-01-15 16:50:20
v_000001197,u_000982,s_00091,2025-01-17 23:28:07,2025-01-17 23:56:07
v_000001198,u_000604,s_00115,2025-01-10 20:25:27,2025-01-10 20:33:27
v_000001199,u_000864,s_00054,2025-01-11 22:43:01,2025-01-11 22:45:01
v_000001200,u_001387,s_00081,2025-01-15 14:05:03,2025-01-15 14:20:03
v_000001201,u_000163,s_00053,2025-01-10 23:37:00,2025-01-10 23:54:00
v_000001202,u_001186,s_00143,2025-02-22 20:21:34,2025-02-22 20:29:34
v_000001203,u_001463,s_00128,2025-01-20 21:17:16,2025-01-20 21:26:16
v_000001204,u_001517,s_00077,2025-01-19 23:16:03,2025-01-19 23:24:03
v_000001205,u_001627,s_00116,2025-01-28 23:32:06,2025-01-28 23:34:06
v_000001206,u_000417,s_00145,2025-01-20 21:46:27,2025-01-20 21:50:27
v_000001207,u_000775,s_00135,2025-01-30 16:07:56,2025-01-30 16:18:56
v_000001208,u_001764,s_00113,2025-01-11 22:42:36,2025-01-11 23:04:36
v_000001209,u_000648,s_00076,2025-01-20 14:02:21,2025-01-20 14:28:21
v_000001210,u_000383,s_00087,2025-01-14 23:18:21,2025-01-14 23:23:21
v_000001211,u_000046,s_00030,2025-02-10 19:06:53,2025-02-10 19:16:53
v_000001212,u_000710,s_00132,2025-01-15 15:10:33,2025-01-15 15:15:33
v_000001213,u_001747,s_00096,2025-02-03 15:30:33,2025-02-03 16:19:33
v_000001214,u_001427,s_00036,2025-02-19 18:44:20,2025-02-19 18:46:20
v_000001215,u_000952,s_00076,2025-02-27 18:01:16,2025-02-27 18:23:16
v_000001216,u_001831,s_00089,2025-02-28 20:01:32,2025-02-28 21:15:32
v_000001217,u_000523,s_00074,2025-01-31 13:24:13,2025-01-31 14:03:13
v_000001218,u_001499,s_00060,2025-01-26 17:25:22,2025-01-26 17:39:22
v_000001219,u_000535,s_00013,2025-01-13 21:37:53,2025-01-13 22:13:53
v_000001220,u_000499,s_00039,2025-01-28 13:43:12,2025-01-28 14:16:12
v_000001221,u_001545,s_00029,2025-01-02 15:50:18,2025-01-02 16:09:18
v_000001222,u_000977,s_00018,2025-01-22 20:49:39,2025-01-22 21:24:39
v_000001223,u_000419,s_00003,2025-01-10 22:14:08,2025-01-10 22:23:08
v_000001224,u_000958,s_00103,2025-01-24 16:41:03,2025-01-24 16:44:03
v_000001225,u_000664,s_00111,2025-02-09 19:54:44,2025-02-09 20:05:44
v_000001226,u_000354,s_00148,2025-01-22 20:56:26,2025-01-22 21:41:26
v_000001227,u_001769,s_00055,2025-01-20 20:40:35,2025-01-20 20:47:35
v_000001228,u_000014,s_00137,2025-02-17 16:58:55,2025-02-17 17:06:55
v_000001229,u_001573,s_00055,2025-01-11 23:27:19,2025-01-11 23:44:19
v_000001230,u_001213,s_00135,2025-02-22 19:38:38,2025-02-22 19:48:38
v_000001231,u_000650,s_00047,2025-01-09 21:34:54,2025-01-09 21:35:54
v_000001232,u_000867,s_00022,2025-02-01 20:55:14,2025-02-01 21:00:14
v_000001233,u_000919,s_00034,2025-02-17 23:51:40,2025-02-17 23:55:40
v_000001234,u_001713,s_00100,2025-02-24 21:00:06,2025-02-24 22:08:06
v_000001235,u_000119,s_00136,2025-02-08 18:35:37,2025-02-08 18:43:37
v_000001236,u_000480,s_00017,2025-01-25 14:50:21,2025-01-25 15:24:21
v_000001237,u_000598,s_00058,2025-01-26 15:28:32,2025-01-26 15:50:32
v_000001238,u_000752,s_00131,2025-01-25 20:57:44,2025-01-25 21:20:44
v_000001239,u_000570,s_00120,2025-02-06 19:54:53,2025-02-06 20:30:53
v_000001240,u_001984,s_00122,2025-02-04 18:07:12,2025-02-04 18:39:12
v_000001241,u_000222,s_00131,2025-01-27 23:33:06,2025-01-28 00:50:06
v_000001242,u_001350,s_00041,2025-03-01 22:01:07,2025-03-01 22:38:07
v_000001243,u_000521,s_00094,2025-02-14 16:00:31,2025-02-14 16:18:31
v_000001244,u_000171,s_00125,2025-02-20 17:35:56,2025-02-20 17:57:56
v_000001245,u_001427,s_00048,2025-02-21 12:44:31,2025-02-21 12:45:31
v_000001246,u_001055,s_00026,2025-01-22 16:18:38,2025-01-22 16:24:38
v_000001247,u_000414,s_00115,2025-01-30 23:40:47,2025-01-30 23:44:47
v_000001248,u_001045,s_00075,2025-02-03 20:50:03,2025-02-03 21:13:03
v_000001249,u_000388,s_00037,2025-02-25 16:59:44,2025-02-25 17:15:44
v_000001250,u_001063,s_00029,2025-02-17 19:57:06,2025-02-17 20:00:06
v_000001251,u_001533,s_00008,2025-02-01 23:13:02,2025-02-01 23:23:02
v_000001252,u_001335,s_00138,2025-01-11 23:30:33,2025-01-11 23:31:33
v_000001253,u_001946,s_00076,2025-02-02 19:12:43,2025-02-02 19:15:43
v_000001254,u_000754,s_00126,2025-01-16 17:39:04,2025-01-16 17:42:04
v_000001255,u_000054,s_00014,2025-02-03 22:06:18,2025-02-03 23:25:18
v_000001256,u_001043,s_00009,2025-01-11 23:41:27,2025-01-11 23:45:27
v_000001257,u_000064,s_00135,2025-01-10 18:28:12,2025-01-10 18:43:12
v_000001258,u_001253,s_00057,2025-02-22 11:52:11,2025-02-22 12:09:11
v_000001259,u_001551,s_00082,2025-02-11 21:58:37,2025-02-11 22:03:37
v_000001260,u_000477,s_00129,2025-01-01 23:19:53,2025-01-01 23:31:53
v_000001261,u_001800,s_00103,2025-01-21 22:58:19,2025-01-21 23:14:19
v_000001262,u_000007,s_00130,2025-02-24 22:00:22,2025-02-24 22:05:22
v_000001263,u_000505,s_00052,2025-02-06 15:24:47,2025-02-06 16:13:47
v_000001264,u_000603,s_00027,2025-01-15 20:08:28,2025-01-15 20:31:28
v_000001265,u_001891,s_00037,2025-01-18 19:30:17,2025-01-18 21:00:17
v_000001266,u_001364,s_00086,2025-02-01 21:25:04,2025-02-01 21:28:04
v_000001267,u_000344,s_00124,2025-01-22 16:42:43,2025-01-22 16:43:43
v_000001268,u_000717,s_00126,2025-01-14 23:52:53,2025-01-15 00:10:53
v_000001269,u_000643,s_00075,2025-01-09 19:48:42,2025-01-09 19:52:42
v_000001270,u_001191,s_00088,2025-01-29 19:21:13,2025-01-29 19:25:13
v_000001271,u_000031,s_00060,2025-01-28 16:48:03,2025-01-28 17:01:03
v_000001272,u_001098,s_00133,2025-01-15 18:41:02,2025-01-15 19:58:02
v_000001273,u_001184,s_00081,2025-01-15 16:24:31,2025-01-15 18:40:31
v_000001274,u_001299,s_00110,2025-02-18 15:48:17,2025-02-18 15:59:17
v_000001275,u_000437,s_00096,2025-02-03 23:34:50,2025-02-03 23:36:50
v_000001276,u_001724,s_00056,2025-02-11 22:28:40,2025-02-11 22:53:40
v_000001277,u_001198,s_00149,2025-02-02 22:00:28,2025-02-02 22:04:28
v_000001278,u_000927,s_00138,2025-02-17 17:35:25,2025-02-17 17:42:25
v_000001279,u_001511,s_00063,2025-02-27 16:39:13,2025-02-27 17:10:13
v_000001280,u_000522,s_00132,2025-01-02 21:58:41,2025-01-02 22:14:41
v_000001281,u_000718,s_00055,2025-01-27 21:53:14,2025-01-27 22:26:14
v_000001282,u_000136,s_00089,2025-01-25 23:07:35,2025-01-25 23:11:35
v_000001283,u_001818,s_00004,2025-02-19 21:36:51,2025-02-19 22:07:51
v_000001284,u_000120,s_00089,2025-02-07 23:07:43,2025-02-07 23:29:43
v_000001285,u_000428,s_00128,2025-02-14 23:24:21,2025-02-14 23:26:21
v_000001286,u_000444,s_00052,2025-01-08 21:30:19,2025-01-08 21:52:19
v_000001287,u_001239,s_00004,2025-02-15 19:57:39,2025-02-15 20:10:39
v_000001288,u_000825,s_00130,2025-01-20 19:45:01,2025-01-20 20:36:01
v_000001289,u_001165,s_00111,2025-02-12 23:21:05,2025-02-13 00:41:05
v_000001290,u_000757,s_00096,2025-02-05 18:22:24,2025-02-05 18:29:24
v_000001291,u_001387,s_00026,2025-01-05 17:46:58,2025-01-05 18:55:58
v_000001292,u_000210,s_00078,2025-01-03 18:54:34,2025-01-03 19:21:34
v_000001293,u_001975,s_00087,2025-01-04 13:09:50,2025-01-04 13:19:50
v_000001294,u_000615,s_00084,2025-03-01 17:05:04,2025-03-01 17:31:04
v_000001295,u_001731,s_00069,2025-02-06 22:06:21,2025-02-06 22:35:21
v_000001296,u_000671,s_00132,2025-01-19 16:48:43,2025-01-19 17:36:43
v_000001297,u_001438,s_00110,2025-02-14 23:43:23,2025-02-14 23:44:23
v_000001298,u_000368,s_00020,2025-01-10 22:46:44,2025-01-10 22:48:44
v_000001299,u_001891,s_00005,2025-02-28 23:44:19,2025-02-28 23:47:19
v_000001300,u_001349,s_00129,2025-01-04 22:29:16,2025-01-04 22:44:16
v_000001301,u_001426,s_00078,2025-01-11 23:33:07,2025-01-11 23:37:07
v_000001302,u_001678,s_00018,2025-01-13 23:48:01,2025-01-14 00:08:01
v_000001303,u_000825,s_00130,2025-01-10 15:38:18,2025-01-10 15:41:18
v_000001304,u_000278,s_00033,2025-02-21 23:29:23,2025-02-22 00:50:23
v_000001305,u_001612,s_00043,2025-02-03 22:10:44,2025-02-03 22:21:44
v_000001306,u_001781,s_00093,2025-01-08 22:29:00,2025-01-08 23:23:00
v_000001307,u_001751,s_00144,2025-01-04 23:13:20,2025-01-05 00:13:20
v_000001308,u_000375,s_00105,2025-01-19 23:38:40,2025-01-19 23:39:40
v_000001309,u_001663,s_00125,2025-02-20 21:59:14,2025-02-20 23:42:14
v_000001310,u_000766,s_00002,2025-01-28 15:00:51,2025-01-28 15:01:51
v_000001311,u_001100,s_00080,2025-01-06 17:15:11,2025-01-06 17:24:11
v_000001312,u_000939,s_00125,2025-01-16 21:29:33,2025-01-16 21:39:33
v_000001313,u_000895,s_00134,2025-02-05 18:11:16,2025-02-05 18:12:16
v_000001314,u_001798,s_00067,2025-01-02 23:28:34,2025-01-02 23:32:34
v_000001315,u_000860,s_00100,2025-02-10 10:37:08,2025-02-10 10:51:08
v_000001316,u_000961,s_00080,2025-01-28 21:07:18,2025-01-28 21:28:18
v_000001317,u_001559,s_00005,2025-01-26 17:16:06,2025-01-26 17:29:06
v_000001318,u_001883,s_00136,2025-01-04 15:34:51,2025-01-04 16:12:51
v_000001319,u_001012,s_00148,2025-01-27 23:13:58,2025-01-27 23:17:58
v_000001320,u_000827,s_00105,2025-01-08 18:43:39,2025-01-08 18:45:39
v_000001321,u_001114,s_00061,2025-01-06 17:09:20,2025-01-06 17:45:20
v_000001322,u_000167,s_00110,2025-01-20 22:27:22,2025-01-21 00:02:22
v_000001323,u_001941,s_00119,2025-01-20 19:04:38,2025-01-20 20:15:38
v_000001324,u_001428,s_00017,2025-02-02 22:01:17,2025-02-02 22:47:17
v_000001325,u_001674,s_00148,2025-02-24 23:52:05,2025-02-25 01:01:05
v_000001326,u_000352,s_00140,2025-01-28 18:30:07,2025-01-28 18:33:07
v_000001327,u_000971,s_00022,2025-02-03 16:22:13,2025-02-03 16:46:13
v_000001328,u_001328,s_00033,2025-01-25 21:04:08,2025-01-25 21:05:08
v_000001329,u_000762,s_00147,2025-01-17 23:30:12,2025-01-17 23:40:12
v_000001330,u_001626,s_00052,2025-01-25 20:27:16,2025-01-25 20:58:16
v_000001331,u_000713,s_00029,2025-01-03 14:07:35,2025-01-03 14:50:35
v_000001332,u_001280,s_00054,2025-02-06 21:10:41,2025-02-06 21:11:41
v_000001333,u_001715,s_00077,2025-01-29 18:00:05,2025-01-29 18:50:05
v_000001334,u_001277,s_00038,2025-01-11 21:22:38,2025-01-11 21:23:38
v_000001335,u_000533,s_00132,2025-01-15 19:01:25,2025-01-15 19:03:25
v_000001336,u_000994,s_00012,2025-02-08 23:13:40,2025-02-09 00:00:40
v_000001337,u_001649,s_00063,2025-02-01 14:47:41,2025-02-01 15:05:41
v_000001338,u_000216,s_00142,2025-01-28 14:38:41,2025-01-28 15:22:41
v_000001339,u_001147,s_00013,2025-02-11 19:49:15,2025-02-11 20:09:15
v_000001340,u_001876,s_00032,2025-02-18 18:32:05,2025-02-18 18:37:05
v_000001341,u_000124,s_00016,2025-02-08 23:55:20,2025-02-09 00:37:20
v_000001342,u_001150,s_00065,2025-02-07 23:03:01,2025-02-07 23:13:01
v_000001343,u_001952,s_00034,2025-02-03 23:19:34,2025-02-03 23:46:34
v_000001344,u_001086,s_00095,2025-01-29 20:31:10,2025-01-29 20:39:10
v_000001345,u_000771,s_00102,2025-01-03 22:26:31,2025-01-03 22:57:31
v_000001346,u_000809,s_00093,2025-02-28 21:55:24,2025-02-28 22:16:24
v_000001347,u_000605,s_00049,2025-01-11 21:17:56,2025-01-11 21:28:56
v_000001348,u_000448,s_00015,2025-01-02 19:00:17,2025-01-02 19:04:17
v_000001349,u_000935,s_00110,2025-02-24 18:26:03,2025-02-24 18:35:03
v_000001350,u_001681,s_00053,2025-02-25 23:55:36,2025-02-26 00:05:36
v_000001351,u_000475,s_00088,2025-01-19 21:27:27,2025-01-19 21:30:27
v_000001352,u_001291,s_00110,2025-02-16 14:08:47,2025-02-16 14:21:47
v_000001353,u_000006,s_00070,2025-01-04 14:14:59,2025-01-04 14:19:59
v_000001354,u_001153,s_00003,2025-02-14 19:30:51,2025-02-14 19:43:51
v_000001355,u_001217,s_00103,2025-01-31 14:56:27,2025-01-31 14:59:27
v_000001356,u_000172,s_00108,2025-02-03 23:31:06,2025-02-04 00:34:06
v_000001357,u_000804,s_00061,2025-01-31 15:29:36,2025-01-31 15:59:36
v_000001358,u_000317,s_00066,2025-01-07 17:39:37,2025-01-07 17:42:37
v_000001359,u_000730,s_00038,2025-01-19 21:07:34,2025-01-19 21:44:34
v_000001360,u_001939,s_00064,2025-01-29 23:49:12,2025-01-30 00:29:12
v_000001361,u_001752,s_00114,2025-01-19 20:51:39,2025-01-19 20:58:39
v_000001362,u_000046,s_00032,2025-02-01 20:47:16,2025-02-01 21:08:16
v_000001363,u_000348,s_00103,2025-01-23 18:10:10,2025-01-23 18:26:10
v_000001364,u_000840,s_00102,2025-02-22 23:50:12,2025-02-22 23:55:12
v_000001365,u_001108,s_00087,2025-02-23 09:58:35,2025-02-23 10:20:35
v_000001366,u_001100,s_00080,2025-01-20 23:09:19,2025-01-20 23:52:19
v_000001367,u_000570,s_00122,2025-01-25 21:45:24,2025-01-25 21:59:24
v_000001368,u_001917,s_00051,2025-02-05 18:54:25,2025-02-05 19:13:25
v_000001369,u_001981,s_00133,2025-01-02 19:55:45,2025-01-02 20:28:45
v_000001370,u_000286,s_00048,2025-01-11 16:40:15,2025-01-11 17:34:15
v_000001371,u_001402,s_00017,2025-01-15 20:01:14,2025-01-15 20:14:14
v_000001372,u_001193,s_00038,2025-01-26 19:56:13,2025-01-26 20:39:13
v_000001373,u_001079,s_00043,2025-01-05 21:02:22,2025-01-05 21:13:22
v_000001374,u_001065,s_00097,2025-02-07 17:41:31,2025-02-07 17:43:31
v_000001375,u_000803,s_00080,2025-02-08 19:41:14,2025-02-08 20:30:14
v_000001376,u_001092,s_00135,2025-02-07 21:33:28,2025-02-07 21:49:28
v_000001377,u_000312,s_00060,2025-02-21 11:25:07,2025-02-21 11:43:07
v_000001378,u_001220,s_00002,2025-02-24 22:46:07,2025-02-24 22:54:07
v_000001379,u_001453,s_00118,2025-01-02 11:23:34,2025-01-02 11:29:34
v_000001380,u_000724,s_00001,2025-02-12 15:48:16,2025-02-12 15:55:16
v_000001381,u_000671,s_00049,2025-02-02 23:38:50,2025-02-02 23:39:50
v_000001382,u_000276,s_00090,2025-01-06 19:11:18,2025-01-06 19:12:18
v_000001383,u_000549,s_00042,2025-02-01 22:21:56,2025-02-01 22:25:56
v_000001384,u_001584,s_00085,2025-02-15 20:37:03,2025-02-15 20:48:03
v_000001385,u_001411,s_00087,2025-01-28 23:20:25,2025-01-28 23:25:25
v_000001386,u_001865,s_00133,2025-01-08 23:30:24,2025-01-08 23:53:24
v_000001387,u_001054,s_00086,2025-01-16 18:18:35,2025-01-16 19:24:35
v_000001388,u_001872,s_00036,2025-03-01 06:31:59,2025-03-01 07:04:59
v_000001389,u_001167,s_00011,2025-02-07 22:50:05,2025-02-07 23:00:05
v_000001390,u_001689,s_00098,2025-02-09 16:00:56,2025-02-09 16:24:56
v_000001391,u_001626,s_00066,2025-02-11 22:51:07,2025-02-11 23:22:07
v_000001392,u_000932,s_00090,2025-01-09 19:14:56,2025-01-09 20:13:56
v_000001393,u_000277,s_00010,2025-01-10 23:30:06,2025-01-10 23:38:06
v_000001394,u_000262,s_00137,2025-01-18 17:35:25,2025-01-18 18:19:25
v_000001395,u_001908,s_00130,2025-02-19 23:46:04,2025-02-20 00:36:04
v_000001396,u_000464,s_00089,2025-01-03 13:46:08,2025-01-03 13:47:08
v_000001397,u_000560,s_00136,2025-01-25 19:12:43,2025-01-25 19:26:43
v_000001398,u_001909,s_00118,2025-02-16 23:56:24,2025-02-17 00:23:24
v_000001399,u_001555,s_00011,2025-02-11 23:23:11,2025-02-11 23:30:11
v_000001400,u_001002,s_00147,2025-02-15 18:35:27,2025-02-15 18:58:27
v_000001401,u_000145,s_00079,2025-01-07 16:32:05,2025-01-07 16:41:05
v_000001402,u_001112,s_00097,2025-01-20 22:36:12,2025-01-20 22:41:12
v_000001403,u_001194,s_00108,2025-01-11 20:04:49,2025-01-11 20:12:49
v_000001404,u_001035,s_00032,2025-02-23 22:17:05,2025-02-23 22:18:05
v_000001405,u_000649,s_00015,2025-01-22 16:19:46,2025-01-22 17:57:46
v_000001406,u_000713,s_00042,2025-02-14 18:13:27,2025-02-14 18:38:27
v_000001407,u_001820,s_00015,2025-02-17 19:00:14,2025-02-17 19:17:14
v_000001408,u_001544,s_00117,2025-01-16 15:47:19,2025-01-16 15:59:19
v_000001409,u_000921,s_00134,2025-02-01 23:36:13,2025-02-01 23:58:13
v_000001410,u_000345,s_00123,2025-01-24 21:10:47,2025-01-24 22:21:47
v_000001411,u_000199,s_00037,2025-02-07 17:15:55,2025-02-07 17:16:55
v_000001412,u_000952,s_00076,2025-02-13 13:38:32,2025-02-13 13:39:32
v_000001413,u_001402,s_00037,2025-01-02 16:39:02,2025-01-02 16:48:02
v_000001414,u_000890,s_00134,2025-03-01 16:54:39,2025-03-01 17:10:39
v_000001415,u_001317,s_00016,2025-01-14 20:02:37,2025-01-14 20:21:37
v_000001416,u_000150,s_00048,2025-02-04 23:50:41,2025-02-04 23:56:41
v_000001417,u_001140,s_00084,2025-01-20 19:30:50,2025-01-20 19:38:50
v_000001418,u_000616,s_00103,2025-01-21 23:19:59,2025-01-21 23:44:59
v_000001419,u_000509,s_00054,2025-01-28 19:56:25,2025-01-28 20:07:25
v_000001420,u_001145,s_00071,2025-02-07 19:48:05,2025-02-07 19:59:05
v_000001421,u_000453,s_00040,2025-02-13 20:46:57,2025-02-13 20:58:57
v_000001422,u_001970,s_00126,2025-01-25 17:18:25,2025-01-25 17:38:25
v_000001423,u_001080,s_00113,2025-01-24 18:56:15,2025-01-24 20:21:15
v_000001424,u_000596,s_00018,2025-02-13 22:28:24,2025-02-13 23:00:24
v_000001425,u_001013,s_00079,2025-02-01 14:12:19,2025-02-01 14:44:19
v_000001426,u_001595,s_00013,2025-01-10 16:31:17,2025-01-10 16:41:17
v_000001427,u_001908,s_00105,2025-02-12 16:56:39,2025-02-12 17:31:39
v_000001428,u_000415,s_00109,2025-01-18 18:13:24,2025-01-18 18:47:24
v_000001429,u_001398,s_00116,2025-02-19 19:11:39,2025-02-19 19:40:39
v_000001430,u_000743,s_00025,2025-02-23 12:18:11,2025-02-23 12:19:11
v_000001431,u_001682,s_00025,2025-01-07 21:50:10,2025-01-07 22:16:10
v_000001432,u_000961,s_00042,2025-02-04 19:27:29,2025-02-04 19:28:29
v_000001433,u_001355,s_00096,2025-01-22 21:38:08,2025-01-22 21:55:08
v_000001434,u_000155,s_00116,2025-02-06 20:23:36,2025-02-06 20:31:36
v_000001435,u_000741,s_00149,2025-02-18 19:40:32,2025-02-18 19:43:32
v_000001436,u_000904,s_00128,2025-02-06 18:39:47,2025-02-06 19:28:47
v_000001437,u_000025,s_00143,2025-02-26 23:49:55,2025-02-26 23:53:55
v_000001438,u_001427,s_00120,2025-01-12 18:52:04,2025-01-12 18:55:04
v_000001439,u_000035,s_00110,2025-02-14 21:06:50,2025-02-14 21:42:50
v_000001440,u_001691,s_00002,2025-01-11 21:14:40,2025-01-11 21:34:40
v_000001441,u_001769,s_00067,2025-01-23 14:39:13,2025-01-23 16:22:13
v_000001442,u_001238,s_00146,2025-01-27 18:43:49,2025-01-27 18:51:49
v_000001443,u_001050,s_00026,2025-02-20 17:35:59,2025-02-20 17:51:59
v_000001444,u_001111,s_00047,2025-02-13 22:36:12,2025-02-13 23:11:12
v_000001445,u_000992,s_00079,2025-01-02 16:27:26,2025-01-02 16:30:26
v_000001446,u_001198,s_00057,2025-01-05 14:01:12,2025-01-05 14:24:12
v_000001447,u_001217,s_00051,2025-01-18 13:19:49,2025-01-18 13:35:49
v_000001448,u_000048,s_00098,2025-02-05 20:46:26,2025-02-05 21:06:26
v_000001449,u_001013,s_00079,2025-01-14 19:00:59,2025-01-14 19:25:59
v_000001450,u_000106,s_00124,2025-02-18 22:48:56,2025-02-18 23:03:56
v_000001451,u_000699,s_00122,2025-02-17 23:10:31,2025-02-17 23:26:31
v_000001452,u_001402,s_00093,2025-02-23 18:42:27,2025-02-23 19:23:27
v_000001453,u_001387,s_00026,2025-01-09 23:04:56,2025-01-09 23:34:56
v_000001454,u_001113,s_00126,2025-01-26 23:40:45,2025-01-26 23:44:45
v_000001455,u_001975,s_00095,2025-02-23 19:28:12,2025-02-23 19:35:12
v_000001456,u_000774,s_00051,2025-02-12 20:46:23,2025-02-12 21:06:23
v_000001457,u_001982,s_00078,2025-01-11 14:12:34,2025-01-11 14:42:34
v_000001458,u_001492,s_00047,2025-01-17 17:53:19,2025-01-17 18:24:19
v_000001459,u_001186,s_00086,2025-01-02 21:44:43,2025-01-02 22:10:43
v_000001460,u_000049,s_00066,2025-02-18 16:49:40,2025-02-18 17:04:40
v_000001461,u_001080,s_00043,2025-01-07 13:01:48,2025-01-07 13:09:48
v_000001462,u_000349,s_00095,2025-02-23 18:16:30,2025-02-23 18:25:30
v_000001463,u_001140,s_00048,2025-02-05 14:56:18,2025-02-05 15:15:18
v_000001464,u_000545,s_00121,2025-01-30 21:54:00,2025-01-30 22:28:00
v_000001465,u_001710,s_00089,2025-02-24 18:19:08,2025-02-24 18:24:08
v_000001466,u_000853,s_00100,2025-02-13 17:36:09,2025-02-13 17:55:09
v_000001467,u_000630,s_00053,2025-02-23 16:30:00,2025-02-23 17:28:00
v_000001468,u_000132,s_00077,2025-01-31 23:18:54,2025-01-31 23:39:54
v_000001469,u_000700,s_00063,2025-01-07 12:24:22,2025-01-07 12:46:22
v_000001470,u_000295,s_00051,2025-01-16 22:06:04,2025-01-16 22:11:04
v_000001471,u_000213,s_00115,2025-03-01 16:55:29,2025-03-01 17:32:29
v_000001472,u_001349,s_00141,2025-01-16 22:28:42,2025-01-16 23:02:42
v_000001473,u_001202,s_00087,2025-01-07 22:41:06,2025-01-07 23:37:06
v_000001474,u_000467,s_00038,2025-01-06 16:20:53,2025-01-06 16:29:53
v_000001475,u_000932,s_00101,2025-02-08 18:01:09,2025-02-08 18:02:09
v_000001476,u_001807,s_00114,2025-01-09 12:17:36,2025-01-09 12:33:36
v_000001477,u_000819,s_00079,2025-02-25 23:47:58,2025-02-26 00:02:58
v_000001478,u_000598,s_00058,2025-02-25 19:43:58,2025-02-25 19:46:58
v_000001479,u_000957,s_00058,2025-01-29 23:31:20,2025-01-29 23:51:20
v_000001480,u_000957,s_00058,2025-01-15 18:02:38,2025-01-15 18:15:38
v_000001481,u_001994,s_00115,2025-02-17 22:22:47,2025-02-17 22:26:47
v_000001482,u_000940,s_00089,2025-01-24 23:00:58,2025-01-24 23:58:58
v_000001483,u_000694,s_00038,2025-02-08 23:43:26,2025-02-08 23:50:26
v_000001484,u_000819,s_00133,2025-02-27 17:34:36,2025-02-27 18:07:36
v_000001485,u_001663,s_00003,2025-01-10 18:12:07,2025-01-10 18:18:07
v_000001486,u_001516,s_00135,2025-02-16 22:28:33,2025-02-16 22:41:33
v_000001487,u_000755,s_00065,2025-02-02 13:26:17,2025-02-02 13:43:17
v_000001488,u_000862,s_00018,2025-02-10 22:33:48,2025-02-11 00:03:48
v_000001489,u_001115,s_00022,2025-02-06 20:50:01,2025-02-06 22:04:01
v_000001490,u_000359,s_00116,2025-01-09 17:46:44,2025-01-09 17:50:44
v_000001491,u_001449,s_00043,2025-01-13 19:05:35,2025-01-13 19:10:35
v_000001492,u_001142,s_00072,2025-02-02 21:02:58,2025-02-02 21:04:58
v_000001493,u_000127,s_00123,2025-01-16 22:39:18,2025-01-16 22:56:18
v_000001494,u_000803,s_00033,2025-02-13 15:44:03,2025-02-13 16:50:03
v_000001495,u_000764,s_00146,2025-02-07 16:37:47,2025-02-07 17:05:47
v_000001496,u_000421,s_00046,2025-02-21 15:09:06,2025-02-21 15:28:06
v_000001497,u_000022,s_00010,2025-02-06 22:19:18,2025-02-06 22:41:18
v_000001498,u_001871,s_00010,2025-01-24 12:07:24,2025-01-24 12:35:24
v_000001499,u_001510,s_00005,2025-01-20 21:31:58,2025-01-20 21:35:58
v_000001500,u_001023,s_00128,2025-01-03 12:54:21,2025-01-03 13:54:21
v_000001501,u_000672,s_00019,2025-02-01 13:17:06,2025-02-01 13:47:06
v_000001502,u_001228,s_00036,2025-01-30 13:46:20,2025-01-30 13:50:20
v_000001503,u_000682,s_00030,2025-02-14 23:47:43,2025-02-15 00:13:43
v_000001504,u_000489,s_00021,2025-01-15 23:32:23,2025-01-16 00:03:23
v_000001505,u_001785,s_00086,2025-01-24 23:47:23,2025-01-24 23:55:23
v_000001506,u_001390,s_00079,2025-01-20 16:12:51,2025-01-20 16:58:51
v_000001507,u_000498,s_00053,2025-01-17 23:49:20,2025-01-18 00:28:20
v_000001508,u_001965,s_00085,2025-02-25 19:04:04,2025-02-25 19:17:04
v_000001509,u_001681,s_00020,2025-02-20 23:30:56,2025-02-20 23:32:56
v_000001510,u_001877,s_00139,2025-02-11 19:10:41,2025-02-11 19:37:41
v_000001511,u_001813,s_00091,2025-02-14 23:14:59,2025-02-14 23:30:59
v_000001512,u_000371,s_00113,2025-02-22 23:39:44,2025-02-23 00:23:44
v_000001513,u_000358,s_00134,2025-01-15 17:00:31,2025-01-15 17:04:31
v_000001514,u_001899,s_00107,2025-01-11 21:45:17,2025-01-11 22:02:17
v_000001515,u_000445,s_00060,2025-02-11 23:20:20,2025-02-11 23:44:20
v_000001516,u_000658,s_00147,2025-01-12 23:36:18,2025-01-12 23:45:18
v_000001517,u_000321,s_00063,2025-02-22 17:02:38,2025-02-22 17:06:38
v_000001518,u_001613,s_00136,2025-02-04 17:13:51,2025-02-04 17:14:51
v_000001519,u_000955,s_00082,2025-01-18 16:18:39,2025-01-18 16:27:39
v_000001520,u_001969,s_00063,2025-01-29 13:42:11,2025-01-29 13:43:11
v_000001521,u_000520,s_00059,2025-01-19 20:11:16,2025-01-19 21:08:16
v_000001522,u_000760,s_00126,2025-01-11 21:28:42,2025-01-11 21:40:42
v_000001523,u_001252,s_00033,2025-01-20 23:21:48,2025-01-21 00:17:48
v_000001524,u_001977,s_00017,2025-01-16 20:28:43,2025-01-16 20:37:43
v_000001525,u_000612,s_00068,2025-02-21 23:12:43,2025-02-21 23:29:43
v_000001526,u_000998,s_00123,2025-01-26 20:17:15,2025-01-26 20:21:15
v_000001527,u_000096,s_00054,2025-01-31 23:08:56,2025-01-31 23:10:56
v_000001528,u_001296,s_00068,2025-02-18 16:54:00,2025-02-18 17:23:00
v_000001529,u_000216,s_00111,2025-01-21 14:06:15,2025-01-21 14:16:15
v_000001530,u_001710,s_00089,2025-01-20 22:13:36,2025-01-20 22:52:36
v_000001531,u_001161,s_00030,2025-02-27 15:17:18,2025-02-27 15:27:18
v_000001532,u_001317,s_00016,2025-01-18 22:39:25,2025-01-18 22:44:25
v_000001533,u_000982,s_00091,2025-01-22 11:58:39,2025-01-22 12:03:39
v_000001534,u_001799,s_00102,2025-01-08 21:37:49,2025-01-08 22:04:49
v_000001535,u_001737,s_00010,2025-02-07 23:41:10,2025-02-07 23:46:10
v_000001536,u_000438,s_00113,2025-01-25 15:33:13,2025-01-25 15:46:13
v_000001537,u_001411,s_00023,2025-02-14 23:07:21,2025-02-14 23:08:21
v_000001538,u_001702,s_00109,2025-02-02 23:14:35,2025-02-02 23:36:35
v_000001539,u_001079,s_00127,2025-01-01 19:12:02,2025-01-01 19:17:02
v_000001540,u_001711,s_00075,2025-02-15 22:44:48,2025-02-15 23:17:48
v_000001541,u_000097,s_00088,2025-02-15 15:21:52,2025-02-15 15:22:52
v_000001542,u_001745,s_00005,2025-01-18 19:44:55,2025-01-18 20:21:55
v_000001543,u_001130,s_00047,2025-01-26 22:44:50,2025-01-26 23:11:50
v_000001544,u_001558,s_00087,2025-02-21 23:46:35,2025-02-22 00:25:35
v_000001545,u_000935,s_00009,2025-01-16 15:10:37,2025-01-16 15:38:37
v_000001546,u_001577,s_00005,2025-01-21 15:23:52,2025-01-21 15:56:52
v_000001547,u_000952,s_00020,2025-02-23 18:19:13,2025-02-23 19:08:13
v_000001548,u_001367,s_00025,2025-02-13 21:15:47,2025-02-13 21:16:47
v_000001549,u_001100,s_00080,2025-01-25 20:01:06,2025-01-25 20:09:06
v_000001550,u_001674,s_00061,2025-02-11 21:52:39,2025-02-11 21:58:39
v_000001551,u_000113,s_00079,2025-01-29 23:44:58,2025-01-29 23:45:58
v_000001552,u_001532,s_00022,2025-02-17 23:58:43,2025-02-18 00:23:43
v_000001553,u_001910,s_00084,2025-02-23 17:24:20,2025-02-23 18:13:20
v_000001554,u_000113,s_00079,2025-02-20 23:06:04,2025-02-20 23:15:04
v_000001555,u_001106,s_00092,2025-02-07 23:51:24,2025-02-08 00:45:24
v_000001556,u_000820,s_00065,2025-01-09 18:28:59,2025-01-09 18:39:59
v_000001557,u_001263,s_00000,2025-02-24 19:07:10,2025-02-24 19:24:10
v_000001558,u_001298,s_00077,2025-01-05 19:04:14,2025-01-05 19:32:14
v_000001559,u_000764,s_00146,2025-02-15 18:21:57,2025-02-15 18:28:57
v_000001560,u_001501,s_00099,2025-01-19 21:03:41,2025-01-19 21:06:41
v_000001561,u_001837,s_00138,2025-02-24 17:10:23,2025-02-24 17:21:23
v_000001562,u_000360,s_00015,2025-01-12 20:49:48,2025-01-12 21:24:48
v_000001563,u_000771,s_00117,2025-02-17 23:01:56,2025-02-17 23:35:56
v_000001564,u_000935,s_00021,2025-02-17 20:30:03,2025-02-17 20:38:03
v_000001565,u_000926,s_00023,2025-01-08 20:12:14,2025-01-08 20:49:14
v_000001566,u_000143,s_00143,2025-01-22 15:49:21,2025-01-22 17:15:21
v_000001567,u_001402,s_00145,2025-01-07 21:33:42,2025-01-07 21:56:42
v_000001568,u_000062,s_00066,2025-01-22 17:44:25,2025-01-22 18:02:25
v_000001569,u_000925,s_00132,2025-01-16 22:13:25,2025-01-16 22:14:25
v_000001570,u_000974,s_00043,2025-01-22 14:06:30,2025-01-22 14:08:30
v_000001571,u_001262,s_00054,2025-02-16 18:31:38,2025-02-16 18:40:38
v_000001572,u_000912,s_00140,2025-02-06 17:35:00,2025-02-06 17:38:00
v_000001573,u_000532,s_00083,2025-01-05 23:15:15,2025-01-05 23:59:15
v_000001574,u_000189,s_00101,2025-01-02 19:54:30,2025-01-02 20:22:30
v_000001575,u_001927,s_00110,2025-01-14 17:26:30,2025-01-14 17:42:30
v_000001576,u_000789,s_00094,2025-02-13 23:02:02,2025-02-13 23:03:02
v_000001577,u_000612,s_00046,2025-02-25 22:56:06,2025-02-25 23:29:06
v_000001578,u_001198,s_00057,2025-02-25 12:52:03,2025-02-25 12:59:03
v_000001579,u_000212,s_00078,2025-01-01 23:50:20,2025-01-02 00:13:20
v_000001580,u_001355,s_00086,2025-01-28 23:49:38,2025-01-29 00:18:38
v_000001581,u_000020,s_00096,2025-02-19 12:39:55,2025-02-19 13:08:55
v_000001582,u_000371,s_00088,2025-02-02 23:32:27,2025-02-03 00:04:27
v_000001583,u_000843,s_00106,2025-01-16 09:05:08,2025-01-16 09:35:08
v_000001584,u_000662,s_00067,2025-02-16 14:39:48,2025-02-16 15:16:48
v_000001585,u_000524,s_00011,2025-01-10 09:16:23,2025-01-10 09:43:23
v_000001586,u_000252,s_00128,2025-01-31 23:00:05,2025-01-31 23:46:05
v_000001587,u_000245,s_00052,2025-02-04 23:16:32,2025-02-04 23:18:32
v_000001588,u_000440,s_00119,2025-01-20 23:47:50,2025-01-21 00:04:50
v_000001589,u_000331,s_00092,2025-02-08 18:45:14,2025-02-08 19:02:14
v_000001590,u_001775,s_00086,2025-01-31 23:41:08,2025-01-31 23:48:08
v_000001591,u_000792,s_00069,2025-02-02 09:43:57,2025-02-02 10:16:57
v_000001592,u_000665,s_00101,2025-02-26 20:11:15,2025-02-26 20:23:15
v_000001593,u_000501,s_00120,2025-01-13 17:36:21,2025-01-13 17:56:21
v_000001594,u_000953,s_00131,2025-02-19 16:17:07,2025-02-19 16:58:07
v_000001595,u_000031,s_00053,2025-02-17 20:02:34,2025-02-17 20:25:34
v_000001596,u_001276,s_00052,2025-01-16 21:29:03,2025-01-16 21:40:03
v_000001597,u_000769,s_00112,2025-01-02 16:14:18,2025-01-02 16:21:18
v_000001598,u_001749,s_00148,2025-02-02 16:39:20,2025-02-02 16:42:20
v_000001599,u_000043,s_00088,2025-02-11 23:47:33,2025-02-12 00:02:33
v_000001600,u_001061,s_00099,2025-02-20 14:13:02,2025-02-20 14:51:02
v_000001601,u_000760,s_00126,2025-02-11 18:27:15,2025-02-11 18:38:15
v_000001602,u_001266,s_00137,2025-01-22 23:21:21,2025-01-23 01:02:21
v_000001603,u_000796,s_00075,2025-02-12 23:28:45,2025-02-12 23:44:45
v_000001604,u_000089,s_00030,2025-02-27 23:44:25,2025-02-27 23:56:25
v_000001605,u_000715,s_00083,2025-01-17 23:22:53,2025-01-17 23:33:53
v_000001606,u_001454,s_00121,2025-02-03 22:09:31,2025-02-03 22:16:31
v_000001607,u_001474,s_00097,2025-02-12 15:23:03,2025-02-12 16:18:03
v_000001608,u_000820,s_00082,2025-02-23 20:39:48,2025-02-23 20:55:48
v_000001609,u_000625,s_00066,2025-02-21 13:53:31,2025-02-21 14:06:31
v_000001610,u_001354,s_00089,2025-01-03 16:13:38,2025-01-03 16:29:38
v_000001611,u_000746,s_00142,2025-02-28 23:46:07,2025-03-01 00:11:07
v_000001612,u_000410,s_00084,2025-02-26 23:32:19,2025-02-26 23:53:19
v_000001613,u_001009,s_00145,2025-01-24 23:36:56,2025-01-24 23:59:56
v_000001614,u_001876,s_00009,2025-02-03 23:08:16,2025-02-03 23:13:16
v_000001615,u_001329,s_00121,2025-02-27 22:05:49,2025-02-27 22:32:49
v_000001616,u_000181,s_00091,2025-02-14 16:46:17,2025-02-14 16:54:17
v_000001617,u_000263,s_00092,2025-02-10 17:54:35,2025-02-10 18:21:35
v_000001618,u_000375,s_00031,2025-01-03 23:30:47,2025-01-03 23:48:47
v_000001619,u_000838,s_00096,2025-02-17 23:51:23,2025-02-18 00:13:23
v_000001620,u_000929,s_00145,2025-01-18 18:39:50,2025-01-18 19:11:50
v_000001621,u_001961,s_00135,2025-02-05 23:27:14,2025-02-05 23:33:14
v_000001622,u_000536,s_00041,2025-01-05 21:57:47,2025-01-05 21:58:47
v_000001623,u_000692,s_00093,2025-01-18 13:24:03,2025-01-18 13:53:03
v_000001624,u_000583,s_00003,2025-01-28 20:32:58,2025-01-28 20:34:58
v_000001625,u_000457,s_00103,2025-02-14 23:21:58,2025-02-14 23:29:58
v_000001626,u_000976,s_00011,2025-01-10 16:00:23,2025-01-10 16:01:23
v_000001627,u_001764,s_00058,2025-01-09 13:59:27,2025-01-09 14:36:27
v_000001628,u_001625,s_00133,2025-02-12 22:25:55,2025-02-12 22:44:55
v_000001629,u_000242,s_00056,2025-02-17 10:01:26,2025-02-17 10:02:26
v_000001630,u_000828,s_00074,2025-01-22 21:11:30,2025-01-22 21:14:30
v_000001631,u_001909,s_00117,2025-01-08 11:01:01,2025-01-08 11:16:01
v_000001632,u_001841,s_00093,2025-02-03 17:57:41,2025-02-03 18:58:41
v_000001633,u_001759,s_00028,2025-02-24 16:29:07,2025-02-24 17:25:07
v_000001634,u_000804,s_00127,2025-01-30 20:02:00,2025-01-30 20:09:00
v_000001635,u_000512,s_00043,2025-02-25 15:23:59,2025-02-25 15:26:59
v_000001636,u_000909,s_00060,2025-01-15 14:29:07,2025-01-15 14:31:07
v_000001637,u_000682,s_00003,2025-02-24 23:37:32,2025-02-24 23:40:32
v_000001638,u_001683,s_00077,2025-02-24 17:04:35,2025-02-24 18:13:35
v_000001639,u_001766,s_00114,2025-02-23 12:12:30,2025-02-23 12:32:30
v_000001640,u_001059,s_00001,2025-02-14 19:20:23,2025-02-14 20:22:23
v_000001641,u_001241,s_00124,2025-01-08 20:35:01,2025-01-08 22:14:01
v_000001642,u_001548,s_00034,2025-01-01 22:31:07,2025-01-01 22:34:07
v_000001643,u_001021,s_00052,2025-01-25 22:19:34,2025-01-25 22:21:34
v_000001644,u_001195,s_00043,2025-01-23 21:29:18,2025-01-23 22:19:18
v_000001645,u_000732,s_00111,2025-02-28 23:18:04,2025-02-28 23:33:04
v_000001646,u_000095,s_00050,2025-01-10 23:24:18,2025-01-10 23:31:18
v_000001647,u_001129,s_00050,2025-02-05 23:51:02,2025-02-05 23:53:02
v_000001648,u_001952,s_00145,2025-02-24 23:16:55,2025-02-24 23:25:55
v_000001649,u_000137,s_00091,2025-02-25 23:44:30,2025-02-26 00:09:30
v_000001650,u_001393,s_00026,2025-01-26 23:52:02,2025-01-26 23:54:02
v_000001651,u_001331,s_00146,2025-01-02 20:28:35,2025-01-02 20:46:35
v_000001652,u_000147,s_00014,2025-02-26 22:29:07,2025-02-26 22:33:07
v_000001653,u_001448,s_00084,2025-02-04 21:03:34,2025-02-04 21:11:34
v_000001654,u_001092,s_00082,2025-02-02 18:29:27,2025-02-02 18:32:27
v_000001655,u_000861,s_00018,2025-02-02 19:36:54,2025-02-02 19:41:54
v_000001656,u_001834,s_00010,2025-01-30 20:15:27,2025-01-30 20:51:27
v_000001657,u_001893,s_00053,2025-02-20 17:17:17,2025-02-20 18:11:17
v_000001658,u_000828,s_00029,2025-01-23 23:55:21,2025-01-24 00:29:21
v_000001659,u_001836,s_00135,2025-02-09 18:43:20,2025-02-09 19:37:20
v_000001660,u_001731,s_00069,2025-02-24 19:16:13,2025-02-24 19:30:13
v_000001661,u_000372,s_00023,2025-02-19 23:15:48,2025-02-19 23:34:48
v_000001662,u_000595,s_00059,2025-01-19 23:48:36,2025-01-20 00:23:36
v_000001663,u_000468,s_00120,2025-01-09 22:30:34,2025-01-09 22:44:34
v_000001664,u_000388,s_00022,2025-02-21 17:03:37,2025-02-21 17:12:37
v_000001665,u_001036,s_00074,2025-02-11 23:21:56,2025-02-12 00:11:56
v_000001666,u_001582,s_00093,2025-02-10 16:35:26,2025-02-10 16:36:26
v_000001667,u_000488,s_00080,2025-01-14 23:22:47,2025-01-14 23:31:47
v_000001668,u_000491,s_00058,2025-02-16 17:23:47,2025-02-16 17:26:47
v_000001669,u_001397,s_00086,2025-02-01 19:09:55,2025-02-01 19:24:55
v_000001670,u_001275,s_00119,2025-01-28 20:31:35,2025-01-28 21:33:35
v_000001671,u_000502,s_00053,2025-02-26 20:40:28,2025-02-26 21:25:28
v_000001672,u_001755,s_00059,2025-01-30 20:15:09,2025-01-30 20:36:09
v_000001673,u_000226,s_00095,2025-02-17 22:23:34,2025-02-17 22:44:34
v_000001674,u_001659,s_00061,2025-01-05 23:17:42,2025-01-05 23:30:42
v_000001675,u_000195,s_00032,2025-02-11 12:05:09,2025-02-11 12:22:09
v_000001676,u_001782,s_00035,2025-02-16 22:39:16,2025-02-16 22:52:16
v_000001677,u_000949,s_00081,2025-01-02 16:39:32,2025-01-02 17:12:32
v_000001678,u_000531,s_00103,2025-02-10 19:55:58,2025-02-10 20:03:58
v_000001679,u_001503,s_00007,2025-02-21 17:36:02,2025-02-21 18:06:02
v_000001680,u_000595,s_00025,2025-01-27 17:48:23,2025-01-27 18:36:23
v_000001681,u_001590,s_00069,2025-02-25 17:28:37,2025-02-25 18:05:37
v_000001682,u_000284,s_00023,2025-01-18 23:28:17,2025-01-18 23:52:17
v_000001683,u_000367,s_00112,2025-02-19 23:22:15,2025-02-20 00:32:15
v_000001684,u_000625,s_00025,2025-02-04 23:57:03,2025-02-05 00:06:03
v_000001685,u_001970,s_00102,2025-01-18 23:22:49,2025-01-18 23:30:49
v_000001686,u_000963,s_00059,2025-01-03 23:07:13,2025-01-03 23:17:13
v_000001687,u_001751,s_00036,2025-02-28 17:00:53,2025-02-28 17:05:53
v_000001688,u_000350,s_00016,2025-02-25 20:57:01,2025-02-25 21:22:01
v_000001689,u_000818,s_00039,2025-01-08 16:28:58,2025-01-08 16:50:58
v_000001690,u_001326,s_00143,2025-02-15 23:27:39,2025-02-15 23:35:39
v_000001691,u_000998,s_00126,2025-01-21 22:19:25,2025-01-21 23:12:25
v_000001692,u_001263,s_00009,2025-02-15 23:08:49,2025-02-15 23:09:49
v_000001693,u_000012,s_00128,2025-01-15 17:21:22,2025-01-15 17:34:22
v_000001694,u_001701,s_00108,2025-03-01 12:32:47,2025-03-01 12:35:47
v_000001695,u_001029,s_00055,2025-02-23 23:49:31,2025-02-24 01:58:31
v_000001696,u_000012,s_00061,2025-02-26 14:40:47,2025-02-26 15:20:47
v_000001697,u_000433,s_00099,2025-02-07 19:39:07,2025-02-07 19:42:07
v_000001698,u_001165,s_00097,2025-01-13 20:22:34,2025-01-13 20:29:34
v_000001699,u_000474,s_00118,2025-01-22 21:20:25,2025-01-22 21:51:25
v_000001700,u_001425,s_00094,2025-02-27 23:26:11,2025-02-28 00:10:11
v_000001701,u_001537,s_00122,2025-01-29 19:13:17,2025-01-29 19:40:17
v_000001702,u_001759,s_00106,2025-02-22 10:10:18,2025-02-22 10:27:18
v_000001703,u_000468,s_00116,2025-02-18 08:50:58,2025-02-18 08:58:58
v_000001704,u_000587,s_00033,2025-01-16 22:48:24,2025-01-16 23:39:24
v_000001705,u_001562,s_00123,2025-02-18 19:17:00,2025-02-18 19:50:00
v_000001706,u_000032,s_00104,2025-01-15 17:46:05,2025-01-15 17:52:05
v_000001707,u_000263,s_00138,2025-03-01 20:56:40,2025-03-01 21:02:40
v_000001708,u_001806,s_00000,2025-01-17 22:10:12,2025-01-17 22:25:12
v_000001709,u_000016,s_00029,2025-01-05 22:55:04,2025-01-06 00:19:04
v_000001710,u_000929,s_00014,2025-01-23 15:22:47,2025-01-23 16:06:47
v_000001711,u_000302,s_00101,2025-01-11 18:11:30,2025-01-11 18:13:30
v_000001712,u_001268,s_00128,2025-01-04 20:48:12,2025-01-04 20:53:12
v_000001713,u_000650,s_00035,2025-02-08 12:20:46,2025-02-08 12:21:46
v_000001714,u_000746,s_00091,2025-01-11 12:55:47,2025-01-11 12:58:47
v_000001715,u_001365,s_00149,2025-01-06 23:57:06,2025-01-07 00:16:06
v_000001716,u_000813,s_00066,2025-03-01 19:04:39,2025-03-01 19:36:39
v_000001717,u_000816,s_00080,2025-02-08 21:24:16,2025-02-08 21:40:16
v_000001718,u_000344,s_00124,2025-02-09 19:42:21,2025-02-09 19:46:21
v_000001719,u_001006,s_00149,2025-02-25 19:37:30,2025-02-25 20:13:30
v_000001720,u_000543,s_00010,2025-01-26 19:48:48,2025-01-26 20:03:48
v_000001721,u_001204,s_00089,2025-01-13 14:48:10,2025-01-13 15:45:10
v_000001722,u_000127,s_00086,2025-01-31 18:28:06,2025-01-31 19:09:06
v_000001723,u_001646,s_00073,2025-01-16 23:35:01,2025-01-16 23:36:01
v_000001724,u_000727,s_00005,2025-02-18 21:13:49,2025-02-18 21:20:49
v_000001725,u_001113,s_00112,2025-02-16 21:13:15,2025-02-16 21:17:15
v_000001726,u_000715,s_00095,2025-02-13 22:51:03,2025-02-13 22:52:03
v_000001727,u_000954,s_00031,2025-01-14 23:17:53,2025-01-15 00:10:53
v_000001728,u_001601,s_00077,2025-01-10 18:50:03,2025-01-10 18:51:03
v_000001729,u_000365,s_00100,2025-01-30 16:21:48,2025-01-30 16:30:48
v_000001730,u_001597,s_00103,2025-01-18 20:37:43,2025-01-18 20:50:43
v_000001731,u_000210,s_00075,2025-01-02 16:20:14,2025-01-02 16:24:14
v_000001732,u_000688,s_00004,2025-01-30 23:22:36,2025-01-31 00:39:36
v_000001733,u_000556,s_00038,2025-02-19 23:06:24,2025-02-19 23:46:24
v_000001734,u_001288,s_00036,2025-02-17 22:43:33,2025-02-17 22:56:33
v_000001735,u_000005,s_00030,2025-02-21 23:46:28,2025-02-21 23:57:28
v_000001736,u_001360,s_00090,2025-02-13 18:52:09,2025-02-13 19:29:09
v_000001737,u_001486,s_00011,2025-01-10 21:16:37,2025-01-10 21:35:37
v_000001738,u_000068,s_00056,2025-02-18 21:23:01,2025-02-18 21:46:01
v_000001739,u_001984,s_00114,2025-02-02 19:31:15,2025-02-02 19:32:15
v_000001740,u_000552,s_00033,2025-02-26 19:03:45,2025-02-26 19:13:45
v_000001741,u_001803,s_00074,2025-02-25 21:31:48,2025-02-25 21:36:48
v_000001742,u_001394,s_00086,2025-01-25 22:27:48,2025-01-25 22:49:48
v_000001743,u_000717,s_00107,2025-01-01 23:42:37,2025-01-01 23:52:37
v_000001744,u_000203,s_00043,2025-02-04 17:30:24,2025-02-04 17:51:24
v_000001745,u_001866,s_00092,2025-01-08 23:54:57,2025-01-08 23:55:57
v_000001746,u_000246,s_00021,2025-01-19 12:21:38,2025-01-19 13:04:38
v_000001747,u_001362,s_00039,2025-02-26 15:31:38,2025-02-26 15:32:38
v_000001748,u_000285,s_00039,2025-02-22 18:55:51,2025-02-22 19:00:51
v_000001749,u_001643,s_00093,2025-01-05 23:51:20,2025-01-06 00:05:20
v_000001750,u_001632,s_00036,2025-02-27 23:38:37,2025-02-28 00:07:37
v_000001751,u_000004,s_00132,2025-02-17 21:23:50,2025-02-17 21:28:50
v_000001752,u_000392,s_00070,2025-01-06 21:08:06,2025-01-06 22:11:06
v_000001753,u_001882,s_00092,2025-01-26 18:31:43,2025-01-26 18:34:43
v_000001754,u_000535,s_00117,2025-01-02 17:49:29,2025-01-02 17:59:29
v_000001755,u_001798,s_00067,2025-02-09 13:35:51,2025-02-09 14:03:51
v_000001756,u_001089,s_00010,2025-02-18 18:27:05,2025-02-18 18:34:05
v_000001757,u_001878,s_00059,2025-02-12 23:33:49,2025-02-12 23:53:49
v_000001758,u_001098,s_00133,2025-01-30 21:02:27,2025-01-30 21:33:27
v_000001759,u_001134,s_00130,2025-01-18 23:55:09,2025-01-19 00:24:09
v_000001760,u_000275,s_00145,2025-02-20 09:18:33,2025-02-20 09:33:33
v_000001761,u_000712,s_00069,2025-01-25 12:00:39,2025-01-25 12:25:39
v_000001762,u_000165,s_00007,2025-01-26 20:47:37,2025-01-26 21:17:37
v_000001763,u_001895,s_00074,2025-02-03 18:30:16,2025-02-03 18:31:16
v_000001764,u_000148,s_00099,2025-01-26 16:16:10,2025-01-26 16:35:10
v_000001765,u_000038,s_00088,2025-01-17 20:54:13,2025-01-17 22:11:13
v_000001766,u_000941,s_00109,2025-01-28 16:53:31,2025-01-28 16:59:31
v_000001767,u_000143,s_00115,2025-01-29 20:29:42,2025-01-29 20:40:42
v_000001768,u_000284,s_00028,2025-01-20 18:45:51,2025-01-20 18:52:51
v_000001769,u_001599,s_00056,2025-02-13 22:29:25,2025-02-13 22:43:25
v_000001770,u_001845,s_00111,2025-02-20 10:19:26,2025-02-20 10:28:26
v_000001771,u_001410,s_00066,2025-01-19 19:24:42,2025-01-19 20:10:42
v_000001772,u_000571,s_00092,2025-01-28 22:37:47,2025-01-28 23:15:47
v_000001773,u_001224,s_00000,2025-02-09 23:09:43,2025-02-09 23:25:43
v_000001774,u_001964,s_00138,2025-01-03 21:01:19,2025-01-03 21:02:19
v_000001775,u_000464,s_00055,2025-02-05 21:18:17,2025-02-05 21:43:17
v_000001776,u_000281,s_00039,2025-03-01 20:09:29,2025-03-01 20:11:29
v_000001777,u_001930,s_00053,2025-01-30 14:58:30,2025-01-30 15:30:30
v_000001778,u_000937,s_00136,2025-02-25 23:28:51,2025-02-25 23:49:51
v_000001779,u_000073,s_00093,2025-03-01 20:11:15,2025-03-01 20:22:15
v_000001780,u_000213,s_00115,2025-01-07 23:21:26,2025-01-07 23:25:26
v_000001781,u_001699,s_00031,2025-02-21 23:13:27,2025-02-21 23:14:27
v_000001782,u_000342,s_00095,2025-02-04 14:04:32,2025-02-04 16:17:32
v_000001783,u_000830,s_00080,2025-02-20 20:13:20,2025-02-20 20:19:20
v_000001784,u_001081,s_00034,2025-02-25 16:22:46,2025-02-25 17:08:46
v_000001785,u_001442,s_00103,2025-01-12 23:06:52,2025-01-12 23:17:52
v_000001786,u_000554,s_00141,2025-02-06 20:36:29,2025-02-06 20:37:29
v_000001787,u_001602,s_00130,2025-01-04 09:19:43,2025-01-04 09:37:43
v_000001788,u_000374,s_00000,2025-02-05 20:38:51,2025-02-05 20:39:51
v_000001789,u_000228,s_00131,2025-01-06 23:31:21,2025-01-06 23:44:21
v_000001790,u_000451,s_00060,2025-02-11 22:08:11,2025-02-11 22:46:11
v_000001791,u_000700,s_00052,2025-02-05 23:55:18,2025-02-06 00:14:18
v_000001792,u_001641,s_00016,2025-02-19 21:27:16,2025-02-19 21:55:16
v_000001793,u_001400,s_00146,2025-01-13 14:03:15,2025-01-13 14:32:15
v_000001794,u_000285,s_00091,2025-03-01 12:40:37,2025-03-01 12:41:37
v_000001795,u_001446,s_00065,2025-02-26 19:54:46,2025-02-26 20:25:46
v_000001796,u_000528,s_00048,2025-01-22 19:56:48,2025-01-22 20:15:48
v_000001797,u_000355,s_00067,2025-01-27 19:28:25,2025-01-27 19:45:25
v_000001798,u_000556,s_00127,2025-02-08 23:47:05,2025-02-08 23:48:05
v_000001799,u_001491,s_00123,2025-02-02 23:01:15,2025-02-02 23:29:15
v_000001800,u_001947,s_00062,2025-01-20 23:29:23,2025-01-20 23:43:23
v_000001801,u_001786,s_00119,2025-02-23 23:51:09,2025-02-23 23:56:09
v_000001802,u_001384,s_00054,2025-01-30 21:28:47,2025-01-30 21:38:47
v_000001803,u_001390,s_00077,2025-01-06 18:05:17,2025-01-06 18:56:17
v_000001804,u_000808,s_00065,2025-01-07 12:03:13,2025-01-07 12:05:13
v_000001805,u_000830,s_00100,2025-02-28 23:38:52,2025-02-28 23:39:52
v_000001806,u_000683,s_00080,2025-02-25 21:13:03,2025-02-25 21:56:03
v_000001807,u_000518,s_00108,2025-01-02 13:46:26,2025-01-02 14:10:26
v_000001808,u_001894,s_00119,2025-01-06 23:12:00,2025-01-06 23:16:00
v_000001809,u_000612,s_00119,2025-01-17 14:44:52,2025-01-17 14:54:52
v_000001810,u_000011,s_00047,2025-01-15 16:08:34,2025-01-15 16:09:34
v_000001811,u_001889,s_00067,2025-02-24 17:31:48,2025-02-24 17:34:48
v_000001812,u_000299,s_00143,2025-01-07 17:58:58,2025-01-07 18:20:58
v_000001813,u_000720,s_00041,2025-01-30 17:22:37,2025-01-30 17:44:37
v_000001814,u_000115,s_00079,2025-01-15 19:41:12,2025-01-15 19:52:12
v_000001815,u_000032,s_00097,2025-01-10 19:41:08,2025-01-10 20:29:08
v_000001816,u_001664,s_00043,2025-01-09 21:58:48,2025-01-09 22:05:48
v_000001817,u_000905,s_00050,2025-02-25 21:33:54,2025-02-25 21:58:54
v_000001818,u_001370,s_00049,2025-02-06 23:22:17,2025-02-06 23:44:17
v_000001819,u_000888,s_00053,2025-01-04 20:03:57,2025-01-04 20:32:57
v_000001820,u_001412,s_00132,2025-01-17 16:09:08,2025-01-17 16:23:08
v_000001821,u_000453,s_00037,2025-02-02 18:37:41,2025-02-02 19:27:41
v_000001822,u_000576,s_00087,2025-01-26 21:32:15,2025-01-26 21:52:15
v_000001823,u_000987,s_00072,2025-01-04 20:58:01,2025-01-04 21:20:01
v_000001824,u_001469,s_00047,2025-02-28 22:21:39,2025-02-28 23:06:39
v_000001825,u_000553,s_00146,2025-02-01 19:27:47,2025-02-01 19:39:47
v_000001826,u_000317,s_00065,2025-03-01 18:29:18,2025-03-01 19:44:18
v_000001827,u_001649,s_00006,2025-02-07 18:49:09,2025-02-07 19:00:09
v_000001828,u_001169,s_00075,2025-01-09 14:34:57,2025-01-09 15:07:57
v_000001829,u_000882,s_00116,2025-01-11 13:56:23,2025-01-11 14:22:23
v_000001830,u_000542,s_00087,2025-02-19 21:41:18,2025-02-19 21:59:18
v_000001831,u_001503,s_00076,2025-02-18 21:21:55,2025-02-18 21:27:55
v_000001832,u_001209,s_00117,2025-02-25 16:54:37,2025-02-25 17:20:37
v_000001833,u_001506,s_00042,2025-01-30 23:14:42,2025-01-30 23:35:42
v_000001834,u_000825,s_00045,2025-02-19 20:05:40,2025-02-19 20:26:40
v_000001835,u_000582,s_00120,2025-02-18 20:00:01,2025-02-18 20:13:01
v_000001836,u_001924,s_00083,2025-01-25 15:49:54,2025-01-25 16:11:54
v_000001837,u_001933,s_00149,2025-01-28 12:21:34,2025-01-28 12:32:34
v_000001838,u_000414,s_00001,2025-01-29 23:55:30,2025-01-29 23:59:30
v_000001839,u_001692,s_00006,2025-02-06 23:06:42,2025-02-06 23:18:42
v_000001840,u_000031,s_00023,2025-02-02 16:56:41,2025-02-02 16:57:41
v_000001841,u_001082,s_00081,2025-01-26 15:34:38,2025-01-26 15:52:38
v_000001842,u_001480,s_00009,2025-01-22 17:49:41,2025-01-22 18:00:41
v_000001843,u_000545,s_00110,2025-01-13 23:50:06,2025-01-14 00:24:06
v_000001844,u_001872,s_00036,2025-01-26 23:17:38,2025-01-26 23:28:38
v_000001845,u_001601,s_00077,2025-02-24 16:46:40,2025-02-24 17:01:40
v_000001846,u_000437,s_00133,2025-01-13 20:07:05,2025-01-13 20:14:05
v_000001847,u_000712,s_00069,2025-02-27 21:16:24,2025-02-27 21:17:24
v_000001848,u_001246,s_00021,2025-02-05 20:50:50,2025-02-05 21:49:50
v_000001849,u_000918,s_00132,2025-02-20 21:11:35,2025-02-20 22:46:35
v_000001850,u_000012,s_00121,2025-02-15 17:29:03,2025-02-15 17:44:03
v_000001851,u_000123,s_00062,2025-01-26 17:39:33,2025-01-26 17:40:33
v_000001852,u_001255,s_00108,2025-01-19 16:23:27,2025-01-19 16:55:27
v_000001853,u_000715,s_00095,2025-01-05 13:31:07,2025-01-05 13:56:07
v_000001854,u_001430,s_00082,2025-02-10 19:17:38,2025-02-10 19:28:38
v_000001855,u_001136,s_00100,2025-01-26 19:54:26,2025-01-26 20:04:26
v_000001856,u_000179,s_00019,2025-02-09 19:00:25,2025-02-09 19:38:25
v_000001857,u_001821,s_00038,2025-01-30 23:06:20,2025-01-30 23:12:20
v_000001858,u_000251,s_00109,2025-02-27 23:32:30,2025-02-27 23:54:30
v_000001859,u_000820,s_00082,2025-01-25 18:36:21,2025-01-25 18:39:21
v_000001860,u_001765,s_00115,2025-01-22 15:35:46,2025-01-22 16:31:46
v_000001861,u_001767,s_00100,2025-01-26 20:56:10,2025-01-26 21:15:10
v_000001862,u_000404,s_00131,2025-01-27 19:20:04,2025-01-27 19:28:04
v_000001863,u_000861,s_00079,2025-02-08 21:46:14,2025-02-08 21:50:14
v_000001864,u_001931,s_00061,2025-01-14 15:02:08,2025-01-14 15:15:08
v_000001865,u_000282,s_00049,2025-02-03 18:47:18,2025-02-03 18:48:18
v_000001866,u_000336,s_00068,2025-02-19 23:44:49,2025-02-20 00:00:49
v_000001867,u_000227,s_00119,2025-02-20 18:22:04,2025-02-20 19:06:04
v_000001868,u_000059,s_00134,2025-01-10 19:30:45,2025-01-10 19:57:45
v_000001869,u_001483,s_00044,2025-02-14 18:45:47,2025-02-14 19:09:47
v_000001870,u_000208,s_00006,2025-01-07 17:01:54,2025-01-07 17:05:54
v_000001871,u_001664,s_00077,2025-01-16 20:34:40,2025-01-16 21:14:40
v_000001872,u_001045,s_00063,2025-01-10 14:01:58,2025-01-10 15:01:58
v_000001873,u_001437,s_00071,2025-01-21 22:23:57,2025-01-21 23:09:57
v_000001874,u_001175,s_00088,2025-01-10 16:34:11,2025-01-10 17:00:11
v_000001875,u_000506,s_00056,2025-02-01 23:02:48,2025-02-01 23:07:48
v_000001876,u_000966,s_00126,2025-01-19 15:25:02,2025-01-19 15:46:02
v_000001877,u_001290,s_00058,2025-01-17 23:30:49,2025-01-17 23:42:49
v_000001878,u_000357,s_00075,2025-01-10 23:43:40,2025-01-11 00:18:40
v_000001879,u_001599,s_00091,2025-02-05 18:00:19,2025-02-05 18:02:19
v_000001880,u_001326,s_00081,2025-01-19 15:05:35,2025-01-19 15:33:35
v_000001881,u_000229,s_00054,2025-02-13 20:05:06,2025-02-13 20:14:06
v_000001882,u_001800,s_00043,2025-01-19 18:12:17,2025-01-19 18:26:17
v_000001883,u_001499,s_00015,2025-01-01 22:49:28,2025-01-01 23:14:28
v_000001884,u_000732,s_00100,2025-01-21 16:47:11,2025-01-21 17:04:11
v_000001885,u_000402,s_00069,2025-01-05 20:17:18,2025-01-05 20:25:18
v_000001886,u_001403,s_00142,2025-02-13 17:29:08,2025-02-13 17:39:08
v_000001887,u_000302,s_00029,2025-02-05 20:31:23,2025-02-05 20:35:23
v_000001888,u_000007,s_00130,2025-01-06 16:35:23,2025-01-06 17:11:23
v_000001889,u_000025,s_00051,2025-02-07 17:41:41,2025-02-07 18:14:41
v_000001890,u_001504,s_00055,2025-02-13 14:57:20,2025-02-13 15:05:20
v_000001891,u_000461,s_00137,2025-01-15 20:23:26,2025-01-15 20:37:26
v_000001892,u_000924,s_00058,2025-01-21 20:21:08,2025-01-21 20:40:08
v_000001893,u_001917,s_00018,2025-01-24 20:09:11,2025-01-24 20:42:11
v_000001894,u_000663,s_00130,2025-01-24 23:35:55,2025-01-24 23:36:55
v_000001895,u_001340,s_00060,2025-02-04 23:41:46,2025-02-04 23:56:46
v_000001896,u_001249,s_00101,2025-02-20 15:19:56,2025-02-20 15:21:56
v_000001897,u_000546,s_00055,2025-02-06 17:32:25,2025-02-06 17:40:25
v_000001898,u_000818,s_00134,2025-02-23 16:31:09,2025-02-23 16:32:09
v_000001899,u_001627,s_00070,2025-01-31 23:10:22,2025-01-31 23:29:22
v_000001900,u_000388,s_00002,2025-03-01 18:22:09,2025-03-01 18:36:09
v_000001901,u_000387,s_00121,2025-01-05 21:25:48,2025-01-05 22:00:48
v_000001902,u_000265,s_00020,2025-03-01 21:13:32,2025-03-01 21:19:32
v_000001903,u_000929,s_00117,2025-02-22 20:37:28,2025-02-22 21:21:28
v_000001904,u_001204,s_00039,2025-01-31 23:54:55,2025-02-01 00:00:55
v_000001905,u_001119,s_00007,2025-02-13 17:33:12,2025-02-13 17:47:12
v_000001906,u_000158,s_00141,2025-01-30 20:13:25,2025-01-30 21:01:25
v_000001907,u_000047,s_00028,2025-01-19 13:10:42,2025-01-19 14:41:42
v_000001908,u_000491,s_00116,2025-01-15 23:09:04,2025-01-15 23:35:04
v_000001909,u_000842,s_00081,2025-02-27 17:50:41,2025-02-27 17:51:41
v_000001910,u_001491,s_00123,2025-01-03 21:10:31,2025-01-03 21:11:31
v_000001911,u_001341,s_00060,2025-01-26 15:44:18,2025-01-26 16:18:18
v_000001912,u_001786,s_00001,2025-01-28 18:11:16,2025-01-28 18:26:16
v_000001913,u_001189,s_00025,2025-01-21 23:24:38,2025-01-21 23:38:38
v_000001914,u_000219,s_00035,2025-01-07 14:47:24,2025-01-07 15:06:24
v_000001915,u_001435,s_00077,2025-01-11 22:29:25,2025-01-11 22:40:25
v_000001916,u_000982,s_00033,2025-02-13 20:52:53,2025-02-13 20:59:53
v_000001917,u_000941,s_00109,2025-01-07 22:33:16,2025-01-07 22:38:16
v_000001918,u_000167,s_00064,2025-01-16 18:40:24,2025-01-16 19:00:24
v_000001919,u_001435,s_00149,2025-01-01 18:18:30,2025-01-01 18:30:30
v_000001920,u_000156,s_00041,2025-01-03 20:52:40,2025-01-03 21:57:40
v_000001921,u_000828,s_00136,2025-01-15 19:49:03,2025-01-15 20:04:03
v_000001922,u_001628,s_00016,2025-01-06 20:34:09,2025-01-06 21:45:09
v_000001923,u_001002,s_00037,2025-02-19 20:40:53,2025-02-19 21:01:53
v_000001924,u_001518,s_00119,2025-01-28 17:34:46,2025-01-28 17:35:46
v_000001925,u_001132,s_00063,2025-01-21 17:39:27,2025-01-21 17:57:27
v_000001926,u_000522,s_00132,2025-01-02 22:35:42,2025-01-02 22:40:42
v_000001927,u_000049,s_00042,2025-02-16 23:39:10,2025-02-16 23:50:10
v_000001928,u_001524,s_00031,2025-01-25 23:26:45,2025-01-25 23:47:45
v_000001929,u_001696,s_00108,2025-02-27 20:56:12,2025-02-27 20:57:12
v_000001930,u_000322,s_00138,2025-01-05 21:24:03,2025-01-05 21:31:03
v_000001931,u_000356,s_00130,2025-01-20 18:34:32,2025-01-20 18:58:32
v_000001932,u_001062,s_00087,2025-02-22 23:36:33,2025-02-22 23:57:33
v_000001933,u_000440,s_00119,2025-01-08 16:33:32,2025-01-08 16:36:32
v_000001934,u_000764,s_00146,2025-02-04 22:46:35,2025-02-04 23:44:35
v_000001935,u_001666,s_00063,2025-01-21 12:05:33,2025-01-21 12:58:33
v_000001936,u_001080,s_00113,2025-01-14 19:51:15,2025-01-14 20:14:15
v_000001937,u_000977,s_00061,2025-01-25 23:54:59,2025-01-26 01:06:59
v_000001938,u_001234,s_00004,2025-02-04 19:24:05,2025-02-04 20:06:05
v_000001939,u_000796,s_00142,2025-02-03 17:01:52,2025-02-03 17:05:52
v_000001940,u_000950,s_00042,2025-01-06 15:08:42,2025-01-06 15:10:42
v_000001941,u_000246,s_00009,2025-01-17 19:16:50,2025-01-17 22:16:50
v_000001942,u_001762,s_00093,2025-01-04 21:20:33,2025-01-04 21:23:33
v_000001943,u_000430,s_00020,2025-02-15 23:35:06,2025-02-15 23:59:06
v_000001944,u_001301,s_00047,2025-01-08 23:07:31,2025-01-08 23:14:31
v_000001945,u_001374,s_00051,2025-02-25 23:57:12,2025-02-25 23:59:12
v_000001946,u_000106,s_00125,2025-01-12 13:22:27,2025-01-12 13:31:27
v_000001947,u_001397,s_00081,2025-01-26 23:00:16,2025-01-26 23:24:16
v_000001948,u_001962,s_00030,2025-02-22 16:23:28,2025-02-22 17:18:28
v_000001949,u_001379,s_00083,2025-03-01 14:23:25,2025-03-01 14:34:25
v_000001950,u_001498,s_00012,2025-01-01 18:17:39,2025-01-01 18:43:39
v_000001951,u_001266,s_00077,2025-01-29 21:00:06,2025-01-29 21:32:06
v_000001952,u_000504,s_00057,2025-01-28 16:39:40,2025-01-28 17:28:40
v_000001953,u_000089,s_00145,2025-02-02 23:41:04,2025-02-02 23:46:04
v_000001954,u_000279,s_00144,2025-01-09 15:06:19,2025-01-09 15:12:19
v_000001955,u_000028,s_00127,2025-02-20 23:25:08,2025-02-21 01:32:08
v_000001956,u_000841,s_00049,2025-02-26 15:39:41,2025-02-26 16:28:41
v_000001957,u_000670,s_00114,2025-02-25 22:11:20,2025-02-25 22:42:20
v_000001958,u_000357,s_00108,2025-02-10 23:31:16,2025-02-10 23:36:16
v_000001959,u_001680,s_00106,2025-01-25 23:04:12,2025-01-25 23:22:12
v_000001960,u_001797,s_00090,2025-01-27 17:02:05,2025-01-27 17:50:05
v_000001961,u_001007,s_00021,2025-01-19 16:48:57,2025-01-19 17:23:57
v_000001962,u_001497,s_00037,2025-02-15 20:41:49,2025-02-15 20:43:49
v_000001963,u_000087,s_00086,2025-02-02 21:52:47,2025-02-02 21:55:47
v_000001964,u_001533,s_00008,2025-01-15 20:03:51,2025-01-15 20:26:51
v_000001965,u_000719,s_00062,2025-01-31 17:48:21,2025-01-31 17:59:21
v_000001966,u_000014,s_00137,2025-02-07 20:14:27,2025-02-07 20:35:27
v_000001967,u_000465,s_00049,2025-02-21 22:27:18,2025-02-21 22:49:18
v_000001968,u_000443,s_00120,2025-01-29 22:54:12,2025-01-29 23:01:12
v_000001969,u_001497,s_00008,2025-02-10 20:22:33,2025-02-10 20:23:33
v_000001970,u_001368,s_00138,2025-02-16 23:54:39,2025-02-17 00:29:39
v_000001971,u_001383,s_00081,2025-01-25 17:27:04,2025-01-25 17:55:04
v_000001972,u_001468,s_00091,2025-01-29 22:10:03,2025-01-29 22:16:03
v_000001973,u_001003,s_00067,2025-01-19 16:49:12,2025-01-19 17:35:12
v_000001974,u_000948,s_00133,2025-01-30 23:25:55,2025-01-30 23:45:55
v_000001975,u_000351,s_00038,2025-02-18 17:55:08,2025-02-18 18:03:08
v_000001976,u_001198,s_00070,2025-02-12 23:32:36,2025-02-13 00:05:36
v_000001977,u_000928,s_00004,2025-01-03 23:53:05,2025-01-04 00:08:05
v_000001978,u_000209,s_00037,2025-01-03 20:31:53,2025-01-03 22:00:53
v_000001979,u_000457,s_00048,2025-01-27 21:41:55,2025-01-27 21:46:55
v_000001980,u_001591,s_00072,2025-02-15 16:09:32,2025-02-15 16:10:32
v_000001981,u_000531,s_00006,2025-02-19 23:07:39,2025-02-19 23:17:39
v_000001982,u_001445,s_00022,2025-01-05 18:43:28,2025-01-05 18:50:28
v_000001983,u_001957,s_00107,2025-01-20 18:21:45,2025-01-20 19:13:45
v_000001984,u_000398,s_00009,2025-01-20 23:40:13,2025-01-20 23:41:13
v_000001985,u_001047,s_00044,2025-01-03 23:17:20,2025-01-03 23:18:20
v_000001986,u_000686,s_00012,2025-01-09 21:00:09,2025-01-09 21:10:09
v_000001987,u_000086,s_00060,2025-02-25 20:20:39,2025-02-25 20:30:39
v_000001988,u_001632,s_00032,2025-02-19 17:09:01,2025-02-19 18:10:01
v_000001989,u_001566,s_00078,2025-01-21 18:33:14,2025-01-21 19:13:14
v_000001990,u_000448,s_00015,2025-01-04 19:35:46,2025-01-04 20:29:46
v_000001991,u_000670,s_00019,2025-01-12 23:58:25,2025-01-13 00:45:25
v_000001992,u_001612,s_00048,2025-02-13 12:11:39,2025-02-13 12:39:39
v_000001993,u_000123,s_00035,2025-01-19 19:18:07,2025-01-19 19:22:07
v_000001994,u_001601,s_00097,2025-01-18 12:22:08,2025-01-18 12:25:08
v_000001995,u_000402,s_00069,2025-01-25 20:08:50,2025-01-25 20:25:50
v_000001996,u_000831,s_00074,2025-02-26 23:22:42,2025-02-26 23:25:42
v_000001997,u_001799,s_00030,2025-01-01 16:46:57,2025-01-01 17:32:57
v_000001998,u_001642,s_00058,2025-01-29 21:22:49,2025-01-29 21:37:49
v_000001999,u_000709,s_00086,2025-02-28 21:33:16,2025-02-28 21:41:16
v_000002000,u_001002,s_00147,2025-01-12 23:29:40,2025-01-12 23:33:40
v_000002001,u_000040,s_00131,2025-02-05 19:35:20,2025-02-05 19:48:20
v_000002002,u_001951,s_00035,2025-02-06 16:17:52,2025-02-06 16:30:52
v_000002003,u_001928,s_00012,2025-01-03 23:16:09,2025-01-03 23:36:09
v_000002004,u_000642,s_00145,2025-01-15 20:44:18,2025-01-15 21:09:18
v_000002005,u_000526,s_00011,2025-02-22 12:12:03,2025-02-22 12:13:03
v_000002006,u_000204,s_00086,2025-02-04 15:46:31,2025-02-04 16:13:31
v_000002007,u_000615,s_00045,2025-01-08 23:53:41,2025-01-09 00:17:41
v_000002008,u_000104,s_00039,2025-01-19 23:04:20,2025-01-19 23:40:20
v_000002009,u_000254,s_00007,2025-01-05 16:43:08,2025-01-05 17:10:08
v_000002010,u_001970,s_00089,2025-02-26 23:15:25,2025-02-26 23:30:25
v_000002011,u_000788,s_00067,2025-01-30 16:42:45,2025-01-30 17:10:45
v_000002012,u_000128,s_00142,2025-01-02 18:03:01,2025-01-02 18:12:01
v_000002013,u_001628,s_00000,2025-01-06 20:27:20,2025-01-06 21:51:20
v_000002014,u_001414,s_00120,2025-01-10 14:29:31,2025-01-10 14:39:31
v_000002015,u_000608,s_00064,2025-01-31 23:24:53,2025-01-31 23:37:53
v_000002016,u_001916,s_00003,2025-02-20 21:01:12,2025-02-20 21:05:12
v_000002017,u_001134,s_00035,2025-01-08 23:36:59,2025-01-08 23:37:59
v_000002018,u_001204,s_00022,2025-01-28 12:47:17,2025-01-28 12:55:17
v_000002019,u_001925,s_00055,2025-02-03 16:44:48,2025-02-03 17:09:48
v_000002020,u_000764,s_00089,2025-02-12 21:05:24,2025-02-12 21:11:24
v_000002021,u_000349,s_00072,2025-01-26 17:00:14,2025-01-26 17:15:14
v_000002022,u_000502,s_00072,2025-02-04 21:11:41,2025-02-04 21:21:41
v_000002023,u_001789,s_00039,2025-02-02 19:57:51,2025-02-02 19:58:51
v_000002024,u_001836,s_00021,2025-02-05 15:47:51,2025-02-05 15:52:51
v_000002025,u_000615,s_00100,2025-01-31 20:52:07,2025-01-31 21:03:07
v_000002026,u_000979,s_00039,2025-02-22 21:10:42,2025-02-22 21:22:42
v_000002027,u_001792,s_00004,2025-02-13 23:59:15,2025-02-14 00:03:15
v_000002028,u_000869,s_00045,2025-01-27 21:15:37,2025-01-27 21:23:37
v_000002029,u_000763,s_00032,2025-03-01 19:39:46,2025-03-01 20:10:46
v_000002030,u_000413,s_00112,2025-01-26 16:22:39,2025-01-26 16:29:39
v_000002031,u_000238,s_00118,2025-02-13 22:37:56,2025-02-13 23:35:56
v_000002032,u_001742,s_00089,2025-02-04 19:46:41,2025-02-04 19:49:41
v_000002033,u_001453,s_00130,2025-02-05 23:59:55,2025-02-06 00:13:55
v_000002034,u_000849,s_00111,2025-02-05 23:56:02,2025-02-06 00:44:02
v_000002035,u_000278,s_00103,2025-01-01 18:02:01,2025-01-01 18:25:01
v_000002036,u_000134,s_00019,2025-01-04 21:06:13,2025-01-04 21:16:13
v_000002037,u_001504,s_00057,2025-01-07 22:30:09,2025-01-07 22:45:09
v_000002038,u_000758,s_00001,2025-02-16 22:41:02,2025-02-16 22:58:02
v_000002039,u_001711,s_00145,2025-02-19 23:41:23,2025-02-19 23:55:23
v_000002040,u_000316,s_00046,2025-02-22 21:21:02,2025-02-22 21:26:02
v_000002041,u_000696,s_00063,2025-02-12 19:03:35,2025-02-12 19:14:35
v_000002042,u_000265,s_00050,2025-01-02 14:13:10,2025-01-02 14:18:10
v_000002043,u_000683,s_00080,2025-01-16 19:56:49,2025-01-16 20:00:49
v_000002044,u_000258,s_00112,2025-01-27 19:17:54,2025-01-27 19:27:54
v_000002045,u_001088,s_00121,2025-02-14 18:43:01,2025-02-14 19:49:01
v_000002046,u_000444,s_00114,2025-02-04 20:50:38,2025-02-04 20:51:38
v_000002047,u_000569,s_00044,2025-02-19 19:00:29,2025-02-19 19:06:29
v_000002048,u_000973,s_00126,2025-01-10 22:56:31,2025-01-10 23:02:31
v_000002049,u_001193,s_00022,2025-02-05 15:44:29,2025-02-05 15:45:29
v_000002050,u_000241,s_00037,2025-01-19 23:28:29,2025-01-19 23:39:29
v_000002051,u_000803,s_00111,2025-01-06 23:28:05,2025-01-06 23:56:05
v_000002052,u_000699,s_00010,2025-02-12 21:43:58,2025-02-12 22:18:58
v_000002053,u_000704,s_00038,2025-02-02 21:36:27,2025-02-02 22:48:27
v_000002054,u_001532,s_00087,2025-01-26 20:30:13,2025-01-26 20:44:13
v_000002055,u_001890,s_00142,2025-01-18 19:35:34,2025-01-18 19:57:34
v_000002056,u_001245,s_00068,2025-02-10 16:15:18,2025-02-10 16:27:18
v_000002057,u_001685,s_00133,2025-02-23 23:59:33,2025-02-24 01:29:33
v_000002058,u_000015,s_00048,2025-01-21 17:12:22,2025-01-21 17:21:22
v_000002059,u_001115,s_00104,2025-02-10 21:12:47,2025-02-10 21:22:47
v_000002060,u_001740,s_00117,2025-02-15 17:35:41,2025-02-15 17:38:41
v_000002061,u_000046,s_00023,2025-01-05 15:08:05,2025-01-05 15:11:05
v_000002062,u_001540,s_00112,2025-02-04 14:07:39,2025-02-04 14:30:39
v_000002063,u_001465,s_00081,2025-02-16 21:51:58,2025-02-16 21:53:58
v_000002064,u_000754,s_00134,2025-01-03 22:17:37,2025-01-03 22:41:37
v_000002065,u_000610,s_00101,2025-01-02 22:50:07,2025-01-03 00:07:07
v_000002066,u_001996,s_00035,2025-01-22 21:43:14,2025-01-22 22:48:14
v_000002067,u_000354,s_00148,2025-01-04 18:29:42,2025-01-04 18:36:42
v_000002068,u_000209,s_00144,2025-02-17 17:55:32,2025-02-17 18:05:32
v_000002069,u_001645,s_00005,2025-01-28 21:12:50,2025-01-28 21:33:50
v_000002070,u_001969,s_00063,2025-02-15 23:56:56,2025-02-15 23:59:56
v_000002071,u_000453,s_00050,2025-01-18 18:38:28,2025-01-18 18:48:28
v_000002072,u_001532,s_00015,2025-01-04 20:50:10,2025-01-04 21:03:10
v_000002073,u_001819,s_00136,2025-02-17 23:50:56,2025-02-18 00:36:56
v_000002074,u_001626,s_00052,2025-01-27 18:23:25,2025-01-27 19:05:25
v_000002075,u_001193,s_00038,2025-02-24 17:02:53,2025-02-24 17:03:53
v_000002076,u_000969,s_00108,2025-01-07 21:43:17,2025-01-07 21:46:17
v_000002077,u_000523,s_00108,2025-01-04 22:22:05,2025-01-04 22:47:05
v_000002078,u_000998,s_00111,2025-02-09 17:12:20,2025-02-09 17:13:20
v_000002079,u_000068,s_00056,2025-02-11 23:03:57,2025-02-11 23:08:57
v_000002080,u_001522,s_00025,2025-02-12 21:41:36,2025-02-12 22:04:36
v_000002081,u_000026,s_00005,2025-01-22 18:19:29,2025-01-22 18:43:29
v_000002082,u_001990,s_00046,2025-02-26 20:32:26,2025-02-26 20:34:26
v_000002083,u_001762,s_00063,2025-01-16 12:52:08,2025-01-16 12:53:08
v_000002084,u_000124,s_00076,2025-01-24 21:17:36,2025-01-24 21:35:36
v_000002085,u_000419,s_00044,2025-01-29 18:09:19,2025-01-29 19:31:19
v_000002086,u_001404,s_00142,2025-01-26 19:45:01,2025-01-26 19:46:01
v_000002087,u_001329,s_00046,2025-02-06 23:08:50,2025-02-06 23:26:50
v_000002088,u_000689,s_00129,2025-02-09 11:26:24,2025-02-09 11:27:24
v_000002089,u_001591,s_00000,2025-02-06 18:11:38,2025-02-06 18:17:38
v_000002090,u_000765,s_00062,2025-01-18 18:06:15,2025-01-18 18:17:15
v_000002091,u_001140,s_00084,2025-01-12 20:00:21,2025-01-12 20:08:21
v_000002092,u_001021,s_00052,2025-02-28 23:33:58,2025-02-28 23:42:58
v_000002093,u_001688,s_00097,2025-02-04 19:31:19,2025-02-04 20:18:19
v_000002094,u_000977,s_00084,2025-01-01 21:11:40,2025-01-01 21:21:40
v_000002095,u_001414,s_00142,2025-01-01 13:28:56,2025-01-01 13:30:56
v_000002096,u_000510,s_00075,2025-02-26 22:33:34,2025-02-26 22:43:34
v_000002097,u_001454,s_00063,2025-02-17 23:31:31,2025-02-18 00:00:31
v_000002098,u_001900,s_00049,2025-02-18 19:58:13,2025-02-18 20:07:13
v_000002099,u_000070,s_00035,2025-01-04 23:17:55,2025-01-04 23:22:55
v_000002100,u_000603,s_00031,2025-02-15 17:30:12,2025-02-15 17:35:12
v_000002101,u_000533,s_00137,2025-02-05 12:34:44,2025-02-05 13:07:44
v_000002102,u_001972,s_00032,2025-02-24 21:47:19,2025-02-24 22:03:19
v_000002103,u_001406,s_00116,2025-01-13 19:23:41,2025-01-13 20:04:41
v_000002104,u_001483,s_00044,2025-02-12 21:42:38,2025-02-12 23:14:38
v_000002105,u_000965,s_00120,2025-02-03 20:28:06,2025-02-03 20:37:06
v_000002106,u_000637,s_00045,2025-02-09 21:48:51,2025-02-09 21:55:51
v_000002107,u_000833,s_00061,2025-01-29 14:33:36,2025-01-29 15:22:36
v_000002108,u_000755,s_00042,2025-02-11 20:09:01,2025-02-11 20:34:01
v_000002109,u_001290,s_00041,2025-01-04 19:33:21,2025-01-04 19:40:21
v_000002110,u_000436,s_00074,2025-01-16 23:37:55,2025-01-17 00:12:55
v_000002111,u_000575,s_00057,2025-01-17 16:00:38,2025-01-17 16:30:38
v_000002112,u_000640,s_00013,2025-02-16 23:48:45,2025-02-16 23:50:45
v_000002113,u_001106,s_00092,2025-02-22 17:41:41,2025-02-22 17:58:41
v_000002114,u_000418,s_00006,2025-01-02 19:17:45,2025-01-02 20:00:45
v_000002115,u_001086,s_00063,2025-01-22 23:09:43,2025-01-22 23:35:43
v_000002116,u_000618,s_00052,2025-01-12 23:35:28,2025-01-12 23:45:28
v_000002117,u_001847,s_00068,2025-01-11 23:16:33,2025-01-12 00:06:33
v_000002118,u_000972,s_00055,2025-02-04 23:58:42,2025-02-05 00:09:42
v_000002119,u_001702,s_00109,2025-02-25 17:50:40,2025-02-25 18:06:40
v_000002120,u_001383,s_00081,2025-02-17 20:40:03,2025-02-17 21:16:03
v_000002121,u_001451,s_00035,2025-02-09 16:12:02,2025-02-09 16:34:02
v_000002122,u_000928,s_00144,2025-01-31 18:16:58,2025-01-31 18:32:58
v_000002123,u_001770,s_00037,2025-01-06 22:03:02,2025-01-06 22:24:02
v_000002124,u_001076,s_00117,2025-01-08 12:57:26,2025-01-08 13:22:26
v_000002125,u_001902,s_00081,2025-03-01 23:23:24,2025-03-01 23:38:24
v_000002126,u_001636,s_00130,2025-01-22 20:45:19,2025-01-22 20:50:19
v_000002127,u_001791,s_00142,2025-02-18 18:50:52,2025-02-18 18:51:52
v_000002128,u_000205,s_00011,2025-01-23 17:29:04,2025-01-23 17:30:04
v_000002129,u_001255,s_00108,2025-02-16 23:43:36,2025-02-17 00:53:36
v_000002130,u_001050,s_00026,2025-01-08 16:59:32,2025-01-08 17:29:32
v_000002131,u_000372,s_00083,2025-01-18 23:39:19,2025-01-19 00:28:19
v_000002132,u_000502,s_00072,2025-01-12 23:00:04,2025-01-12 23:25:04
v_000002133,u_000403,s_00000,2025-02-23 21:56:05,2025-02-23 22:55:05
v_000002134,u_001363,s_00112,2025-01-08 19:01:37,2025-01-08 21:58:37
v_000002135,u_000098,s_00115,2025-02-26 18:56:53,2025-02-26 19:08:53
v_000002136,u_000643,s_00084,2025-02-01 20:33:25,2025-02-01 20:54:25
v_000002137,u_001727,s_00029,2025-02-17 16:47:34,2025-02-17 17:36:34
v_000002138,u_001428,s_00003,2025-01-01 16:30:03,2025-01-01 17:10:03
v_000002139,u_000266,s_00001,2025-02-02 23:32:27,2025-02-02 23:39:27
v_000002140,u_000073,s_00093,2025-02-27 16:56:05,2025-02-27 18:26:05
v_000002141,u_000440,s_00112,2025-01-25 17:37:31,2025-01-25 18:48:31
v_000002142,u_001184,s_00032,2025-02-22 23:50:06,2025-02-22 23:57:06
v_000002143,u_001973,s_00060,2025-01-29 19:01:54,2025-01-29 19:12:54
v_000002144,u_001356,s_00026,2025-02-15 23:35:15,2025-02-15 23:41:15
v_000002145,u_001129,s_00028,2025-01-14 23:06:06,2025-01-14 23:15:06
v_000002146,u_001604,s_00045,2025-02-08 23:33:26,2025-02-09 00:02:26
v_000002147,u_001120,s_00049,2025-02-03 16:00:46,2025-02-03 16:11:46
v_000002148,u_001141,s_00001,2025-01-23 22:57:24,2025-01-23 23:14:24
v_000002149,u_000687,s_00083,2025-01-05 15:32:47,2025-01-05 16:08:47
v_000002150,u_000981,s_00065,2025-02-20 15:11:26,2025-02-20 16:09:26
v_000002151,u_001129,s_00022,2025-02-04 18:29:40,2025-02-04 18:30:40
v_000002152,u_001069,s_00041,2025-01-16 20:57:04,2025-01-16 21:32:04
v_000002153,u_000268,s_00130,2025-01-27 16:59:02,2025-01-27 17:16:02
v_000002154,u_001628,s_00051,2025-02-02 15:38:29,2025-02-02 15:53:29
v_000002155,u_001685,s_00133,2025-01-15 22:42:26,2025-01-15 22:53:26
v_000002156,u_000424,s_00100,2025-01-06 19:21:03,2025-01-06 19:34:03
v_000002157,u_001870,s_00015,2025-01-22 17:55:26,2025-01-22 18:27:26
v_000002158,u_000016,s_00140,2025-01-26 22:41:37,2025-01-26 22:53:37
v_000002159,u_001220,s_00002,2025-02-27 21:26:01,2025-02-27 21:32:01
v_000002160,u_000881,s_00000,2025-02-16 15:39:42,2025-02-16 15:54:42
v_000002161,u_001059,s_00001,2025-02-27 22:32:01,2025-02-27 23:20:01
v_000002162,u_000310,s_00076,2025-01-12 20:58:45,2025-01-12 21:29:45
v_000002163,u_001805,s_00017,2025-01-09 17:38:04,2025-01-09 18:36:04
v_000002164,u_001527,s_00109,2025-02-04 22:02:40,2025-02-04 22:52:40
v_000002165,u_000964,s_00056,2025-01-31 19:42:09,2025-01-31 19:43:09
v_000002166,u_000102,s_00044,2025-02-01 17:34:35,2025-02-01 18:17:35
v_000002167,u_000887,s_00091,2025-02-12 23:31:03,2025-02-12 23:39:03
v_000002168,u_001073,s_00030,2025-01-09 18:06:44,2025-01-09 18:25:44
v_000002169,u_000181,s_00097,2025-01-30 20:06:51,2025-01-30 20:25:51
v_000002170,u_001730,s_00128,2025-01-04 23:10:30,2025-01-04 23:57:30
v_000002171,u_000747,s_00039,2025-02-25 21:35:06,2025-02-25 21:37:06
v_000002172,u_001617,s_00098,2025-02-28 15:18:24,2025-02-28 15:20:24
v_000002173,u_000603,s_00027,2025-02-23 19:53:22,2025-02-23 19:54:22
v_000002174,u_001834,s_00010,2025-01-13 21:19:32,2025-01-13 21:20:32
v_000002175,u_001987,s_00067,2025-01-10 19:15:45,2025-01-10 19:23:45
v_000002176,u_000163,s_00053,2025-02-19 23:07:05,2025-02-19 23:39:05
v_000002177,u_000717,s_00110,2025-02-03 21:20:55,2025-02-03 21:52:55
v_000002178,u_001491,s_00091,2025-02-19 19:17:00,2025-02-19 19:23:00
v_000002179,u_000523,s_00102,2025-01-26 20:03:22,2025-01-26 20:04:22
v_000002180,u_000966,s_00126,2025-01-28 19:48:11,2025-01-28 19:49:11
v_000002181,u_001837,s_00039,2025-01-08 23:48:42,2025-01-08 23:53:42
v_000002182,u_001036,s_00098,2025-02-06 17:48:06,2025-02-06 18:37:06
v_000002183,u_000672,s_00029,2025-02-12 19:01:32,2025-02-12 19:55:32
v_000002184,u_000379,s_00023,2025-02-10 23:01:29,2025-02-10 23:04:29
v_000002185,u_001119,s_00100,2025-02-24 23:22:12,2025-02-24 23:49:12
v_000002186,u_001436,s_00136,2025-02-26 19:29:26,2025-02-26 19:30:26
v_000002187,u_000252,s_00128,2025-02-15 16:25:25,2025-02-15 16:40:25
v_000002188,u_000738,s_00071,2025-02-08 23:05:36,2025-02-09 00:11:36
v_000002189,u_001149,s_00005,2025-02-22 14:03:57,2025-02-22 14:17:57
v_000002190,u_000471,s_00015,2025-02-12 21:39:57,2025-02-12 21:42:57
v_000002191,u_000453,s_00037,2025-02-11 23:42:00,2025-02-11 23:59:00
v_000002192,u_001264,s_00060,2025-02-26 16:53:28,2025-02-26 17:14:28
v_000002193,u_001987,s_00100,2025-01-13 22:30:50,2025-01-13 22:45:50
v_000002194,u_001324,s_00032,2025-02-25 21:02:08,2025-02-25 21:03:08
v_000002195,u_001241,s_00026,2025-01-10 21:21:42,2025-01-10 22:09:42
v_000002196,u_000780,s_00109,2025-01-16 22:47:07,2025-01-17 00:06:07
v_000002197,u_001904,s_00078,2025-01-04 22:08:31,2025-01-04 22:13:31
v_000002198,u_001739,s_00142,2025-01-18 19:08:26,2025-01-18 19:15:26
v_000002199,u_000468,s_00120,2025-01-29 23:15:43,2025-01-29 23:17:43
v_000002200,u_000554,s_00141,2025-02-20 20:44:53,2025-02-20 21:00:53
v_000002201,u_000311,s_00099,2025-03-01 18:40:18,2025-03-01 18:56:18
v_000002202,u_001482,s_00110,2025-02-12 23:20:14,2025-02-12 23:33:14
v_000002203,u_000056,s_00038,2025-01-22 23:04:10,2025-01-22 23:31:10
v_000002204,u_000380,s_00129,2025-01-06 19:53:32,2025-01-06 19:58:32
v_000002205,u_000887,s_00096,2025-01-09 17:14:30,2025-01-09 17:57:30
v_000002206,u_000713,s_00077,2025-02-23 18:25:40,2025-02-23 18:48:40
v_000002207,u_001427,s_00120,2025-02-11 23:43:40,2025-02-11 23:49:40
v_000002208,u_001607,s_00122,2025-02-11 23:51:20,2025-02-11 23:59:20
v_000002209,u_001038,s_00057,2025-01-15 20:26:26,2025-01-15 20:41:26
v_000002210,u_000643,s_00084,2025-01-23 22:05:25,2025-01-23 22:15:25
v_000002211,u_000280,s_00042,2025-02-28 14:56:57,2025-02-28 15:01:57
v_000002212,u_001679,s_00003,2025-02-01 15:14:10,2025-02-01 15:21:10
v_000002213,u_001249,s_00103,2025-01-03 19:23:41,2025-01-03 19:37:41
v_000002214,u_001932,s_00130,2025-02-11 23:58:57,2025-02-12 00:02:57
v_000002215,u_000090,s_00066,2025-02-21 23:07:45,2025-02-21 23:18:45
v_000002216,u_001339,s_00015,2025-01-27 23:02:14,2025-01-27 23:30:14
v_000002217,u_000936,s_00006,2025-02-16 23:57:58,2025-02-17 00:13:58
v_000002218,u_000665,s_00135,2025-01-31 22:21:34,2025-01-31 22:46:34
v_000002219,u_001470,s_00104,2025-02-24 17:22:10,2025-02-24 17:45:10
v_000002220,u_000603,s_00040,2025-02-14 17:01:01,2025-02-14 17:02:01
v_000002221,u_000079,s_00137,2025-01-08 22:28:52,2025-01-08 22:29:52
v_000002222,u_000825,s_00045,2025-01-15 20:21:36,2025-01-15 20:25:36
v_000002223,u_001562,s_00072,2025-02-14 23:50:39,2025-02-15 00:29:39
v_000002224,u_000206,s_00003,2025-01-16 17:42:45,2025-01-16 18:10:45
v_000002225,u_001774,s_00122,2025-02-22 19:35:03,2025-02-22 19:41:03
v_000002226,u_001191,s_00113,2025-01-13 23:42:13,2025-01-13 23:50:13
v_000002227,u_000488,s_00080,2025-01-06 20:40:48,2025-01-06 21:13:48
v_000002228,u_000766,s_00063,2025-01-13 23:58:36,2025-01-14 00:05:36
v_000002229,u_000951,s_00111,2025-01-02 19:20:38,2025-01-02 21:22:38
v_000002230,u_000956,s_00032,2025-01-13 11:28:33,2025-01-13 11:56:33
v_000002231,u_000381,s_00038,2025-02-28 17:00:22,2025-02-28 17:13:22
v_000002232,u_001532,s_00087,2025-01-18 23:49:54,2025-01-19 00:32:54
v_000002233,u_000513,s_00077,2025-01-05 21:12:04,2025-01-05 21:15:04
v_000002234,u_001146,s_00090,2025-01-15 22:32:01,2025-01-15 23:23:01
v_000002235,u_001770,s_00037,2025-01-17 16:08:41,2025-01-17 16:25:41
v_000002236,u_001377,s_00107,2025-02-24 20:50:39,2025-02-24 20:54:39
v_000002237,u_000226,s_00035,2025-01-19 23:06:52,2025-01-19 23:10:52
v_000002238,u_001040,s_00084,2025-01-02 16:17:03,2025-01-02 16:51:03
v_000002239,u_001671,s_00008,2025-02-21 21:30:34,2025-02-21 21:49:34
v_000002240,u_001774,s_00122,2025-01-02 23:20:04,2025-01-02 23:27:04
v_000002241,u_001974,s_00116,2025-01-02 20:23:11,2025-01-02 20:24:11
v_000002242,u_000301,s_00092,2025-02-17 22:46:23,2025-02-17 23:13:23
v_000002243,u_000633,s_00065,2025-01-23 21:05:58,2025-01-23 21:26:58
v_000002244,u_000919,s_00145,2025-01-03 21:58:50,2025-01-03 22:00:50
v_000002245,u_000423,s_00109,2025-02-08 19:41:09,2025-02-08 19:52:09
v_000002246,u_001425,s_00053,2025-01-23 20:34:35,2025-01-23 21:23:35
v_000002247,u_000241,s_00037,2025-01-11 17:54:53,2025-01-11 19:00:53
v_000002248,u_001619,s_00094,2025-01-29 17:01:38,2025-01-29 17:11:38
v_000002249,u_000202,s_00095,2025-01-02 23:15:42,2025-01-02 23:30:42
v_000002250,u_001563,s_00069,2025-01-16 22:47:23,2025-01-16 23:16:23
v_000002251,u_000858,s_00131,2025-02-09 16:21:22,2025-02-09 16:28:22
v_000002252,u_000588,s_00133,2025-02-22 23:47:10,2025-02-23 01:00:10
v_000002253,u_001983,s_00055,2025-02-04 14:19:46,2025-02-04 14:34:46
v_000002254,u_001422,s_00043,2025-01-12 23:39:44,2025-01-12 23:45:44
v_000002255,u_001898,s_00086,2025-01-26 14:41:26,2025-01-26 14:44:26
v_000002256,u_001328,s_00033,2025-01-04 18:02:38,2025-01-04 18:03:38
v_000002257,u_001831,s_00115,2025-02-12 20:23:17,2025-02-12 21:10:17
v_000002258,u_001737,s_00039,2025-01-09 12:02:57,2025-01-09 12:04:57
v_000002259,u_000448,s_00015,2025-01-18 18:11:24,2025-01-18 18:40:24
v_000002260,u_000560,s_00146,2025-01-24 18:28:49,2025-01-24 18:41:49
v_000002261,u_000751,s_00008,2025-02-28 19:12:25,2025-02-28 19:23:25
v_000002262,u_000252,s_00130,2025-01-31 22:21:22,2025-01-31 22:57:22
v_000002263,u_000198,s_00090,2025-02-22 23:31:51,2025-02-23 00:12:51
v_000002264,u_001377,s_00107,2025-02-21 18:03:10,2025-02-21 18:06:10
v_000002265,u_000378,s_00142,2025-02-17 15:23:10,2025-02-17 15:48:10
v_000002266,u_000389,s_00100,2025-01-06 21:09:13,2025-01-06 21:24:13
v_000002267,u_000746,s_00037,2025-01-18 23:50:57,2025-01-18 23:59:57
v_000002268,u_001338,s_00141,2025-01-02 15:48:21,2025-01-02 15:58:21
v_000002269,u_001258,s_00052,2025-02-12 15:25:35,2025-02-12 15:27:35
v_000002270,u_001511,s_00112,2025-01-16 22:47:52,2025-01-16 22:57:52
v_000002271,u_000886,s_00061,2025-02-27 11:49:20,2025-02-27 11:50:20
v_000002272,u_000765,s_00076,2025-02-22 21:18:39,2025-02-22 21:22:39
v_000002273,u_001726,s_00040,2025-01-18 14:18:11,2025-01-18 15:15:11
v_000002274,u_001270,s_00046,2025-01-13 14:18:48,2025-01-13 14:33:48
v_000002275,u_000303,s_00038,2025-02-21 17:37:48,2025-02-21 18:05:48
v_000002276,u_000982,s_00138,2025-01-22 18:03:22,2025-01-22 19:10:22
v_000002277,u_001700,s_00118,2025-01-15 17:50:08,2025-01-15 18:39:08
v_000002278,u_001280,s_00076,2025-02-10 21:23:11,2025-02-10 21:28:11
v_000002279,u_000868,s_00114,2025-02-09 23:06:56,2025-02-09 23:12:56
v_000002280,u_001659,s_00131,2025-01-10 11:30:41,2025-01-10 11:31:41
v_000002281,u_000530,s_00012,2025-01-18 13:06:23,2025-01-18 13:30:23
v_000002282,u_000150,s_00113,2025-01-06 20:11:19,2025-01-06 21:01:19
v_000002283,u_000279,s_00144,2025-02-02 22:26:27,2025-02-02 23:01:27
v_000002284,u_000915,s_00054,2025-02-15 19:18:38,2025-02-15 19:40:38
v_000002285,u_001263,s_00045,2025-02-09 22:57:52,2025-02-09 23:05:52
v_000002286,u_000586,s_00146,2025-01-24 17:32:01,2025-01-24 18:03:01
v_000002287,u_000699,s_00010,2025-01-25 11:10:29,2025-01-25 11:48:29
v_000002288,u_000315,s_00016,2025-01-13 19:08:24,2025-01-13 19:41:24
v_000002289,u_001094,s_00037,2025-01-04 18:45:00,2025-01-04 19:00:00
v_000002290,u_000792,s_00007,2025-02-05 19:31:25,2025-02-05 19:47:25
v_000002291,u_000526,s_00061,2025-01-28 23:15:12,2025-01-28 23:22:12
v_000002292,u_001924,s_00041,2025-02-14 22:23:30,2025-02-14 22:24:30
v_000002293,u_001978,s_00112,2025-01-12 21:24:48,2025-01-12 22:13:48
v_000002294,u_000861,s_00005,2025-02-23 17:56:16,2025-02-23 18:15:16
v_000002295,u_000471,s_00005,2025-01-20 15:05:57,2025-01-20 15:06:57
v_000002296,u_001253,s_00130,2025-02-03 23:23:02,2025-02-04 00:23:02
v_000002297,u_000351,s_00085,2025-01-25 21:51:07,2025-01-25 22:15:07
v_000002298,u_001871,s_00112,2025-01-31 23:04:48,2025-01-31 23:30:48
v_000002299,u_001819,s_00076,2025-02-02 21:12:31,2025-02-02 21:21:31
v_000002300,u_000321,s_00003,2025-02-15 17:23:08,2025-02-15 18:11:08
v_000002301,u_001283,s_00102,2025-01-25 20:27:23,2025-01-25 20:39:23
v_000002302,u_001645,s_00084,2025-01-01 17:11:03,2025-01-01 17:35:03
v_000002303,u_001967,s_00106,2025-02-05 16:10:34,2025-02-05 16:26:34
v_000002304,u_000169,s_00110,2025-02-24 23:11:34,2025-02-24 23:36:34
v_000002305,u_000176,s_00068,2025-01-24 11:30:35,2025-01-24 11:57:35
v_000002306,u_000282,s_00040,2025-01-17 23:57:36,2025-01-18 00:07:36
v_000002307,u_001546,s_00104,2025-01-25 18:07:43,2025-01-25 18:51:43
v_000002308,u_001793,s_00029,2025-02-12 15:24:39,2025-02-12 15:49:39
v_000002309,u_000351,s_00060,2025-01-05 17:32:22,2025-01-05 18:01:22
v_000002310,u_000108,s_00068,2025-03-01 23:36:01,2025-03-01 23:37:01
v_000002311,u_001299,s_00110,2025-02-27 23:29:40,2025-02-27 23:39:40
v_000002312,u_000478,s_00072,2025-01-27 23:24:09,2025-01-27 23:28:09
v_000002313,u_001443,s_00020,2025-02-01 17:10:43,2025-02-01 17:11:43
v_000002314,u_001733,s_00125,2025-02-19 14:25:36,2025-02-19 14:37:36
v_000002315,u_000511,s_00141,2025-01-16 23:53:13,2025-01-16 23:54:13
v_000002316,u_000583,s_00005,2025-02-20 19:17:30,2025-02-20 19:35:30
v_000002317,u_000611,s_00085,2025-03-01 21:59:44,2025-03-01 22:25:44
v_000002318,u_000918,s_00132,2025-02-12 23:32:21,2025-02-13 00:23:21
v_000002319,u_000036,s_00062,2025-02-26 15:44:46,2025-02-26 15:57:46
v_000002320,u_001702,s_00055,2025-01-31 17:01:03,2025-01-31 17:09:03
v_000002321,u_000915,s_00054,2025-01-10 13:12:21,2025-01-10 13:28:21
v_000002322,u_001816,s_00038,2025-02-26 20:59:32,2025-02-26 21:44:32
v_000002323,u_000242,s_00006,2025-02-02 16:20:02,2025-02-02 17:01:02
v_000002324,u_000303,s_00093,2025-01-09 21:51:40,2025-01-09 21:56:40
v_000002325,u_001469,s_00047,2025-02-01 18:53:15,2025-02-01 19:05:15
v_000002326,u_000615,s_00084,2025-01-24 16:06:14,2025-01-24 16:07:14
v_000002327,u_001052,s_00021,2025-02-09 08:32:45,2025-02-09 08:36:45
v_000002328,u_001359,s_00051,2025-01-02 17:42:43,2025-01-02 18:03:43
v_000002329,u_001498,s_00054,2025-01-16 22:03:33,2025-01-16 22:11:33
v_000002330,u_001076,s_00124,2025-01-24 23:03:38,2025-01-24 23:08:38
v_000002331,u_001137,s_00115,2025-02-28 23:02:04,2025-02-28 23:10:04
v_000002332,u_000657,s_00015,2025-01-10 14:23:49,2025-01-10 14:38:49
v_000002333,u_000097,s_00006,2025-01-19 20:48:40,2025-01-19 21:14:40
v_000002334,u_000244,s_00013,2025-01-24 20:12:52,2025-01-24 20:18:52
v_000002335,u_001100,s_00061,2025-02-02 23:32:16,2025-02-02 23:45:16
v_000002336,u_001676,s_00129,2025-02-13 18:58:19,2025-02-13 19:26:19
v_000002337,u_000772,s_00110,2025-02-11 22:58:28,2025-02-11 23:36:28
v_000002338,u_001056,s_00132,2025-01-03 18:26:23,2025-01-03 19:07:23
v_000002339,u_000921,s_00105,2025-01-05 23:01:28,2025-01-05 23:02:28
v_000002340,u_000822,s_00056,2025-02-25 22:54:32,2025-02-25 22:59:32
v_000002341,u_000852,s_00032,2025-01-25 23:21:16,2025-01-26 00:12:16
v_000002342,u_001564,s_00083,2025-01-03 16:37:36,2025-01-03 17:38:36
v_000002343,u_000074,s_00047,2025-02-23 21:55:14,2025-02-23 22:08:14
v_000002344,u_000103,s_00139,2025-01-15 23:35:29,2025-01-15 23:46:29
v_000002345,u_001378,s_00007,2025-02-20 15:39:20,2025-02-20 15:46:20
v_000002346,u_000934,s_00031,2025-02-15 18:28:56,2025-02-15 18:50:56
v_000002347,u_001475,s_00039,2025-01-18 13:09:01,2025-01-18 13:12:01
v_000002348,u_000987,s_00024,2025-01-13 14:29:19,2025-01-13 14:32:19
v_000002349,u_001445,s_00105,2025-02-05 18:47:24,2025-02-05 19:22:24
v_000002350,u_000411,s_00055,2025-01-26 20:33:23,2025-01-26 20:46:23
v_000002351,u_000933,s_00133,2025-01-06 23:41:04,2025-01-07 00:06:04
v_000002352,u_001796,s_00086,2025-02-16 15:17:15,2025-02-16 16:04:15
v_000002353,u_001465,s_00081,2025-02-17 16:14:25,2025-02-17 16:23:25
v_000002354,u_001268,s_00128,2025-02-06 18:13:22,2025-02-06 18:22:22
v_000002355,u_000136,s_00140,2025-01-04 18:30:22,2025-01-04 19:12:22
v_000002356,u_001744,s_00051,2025-02-04 14:42:24,2025-02-04 15:07:24
v_000002357,u_001523,s_00088,2025-02-04 12:52:37,2025-02-04 13:31:37
v_000002358,u_001334,s_00044,2025-01-09 19:42:25,2025-01-09 21:43:25
v_000002359,u_000232,s_00063,2025-02-09 20:46:27,2025-02-09 21:04:27
v_000002360,u_000924,s_00045,2025-01-05 18:39:05,2025-01-05 18:45:05
v_000002361,u_001669,s_00133,2025-01-21 14:41:51,2025-01-21 15:12:51
v_000002362,u_000064,s_00096,2025-01-07 23:33:58,2025-01-07 23:50:58
v_000002363,u_000778,s_00139,2025-01-06 14:37:36,2025-01-06 14:57:36
v_000002364,u_001708,s_00087,2025-01-12 21:16:41,2025-01-12 21:24:41
v_000002365,u_000990,s_00120,2025-02-10 13:05:23,2025-02-10 13:20:23
v_000002366,u_000671,s_00017,2025-02-02 19:10:04,2025-02-02 19:28:04
v_000002367,u_000472,s_00131,2025-01-04 16:02:02,2025-01-04 16:36:02
v_000002368,u_000428,s_00128,2025-02-02 20:52:39,2025-02-02 21:11:39
v_000002369,u_000937,s_00110,2025-01-09 16:49:33,2025-01-09 17:08:33
v_000002370,u_001595,s_00058,2025-02-13 16:09:47,2025-02-13 16:45:47
v_000002371,u_000953,s_00093,2025-01-10 18:59:56,2025-01-10 19:15:56
v_000002372,u_001180,s_00051,2025-01-01 23:50:18,2025-01-02 00:13:18
v_000002373,u_001479,s_00090,2025-02-24 16:36:12,2025-02-24 16:51:12
v_000002374,u_001262,s_00031,2025-02-03 17:23:03,2025-02-03 17:56:03
v_000002375,u_001290,s_00058,2025-02-14 22:16:33,2025-02-14 22:24:33
v_000002376,u_001674,s_00129,2025-02-27 14:54:18,2025-02-27 14:56:18
v_000002377,u_000581,s_00112,2025-02-25 20:52:05,2025-02-25 21:02:05
v_000002378,u_001421,s_00078,2025-02-24 23:16:35,2025-02-24 23:19:35
v_000002379,u_001460,s_00023,2025-02-28 22:31:32,2025-02-28 22:32:32
v_000002380,u_000368,s_00136,2025-01-25 20:02:21,2025-01-25 21:02:21
v_000002381,u_000828,s_00074,2025-01-07 17:09:11,2025-01-07 17:10:11
v_000002382,u_000416,s_00051,2025-02-25 20:28:25,2025-02-25 20:31:25
v_000002383,u_001376,s_00098,2025-01-10 23:45:43,2025-01-10 23:52:43
v_000002384,u_000026,s_00011,2025-02-11 20:30:43,2025-02-11 21:26:43
v_000002385,u_000655,s_00093,2025-01-02 23:26:40,2025-01-02 23:27:40
v_000002386,u_000366,s_00076,2025-01-09 23:29:32,2025-01-09 23:51:32
v_000002387,u_000977,s_00118,2025-02-15 16:57:16,2025-02-15 17:14:16
v_000002388,u_000002,s_00087,2025-02-10 23:01:30,2025-02-10 23:13:30
v_000002389,u_001124,s_00008,2025-02-12 23:13:43,2025-02-12 23:18:43
v_000002390,u_001774,s_00087,2025-02-16 23:36:14,2025-02-16 23:42:14
v_000002391,u_000259,s_00114,2025-02-14 20:12:27,2025-02-14 21:07:27
v_000002392,u_001545,s_00106,2025-02-14 23:44:50,2025-02-15 00:12:50
v_000002393,u_000750,s_00082,2025-01-28 18:34:58,2025-01-28 18:44:58
v_000002394,u_001628,s_00054,2025-01-10 23:01:31,2025-01-10 23:33:31
v_000002395,u_000155,s_00147,2025-02-09 20:11:54,2025-02-09 20:17:54
v_000002396,u_000484,s_00093,2025-01-12 23:30:43,2025-01-12 23:34:43
v_000002397,u_001763,s_00101,2025-01-03 23:58:50,2025-01-04 00:08:50
v_000002398,u_000738,s_00071,2025-01-03 22:00:37,2025-01-03 22:14:37
v_000002399,u_000030,s_00050,2025-01-31 23:54:22,2025-02-01 00:11:22
v_000002400,u_001978,s_00121,2025-01-27 16:04:04,2025-01-27 16:26:04
v_000002401,u_000323,s_00056,2025-01-17 23:32:10,2025-01-17 23:34:10
v_000002402,u_000232,s_00063,2025-02-10 21:28:15,2025-02-10 22:17:15
v_000002403,u_000210,s_00125,2025-01-03 16:26:02,2025-01-03 16:43:02
v_000002404,u_001300,s_00061,2025-02-02 23:23:11,2025-02-02 23:58:11
v_000002405,u_000652,s_00115,2025-01-05 23:50:33,2025-01-06 00:00:33
v_000002406,u_001636,s_00097,2025-01-28 15:01:19,2025-01-28 15:19:19
v_000002407,u_001071,s_00122,2025-01-06 22:43:15,2025-01-06 22:53:15
v_000002408,u_000581,s_00112,2025-02-09 19:01:13,2025-02-09 19:18:13
v_000002409,u_001855,s_00090,2025-02-27 18:00:32,2025-02-27 18:23:32
v_000002410,u_000110,s_00083,2025-01-11 23:04:08,2025-01-11 23:51:08
v_000002411,u_001398,s_00116,2025-02-12 18:50:57,2025-02-12 19:49:57
v_000002412,u_001737,s_00019,2025-01-19 14:13:53,2025-01-19 15:17:53
v_000002413,u_000701,s_00140,2025-02-17 22:30:30,2025-02-17 22:39:30
v_000002414,u_000216,s_00105,2025-01-15 14:34:17,2025-01-15 15:08:17
v_000002415,u_001418,s_00012,2025-01-01 23:07:57,2025-01-01 23:40:57
v_000002416,u_000741,s_00092,2025-01-24 22:42:18,2025-01-24 22:56:18
v_000002417,u_000040,s_00131,2025-02-06 11:28:35,2025-02-06 11:41:35
v_000002418,u_001767,s_00090,2025-02-28 21:39:02,2025-02-28 22:02:02
v_000002419,u_000217,s_00083,2025-01-19 22:52:57,2025-01-19 22:55:57
v_000002420,u_001314,s_00004,2025-02-24 13:02:02,2025-02-24 13:03:02
v_000002421,u_001239,s_00004,2025-02-19 20:42:11,2025-02-19 21:29:11
v_000002422,u_001224,s_00000,2025-02-18 20:12:01,2025-02-18 21:45:01
v_000002423,u_000021,s_00110,2025-01-03 13:25:30,2025-01-03 13:29:30
v_000002424,u_001622,s_00006,2025-01-05 23:50:30,2025-01-05 23:55:30
v_000002425,u_001573,s_00055,2025-02-24 19:51:48,2025-02-24 21:00:48
v_000002426,u_000072,s_00002,2025-02-12 23:30:39,2025-02-12 23:40:39
v_000002427,u_001311,s_00038,2025-01-24 23:03:21,2025-01-24 23:56:21
v_000002428,u_001083,s_00144,2025-01-29 17:25:24,2025-01-29 17:59:24
v_000002429,u_001807,s_00001,2025-01-27 23:45:18,2025-01-28 00:31:18
v_000002430,u_000273,s_00009,2025-02-02 23:41:23,2025-02-02 23:42:23
v_000002431,u_001679,s_00003,2025-01-16 18:38:20,2025-01-16 19:44:20
v_000002432,u_000180,s_00134,2025-01-13 13:56:18,2025-01-13 14:03:18
v_000002433,u_001007,s_00021,2025-01-02 23:50:51,2025-01-03 00:16:51
v_000002434,u_001818,s_00107,2025-01-30 19:21:06,2025-01-30 19:50:06
v_000002435,u_000024,s_00043,2025-01-20 23:42:30,2025-01-20 23:43:30
v_000002436,u_000642,s_00081,2025-02-13 20:12:53,2025-02-13 21:02:53
v_000002437,u_000485,s_00060,2025-02-14 21:34:41,2025-02-14 21:53:41
v_000002438,u_001307,s_00064,2025-02-27 21:22:41,2025-02-27 21:27:41
v_000002439,u_000506,s_00010,2025-01-02 21:01:55,2025-01-02 22:11:55
v_000002440,u_000542,s_00140,2025-01-14 16:32:23,2025-01-14 16:46:23
v_000002441,u_001714,s_00113,2025-01-21 12:08:05,2025-01-21 12:09:05
v_000002442,u_000152,s_00149,2025-02-18 16:55:36,2025-02-18 17:00:36
v_000002443,u_000033,s_00148,2025-01-10 20:37:53,2025-01-10 20:38:53
v_000002444,u_001595,s_00058,2025-02-16 13:02:02,2025-02-16 14:04:02
v_000002445,u_000503,s_00057,2025-01-29 22:58:01,2025-01-29 23:17:01
v_000002446,u_000450,s_00074,2025-01-02 16:44:35,2025-01-02 16:57:35
v_000002447,u_001199,s_00042,2025-02-10 13:03:13,2025-02-10 13:22:13
v_000002448,u_001893,s_00147,2025-02-01 14:57:09,2025-02-01 15:25:09
v_000002449,u_000617,s_00127,2025-02-15 16:25:49,2025-02-15 16:49:49
v_000002450,u_000124,s_00076,2025-01-30 17:07:38,2025-01-30 17:08:38
v_000002451,u_001624,s_00062,2025-02-21 21:10:24,2025-02-21 21:21:24
v_000002452,u_001664,s_00034,2025-02-18 23:59:09,2025-02-19 00:29:09
v_000002453,u_001888,s_00055,2025-02-09 17:58:56,2025-02-09 18:24:56
v_000002454,u_001584,s_00000,2025-01-01 19:52:42,2025-01-01 20:07:42
v_000002455,u_000828,s_00061,2025-02-13 23:31:17,2025-02-13 23:34:17
v_000002456,u_001100,s_00061,2025-01-01 14:36:14,2025-01-01 15:08:14
v_000002457,u_000207,s_00029,2025-01-31 18:56:20,2025-01-31 19:09:20
v_000002458,u_000867,s_00022,2025-02-19 18:25:29,2025-02-19 18:28:29
v_000002459,u_000077,s_00135,2025-01-08 22:03:01,2025-01-08 22:58:01
v_000002460,u_000167,s_00064,2025-02-06 17:33:00,2025-02-06 17:36:00
v_000002461,u_001845,s_00111,2025-02-16 21:33:31,2025-02-16 21:39:31
v_000002462,u_000105,s_00084,2025-02-24 17:17:55,2025-02-24 17:22:55
v_000002463,u_001431,s_00010,2025-02-04 23:14:52,2025-02-04 23:17:52
v_000002464,u_001411,s_00087,2025-02-19 19:24:31,2025-02-19 19:36:31
v_000002465,u_000900,s_00096,2025-02-26 20:24:44,2025-02-26 20:26:44
v_000002466,u_000247,s_00125,2025-02-28 18:50:50,2025-02-28 19:24:50
v_000002467,u_001306,s_00116,2025-02-14 23:58:01,2025-02-15 00:06:01
v_000002468,u_001497,s_00065,2025-02-12 14:53:54,2025-02-12 14:55:54
v_000002469,u_001189,s_00084,2025-01-26 17:32:28,2025-01-26 17:43:28
v_000002470,u_001702,s_00084,2025-02-14 22:58:34,2025-02-14 23:22:34
v_000002471,u_001303,s_00108,2025-01-08 23:37:29,2025-01-09 00:33:29
v_000002472,u_000106,s_00124,2025-01-17 21:10:37,2025-01-17 21:40:37
v_000002473,u_000357,s_00108,2025-01-10 17:22:10,2025-01-10 17:26:10
v_000002474,u_000276,s_00012,2025-02-05 23:27:30,2025-02-05 23:28:30
v_000002475,u_000388,s_00033,2025-01-29 15:13:08,2025-01-29 15:14:08
v_000002476,u_000673,s_00102,2025-02-26 12:42:52,2025-02-26 13:06:52
v_000002477,u_001696,s_00081,2025-01-23 19:13:48,2025-01-23 19:32:48
v_000002478,u_000333,s_00005,2025-01-04 20:10:10,2025-01-04 20:34:10
v_000002479,u_001347,s_00051,2025-01-23 23:50:11,2025-01-24 00:05:11
v_000002480,u_000073,s_00093,2025-01-13 20:47:47,2025-01-13 20:57:47
v_000002481,u_001018,s_00013,2025-02-14 17:29:13,2025-02-14 18:28:13
v_000002482,u_001442,s_00103,2025-01-19 16:33:26,2025-01-19 16:42:26
v_000002483,u_001257,s_00003,2025-02-13 23:59:24,2025-02-14 00:15:24
v_000002484,u_000902,s_00040,2025-01-28 20:38:12,2025-01-28 20:47:12
v_000002485,u_000138,s_00092,2025-01-13 22:33:25,2025-01-13 22:45:25
v_000002486,u_000100,s_00042,2025-02-28 20:24:17,2025-02-28 20:31:17
v_000002487,u_001298,s_00051,2025-01-24 23:18:11,2025-01-24 23:30:11
v_000002488,u_001091,s_00050,2025-02-16 23:31:27,2025-02-17 00:33:27
v_000002489,u_001877,s_00140,2025-02-26 23:39:05,2025-02-26 23:49:05
v_000002490,u_001258,s_00049,2025-02-22 19:37:45,2025-02-22 20:06:45
v_000002491,u_000560,s_00136,2025-02-28 23:23:40,2025-02-28 23:42:40
v_000002492,u_000123,s_00062,2025-02-18 16:32:13,2025-02-18 16:35:13
v_000002493,u_001612,s_00129,2025-01-01 23:05:28,2025-01-01 23:13:28
v_000002494,u_000038,s_00088,2025-01-15 16:26:26,2025-01-15 17:19:26
v_000002495,u_001844,s_00052,2025-01-18 23:53:58,2025-01-19 00:13:58
v_000002496,u_001000,s_00016,2025-02-20 23:30:45,2025-02-20 23:47:45
v_000002497,u_000275,s_00145,2025-01-10 12:52:38,2025-01-10 14:03:38
v_000002498,u_000598,s_00068,2025-02-27 23:37:19,2025-02-28 00:16:19
v_000002499,u_000717,s_00126,2025-02-23 18:23:37,2025-02-23 18:40:37
v_000002500,u_001807,s_00082,2025-02-27 21:05:21,2025-02-27 21:12:21
v_000002501,u_000556,s_00039,2025-02-07 21:51:40,2025-02-07 22:10:40
v_000002502,u_001309,s_00113,2025-02-01 20:13:35,2025-02-01 21:10:35
v_000002503,u_000180,s_00134,2025-02-18 20:40:37,2025-02-18 21:17:37
v_000002504,u_000274,s_00126,2025-02-14 22:47:03,2025-02-14 22:54:03
v_000002505,u_001866,s_00092,2025-01-01 20:51:24,2025-01-01 20:54:24
v_000002506,u_001398,s_00136,2025-02-28 15:29:30,2025-02-28 15:35:30
v_000002507,u_000095,s_00060,2025-01-17 22:02:34,2025-01-17 22:36:34
v_000002508,u_001385,s_00106,2025-02-10 19:51:04,2025-02-10 20:10:04
v_000002509,u_000555,s_00132,2025-02-27 21:10:27,2025-02-27 21:32:27
v_000002510,u_001324,s_00032,2025-01-29 18:20:23,2025-01-29 18:26:23
v_000002511,u_001322,s_00087,2025-01-17 19:48:05,2025-01-17 20:23:05
v_000002512,u_001086,s_00038,2025-02-05 15:20:35,2025-02-05 15:36:35
v_000002513,u_001402,s_00088,2025-02-28 22:21:58,2025-02-28 22:35:58
v_000002514,u_000495,s_00002,2025-01-19 17:56:50,2025-01-19 18:10:50
v_000002515,u_001498,s_00054,2025-01-02 15:25:20,2025-01-02 15:56:20
v_000002516,u_001048,s_00094,2025-01-24 21:58:53,2025-01-24 22:32:53
v_000002517,u_001741,s_00034,2025-02-22 22:50:12,2025-02-22 23:43:12
v_000002518,u_001613,s_00079,2025-01-25 17:40:56,2025-01-25 18:52:56
v_000002519,u_000683,s_00108,2025-01-29 23:48:57,2025-01-30 01:06:57
v_000002520,u_001195,s_00131,2025-01-16 23:13:32,2025-01-17 00:17:32
v_000002521,u_000488,s_00128,2025-02-08 23:00:44,2025-02-08 23:23:44
v_000002522,u_001076,s_00124,2025-01-19 23:10:21,2025-01-19 23:13:21
v_000002523,u_001017,s_00098,2025-01-22 23:21:19,2025-01-22 23:22:19
v_000002524,u_001405,s_00012,2025-02-06 12:47:21,2025-02-06 13:04:21
v_000002525,u_000360,s_00061,2025-01-05 15:28:21,2025-01-05 15:29:21
v_000002526,u_001192,s_00145,2025-01-20 23:47:57,2025-01-20 23:58:57
v_000002527,u_000669,s_00070,2025-01-04 22:32:25,2025-01-04 23:31:25
v_000002528,u_000335,s_00008,2025-02-20 18:58:25,2025-02-20 19:18:25
v_000002529,u_000360,s_00015,2025-01-13 18:43:57,2025-01-13 19:30:57
v_000002530,u_001198,s_00070,2025-01-10 18:24:03,2025-01-10 18:35:03
v_000002531,u_000929,s_00014,2025-02-06 23:12:45,2025-02-06 23:16:45
v_000002532,u_000007,s_00130,2025-02-26 19:08:49,2025-02-26 20:05:49
v_000002533,u_001092,s_00135,2025-02-12 18:57:43,2025-02-12 18:58:43
v_000002534,u_001193,s_00038,2025-02-09 14:17:54,2025-02-09 14:31:54
v_000002535,u_000112,s_00132,2025-01-18 12:29:36,2025-01-18 12:32:36
v_000002536,u_001931,s_00089,2025-02-04 23:45:46,2025-02-05 00:08:46
v_000002537,u_001180,s_00051,2025-01-02 18:32:26,2025-01-02 18:51:26
v_000002538,u_001558,s_00033,2025-02-13 20:30:40,2025-02-13 20:55:40
v_000002539,u_001293,s_00073,2025-02-03 21:46:34,2025-02-03 21:50:34
v_000002540,u_000084,s_00037,2025-01-22 22:51:36,2025-01-22 23:45:36
v_000002541,u_000033,s_00086,2025-01-30 22:27:07,2025-01-30 22:35:07
v_000002542,u_001756,s_00100,2025-02-10 23:53:12,2025-02-10 23:59:12
v_000002543,u_001682,s_00078,2025-02-16 21:34:08,2025-02-16 21:37:08
v_000002544,u_000069,s_00143,2025-02-28 20:13:09,2025-02-28 21:06:09
v_000002545,u_000313,s_00084,2025-01-10 16:35:10,2025-01-10 16:38:10
v_000002546,u_000954,s_00113,2025-01-15 21:48:06,2025-01-15 21:51:06
v_000002547,u_001642,s_00052,2025-01-21 16:24:52,2025-01-21 16:25:52
v_000002548,u_000166,s_00113,2025-02-14 16:41:22,2025-02-14 16:44:22
v_000002549,u_000892,s_00076,2025-01-27 22:49:56,2025-01-27 23:09:56
v_000002550,u_000200,s_00110,2025-02-15 13:57:32,2025-02-15 13:58:32
v_000002551,u_001970,s_00126,2025-02-21 20:40:14,2025-02-21 21:15:14
v_000002552,u_001072,s_00076,2025-02-27 21:09:23,2025-02-27 21:31:23
v_000002553,u_000487,s_00061,2025-03-01 19:16:52,2025-03-01 19:34:52
v_000002554,u_000471,s_00015,2025-02-04 18:49:23,2025-02-04 18:54:23
v_000002555,u_000688,s_00071,2025-02-24 23:41:55,2025-02-24 23:56:55
v_000002556,u_000227,s_00101,2025-02-22 23:24:57,2025-02-22 23:42:57
v_000002557,u_001785,s_00114,2025-02-01 16:32:24,2025-02-01 16:50:24
v_000002558,u_001062,s_00145,2025-01-14 21:06:33,2025-01-14 21:30:33
v_000002559,u_000919,s_00034,2025-01-24 19:15:25,2025-01-24 19:38:25
v_000002560,u_001931,s_00057,2025-01-10 20:04:36,2025-01-10 20:22:36
v_000002561,u_000951,s_00049,2025-02-15 18:32:42,2025-02-15 19:29:42
v_000002562,u_001736,s_00120,2025-01-10 17:42:19,2025-01-10 18:07:19
v_000002563,u_000646,s_00139,2025-01-24 18:12:03,2025-01-24 18:13:03
v_000002564,u_000663,s_00007,2025-02-25 19:23:30,2025-02-25 19:28:30
v_000002565,u_001645,s_00102,2025-02-11 17:05:40,2025-02-11 17:23:40
v_000002566,u_000584,s_00118,2025-02-09 14:57:16,2025-02-09 14:58:16
v_000002567,u_001668,s_00029,2025-01-25 18:57:52,2025-01-25 19:07:52
v_000002568,u_000644,s_00010,2025-01-10 17:54:27,2025-01-10 18:20:27
v_000002569,u_001114,s_00061,2025-01-16 18:36:23,2025-01-16 18:59:23
v_000002570,u_000067,s_00053,2025-01-02 20:49:54,2025-01-02 21:31:54
v_000002571,u_001119,s_00128,2025-02-13 15:14:10,2025-02-13 15:23:10
v_000002572,u_001909,s_00096,2025-01-07 23:10:14,2025-01-08 00:21:14
v_000002573,u_001922,s_00044,2025-02-18 22:20:29,2025-02-18 22:36:29
v_000002574,u_000216,s_00084,2025-01-30 17:32:52,2025-01-30 18:14:52
v_000002575,u_001870,s_00126,2025-02-19 21:50:32,2025-02-19 22:38:32
v_000002576,u_001874,s_00138,2025-01-26 22:10:54,2025-01-26 22:16:54
v_000002577,u_001629,s_00120,2025-02-08 23:49:42,2025-02-09 00:02:42
v_000002578,u_001516,s_00068,2025-01-15 23:14:55,2025-01-15 23:25:55
v_000002579,u_001818,s_00099,2025-01-30 17:59:08,2025-01-30 18:06:08
v_000002580,u_000706,s_00047,2025-01-30 20:42:12,2025-01-30 22:18:12
v_000002581,u_000912,s_00084,2025-01-15 23:13:41,2025-01-15 23:31:41
v_000002582,u_000224,s_00144,2025-02-01 21:21:46,2025-02-01 22:05:46
v_000002583,u_001055,s_00026,2025-02-27 20:42:48,2025-02-27 21:07:48
v_000002584,u_001575,s_00066,2025-01-18 19:37:08,2025-01-18 20:01:08
v_000002585,u_001524,s_00146,2025-02-22 21:22:04,2025-02-22 21:24:04
v_000002586,u_001685,s_00054,2025-02-22 21:43:10,2025-02-22 21:53:10
v_000002587,u_001397,s_00081,2025-02-01 16:05:12,2025-02-01 17:50:12
v_000002588,u_001582,s_00093,2025-01-03 17:15:12,2025-01-03 17:16:12
v_000002589,u_001638,s_00013,2025-02-20 23:44:24,2025-02-21 00:32:24
v_000002590,u_001425,s_00025,2025-02-10 16:06:53,2025-02-10 16:19:53
v_000002591,u_000277,s_00010,2025-01-22 19:10:17,2025-01-22 19:17:17
v_000002592,u_001685,s_00133,2025-02-08 21:10:39,2025-02-08 21:23:39
v_000002593,u_000278,s_00053,2025-02-03 20:32:29,2025-02-03 21:04:29
v_000002594,u_001807,s_00026,2025-02-13 23:52:59,2025-02-13 23:55:59
v_000002595,u_001416,s_00095,2025-01-31 22:57:55,2025-02-01 00:02:55
v_000002596,u_000068,s_00056,2025-02-01 14:33:10,2025-02-01 15:55:10
v_000002597,u_001050,s_00125,2025-02-06 21:48:35,2025-02-06 22:02:35
v_000002598,u_001645,s_00102,2025-01-01 14:54:06,2025-01-01 15:03:06
v_000002599,u_001896,s_00091,2025-01-22 18:32:55,2025-01-22 18:35:55
v_000002600,u_001786,s_00001,2025-02-26 12:07:40,2025-02-26 12:31:40
v_000002601,u_001093,s_00099,2025-01-30 21:47:53,2025-01-30 22:00:53
v_000002602,u_001798,s_00098,2025-01-26 23:27:58,2025-01-27 00:15:58
v_000002603,u_000126,s_00117,2025-01-25 21:44:34,2025-01-25 22:01:34
v_000002604,u_001321,s_00144,2025-01-23 22:20:34,2025-01-23 23:18:34
v_000002605,u_001838,s_00021,2025-01-21 23:32:10,2025-01-22 00:05:10
v_000002606,u_000073,s_00009,2025-02-26 23:19:38,2025-02-26 23:21:38
v_000002607,u_001089,s_00021,2025-01-16 15:08:13,2025-01-16 15:09:13
v_000002608,u_001682,s_00078,2025-01-02 23:26:11,2025-01-02 23:27:11
v_000002609,u_000700,s_00060,2025-02-21 23:14:53,2025-02-21 23:17:53
v_000002610,u_001157,s_00112,2025-01-16 14:03:21,2025-01-16 14:09:21
v_000002611,u_001071,s_00025,2025-02-16 18:16:08,2025-02-16 19:01:08
v_000002612,u_001261,s_00041,2025-02-05 23:23:18,2025-02-05 23:35:18
v_000002613,u_001607,s_00136,2025-02-06 16:05:18,2025-02-06 16:14:18
v_000002614,u_000941,s_00133,2025-02-11 17:17:30,2025-02-11 17:37:30
v_000002615,u_000666,s_00134,2025-01-06 23:33:22,2025-01-06 23:47:22
v_000002616,u_000564,s_00026,2025-01-15 23:40:41,2025-01-15 23:52:41
v_000002617,u_000514,s_00050,2025-02-21 17:37:10,2025-02-21 17:38:10
v_000002618,u_000379,s_00023,2025-02-12 14:27:57,2025-02-12 14:39:57
v_000002619,u_000863,s_00004,2025-02-01 23:49:40,2025-02-02 00:17:40
v_000002620,u_000072,s_00089,2025-01-02 19:01:45,2025-01-02 19:53:45
v_000002621,u_001896,s_00146,2025-01-08 18:51:29,2025-01-08 19:03:29
v_000002622,u_001489,s_00018,2025-02-07 10:39:09,2025-02-07 11:11:09
v_000002623,u_000910,s_00015,2025-02-20 21:00:47,2025-02-20 22:27:47
v_000002624,u_000772,s_00047,2025-01-22 23:53:05,2025-01-23 00:44:05
v_000002625,u_001629,s_00149,2025-02-05 18:07:24,2025-02-05 18:13:24
v_000002626,u_001681,s_00053,2025-02-25 15:49:33,2025-02-25 15:51:33
v_000002627,u_000985,s_00008,2025-02-01 17:00:11,2025-02-01 17:01:11
v_000002628,u_001686,s_00008,2025-01-29 21:31:32,2025-01-29 21:45:32
v_000002629,u_000636,s_00040,2025-02-20 19:46:00,2025-02-20 20:19:00
v_000002630,u_001329,s_00046,2025-01-30 23:56:58,2025-01-30 23:57:58
v_000002631,u_001721,s_00000,2025-01-31 14:14:14,2025-01-31 14:15:14
v_000002632,u_001506,s_00081,2025-02-19 13:21:28,2025-02-19 14:03:28
v_000002633,u_001415,s_00012,2025-01-12 17:35:15,2025-01-12 17:41:15
v_000002634,u_000284,s_00102,2025-02-01 19:27:54,2025-02-01 20:07:54
v_000002635,u_001386,s_00137,2025-01-26 09:49:42,2025-01-26 10:05:42
v_000002636,u_000732,s_00012,2025-02-22 22:58:30,2025-02-22 23:02:30
v_000002637,u_001619,s_00048,2025-01-06 22:18:10,2025-01-06 22:31:10
v_000002638,u_001673,s_00110,2025-01-23 19:15:38,2025-01-23 19:18:38
v_000002639,u_000674,s_00092,2025-01-21 22:14:32,2025-01-21 22:29:32
v_000002640,u_000719,s_00046,2025-02-04 17:54:02,2025-02-04 18:42:02
v_000002641,u_001645,s_00102,2025-01-12 16:36:27,2025-01-12 17:00:27
v_000002642,u_001208,s_00101,2025-02-27 20:23:36,2025-02-27 20:40:36
v_000002643,u_000122,s_00001,2025-01-19 19:32:50,2025-01-19 21:26:50
v_000002644,u_001864,s_00007,2025-01-28 16:11:22,2025-01-28 16:12:22
v_000002645,u_001564,s_00115,2025-01-02 18:30:51,2025-01-02 19:36:51
v_000002646,u_000335,s_00057,2025-02-03 15:53:19,2025-02-03 16:48:19
v_000002647,u_001262,s_00031,2025-01-07 19:54:49,2025-01-07 20:02:49
v_000002648,u_001426,s_00067,2025-03-01 17:01:15,2025-03-01 17:08:15
v_000002649,u_000413,s_00029,2025-01-01 20:00:45,2025-01-01 20:04:45
v_000002650,u_001585,s_00130,2025-02-20 14:39:15,2025-02-20 14:51:15
v_000002651,u_001760,s_00026,2025-01-20 17:38:10,2025-01-20 18:25:10
v_000002652,u_000975,s_00063,2025-01-14 16:52:00,2025-01-14 16:57:00
v_000002653,u_001369,s_00130,2025-02-17 18:54:23,2025-02-17 19:02:23
v_000002654,u_001567,s_00016,2025-01-03 15:09:55,2025-01-03 15:20:55
v_000002655,u_000965,s_00120,2025-02-25 22:42:15,2025-02-25 23:25:15
v_000002656,u_001624,s_00108,2025-01-02 12:09:01,2025-01-02 12:15:01
v_000002657,u_001548,s_00037,2025-02-15 11:13:15,2025-02-15 11:18:15
v_000002658,u_000932,s_00045,2025-01-07 21:41:00,2025-01-07 21:56:00
v_000002659,u_000833,s_00061,2025-02-17 18:04:35,2025-02-17 18:19:35
v_000002660,u_000082,s_00037,2025-01-05 23:51:07,2025-01-06 00:05:07
v_000002661,u_000303,s_00105,2025-01-28 16:45:32,2025-01-28 17:04:32
v_000002662,u_000753,s_00131,2025-01-05 23:08:32,2025-01-05 23:33:32
v_000002663,u_001192,s_00041,2025-01-21 22:34:57,2025-01-21 22:44:57
v_000002664,u_001660,s_00036,2025-02-18 16:51:18,2025-02-18 17:10:18
v_000002665,u_000089,s_00030,2025-02-19 23:41:01,2025-02-20 00:15:01
v_000002666,u_000149,s_00133,2025-02-19 15:12:10,2025-02-19 15:25:10
v_000002667,u_001171,s_00034,2025-02-25 16:13:47,2025-02-25 16:15:47
v_000002668,u_000908,s_00140,2025-02-24 13:01:02,2025-02-24 13:26:02
v_000002669,u_000419,s_00044,2025-01-22 14:17:40,2025-01-22 14:41:40
v_000002670,u_000586,s_00090,2025-01-09 18:05:51,2025-01-09 18:09:51
v_000002671,u_000852,s_00135,2025-02-12 18:43:28,2025-02-12 18:53:28
v_000002672,u_000261,s_00008,2025-03-01 23:58:58,2025-03-02 00:37:58
v_000002673,u_000298,s_00057,2025-01-20 22:14:53,2025-01-20 22:23:53
v_000002674,u_001422,s_00040,2025-02-24 14:15:41,2025-02-24 14:58:41
v_000002675,u_001987,s_00067,2025-02-15 23:46:07,2025-02-16 00:18:07
v_000002676,u_001270,s_00028,2025-01-27 21:51:01,2025-01-27 22:14:01
v_000002677,u_001397,s_00086,2025-02-27 12:51:08,2025-02-27 12:59:08
v_000002678,u_000288,s_00029,2025-01-22 23:31:40,2025-01-22 23:43:40
v_000002679,u_001456,s_00039,2025-02-21 15:47:12,2025-02-21 17:12:12
v_000002680,u_000278,s_00033,2025-02-08 23:48:08,2025-02-08 23:49:08
v_000002681,u_000154,s_00133,2025-02-19 23:25:59,2025-02-19 23:34:59
v_000002682,u_000062,s_00052,2025-02-18 23:54:58,2025-02-18 23:57:58
v_000002683,u_001952,s_00034,2025-01-20 17:45:45,2025-01-20 17:56:45
v_000002684,u_001927,s_00110,2025-01-14 20:55:34,2025-01-14 21:22:34
v_000002685,u_001756,s_00081,2025-01-28 23:35:51,2025-01-28 23:36:51
v_000002686,u_000910,s_00105,2025-01-14 22:19:00,2025-01-14 22:30:00
v_000002687,u_001682,s_00113,2025-02-28 19:06:56,2025-02-28 19:52:56
v_000002688,u_001213,s_00135,2025-01-04 20:26:57,2025-01-04 21:23:57
v_000002689,u_000283,s_00097,2025-02-11 23:48:26,2025-02-11 23:53:26
v_000002690,u_001489,s_00148,2025-02-04 22:01:51,2025-02-04 22:26:51
v_000002691,u_000851,s_00101,2025-02-26 23:29:39,2025-02-26 23:38:39
v_000002692,u_000506,s_00056,2025-01-07 16:56:18,2025-01-07 17:11:18
v_000002693,u_001913,s_00086,2025-01-29 23:15:55,2025-01-29 23:57:55
v_000002694,u_001576,s_00105,2025-01-07 23:45:07,2025-01-08 00:20:07
v_000002695,u_001002,s_00147,2025-01-21 23:53:37,2025-01-22 00:09:37
v_000002696,u_001827,s_00037,2025-02-11 13:07:32,2025-02-11 13:10:32
v_000002697,u_000633,s_00065,2025-02-07 18:07:00,2025-02-07 18:39:00
v_000002698,u_001376,s_00099,2025-02-22 19:15:58,2025-02-22 20:00:58
v_000002699,u_000910,s_00081,2025-01-06 18:14:02,2025-01-06 18:39:02
v_000002700,u_001377,s_00073,2025-01-01 16:20:35,2025-01-01 16:33:35
v_000002701,u_000383,s_00078,2025-02-18 15:57:29,2025-02-18 16:07:29
v_000002702,u_001369,s_00076,2025-02-10 21:40:54,2025-02-10 21:47:54
v_000002703,u_000355,s_00067,2025-01-14 18:01:59,2025-01-14 18:22:59
v_000002704,u_001562,s_00123,2025-02-09 13:04:02,2025-02-09 13:28:02
v_000002705,u_000263,s_00092,2025-01-07 23:44:02,2025-01-08 00:07:02
v_000002706,u_000193,s_00039,2025-02-13 23:48:08,2025-02-13 23:56:08
v_000002707,u_000154,s_00100,2025-01-16 18:27:09,2025-01-16 20:12:09
v_000002708,u_000931,s_00144,2025-01-19 12:09:51,2025-01-19 13:01:51
v_000002709,u_001870,s_00130,2025-01-25 21:42:54,2025-01-25 22:10:54
v_000002710,u_000239,s_00078,2025-02-26 23:51:19,2025-02-26 23:57:19
v_000002711,u_001759,s_00033,2025-01-25 18:55:30,2025-01-25 18:56:30
v_000002712,u_000734,s_00084,2025-01-31 23:58:01,2025-02-01 00:10:01
v_000002713,u_001130,s_00124,2025-01-14 14:07:07,2025-01-14 14:16:07
v_000002714,u_001597,s_00025,2025-01-04 23:06:19,2025-01-04 23:08:19
v_000002715,u_001325,s_00144,2025-01-19 18:36:09,2025-01-19 18:58:09
v_000002716,u_000227,s_00092,2025-01-07 19:43:10,2025-01-07 19:44:10
v_000002717,u_001080,s_00143,2025-02-04 23:38:50,2025-02-04 23:42:50
v_000002718,u_000394,s_00135,2025-02-10 19:28:30,2025-02-10 19:43:30
v_000002719,u_001954,s_00009,2025-01-17 20:50:16,2025-01-17 22:07:16
v_000002720,u_000363,s_00017,2025-01-02 23:47:18,2025-01-03 00:23:18
v_000002721,u_000846,s_00116,2025-02-10 15:22:11,2025-02-10 15:24:11
v_000002722,u_001829,s_00027,2025-02-07 21:04:12,2025-02-07 21:36:12
v_000002723,u_001139,s_00117,2025-01-31 21:46:59,2025-01-31 21:55:59
v_000002724,u_000978,s_00050,2025-01-08 23:46:21,2025-01-09 00:01:21
v_000002725,u_001982,s_00069,2025-01-11 23:03:01,2025-01-11 23:25:01
v_000002726,u_000491,s_00086,2025-01-19 20:53:29,2025-01-19 21:08:29
v_000002727,u_000152,s_00149,2025-02-19 16:14:29,2025-02-19 16:16:29
v_000002728,u_000031,s_00023,2025-02-24 22:13:13,2025-02-24 22:18:13
v_000002729,u_000813,s_00005,2025-02-21 23:38:45,2025-02-21 23:40:45
v_000002730,u_000575,s_00077,2025-01-13 23:58:21,2025-01-14 00:22:21
v_000002731,u_001059,s_00069,2025-02-19 19:10:01,2025-02-19 19:14:01
v_000002732,u_001397,s_00090,2025-01-24 18:59:19,2025-01-24 19:21:19
v_000002733,u_000444,s_00117,2025-02-24 19:54:12,2025-02-24 20:08:12
v_000002734,u_000907,s_00083,2025-01-25 20:55:53,2025-01-25 21:28:53
v_000002735,u_001270,s_00054,2025-01-10 21:21:16,2025-01-10 21:27:16
v_000002736,u_000689,s_00129,2025-02-01 23:25:23,2025-02-01 23:38:23
v_000002737,u_000853,s_00100,2025-02-07 17:45:22,2025-02-07 18:03:22
v_000002738,u_000753,s_00043,2025-02-15 21:21:13,2025-02-15 21:50:13
v_000002739,u_000375,s_00105,2025-02-04 19:10:55,2025-02-04 19:17:55
v_000002740,u_001650,s_00107,2025-02-05 18:46:03,2025-02-05 19:22:03
v_000002741,u_001527,s_00091,2025-02-17 17:18:44,2025-02-17 17:52:44
v_000002742,u_001534,s_00024,2025-02-23 23:12:17,2025-02-23 23:15:17
v_000002743,u_001812,s_00025,2025-01-01 21:50:23,2025-01-01 22:38:23
v_000002744,u_001247,s_00004,2025-02-23 23:14:59,2025-02-23 23:16:59
v_000002745,u_001171,s_00034,2025-01-23 23:29:33,2025-01-23 23:37:33
v_000002746,u_000530,s_00012,2025-02-18 17:05:07,2025-02-18 17:33:07
v_000002747,u_001364,s_00086,2025-02-16 19:37:00,2025-02-16 19:58:00
v_000002748,u_000034,s_00112,2025-02-14 22:07:24,2025-02-14 23:04:24
v_000002749,u_000457,s_00118,2025-02-06 23:00:08,2025-02-06 23:20:08
v_000002750,u_001065,s_00005,2025-02-11 16:24:26,2025-02-11 16:51:26
v_000002751,u_000929,s_00065,2025-01-15 18:52:44,2025-01-15 19:35:44
v_000002752,u_000744,s_00114,2025-02-12 23:49:47,2025-02-12 23:58:47
v_000002753,u_001088,s_00093,2025-02-01 16:47:47,2025-02-01 16:49:47
v_000002754,u_001919,s_00129,2025-01-18 21:19:56,2025-01-18 22:38:56
v_000002755,u_000231,s_00011,2025-01-04 18:55:24,2025-01-04 19:02:24
v_000002756,u_000597,s_00102,2025-01-08 20:30:04,2025-01-08 20:44:04
v_000002757,u_000224,s_00127,2025-02-19 17:55:54,2025-02-19 17:57:54
v_000002758,u_000747,s_00069,2025-01-19 21:41:32,2025-01-19 22:05:32
v_000002759,u_000327,s_00130,2025-02-08 23:38:43,2025-02-08 23:41:43
v_000002760,u_001148,s_00054,2025-01-26 18:13:00,2025-01-26 19:31:00
v_000002761,u_000948,s_00002,2025-02-15 20:28:48,2025-02-15 20:48:48
v_000002762,u_001271,s_00020,2025-02-15 21:23:10,2025-02-15 22:38:10
v_000002763,u_000698,s_00074,2025-01-15 14:57:59,2025-01-15 15:22:59
v_000002764,u_001058,s_00118,2025-01-03 15:50:11,2025-01-03 16:04:11
v_000002765,u_000262,s_00098,2025-01-16 19:47:29,2025-01-16 20:00:29
v_000002766,u_000829,s_00137,2025-01-03 23:54:06,2025-01-04 00:03:06
v_000002767,u_001075,s_00136,2025-02-16 23:13:32,2025-02-16 23:36:32
v_000002768,u_000941,s_00140,2025-01-24 18:17:14,2025-01-24 18:31:14
v_000002769,u_000056,s_00093,2025-02-01 18:39:32,2025-02-01 18:49:32
v_000002770,u_000216,s_00142,2025-02-08 20:05:37,2025-02-08 20:27:37
v_000002771,u_001113,s_00112,2025-01-10 21:12:08,2025-01-10 21:29:08
v_000002772,u_000737,s_00046,2025-02-22 21:05:44,2025-02-22 21:13:44
v_000002773,u_001426,s_00093,2025-02-05 23:37:50,2025-02-05 23:39:50
v_000002774,u_000288,s_00042,2025-01-06 12:11:52,2025-01-06 12:18:52
v_000002775,u_001185,s_00059,2025-01-12 20:43:35,2025-01-12 20:52:35
v_000002776,u_000150,s_00082,2025-02-27 20:32:19,2025-02-27 21:01:19
v_000002777,u_001836,s_00135,2025-02-06 14:25:17,2025-02-06 14:36:17
v_000002778,u_000340,s_00136,2025-02-15 22:55:42,2025-02-15 23:06:42
v_000002779,u_001847,s_00068,2025-01-22 13:27:12,2025-01-22 13:28:12
v_000002780,u_000688,s_00071,2025-02-21 17:06:52,2025-02-21 17:14:52
v_000002781,u_001971,s_00091,2025-01-20 20:27:45,2025-01-20 20:55:45
v_000002782,u_000084,s_00127,2025-01-21 23:53:08,2025-01-21 23:56:08
v_000002783,u_001819,s_00136,2025-01-03 23:28:08,2025-01-03 23:31:08
v_000002784,u_001383,s_00088,2025-01-25 23:05:06,2025-01-25 23:07:06
v_000002785,u_001351,s_00149,2025-01-07 19:01:39,2025-01-07 19:08:39
v_000002786,u_000552,s_00051,2025-02-27 21:18:23,2025-02-27 21:27:23
v_000002787,u_000718,s_00110,2025-01-24 15:10:21,2025-01-24 15:52:21
v_000002788,u_000676,s_00066,2025-01-16 22:35:43,2025-01-16 22:55:43
v_000002789,u_001582,s_00145,2025-01-14 21:34:43,2025-01-14 21:37:43
v_000002790,u_001888,s_00098,2025-02-22 23:46:05,2025-02-23 00:35:05
v_000002791,u_001921,s_00076,2025-02-08 23:18:53,2025-02-08 23:34:53
v_000002792,u_001741,s_00051,2025-01-23 14:58:26,2025-01-23 16:05:26
v_000002793,u_001332,s_00125,2025-01-03 18:57:51,2025-01-03 19:20:51
v_000002794,u_000025,s_00042,2025-01-30 17:10:18,2025-01-30 17:22:18
v_000002795,u_001803,s_00074,2025-01-11 17:43:38,2025-01-11 17:52:38
v_000002796,u_001281,s_00109,2025-02-01 20:09:13,2025-02-01 20:44:13
v_000002797,u_001459,s_00083,2025-02-15 15:24:27,2025-02-15 15:47:27
v_000002798,u_000384,s_00128,2025-01-27 23:26:45,2025-01-27 23:34:45
v_000002799,u_001112,s_00149,2025-01-06 21:44:45,2025-01-06 22:37:45
v_000002800,u_001020,s_00024,2025-02-09 23:52:58,2025-02-09 23:57:58
v_000002801,u_000275,s_00145,2025-01-02 20:48:38,2025-01-02 21:03:38
v_000002802,u_000604,s_00083,2025-01-30 23:39:52,2025-01-30 23:42:52
v_000002803,u_001544,s_00117,2025-02-06 20:25:06,2025-02-06 20:35:06
v_000002804,u_001334,s_00130,2025-01-12 19:26:05,2025-01-12 19:31:05
v_000002805,u_001044,s_00113,2025-01-30 17:45:14,2025-01-30 17:46:14
v_000002806,u_000380,s_00017,2025-02-10 22:15:31,2025-02-10 22:35:31
v_000002807,u_001242,s_00006,2025-02-10 21:34:07,2025-02-10 22:04:07
v_000002808,u_001901,s_00134,2025-01-04 23:46:24,2025-01-04 23:53:24
v_000002809,u_001931,s_00113,2025-01-30 18:04:25,2025-01-30 18:26:25
v_000002810,u_000045,s_00108,2025-01-29 16:57:43,2025-01-29 17:36:43
v_000002811,u_000588,s_00109,2025-01-19 15:57:40,2025-01-19 16:05:40
v_000002812,u_001234,s_00012,2025-01-25 21:37:28,2025-01-25 21:43:28
v_000002813,u_000267,s_00077,2025-01-28 22:33:41,2025-01-28 22:48:41
v_000002814,u_000784,s_00078,2025-02-04 17:51:06,2025-02-04 17:54:06
v_000002815,u_000092,s_00142,2025-02-01 21:08:24,2025-02-01 21:12:24
v_000002816,u_000226,s_00003,2025-01-31 23:09:49,2025-01-31 23:14:49
v_000002817,u_001394,s_00112,2025-01-12 15:44:59,2025-01-12 16:28:59
v_000002818,u_001280,s_00076,2025-01-09 23:26:30,2025-01-09 23:30:30
v_000002819,u_001671,s_00008,2025-01-09 21:33:58,2025-01-09 21:48:58
v_000002820,u_001294,s_00021,2025-01-08 19:00:27,2025-01-08 19:20:27
v_000002821,u_001843,s_00010,2025-01-08 23:22:21,2025-01-09 00:53:21
v_000002822,u_001346,s_00084,2025-01-26 17:33:29,2025-01-26 17:34:29
v_000002823,u_000401,s_00062,2025-02-04 14:11:51,2025-02-04 14:12:51
v_000002824,u_001685,s_00027,2025-02-13 21:28:32,2025-02-13 21:45:32
v_000002825,u_001278,s_00019,2025-02-02 12:28:27,2025-02-02 12:31:27
v_000002826,u_000476,s_00115,2025-02-28 19:36:59,2025-02-28 19:37:59
v_000002827,u_001935,s_00029,2025-01-23 23:41:57,2025-01-23 23:58:57
v_000002828,u_001754,s_00036,2025-02-21 21:31:15,2025-02-21 21:42:15
v_000002829,u_000155,s_00149,2025-02-04 21:46:52,2025-02-04 21:50:52
v_000002830,u_001497,s_00037,2025-01-18 23:08:32,2025-01-18 23:30:32
v_000002831,u_001587,s_00148,2025-01-04 23:24:13,2025-01-04 23:25:13
v_000002832,u_000951,s_00099,2025-02-18 19:42:14,2025-02-18 20:35:14
v_000002833,u_001599,s_00091,2025-01-23 22:31:28,2025-01-23 22:32:28
v_000002834,u_001970,s_00030,2025-01-30 18:48:55,2025-01-30 19:20:55
v_000002835,u_000696,s_00131,2025-02-19 15:24:09,2025-02-19 15:33:09
v_000002836,u_001460,s_00036,2025-02-22 22:05:19,2025-02-22 22:25:19
v_000002837,u_001191,s_00088,2025-01-22 17:54:46,2025-01-22 19:29:46
v_000002838,u_000599,s_00017,2025-01-20 13:33:37,2025-01-20 13:55:37
v_000002839,u_000715,s_00083,2025-02-14 20:49:29,2025-02-14 21:13:29
v_000002840,u_001605,s_00005,2025-01-31 15:13:22,2025-01-31 15:21:22
v_000002841,u_001595,s_00058,2025-02-02 14:27:49,2025-02-02 15:07:49
v_000002842,u_000212,s_00065,2025-01-18 21:56:52,2025-01-18 22:17:52
v_000002843,u_000866,s_00103,2025-02-28 17:56:45,2025-02-28 18:01:45
v_000002844,u_000462,s_00086,2025-01-20 19:31:37,2025-01-20 19:54:37
v_000002845,u_001059,s_00110,2025-01-21 21:11:00,2025-01-21 21:23:00
v_000002846,u_000141,s_00063,2025-01-01 20:31:29,2025-01-01 20:44:29
v_000002847,u_001286,s_00060,2025-02-07 19:50:38,2025-02-07 19:55:38
v_000002848,u_001587,s_00148,2025-02-10 22:00:50,2025-02-10 22:04:50
v_000002849,u_001746,s_00137,2025-02-10 14:38:30,2025-02-10 15:35:30
v_000002850,u_000120,s_00012,2025-01-26 14:19:42,2025-01-26 14:23:42
v_000002851,u_001283,s_00056,2025-01-30 19:38:52,2025-01-30 19:54:52
v_000002852,u_001357,s_00124,2025-02-06 20:31:07,2025-02-06 20:32:07
v_000002853,u_000269,s_00098,2025-01-04 22:29:16,2025-01-04 23:19:16
v_000002854,u_000230,s_00122,2025-02-07 22:57:11,2025-02-08 00:20:11
v_000002855,u_001934,s_00002,2025-01-05 21:26:07,2025-01-05 22:01:07
v_000002856,u_000030,s_00021,2025-01-02 23:06:01,2025-01-02 23:17:01
v_000002857,u_000480,s_00132,2025-02-24 22:38:18,2025-02-24 23:08:18
v_000002858,u_000749,s_00097,2025-02-14 18:39:14,2025-02-14 18:59:14
v_000002859,u_001649,s_00038,2025-01-15 18:19:02,2025-01-15 18:37:02
v_000002860,u_000001,s_00027,2025-02-17 20:59:36,2025-02-17 21:18:36
v_000002861,u_001666,s_00111,2025-02-22 16:28:29,2025-02-22 16:59:29
v_000002862,u_000024,s_00086,2025-02-25 18:00:42,2025-02-25 18:46:42
v_000002863,u_001177,s_00025,2025-01-28 23:32:16,2025-01-28 23:36:16
v_000002864,u_001960,s_00121,2025-01-30 23:41:12,2025-01-30 23:46:12
v_000002865,u_001419,s_00035,2025-02-01 21:56:21,2025-02-01 22:04:21
v_000002866,u_001271,s_00020,2025-02-23 19:09:56,2025-02-23 20:07:56
v_000002867,u_001795,s_00011,2025-01-21 17:05:55,2025-01-21 17:26:55
v_000002868,u_001206,s_00017,2025-02-08 22:44:35,2025-02-08 22:53:35
v_000002869,u_001053,s_00081,2025-01-02 23:40:04,2025-01-02 23:44:04
v_000002870,u_000566,s_00033,2025-01-05 23:33:53,2025-01-06 00:00:53
v_000002871,u_000467,s_00038,2025-01-15 19:06:36,2025-01-15 19:10:36
v_000002872,u_000513,s_00012,2025-02-15 20:45:48,2025-02-15 21:34:48
v_000002873,u_000248,s_00143,2025-02-03 23:10:23,2025-02-03 23:11:23
v_000002874,u_000363,s_00041,2025-02-08 18:50:58,2025-02-08 19:02:58
v_000002875,u_000361,s_00136,2025-01-19 21:46:13,2025-01-19 21:48:13
v_000002876,u_000143,s_00028,2025-03-01 19:29:48,2025-03-01 19:42:48
v_000002877,u_001465,s_00081,2025-02-20 18:07:42,2025-02-20 18:21:42
v_000002878,u_000618,s_00050,2025-01-09 22:58:17,2025-01-09 23:09:17
v_000002879,u_000556,s_00038,2025-01-26 23:12:16,2025-01-26 23:15:16
v_000002880,u_000002,s_00111,2025-01-12 14:01:30,2025-01-12 14:02:30
v_000002881,u_000417,s_00145,2025-01-17 07:58:16,2025-01-17 08:22:16
v_000002882,u_001524,s_00094,2025-02-13 20:20:18,2025-02-13 20:36:18
v_000002883,u_000991,s_00123,2025-02-20 23:56:49,2025-02-21 00:04:49
v_000002884,u_001047,s_00044,2025-02-18 14:03:05,2025-02-18 14:14:05
v_000002885,u_001962,s_00127,2025-01-04 20:38:20,2025-01-04 21:16:20
v_000002886,u_001989,s_00009,2025-01-07 20:25:34,2025-01-07 20:28:34
v_000002887,u_001749,s_00148,2025-02-03 18:05:20,2025-02-03 19:46:20
v_000002888,u_001744,s_00051,2025-02-10 15:32:26,2025-02-10 15:35:26
v_000002889,u_001993,s_00064,2025-02-26 15:22:41,2025-02-26 15:30:41
v_000002890,u_000333,s_00109,2025-02-16 12:37:06,2025-02-16 13:01:06
v_000002891,u_001425,s_00025,2025-02-04 19:06:50,2025-02-04 20:22:50
v_000002892,u_000927,s_00005,2025-02-01 16:11:07,2025-02-01 16:14:07
v_000002893,u_000825,s_00045,2025-02-01 23:49:08,2025-02-01 23:56:08
v_000002894,u_001090,s_00145,2025-01-05 23:37:33,2025-01-05 23:49:33
v_000002895,u_000213,s_00123,2025-02-02 23:03:44,2025-02-02 23:04:44
v_000002896,u_001812,s_00103,2025-01-10 18:21:19,2025-01-10 18:33:19
v_000002897,u_000333,s_00005,2025-02-27 20:26:00,2025-02-27 21:04:00
v_000002898,u_000882,s_00116,2025-02-09 22:01:58,2025-02-09 22:08:58
v_000002899,u_000073,s_00100,2025-02-09 15:57:02,2025-02-09 16:03:02
v_000002900,u_001873,s_00067,2025-01-06 13:20:47,2025-01-06 13:51:47
v_000002901,u_000964,s_00016,2025-02-08 19:15:50,2025-02-08 20:17:50
v_000002902,u_001142,s_00015,2025-02-19 20:28:31,2025-02-19 20:39:31
v_000002903,u_001174,s_00119,2025-01-08 18:49:52,2025-01-08 19:05:52
v_000002904,u_001312,s_00058,2025-02-22 18:05:53,2025-02-22 18:17:53
v_000002905,u_000097,s_00082,2025-01-14 23:29:53,2025-01-14 23:58:53
v_000002906,u_000299,s_00055,2025-02-13 18:26:12,2025-02-13 18:38:12
v_000002907,u_000234,s_00045,2025-01-21 17:36:51,2025-01-21 17:40:51
v_000002908,u_000103,s_00139,2025-01-29 22:09:58,2025-01-29 22:34:58
v_000002909,u_000936,s_00064,2025-02-18 23:42:58,2025-02-19 00:02:58
v_000002910,u_001051,s_00098,2025-02-03 21:15:34,2025-02-03 22:02:34
v_000002911,u_001582,s_00093,2025-01-31 23:47:22,2025-02-01 00:03:22
v_000002912,u_001659,s_00131,2025-01-27 22:40:26,2025-01-27 23:09:26
v_000002913,u_000713,s_00077,2025-02-25 15:41:16,2025-02-25 15:58:16
v_000002914,u_001255,s_00071,2025-02-04 23:57:02,2025-02-05 00:40:02
v_000002915,u_000396,s_00110,2025-02-18 23:35:59,2025-02-18 23:44:59
v_000002916,u_000167,s_00064,2025-02-14 17:03:51,2025-02-14 17:17:51
v_000002917,u_000404,s_00108,2025-02-01 18:14:02,2025-02-01 18:15:02
v_000002918,u_001628,s_00054,2025-02-01 18:05:06,2025-02-01 18:07:06
v_000002919,u_001677,s_00076,2025-03-01 21:50:53,2025-03-01 21:54:53
v_000002920,u_001814,s_00132,2025-02-06 17:31:11,2025-02-06 17:52:11
v_000002921,u_001142,s_00015,2025-01-04 23:38:16,2025-01-04 23:42:16
v_000002922,u_001766,s_00075,2025-02-13 15:40:17,2025-02-13 15:49:17
v_000002923,u_001301,s_00001,2025-01-25 22:17:49,2025-01-25 22:53:49
v_000002924,u_001438,s_00077,2025-02-02 17:09:20,2025-02-02 17:26:20
v_000002925,u_001327,s_00093,2025-01-05 20:49:23,2025-01-05 21:25:23
v_000002926,u_001423,s_00076,2025-03-01 16:47:59,2025-03-01 16:48:59
v_000002927,u_001788,s_00021,2025-01-19 23:42:57,2025-01-20 00:24:57
v_000002928,u_001710,s_00133,2025-02-14 21:50:17,2025-02-14 22:00:17
v_000002929,u_001114,s_00061,2025-02-19 18:38:46,2025-02-19 18:44:46
v_000002930,u_000961,s_00042,2025-02-06 21:06:34,2025-02-06 21:07:34
v_000002931,u_001136,s_00005,2025-01-22 22:21:18,2025-01-22 22:33:18
v_000002932,u_000686,s_00031,2025-02-08 20:20:39,2025-02-08 20:32:39
v_000002933,u_000785,s_00030,2025-01-15 21:36:25,2025-01-15 22:30:25
v_000002934,u_000411,s_00055,2025-02-26 20:22:11,2025-02-26 20:23:11
v_000002935,u_000786,s_00065,2025-02-11 20:41:06,2025-02-11 20:42:06
v_000002936,u_001457,s_00140,2025-01-13 21:25:06,2025-01-13 22:03:06
v_000002937,u_000229,s_00149,2025-01-15 17:46:39,2025-01-15 17:59:39
v_000002938,u_000488,s_00117,2025-01-21 18:27:08,2025-01-21 18:58:08
v_000002939,u_000587,s_00067,2025-02-16 23:58:27,2025-02-17 00:07:27
v_000002940,u_000162,s_00004,2025-01-31 22:25:54,2025-01-31 22:51:54
v_000002941,u_000087,s_00099,2025-01-15 22:26:18,2025-01-15 22:29:18
v_000002942,u_000732,s_00133,2025-02-23 21:00:27,2025-02-23 21:01:27
v_000002943,u_000523,s_00102,2025-01-03 21:26:46,2025-01-03 21:36:46
v_000002944,u_000366,s_00121,2025-02-08 20:15:24,2025-02-08 20:42:24
v_000002945,u_001112,s_00149,2025-01-11 22:27:35,2025-01-11 23:01:35
v_000002946,u_001035,s_00125,2025-02-08 19:04:38,2025-02-08 19:17:38
v_000002947,u_001594,s_00067,2025-01-17 18:59:35,2025-01-17 19:02:35
v_000002948,u_001830,s_00113,2025-02-08 22:54:29,2025-02-08 23:02:29
v_000002949,u_000677,s_00010,2025-01-28 18:05:43,2025-01-28 18:37:43
v_000002950,u_000813,s_00005,2025-01-31 23:02:50,2025-01-31 23:04:50
v_000002951,u_001569,s_00145,2025-01-14 23:19:02,2025-01-14 23:27:02
v_000002952,u_001841,s_00139,2025-02-08 17:31:53,2025-02-08 17:36:53
v_000002953,u_001857,s_00102,2025-01-11 14:38:17,2025-01-11 15:10:17
v_000002954,u_001174,s_00125,2025-01-13 20:18:32,2025-01-13 20:24:32
v_000002955,u_000469,s_00048,2025-01-22 19:18:03,2025-01-22 21:19:03
v_000002956,u_001021,s_00082,2025-01-15 14:54:40,2025-01-15 14:58:40
v_000002957,u_000388,s_00022,2025-01-19 20:59:23,2025-01-19 21:10:23
v_000002958,u_000027,s_00113,2025-01-29 22:22:39,2025-01-29 22:37:39
v_000002959,u_000956,s_00056,2025-01-01 11:57:04,2025-01-01 12:07:04
v_000002960,u_000668,s_00012,2025-02-18 22:00:50,2025-02-18 22:04:50
v_000002961,u_001697,s_00065,2025-01-03 20:10:38,2025-01-03 20:40:38
v_000002962,u_000304,s_00080,2025-02-18 23:54:12,2025-02-18 23:57:12
v_000002963,u_001280,s_00025,2025-01-27 23:29:37,2025-01-27 23:30:37
v_000002964,u_001762,s_00067,2025-01-26 12:06:17,2025-01-26 12:11:17
v_000002965,u_000381,s_00097,2025-02-03 16:24:49,2025-02-03 16:49:49
v_000002966,u_001044,s_00113,2025-01-08 16:47:16,2025-01-08 16:52:16
v_000002967,u_001377,s_00089,2025-02-16 22:58:43,2025-02-17 00:28:43
v_000002968,u_000465,s_00147,2025-02-10 21:37:02,2025-02-10 21:44:02
v_000002969,u_001486,s_00094,2025-02-14 14:10:59,2025-02-14 14:23:59
v_000002970,u_000311,s_00099,2025-02-22 17:44:51,2025-02-22 18:06:51
v_000002971,u_000337,s_00117,2025-02-10 15:55:28,2025-02-10 16:03:28
v_000002972,u_001467,s_00063,2025-01-21 23:46:45,2025-01-22 00:01:45
v_000002973,u_000603,s_00027,2025-01-02 15:30:20,2025-01-02 15:35:20
v_000002974,u_001413,s_00126,2025-02-17 22:49:06,2025-02-17 23:17:06
v_000002975,u_000665,s_00149,2025-01-21 20:35:52,2025-01-21 21:39:52
v_000002976,u_000011,s_00130,2025-01-15 23:09:48,2025-01-15 23:24:48
v_000002977,u_000927,s_00023,2025-01-04 20:42:56,2025-01-04 20:51:56
v_000002978,u_000582,s_00075,2025-01-18 19:43:06,2025-01-18 19:44:06
v_000002979,u_001428,s_00097,2025-02-11 23:10:29,2025-02-11 23:37:29
v_000002980,u_000380,s_00029,2025-02-20 18:54:08,2025-02-20 19:33:08
v_000002981,u_001700,s_00016,2025-01-14 18:32:02,2025-01-14 18:50:02
v_000002982,u_001427,s_00036,2025-01-10 23:54:46,2025-01-11 00:23:46
v_000002983,u_001175,s_00055,2025-01-22 22:22:46,2025-01-22 22:41:46
v_000002984,u_001815,s_00105,2025-02-22 19:04:14,2025-02-22 20:06:14
v_000002985,u_001344,s_00023,2025-02-18 15:44:12,2025-02-18 16:22:12
v_000002986,u_001751,s_00023,2025-02-27 13:42:10,2025-02-27 14:23:10
v_000002987,u_001856,s_00032,2025-02-03 17:23:03,2025-02-03 19:01:03
v_000002988,u_000996,s_00052,2025-02-23 08:21:07,2025-02-23 09:13:07
v_000002989,u_001241,s_00026,2025-01-03 17:31:14,2025-01-03 18:23:14
v_000002990,u_001661,s_00124,2025-01-20 17:53:43,2025-01-20 17:54:43
v_000002991,u_000351,s_00109,2025-01-21 17:25:30,2025-01-21 17:41:30
v_000002992,u_001998,s_00078,2025-02-06 18:55:08,2025-02-06 19:04:08
v_000002993,u_001091,s_00079,2025-02-13 23:05:28,2025-02-13 23:53:28
v_000002994,u_001627,s_00135,2025-01-06 18:44:28,2025-01-06 19:18:28
v_000002995,u_001560,s_00110,2025-02-18 17:34:11,2025-02-18 17:35:11
v_000002996,u_001177,s_00145,2025-02-11 21:37:12,2025-02-11 21:38:12
v_000002997,u_000100,s_00052,2025-01-09 18:52:01,2025-01-09 19:55:01
v_000002998,u_001399,s_00132,2025-01-08 12:46:42,2025-01-08 12:49:42
v_000002999,u_000438,s_00139,2025-01-16 10:45:03,2025-01-16 10:55:03
v_000003000,u_000183,s_00111,2025-02-08 19:17:03,2025-02-08 19:48:03
v_000003001,u_001681,s_00020,2025-02-18 20:39:49,2025-02-18 20:50:49
v_000003002,u_000528,s_00059,2025-02-22 22:34:09,2025-02-22 22:41:09
v_000003003,u_001892,s_00129,2025-02-03 16:36:12,2025-02-03 16:53:12
v_000003004,u_000753,s_00032,2025-02-27 15:28:37,2025-02-27 15:37:37
v_000003005,u_000423,s_00040,2025-02-18 20:17:28,2025-02-18 20:27:28
v_000003006,u_001797,s_00111,2025-01-27 21:42:27,2025-01-27 22:24:27
v_000003007,u_000473,s_00047,2025-02-10 14:04:05,2025-02-10 14:17:05
v_000003008,u_000430,s_00118,2025-01-19 22:45:43,2025-01-19 23:10:43
v_000003009,u_000390,s_00137,2025-01-01 17:35:19,2025-01-01 17:58:19
v_000003010,u_000062,s_00057,2025-01-26 18:55:04,2025-01-26 19:32:04
v_000003011,u_000713,s_00042,2025-02-28 21:00:55,2025-02-28 21:01:55
v_000003012,u_000642,s_00081,2025-01-20 19:26:04,2025-01-20 20:01:04
v_000003013,u_001975,s_00044,2025-01-07 14:01:08,2025-01-07 14:06:08
v_000003014,u_000873,s_00142,2025-02-23 21:37:59,2025-02-23 22:20:59
v_000003015,u_001898,s_00134,2025-01-26 19:01:25,2025-01-26 19:44:25
v_000003016,u_000500,s_00143,2025-01-21 23:11:18,2025-01-21 23:30:18
v_000003017,u_001756,s_00080,2025-01-23 16:50:47,2025-01-23 17:25:47
v_000003018,u_000978,s_00016,2025-01-16 23:18:19,2025-01-16 23:24:19
v_000003019,u_001762,s_00075,2025-02-14 23:17:39,2025-02-14 23:22:39
v_000003020,u_001805,s_00017,2025-01-07 13:46:50,2025-01-07 14:02:50
v_000003021,u_000630,s_00000,2025-02-10 14:23:28,2025-02-10 14:24:28
v_000003022,u_000249,s_00008,2025-01-18 18:22:52,2025-01-18 18:23:52
v_000003023,u_000487,s_00057,2025-01-31 17:17:53,2025-01-31 17:23:53
v_000003024,u_000801,s_00097,2025-02-20 23:47:28,2025-02-20 23:54:28
v_000003025,u_000841,s_00143,2025-02-06 18:55:11,2025-02-06 20:14:11
v_000003026,u_000075,s_00021,2025-02-19 23:10:04,2025-02-19 23:19:04
v_000003027,u_001113,s_00112,2025-01-08 23:53:55,2025-01-09 00:15:55
v_000003028,u_001475,s_00072,2025-01-02 20:20:52,2025-01-02 20:33:52
v_000003029,u_000500,s_00143,2025-02-01 23:35:29,2025-02-01 23:43:29
v_000003030,u_001314,s_00004,2025-01-21 18:32:49,2025-01-21 18:33:49
v_000003031,u_001364,s_00080,2025-03-01 14:02:50,2025-03-01 14:03:50
v_000003032,u_001798,s_00077,2025-02-28 23:20:36,2025-02-28 23:24:36
v_000003033,u_001896,s_00091,2025-02-11 23:15:10,2025-02-11 23:39:10
v_000003034,u_000049,s_00042,2025-02-04 20:48:30,2025-02-04 21:39:30
v_000003035,u_001174,s_00119,2025-01-13 12:30:37,2025-01-13 13:00:37
v_000003036,u_001897,s_00032,2025-02-12 17:38:26,2025-02-12 17:51:26
v_000003037,u_001372,s_00037,2025-02-01 12:42:07,2025-02-01 13:20:07
v_000003038,u_001649,s_00119,2025-01-07 18:18:58,2025-01-07 19:10:58
v_000003039,u_001308,s_00033,2025-02-04 20:24:39,2025-02-04 21:54:39
v_000003040,u_000657,s_00015,2025-02-18 19:50:14,2025-02-18 20:31:14
v_000003041,u_001311,s_00038,2025-02-17 17:12:22,2025-02-17 18:01:22
v_000003042,u_001117,s_00026,2025-01-28 17:51:07,2025-01-28 18:08:07
v_000003043,u_000229,s_00149,2025-01-17 20:23:51,2025-01-17 20:42:51
v_000003044,u_001626,s_00050,2025-02-26 13:32:33,2025-02-26 14:16:33
v_000003045,u_001419,s_00126,2025-02-01 23:03:32,2025-02-02 00:17:32
v_000003046,u_001679,s_00065,2025-01-13 13:38:50,2025-01-13 14:39:50
v_000003047,u_000043,s_00088,2025-02-09 14:58:12,2025-02-09 15:18:12
v_000003048,u_000363,s_00067,2025-02-10 17:52:12,2025-02-10 17:53:12
v_000003049,u_000944,s_00086,2025-01-13 19:28:19,2025-01-13 19:29:19
v_000003050,u_000286,s_00108,2025-02-14 23:29:49,2025-02-14 23:56:49
v_000003051,u_000825,s_00064,2025-01-29 22:32:01,2025-01-29 23:13:01
v_000003052,u_001262,s_00105,2025-02-05 21:47:31,2025-02-05 22:07:31
v_000003053,u_000036,s_00062,2025-02-08 17:39:00,2025-02-08 18:07:00
v_000003054,u_001889,s_00063,2025-02-17 19:26:11,2025-02-17 19:46:11
v_000003055,u_001050,s_00134,2025-02-14 21:31:10,2025-02-14 22:13:10
v_000003056,u_001169,s_00009,2025-02-10 21:56:13,2025-02-10 21:57:13
v_000003057,u_001103,s_00139,2025-02-03 18:19:19,2025-02-03 18:21:19
v_000003058,u_000367,s_00112,2025-01-12 22:32:20,2025-01-12 23:30:20
v_000003059,u_000570,s_00120,2025-01-03 23:26:50,2025-01-03 23:46:50
v_000003060,u_000277,s_00112,2025-01-09 19:27:31,2025-01-09 20:07:31
v_000003061,u_000819,s_00017,2025-01-06 23:35:23,2025-01-06 23:38:23
v_000003062,u_001261,s_00041,2025-01-21 23:41:43,2025-01-21 23:42:43
v_000003063,u_001074,s_00000,2025-01-25 15:44:47,2025-01-25 16:09:47
v_000003064,u_000176,s_00077,2025-01-29 23:48:09,2025-01-29 23:53:09
v_000003065,u_000552,s_00051,2025-01-24 13:29:50,2025-01-24 13:43:50
v_000003066,u_000456,s_00033,2025-01-22 19:20:17,2025-01-22 19:21:17
v_000003067,u_001190,s_00021,2025-02-06 20:10:00,2025-02-06 20:12:00
v_000003068,u_000604,s_00123,2025-01-12 18:05:40,2025-01-12 18:09:40
v_000003069,u_000243,s_00148,2025-01-28 20:58:46,2025-01-28 20:59:46
v_000003070,u_001864,s_00030,2025-02-12 21:12:35,2025-02-12 21:39:35
v_000003071,u_000001,s_00027,2025-02-10 11:00:25,2025-02-10 11:15:25
v_000003072,u_000466,s_00127,2025-01-18 16:44:15,2025-01-18 16:48:15
v_000003073,u_001766,s_00059,2025-02-03 23:30:44,2025-02-03 23:31:44
v_000003074,u_000478,s_00072,2025-02-10 23:18:36,2025-02-10 23:36:36
v_000003075,u_001259,s_00069,2025-01-18 23:57:49,2025-01-19 00:06:49
v_000003076,u_000611,s_00141,2025-02-03 21:43:19,2025-02-03 21:44:19
v_000003077,u_000653,s_00029,2025-01-07 23:57:14,2025-01-08 00:03:14
v_000003078,u_000303,s_00019,2025-01-18 19:11:20,2025-01-18 19:53:20
v_000003079,u_000361,s_00064,2025-02-03 21:34:12,2025-02-03 21:54:12
v_000003080,u_001981,s_00133,2025-02-02 21:35:21,2025-02-02 22:05:21
v_000003081,u_001722,s_00041,2025-03-01 20:26:33,2025-03-01 20:48:33
v_000003082,u_001946,s_00107,2025-01-25 15:35:10,2025-01-25 16:04:10
v_000003083,u_001550,s_00116,2025-02-26 16:26:10,2025-02-26 16:48:10
v_000003084,u_000166,s_00049,2025-01-20 17:24:58,2025-01-20 17:32:58
v_000003085,u_001644,s_00034,2025-02-21 21:02:24,2025-02-21 21:40:24
v_000003086,u_001879,s_00136,2025-02-20 22:12:37,2025-02-20 22:24:37
v_000003087,u_001654,s_00053,2025-01-14 10:11:22,2025-01-14 10:14:22
v_000003088,u_001583,s_00024,2025-01-16 23:51:19,2025-01-17 00:09:19
v_000003089,u_000269,s_00012,2025-02-17 19:53:33,2025-02-17 20:29:33
v_000003090,u_000802,s_00039,2025-02-01 20:16:04,2025-02-01 20:46:04
v_000003091,u_000096,s_00054,2025-02-05 23:03:50,2025-02-05 23:44:50
v_000003092,u_001724,s_00044,2025-01-23 14:55:08,2025-01-23 14:56:08
v_000003093,u_000024,s_00086,2025-01-29 16:03:35,2025-01-29 16:35:35
v_000003094,u_001463,s_00068,2025-02-19 18:21:54,2025-02-19 18:31:54
v_000003095,u_000085,s_00069,2025-02-06 21:12:42,2025-02-06 21:16:42
v_000003096,u_001314,s_00004,2025-02-09 13:28:50,2025-02-09 13:33:50
v_000003097,u_000321,s_00063,2025-01-31 15:33:52,2025-01-31 15:36:52
v_000003098,u_001093,s_00148,2025-01-08 11:25:22,2025-01-08 11:39:22
v_000003099,u_000062,s_00052,2025-02-16 19:11:45,2025-02-16 19:13:45
v_000003100,u_001188,s_00145,2025-01-13 12:11:41,2025-01-13 12:17:41
v_000003101,u_001327,s_00093,2025-01-14 21:08:54,2025-01-14 21:56:54
v_000003102,u_000079,s_00004,2025-02-15 23:21:05,2025-02-15 23:44:05
v_000003103,u_001746,s_00137,2025-01-26 17:32:27,2025-01-26 17:48:27
v_000003104,u_001423,s_00022,2025-01-15 22:20:18,2025-01-15 22:39:18
v_000003105,u_000527,s_00086,2025-01-27 19:32:48,2025-01-27 19:40:48
v_000003106,u_001361,s_00093,2025-01-17 22:56:35,2025-01-17 23:02:35
v_000003107,u_000430,s_00020,2025-02-20 22:12:23,2025-02-20 23:03:23
v_000003108,u_001139,s_00122,2025-02-05 23:14:33,2025-02-05 23:29:33
v_000003109,u_000803,s_00033,2025-02-26 19:17:52,2025-02-26 20:11:52
v_000003110,u_001203,s_00003,2025-01-23 21:59:26,2025-01-23 22:00:26
v_000003111,u_000085,s_00073,2025-01-26 14:58:39,2025-01-26 15:14:39
v_000003112,u_000763,s_00148,2025-02-02 20:43:10,2025-02-02 20:44:10
v_000003113,u_000001,s_00119,2025-01-28 21:42:23,2025-01-28 21:50:23
v_000003114,u_000258,s_00000,2025-01-04 23:47:05,2025-01-05 00:55:05
v_000003115,u_000686,s_00012,2025-02-07 17:43:17,2025-02-07 17:53:17
v_000003116,u_001590,s_00106,2025-01-28 15:24:55,2025-01-28 16:00:55
v_000003117,u_000696,s_00053,2025-01-12 23:30:58,2025-01-12 23:41:58
v_000003118,u_000116,s_00082,2025-01-24 15:11:05,2025-01-24 15:25:05
v_000003119,u_000752,s_00131,2025-02-16 21:23:41,2025-02-16 22:18:41
v_000003120,u_001414,s_00142,2025-02-14 19:25:10,2025-02-14 19:57:10
v_000003121,u_001076,s_00132,2025-02-01 13:44:51,2025-02-01 13:45:51
v_000003122,u_001250,s_00009,2025-02-07 21:44:45,2025-02-07 21:46:45
v_000003123,u_001660,s_00067,2025-02-20 15:44:04,2025-02-20 15:52:04
v_000003124,u_000957,s_00058,2025-03-01 15:00:06,2025-03-01 15:29:06
v_000003125,u_000283,s_00141,2025-02-09 23:08:05,2025-02-09 23:32:05
v_000003126,u_000915,s_00086,2025-02-16 20:39:51,2025-02-16 20:46:51
v_000003127,u_001288,s_00036,2025-02-16 22:22:50,2025-02-16 22:48:50
v_000003128,u_000056,s_00038,2025-02-07 13:08:51,2025-02-07 13:49:51
v_000003129,u_000399,s_00145,2025-03-01 23:14:23,2025-03-01 23:15:23
v_000003130,u_000196,s_00099,2025-02-08 14:39:57,2025-02-08 14:45:57
v_000003131,u_000321,s_00092,2025-01-06 18:32:48,2025-01-06 18:42:48
v_000003132,u_001986,s_00125,2025-01-11 18:57:18,2025-01-11 19:22:18
v_000003133,u_001773,s_00055,2025-02-01 23:17:13,2025-02-02 00:14:13
v_000003134,u_000732,s_00133,2025-01-13 18:15:54,2025-01-13 18:49:54
v_000003135,u_000076,s_00098,2025-02-22 21:01:05,2025-02-22 21:04:05
v_000003136,u_000871,s_00058,2025-01-24 14:25:19,2025-01-24 14:51:19
v_000003137,u_000104,s_00139,2025-02-28 20:11:05,2025-02-28 20:17:05
v_000003138,u_000534,s_00097,2025-02-14 18:20:24,2025-02-14 18:55:24
v_000003139,u_001268,s_00123,2025-02-21 22:27:48,2025-02-21 22:44:48
v_000003140,u_001873,s_00143,2025-01-03 23:31:15,2025-01-03 23:32:15
v_000003141,u_001197,s_00059,2025-01-20 20:29:37,2025-01-20 20:56:37
v_000003142,u_000487,s_00047,2025-02-26 23:10:03,2025-02-26 23:34:03
v_000003143,u_000555,s_00103,2025-02-21 16:48:07,2025-02-21 16:57:07
v_000003144,u_000391,s_00040,2025-03-01 22:18:58,2025-03-01 22:21:58
v_000003145,u_001356,s_00026,2025-01-25 17:05:37,2025-01-25 17:46:37
v_000003146,u_001962,s_00127,2025-02-28 22:48:11,2025-02-28 22:51:11
v_000003147,u_001496,s_00072,2025-02-03 13:23:47,2025-02-03 13:24:47
v_000003148,u_000919,s_00099,2025-02-14 16:20:52,2025-02-14 16:21:52
v_000003149,u_001195,s_00001,2025-01-13 18:42:11,2025-01-13 19:55:11
v_000003150,u_000233,s_00100,2025-02-25 15:03:02,2025-02-25 15:37:02
v_000003151,u_000039,s_00004,2025-01-20 19:22:48,2025-01-20 19:30:48
v_000003152,u_000550,s_00024,2025-01-26 15:16:21,2025-01-26 15:47:21
v_000003153,u_000686,s_00086,2025-01-13 19:12:51,2025-01-13 19:27:51
v_000003154,u_000284,s_00028,2025-02-05 13:29:05,2025-02-05 13:44:05
v_000003155,u_001696,s_00124,2025-01-04 21:49:15,2025-01-04 22:03:15
v_000003156,u_001892,s_00110,2025-02-19 19:15:31,2025-02-19 20:00:31
v_000003157,u_000811,s_00110,2025-01-15 23:50:57,2025-01-15 23:56:57
v_000003158,u_001300,s_00061,2025-01-05 15:05:43,2025-01-05 15:12:43
v_000003159,u_000382,s_00069,2025-02-12 17:35:56,2025-02-12 17:40:56
v_000003160,u_000096,s_00054,2025-02-18 18:27:36,2025-02-18 18:37:36
v_000003161,u_000341,s_00119,2025-01-28 14:55:48,2025-01-28 15:05:48
v_000003162,u_001837,s_00039,2025-02-06 21:28:36,2025-02-06 21:33:36
v_000003163,u_000004,s_00015,2025-01-10 16:26:37,2025-01-10 16:46:37
v_000003164,u_000093,s_00126,2025-01-24 19:40:06,2025-01-24 19:42:06
v_000003165,u_000896,s_00075,2025-01-15 17:39:12,2025-01-15 17:41:12
v_000003166,u_001038,s_00050,2025-02-12 23:16:13,2025-02-12 23:22:13
v_000003167,u_001282,s_00067,2025-01-25 20:28:04,2025-01-25 20:42:04
v_000003168,u_000546,s_00098,2025-01-06 15:12:50,2025-01-06 15:38:50
v_000003169,u_000506,s_00040,2025-02-16 16:24:42,2025-02-16 16:27:42
v_000003170,u_000732,s_00100,2025-01-25 17:59:57,2025-01-25 18:38:57
v_000003171,u_001644,s_00034,2025-03-01 16:48:46,2025-03-01 17:06:46
v_000003172,u_001539,s_00095,2025-01-17 21:26:29,2025-01-17 21:31:29
v_000003173,u_001783,s_00065,2025-01-21 15:10:15,2025-01-21 15:18:15
v_000003174,u_001310,s_00068,2025-01-21 15:50:59,2025-01-21 16:32:59
v_000003175,u_000904,s_00049,2025-02-21 13:01:02,2025-02-21 13:03:02
v_000003176,u_001722,s_00074,2025-02-17 13:33:03,2025-02-17 13:34:03
v_000003177,u_000603,s_00017,2025-02-15 16:35:59,2025-02-15 16:39:59
v_000003178,u_000517,s_00085,2025-01-11 16:58:11,2025-01-11 17:33:11
v_000003179,u_001665,s_00149,2025-01-16 22:45:12,2025-01-16 22:52:12
v_000003180,u_001653,s_00092,2025-01-19 18:10:31,2025-01-19 18:11:31
v_000003181,u_000724,s_00140,2025-02-01 20:31:26,2025-02-01 20:44:26
v_000003182,u_000345,s_00105,2025-01-29 23:01:14,2025-01-29 23:14:14
v_000003183,u_000172,s_00119,2025-01-06 17:32:46,2025-01-06 18:05:46
v_000003184,u_001963,s_00037,2025-02-03 21:35:13,2025-02-03 22:37:13
v_000003185,u_000765,s_00076,2025-01-24 20:20:28,2025-01-24 21:12:28
v_000003186,u_000367,s_00096,2025-01-05 22:00:50,2025-01-05 22:04:50
v_000003187,u_000209,s_00069,2025-01-26 23:15:07,2025-01-26 23:19:07
v_000003188,u_000732,s_00133,2025-02-09 23:04:02,2025-02-09 23:12:02
v_000003189,u_001230,s_00097,2025-01-08 16:30:25,2025-01-08 16:37:25
v_000003190,u_001076,s_00132,2025-02-11 17:05:05,2025-02-11 17:34:05
v_000003191,u_001985,s_00037,2025-02-10 23:29:12,2025-02-10 23:33:12
v_000003192,u_001441,s_00062,2025-02-07 18:55:08,2025-02-07 19:09:08
v_000003193,u_000980,s_00003,2025-02-07 15:02:26,2025-02-07 16:38:26
v_000003194,u_000331,s_00092,2025-01-04 17:00:27,2025-01-04 17:25:27
v_000003195,u_001629,s_00022,2025-01-04 23:56:13,2025-01-05 00:01:13
v_000003196,u_000542,s_00125,2025-01-11 19:39:48,2025-01-11 21:04:48
v_000003197,u_000492,s_00001,2025-01-03 21:21:08,2025-01-03 22:08:08
v_000003198,u_000267,s_00105,2025-02-15 14:54:25,2025-02-15 15:35:25
v_000003199,u_001585,s_00097,2025-01-09 18:21:40,2025-01-09 18:22:40
v_000003200,u_001631,s_00144,2025-01-26 23:34:10,2025-01-26 23:57:10
v_000003201,u_000582,s_00143,2025-01-20 21:57:47,2025-01-20 21:58:47
v_000003202,u_001674,s_00040,2025-02-15 14:02:50,2025-02-15 14:23:50
v_000003203,u_001878,s_00059,2025-02-13 21:26:11,2025-02-13 21:39:11
v_000003204,u_001092,s_00082,2025-01-10 15:53:45,2025-01-10 15:57:45
v_000003205,u_000220,s_00046,2025-02-01 21:38:13,2025-02-01 21:47:13
v_000003206,u_001459,s_00059,2025-02-15 18:57:55,2025-02-15 19:10:55
v_000003207,u_001498,s_00012,2025-02-11 19:35:31,2025-02-11 20:48:31
v_000003208,u_000402,s_00069,2025-01-21 23:27:26,2025-01-21 23:32:26
v_000003209,u_000614,s_00139,2025-01-26 12:13:42,2025-01-26 12:38:42
v_000003210,u_001876,s_00069,2025-01-25 16:33:26,2025-01-25 16:35:26
v_000003211,u_000535,s_00109,2025-02-03 17:35:32,2025-02-03 17:40:32
v_000003212,u_001299,s_00110,2025-01-14 14:46:36,2025-01-14 14:53:36
v_000003213,u_000503,s_00013,2025-03-01 23:15:30,2025-03-01 23:27:30
v_000003214,u_000596,s_00055,2025-02-04 14:06:35,2025-02-04 14:39:35
v_000003215,u_001532,s_00015,2025-01-30 19:41:08,2025-01-30 20:14:08
v_000003216,u_001426,s_00030,2025-02-21 23:34:35,2025-02-21 23:35:35
v_000003217,u_000948,s_00120,2025-01-05 16:07:51,2025-01-05 16:13:51
v_000003218,u_000067,s_00053,2025-01-11 23:35:17,2025-01-11 23:43:17
v_000003219,u_000845,s_00091,2025-01-29 20:45:19,2025-01-29 20:49:19
v_000003220,u_001290,s_00031,2025-02-10 16:48:03,2025-02-10 16:59:03
v_000003221,u_000895,s_00134,2025-02-19 19:11:40,2025-02-19 19:25:40
v_000003222,u_000825,s_00045,2025-01-05 19:43:04,2025-01-05 20:04:04
v_000003223,u_000519,s_00087,2025-02-13 13:58:16,2025-02-13 14:05:16
v_000003224,u_000487,s_00057,2025-02-08 19:58:05,2025-02-08 20:33:05
v_000003225,u_001330,s_00064,2025-01-09 16:58:38,2025-01-09 17:58:38
v_000003226,u_001895,s_00060,2025-01-21 19:08:28,2025-01-21 19:56:28
v_000003227,u_000358,s_00101,2025-01-23 23:57:52,2025-01-24 00:41:52
v_000003228,u_001224,s_00071,2025-01-28 20:15:00,2025-01-28 20:21:00
v_000003229,u_001975,s_00023,2025-02-06 23:31:44,2025-02-06 23:38:44
v_000003230,u_000270,s_00072,2025-02-09 23:32:08,2025-02-09 23:34:08
v_000003231,u_001506,s_00081,2025-01-10 10:17:46,2025-01-10 10:33:46
v_000003232,u_001756,s_00021,2025-02-11 22:28:19,2025-02-12 00:01:19
v_000003233,u_001222,s_00134,2025-02-11 23:46:13,2025-02-12 00:04:13
v_000003234,u_001464,s_00110,2025-02-28 19:25:09,2025-02-28 19:40:09
v_000003235,u_001082,s_00004,2025-01-28 23:42:44,2025-01-29 00:15:44
v_000003236,u_001737,s_00010,2025-01-05 15:44:56,2025-01-05 16:15:56
v_000003237,u_001149,s_00073,2025-01-17 22:52:15,2025-01-17 22:58:15
v_000003238,u_001076,s_00117,2025-01-05 20:19:53,2025-01-05 21:27:53
v_000003239,u_000354,s_00148,2025-01-25 23:53:02,2025-01-25 23:57:02
v_000003240,u_001074,s_00000,2025-02-11 16:30:56,2025-02-11 16:41:56
v_000003241,u_001241,s_00124,2025-01-04 11:58:20,2025-01-04 12:01:20
v_000003242,u_000040,s_00071,2025-02-04 17:46:45,2025-02-04 17:48:45
v_000003243,u_001021,s_00052,2025-01-06 20:43:15,2025-01-06 21:14:15
v_000003244,u_000578,s_00000,2025-02-20 23:35:50,2025-02-20 23:48:50
v_000003245,u_000097,s_00063,2025-02-26 23:00:57,2025-02-26 23:06:57
v_000003246,u_000003,s_00041,2025-02-05 19:20:48,2025-02-05 19:33:48
v_000003247,u_000004,s_00132,2025-02-11 18:20:11,2025-02-11 19:03:11
v_000003248,u_000120,s_00089,2025-01-12 19:06:41,2025-01-12 19:25:41
v_000003249,u_001631,s_00144,2025-02-08 22:13:10,2025-02-08 22:19:10
v_000003250,u_000065,s_00096,2025-01-18 23:45:19,2025-01-19 00:13:19
v_000003251,u_001819,s_00086,2025-01-31 18:49:32,2025-01-31 18:54:32
v_000003252,u_000909,s_00060,2025-02-20 23:57:43,2025-02-21 00:13:43
v_000003253,u_001516,s_00068,2025-02-20 22:33:54,2025-02-20 22:54:54
v_000003254,u_000124,s_00039,2025-01-16 20:07:26,2025-01-16 20:31:26
v_000003255,u_001954,s_00114,2025-02-19 16:15:02,2025-02-19 17:11:02
v_000003256,u_000230,s_00073,2025-02-27 22:37:07,2025-02-27 23:05:07
v_000003257,u_001876,s_00069,2025-01-13 20:11:56,2025-01-13 20:16:56
v_000003258,u_001649,s_00006,2025-02-10 16:06:42,2025-02-10 16:11:42
v_000003259,u_001322,s_00087,2025-01-03 22:50:45,2025-01-03 23:12:45
v_000003260,u_001893,s_00050,2025-02-26 19:59:35,2025-02-26 20:35:35
v_000003261,u_001814,s_00077,2025-01-23 15:54:38,2025-01-23 16:23:38
v_000003262,u_001622,s_00141,2025-02-07 21:44:45,2025-02-07 22:28:45
v_000003263,u_000138,s_00092,2025-02-02 14:57:19,2025-02-02 15:05:19
v_000003264,u_001018,s_00043,2025-02-23 23:00:02,2025-02-23 23:01:02
v_000003265,u_001562,s_00049,2025-01-27 22:40:54,2025-01-27 23:21:54
v_000003266,u_001790,s_00023,2025-02-08 18:08:57,2025-02-08 18:09:57
v_000003267,u_000108,s_00081,2025-01-25 15:13:48,2025-01-25 15:29:48
v_000003268,u_000772,s_00068,2025-02-17 21:50:33,2025-02-17 22:03:33
v_000003269,u_001855,s_00062,2025-01-12 20:43:04,2025-01-12 21:14:04
v_000003270,u_001952,s_00081,2025-02-01 15:58:52,2025-02-01 16:06:52
v_000003271,u_000956,s_00032,2025-01-03 15:28:18,2025-01-03 15:41:18
v_000003272,u_001806,s_00112,2025-02-05 22:49:04,2025-02-05 23:04:04
v_000003273,u_001710,s_00089,2025-01-23 15:10:13,2025-01-23 15:39:13
v_000003274,u_000719,s_00039,2025-01-04 23:51:16,2025-01-05 00:10:16
v_000003275,u_001314,s_00044,2025-02-07 17:45:45,2025-02-07 17:54:45
v_000003276,u_001899,s_00022,2025-01-29 12:37:31,2025-01-29 12:43:31
v_000003277,u_001338,s_00082,2025-01-27 22:58:10,2025-01-27 23:01:10
v_000003278,u_001921,s_00076,2025-02-26 18:54:35,2025-02-26 18:55:35
v_000003279,u_000937,s_00065,2025-01-29 15:32:57,2025-01-29 15:37:57
v_000003280,u_001863,s_00039,2025-01-07 19:16:10,2025-01-07 19:21:10
v_000003281,u_000071,s_00064,2025-02-17 23:41:17,2025-02-17 23:56:17
v_000003282,u_001053,s_00117,2025-02-01 20:35:26,2025-02-01 21:36:26
v_000003283,u_000909,s_00101,2025-02-06 12:11:28,2025-02-06 12:22:28
v_000003284,u_000550,s_00024,2025-01-20 23:59:43,2025-01-21 00:21:43
v_000003285,u_000279,s_00000,2025-02-05 23:04:17,2025-02-05 23:07:17
v_000003286,u_001563,s_00028,2025-01-22 16:21:06,2025-01-22 16:22:06
v_000003287,u_001202,s_00087,2025-02-05 17:30:59,2025-02-05 18:24:59
v_000003288,u_001924,s_00041,2025-01-10 17:08:26,2025-01-10 17:26:26
v_000003289,u_001882,s_00027,2025-01-26 19:15:37,2025-01-26 19:44:37
v_000003290,u_000798,s_00096,2025-02-28 11:53:07,2025-02-28 12:07:07
v_000003291,u_000789,s_00094,2025-02-07 17:42:30,2025-02-07 18:12:30
v_000003292,u_001506,s_00006,2025-01-12 19:28:16,2025-01-12 20:29:16
v_000003293,u_001356,s_00086,2025-02-24 21:49:41,2025-02-24 22:21:41
v_000003294,u_001431,s_00066,2025-01-31 20:03:29,2025-01-31 20:04:29
v_000003295,u_000557,s_00143,2025-01-11 23:48:14,2025-01-11 23:58:14
v_000003296,u_001361,s_00003,2025-02-17 20:32:54,2025-02-17 20:38:54
v_000003297,u_001559,s_00005,2025-01-31 20:14:15,2025-01-31 21:02:15
v_000003298,u_001555,s_00011,2025-01-15 20:47:26,2025-01-15 20:48:26
v_000003299,u_000957,s_00029,2025-02-20 19:09:13,2025-02-20 19:21:13
v_000003300,u_000796,s_00061,2025-01-21 22:02:56,2025-01-21 22:12:56
v_000003301,u_001774,s_00112,2025-01-17 19:49:03,2025-01-17 19:55:03
v_000003302,u_001289,s_00126,2025-02-12 21:26:14,2025-02-12 21:36:14
v_000003303,u_000289,s_00062,2025-01-07 17:51:55,2025-01-07 18:14:55
v_000003304,u_000593,s_00079,2025-02-03 12:20:33,2025-02-03 12:30:33
v_000003305,u_001068,s_00053,2025-02-06 20:55:11,2025-02-06 21:23:11
v_000003306,u_001455,s_00081,2025-01-06 18:03:43,2025-01-06 18:27:43
v_000003307,u_001968,s_00118,2025-02-27 14:04:42,2025-02-27 14:45:42
v_000003308,u_000149,s_00066,2025-02-04 17:14:38,2025-02-04 17:30:38
v_000003309,u_001449,s_00043,2025-01-23 23:54:39,2025-01-24 00:24:39
v_000003310,u_000603,s_00108,2025-01-02 15:02:41,2025-01-02 15:38:41
v_000003311,u_001448,s_00121,2025-01-30 21:41:24,2025-01-30 21:50:24
v_000003312,u_001148,s_00087,2025-02-24 18:56:33,2025-02-24 18:57:33
v_000003313,u_001600,s_00019,2025-01-25 19:39:54,2025-01-25 19:55:54
v_000003314,u_001709,s_00147,2025-01-09 11:01:49,2025-01-09 11:47:49
v_000003315,u_001958,s_00097,2025-01-19 18:22:42,2025-01-19 18:48:42
v_000003316,u_000714,s_00101,2025-01-28 19:02:00,2025-01-28 19:39:00
v_000003317,u_000116,s_00089,2025-02-27 22:14:14,2025-02-27 22:41:14
v_000003318,u_000855,s_00036,2025-01-22 19:49:32,2025-01-22 20:20:32
v_000003319,u_000723,s_00084,2025-02-25 16:22:49,2025-02-25 17:11:49
v_000003320,u_001714,s_00111,2025-01-30 15:13:13,2025-01-30 15:14:13
v_000003321,u_001588,s_00077,2025-02-16 20:16:04,2025-02-16 21:17:04
v_000003322,u_001576,s_00024,2025-01-09 20:40:35,2025-01-09 20:59:35
v_000003323,u_000526,s_00030,2025-02-07 16:18:05,2025-02-07 16:19:05
v_000003324,u_000856,s_00123,2025-02-11 17:40:31,2025-02-11 18:08:31
v_000003325,u_000478,s_00106,2025-01-20 20:19:40,2025-01-20 20:43:40
v_000003326,u_000689,s_00129,2025-02-20 21:12:18,2025-02-20 21:35:18
v_000003327,u_001962,s_00039,2025-01-07 18:13:12,2025-01-07 18:43:12
v_000003328,u_000612,s_00068,2025-02-19 20:47:53,2025-02-19 21:03:53
v_000003329,u_001199,s_00129,2025-02-15 11:22:51,2025-02-15 11:37:51
v_000003330,u_000988,s_00058,2025-01-25 17:19:45,2025-01-25 17:24:45
v_000003331,u_001363,s_00114,2025-01-27 23:54:34,2025-01-28 00:04:34
v_000003332,u_001602,s_00106,2025-01-03 12:47:16,2025-01-03 13:01:16
v_000003333,u_000790,s_00037,2025-02-19 17:21:16,2025-02-19 19:10:16
v_000003334,u_000273,s_00003,2025-02-03 18:04:37,2025-02-03 18:12:37
v_000003335,u_001668,s_00029,2025-02-12 21:12:22,2025-02-12 21:49:22
v_000003336,u_000927,s_00064,2025-02-20 15:51:24,2025-02-20 16:23:24
v_000003337,u_000297,s_00063,2025-02-17 23:48:45,2025-02-18 00:29:45
v_000003338,u_000041,s_00063,2025-02-17 23:18:57,2025-02-17 23:58:57
v_000003339,u_000979,s_00039,2025-02-16 17:40:15,2025-02-16 17:41:15
v_000003340,u_000848,s_00013,2025-02-08 22:49:26,2025-02-09 00:00:26
v_000003341,u_000564,s_00052,2025-02-12 15:04:07,2025-02-12 15:07:07
v_000003342,u_000682,s_00003,2025-01-14 19:34:58,2025-01-14 19:36:58
v_000003343,u_000515,s_00087,2025-01-11 17:38:48,2025-01-11 19:24:48
v_000003344,u_000262,s_00098,2025-01-21 13:25:33,2025-01-21 14:19:33
v_000003345,u_001012,s_00025,2025-01-29 17:43:57,2025-01-29 17:45:57
v_000003346,u_001603,s_00025,2025-01-27 22:21:40,2025-01-27 22:23:40
v_000003347,u_000102,s_00049,2025-01-26 22:39:26,2025-01-26 22:41:26
v_000003348,u_000658,s_00103,2025-01-28 23:49:29,2025-01-29 00:10:29
v_000003349,u_000210,s_00148,2025-01-21 23:06:58,2025-01-22 00:02:58
v_000003350,u_001837,s_00129,2025-02-19 22:19:29,2025-02-19 22:38:29
v_000003351,u_001755,s_00059,2025-02-17 19:06:54,2025-02-17 19:08:54
v_000003352,u_001029,s_00071,2025-01-11 16:57:09,2025-01-11 17:04:09
v_000003353,u_001543,s_00081,2025-02-02 23:33:35,2025-02-02 23:40:35
v_000003354,u_000025,s_00036,2025-01-20 22:34:07,2025-01-20 22:55:07
v_000003355,u_000985,s_00008,2025-01-30 20:59:56,2025-01-30 21:07:56
v_000003356,u_000802,s_00035,2025-01-17 23:59:51,2025-01-18 01:28:51
v_000003357,u_000760,s_00020,2025-02-03 17:11:00,2025-02-03 17:43:00
v_000003358,u_000136,s_00140,2025-01-21 19:30:59,2025-01-21 20:16:59
v_000003359,u_000841,s_00004,2025-01-16 22:59:30,2025-01-16 23:09:30
v_000003360,u_000890,s_00147,2025-01-19 14:33:07,2025-01-19 14:38:07
v_000003361,u_001770,s_00133,2025-01-27 23:56:16,2025-01-28 00:20:16
v_000003362,u_001106,s_00041,2025-02-25 19:35:10,2025-02-25 20:24:10
v_000003363,u_000919,s_00030,2025-01-16 15:35:41,2025-01-16 15:41:41
v_000003364,u_000120,s_00012,2025-02-21 16:32:35,2025-02-21 16:44:35
v_000003365,u_000166,s_00049,2025-01-23 22:57:31,2025-01-23 23:20:31
v_000003366,u_001159,s_00108,2025-02-15 20:27:03,2025-02-15 20:49:03
v_000003367,u_000255,s_00055,2025-02-09 21:40:28,2025-02-09 21:41:28
v_000003368,u_000796,s_00061,2025-02-11 20:20:32,2025-02-11 21:17:32
v_000003369,u_001208,s_00049,2025-01-16 20:36:00,2025-01-16 21:00:00
v_000003370,u_000491,s_00043,2025-01-14 17:49:59,2025-01-14 17:58:59
v_000003371,u_000858,s_00111,2025-02-14 14:10:26,2025-02-14 14:12:26
v_000003372,u_000586,s_00146,2025-02-16 17:48:07,2025-02-16 18:08:07
v_000003373,u_000193,s_00022,2025-01-20 15:34:34,2025-01-20 16:06:34
v_000003374,u_000730,s_00124,2025-01-05 23:41:16,2025-01-05 23:50:16
v_000003375,u_001376,s_00094,2025-01-21 21:49:57,2025-01-21 21:51:57
v_000003376,u_000956,s_00100,2025-02-15 16:24:39,2025-02-15 17:03:39
v_000003377,u_000630,s_00052,2025-02-08 19:16:46,2025-02-08 19:48:46
v_000003378,u_000206,s_00065,2025-02-01 21:00:33,2025-02-01 21:54:33
v_000003379,u_001255,s_00071,2025-02-11 20:07:33,2025-02-11 21:10:33
v_000003380,u_001426,s_00030,2025-01-24 17:06:52,2025-01-24 17:33:52
v_000003381,u_001653,s_00123,2025-01-05 22:28:12,2025-01-05 22:47:12
v_000003382,u_000167,s_00088,2025-01-21 23:29:46,2025-01-21 23:33:46
v_000003383,u_000630,s_00017,2025-02-06 18:47:18,2025-02-06 19:00:18
v_000003384,u_000180,s_00017,2025-02-18 13:10:29,2025-02-18 13:53:29
v_000003385,u_001506,s_00125,2025-01-15 11:48:06,2025-01-15 11:56:06
v_000003386,u_001443,s_00010,2025-02-17 23:09:54,2025-02-17 23:25:54
v_000003387,u_001130,s_00047,2025-01-04 21:52:17,2025-01-04 21:58:17
v_000003388,u_001142,s_00072,2025-01-05 16:06:26,2025-01-05 16:11:26
v_000003389,u_000077,s_00102,2025-02-02 17:59:37,2025-02-02 18:41:37
v_000003390,u_001904,s_00026,2025-02-23 19:07:36,2025-02-23 19:34:36
v_000003391,u_000419,s_00044,2025-02-11 23:55:13,2025-02-12 00:04:13
v_000003392,u_001594,s_00010,2025-02-04 20:47:21,2025-02-04 21:44:21
v_000003393,u_000184,s_00054,2025-01-19 21:56:28,2025-01-19 22:42:28
v_000003394,u_000470,s_00093,2025-02-03 23:47:35,2025-02-03 23:55:35
v_000003395,u_001822,s_00068,2025-01-20 16:58:29,2025-01-20 17:01:29
v_000003396,u_000482,s_00023,2025-02-04 21:31:06,2025-02-04 21:32:06
v_000003397,u_001612,s_00043,2025-01-28 13:39:56,2025-01-28 13:42:56
v_000003398,u_001206,s_00029,2025-01-30 17:55:12,2025-01-30 18:42:12
v_000003399,u_001951,s_00035,2025-01-06 23:43:04,2025-01-07 00:28:04
v_000003400,u_001726,s_00033,2025-01-05 22:38:33,2025-01-05 22:44:33
v_000003401,u_001853,s_00135,2025-01-19 19:06:15,2025-01-19 19:07:15
v_000003402,u_000098,s_00115,2025-01-19 17:23:39,2025-01-19 17:38:39
v_000003403,u_000571,s_00103,2025-02-09 16:37:38,2025-02-09 16:53:38
v_000003404,u_001407,s_00015,2025-01-19 16:53:48,2025-01-19 17:06:48
v_000003405,u_000952,s_00020,2025-02-14 17:08:43,2025-02-14 17:17:43
v_000003406,u_000227,s_00101,2025-02-08 23:10:52,2025-02-08 23:17:52
v_000003407,u_001962,s_00046,2025-02-17 23:37:13,2025-02-17 23:40:13
v_000003408,u_000606,s_00037,2025-02-02 23:53:22,2025-02-03 00:04:22
v_000003409,u_001730,s_00074,2025-02-23 17:01:06,2025-02-23 17:39:06
v_000003410,u_000212,s_00065,2025-01-12 22:23:30,2025-01-12 22:24:30
v_000003411,u_001492,s_00047,2025-02-08 23:04:42,2025-02-08 23:27:42
v_000003412,u_000884,s_00054,2025-02-19 13:57:12,2025-02-19 13:58:12
v_000003413,u_000615,s_00068,2025-02-08 16:58:22,2025-02-08 17:24:22
v_000003414,u_001202,s_00021,2025-01-28 23:41:36,2025-01-28 23:48:36
v_000003415,u_000769,s_00130,2025-01-19 13:18:56,2025-01-19 13:21:56
v_000003416,u_000032,s_00035,2025-01-17 22:40:02,2025-01-17 23:15:02
v_000003417,u_000866,s_00097,2025-02-23 17:47:55,2025-02-23 17:58:55
v_000003418,u_001582,s_00145,2025-01-31 23:34:57,2025-01-31 23:46:57
v_000003419,u_001419,s_00126,2025-01-27 17:08:40,2025-01-27 17:13:40
v_000003420,u_000048,s_00008,2025-02-03 21:04:35,2025-02-03 21:20:35
v_000003421,u_001810,s_00057,2025-02-12 23:04:10,2025-02-12 23:05:10
v_000003422,u_001678,s_00063,2025-02-20 23:27:10,2025-02-21 00:00:10
v_000003423,u_001994,s_00115,2025-01-14 20:42:21,2025-01-14 21:10:21
v_000003424,u_000149,s_00060,2025-02-26 15:37:05,2025-02-26 15:48:05
v_000003425,u_000977,s_00123,2025-01-31 14:31:12,2025-01-31 15:18:12
v_000003426,u_001966,s_00050,2025-01-27 15:20:41,2025-01-27 16:02:41
v_000003427,u_000213,s_00123,2025-02-05 16:16:37,2025-02-05 16:37:37
v_000003428,u_000132,s_00002,2025-02-03 23:49:44,2025-02-04 00:06:44
v_000003429,u_000709,s_00086,2025-02-17 17:24:48,2025-02-17 17:41:48
v_000003430,u_001511,s_00065,2025-02-03 20:01:12,2025-02-03 20:15:12
v_000003431,u_001972,s_00046,2025-01-26 21:35:10,2025-01-26 22:12:10
v_000003432,u_001726,s_00033,2025-01-30 21:22:56,2025-01-30 21:51:56
v_000003433,u_000063,s_00000,2025-01-20 21:35:20,2025-01-20 21:45:20
v_000003434,u_000954,s_00113,2025-02-17 23:41:46,2025-02-17 23:50:46
v_000003435,u_001878,s_00088,2025-01-20 21:16:26,2025-01-20 21:27:26
v_000003436,u_001059,s_00045,2025-01-26 19:57:49,2025-01-26 20:37:49
v_000003437,u_000267,s_00077,2025-01-09 23:04:05,2025-01-09 23:20:05
v_000003438,u_001289,s_00142,2025-01-17 18:40:23,2025-01-17 18:42:23
v_000003439,u_001137,s_00115,2025-01-23 23:03:26,2025-01-23 23:10:26
v_000003440,u_001298,s_00077,2025-02-16 15:23:49,2025-02-16 15:44:49
v_000003441,u_000773,s_00020,2025-01-13 18:07:40,2025-01-13 18:35:40
v_000003442,u_001591,s_00095,2025-02-03 14:42:19,2025-02-03 15:27:19
v_000003443,u_000717,s_00127,2025-01-22 12:25:27,2025-01-22 12:41:27
v_000003444,u_000800,s_00026,2025-02-16 23:04:48,2025-02-16 23:09:48
v_000003445,u_001894,s_00141,2025-01-26 19:38:48,2025-01-26 20:18:48
v_000003446,u_001700,s_00002,2025-01-10 21:44:54,2025-01-10 21:51:54
v_000003447,u_001304,s_00101,2025-01-10 19:44:20,2025-01-10 19:49:20
v_000003448,u_000172,s_00120,2025-01-14 12:09:50,2025-01-14 12:20:50
v_000003449,u_000662,s_00007,2025-02-11 23:41:16,2025-02-11 23:54:16
v_000003450,u_000265,s_00020,2025-02-08 15:47:00,2025-02-08 15:48:00
v_000003451,u_000090,s_00066,2025-02-25 23:26:42,2025-02-25 23:48:42
v_000003452,u_001702,s_00109,2025-02-07 23:35:29,2025-02-07 23:38:29
v_000003453,u_001201,s_00145,2025-01-20 14:10:43,2025-01-20 14:43:43
v_000003454,u_001768,s_00089,2025-02-23 17:27:02,2025-02-23 17:39:02
v_000003455,u_000414,s_00115,2025-01-09 23:14:04,2025-01-10 01:02:04
v_000003456,u_001495,s_00011,2025-02-05 22:24:47,2025-02-05 22:34:47
v_000003457,u_000372,s_00068,2025-02-03 22:26:10,2025-02-03 22:28:10
v_000003458,u_000135,s_00031,2025-01-01 23:16:29,2025-01-01 23:55:29
v_000003459,u_000555,s_00103,2025-02-27 23:15:46,2025-02-28 00:37:46
v_000003460,u_001426,s_00093,2025-01-04 17:21:47,2025-01-04 17:57:47
v_000003461,u_001109,s_00072,2025-02-27 23:38:27,2025-02-28 00:53:27
v_000003462,u_000465,s_00147,2025-02-19 14:16:34,2025-02-19 14:28:34
v_000003463,u_001798,s_00067,2025-02-03 23:09:33,2025-02-03 23:15:33
v_000003464,u_001717,s_00012,2025-02-17 23:05:02,2025-02-17 23:31:02
v_000003465,u_000018,s_00065,2025-01-05 15:12:04,2025-01-05 15:44:04
v_000003466,u_000604,s_00115,2025-02-15 19:06:43,2025-02-15 19:14:43
v_000003467,u_001993,s_00005,2025-01-17 12:39:52,2025-01-17 12:42:52
v_000003468,u_001044,s_00081,2025-02-06 17:39:38,2025-02-06 18:06:38
v_000003469,u_001682,s_00132,2025-01-15 14:36:19,2025-01-15 14:46:19
v_000003470,u_000573,s_00000,2025-01-22 17:42:27,2025-01-22 17:48:27
v_000003471,u_000582,s_00057,2025-01-18 23:00:23,2025-01-18 23:08:23
v_000003472,u_000726,s_00067,2025-02-17 23:18:35,2025-02-17 23:24:35
v_000003473,u_001402,s_00145,2025-01-04 23:45:32,2025-01-05 00:28:32
v_000003474,u_000442,s_00126,2025-02-15 23:49:05,2025-02-16 00:01:05
v_000003475,u_001775,s_00075,2025-02-16 18:06:02,2025-02-16 18:17:02
v_000003476,u_001575,s_00066,2025-02-08 22:38:34,2025-02-08 22:40:34
v_000003477,u_001121,s_00015,2025-01-31 18:10:42,2025-01-31 18:33:42
v_000003478,u_000604,s_00115,2025-01-06 20:56:29,2025-01-06 20:58:29
v_000003479,u_000927,s_00064,2025-01-10 16:36:18,2025-01-10 17:49:18
v_000003480,u_000911,s_00026,2025-02-28 18:43:40,2025-02-28 19:03:40
v_000003481,u_001719,s_00090,2025-02-23 23:28:33,2025-02-24 00:16:33
v_000003482,u_000357,s_00108,2025-02-24 15:31:38,2025-02-24 15:52:38
v_000003483,u_000280,s_00049,2025-02-13 16:46:20,2025-02-13 16:54:20
v_000003484,u_001616,s_00024,2025-02-03 13:58:54,2025-02-03 13:59:54
v_000003485,u_000128,s_00128,2025-02-21 17:01:19,2025-02-21 17:23:19
v_000003486,u_001699,s_00064,2025-01-16 20:16:52,2025-01-16 20:18:52
v_000003487,u_001357,s_00083,2025-01-07 11:41:39,2025-01-07 11:51:39
v_000003488,u_001065,s_00079,2025-02-23 23:42:11,2025-02-23 23:53:11
v_000003489,u_001319,s_00000,2025-02-24 19:31:24,2025-02-24 19:32:24
v_000003490,u_001703,s_00077,2025-01-19 18:12:26,2025-01-19 18:23:26
v_000003491,u_000397,s_00142,2025-01-17 20:43:29,2025-01-17 21:04:29
v_000003492,u_000460,s_00002,2025-02-08 20:50:31,2025-02-08 21:44:31
v_000003493,u_001198,s_00070,2025-02-02 20:38:35,2025-02-02 21:06:35
v_000003494,u_000079,s_00132,2025-01-10 19:49:54,2025-01-10 19:50:54
v_000003495,u_000013,s_00086,2025-01-27 18:02:01,2025-01-27 18:07:01
v_000003496,u_000716,s_00013,2025-01-24 19:46:35,2025-01-24 20:38:35
v_000003497,u_001448,s_00146,2025-02-03 21:51:54,2025-02-03 21:56:54
v_000003498,u_001445,s_00108,2025-01-02 20:59:12,2025-01-02 21:00:12
v_000003499,u_001537,s_00100,2025-01-28 23:45:27,2025-01-28 23:48:27
v_000003500,u_000145,s_00015,2025-02-10 20:57:19,2025-02-10 21:19:19
v_000003501,u_000853,s_00087,2025-01-10 16:16:13,2025-01-10 16:17:13
v_000003502,u_000560,s_00106,2025-01-20 20:13:17,2025-01-20 20:22:17
v_000003503,u_001549,s_00084,2025-01-04 15:53:06,2025-01-04 16:05:06
v_000003504,u_000836,s_00006,2025-03-01 23:17:57,2025-03-01 23:18:57
v_000003505,u_000977,s_00084,2025-02-03 15:41:56,2025-02-03 16:16:56
v_000003506,u_000149,s_00066,2025-01-16 19:49:21,2025-01-16 20:14:21
v_000003507,u_001171,s_00043,2025-02-21 18:26:23,2025-02-21 18:33:23
v_000003508,u_000229,s_00149,2025-01-30 14:30:33,2025-01-30 14:37:33
v_000003509,u_001213,s_00135,2025-02-03 11:51:14,2025-02-03 12:02:14
v_000003510,u_000582,s_00057,2025-02-19 20:42:51,2025-02-19 20:44:51
v_000003511,u_000469,s_00036,2025-02-05 23:10:44,2025-02-05 23:22:44
v_000003512,u_000085,s_00089,2025-01-15 15:30:23,2025-01-15 15:54:23
v_000003513,u_001348,s_00134,2025-01-01 21:01:37,2025-01-01 21:28:37
v_000003514,u_001350,s_00020,2025-02-06 23:10:36,2025-02-06 23:51:36
v_000003515,u_000298,s_00115,2025-01-29 17:06:42,2025-01-29 17:17:42
v_000003516,u_000978,s_00048,2025-01-10 15:00:40,2025-01-10 15:36:40
v_000003517,u_000741,s_00097,2025-01-03 21:49:33,2025-01-03 22:06:33
v_000003518,u_001870,s_00136,2025-02-02 14:03:23,2025-02-02 14:06:23
v_000003519,u_000395,s_00039,2025-02-02 16:56:05,2025-02-02 17:29:05
v_000003520,u_001757,s_00086,2025-02-26 20:19:41,2025-02-26 20:22:41
v_000003521,u_000956,s_00056,2025-01-21 21:15:38,2025-01-21 21:19:38
v_000003522,u_001871,s_00112,2025-01-11 20:56:55,2025-01-11 21:20:55
v_000003523,u_000926,s_00034,2025-02-03 23:32:35,2025-02-03 23:54:35
v_000003524,u_000939,s_00125,2025-01-03 15:44:50,2025-01-03 15:52:50
v_000003525,u_001737,s_00010,2025-01-24 19:24:14,2025-01-24 19:33:14
v_000003526,u_001711,s_00075,2025-02-06 17:32:34,2025-02-06 18:16:34
v_000003527,u_001783,s_00093,2025-01-27 17:11:57,2025-01-27 18:41:57
v_000003528,u_000193,s_00095,2025-02-14 17:46:23,2025-02-14 18:02:23
v_000003529,u_001758,s_00119,2025-02-23 14:40:00,2025-02-23 15:10:00
v_000003530,u_000413,s_00133,2025-02-15 15:32:02,2025-02-15 15:33:02
v_000003531,u_001726,s_00135,2025-02-16 22:26:13,2025-02-16 22:31:13
v_000003532,u_000984,s_00099,2025-01-13 23:01:46,2025-01-13 23:54:46
v_000003533,u_001100,s_00068,2025-01-31 21:49:13,2025-01-31 22:00:13
v_000003534,u_001351,s_00069,2025-01-24 23:09:50,2025-01-24 23:28:50
v_000003535,u_000045,s_00108,2025-02-16 19:02:56,2025-02-16 19:46:56
v_000003536,u_001142,s_00085,2025-02-09 19:36:06,2025-02-09 19:48:06
v_000003537,u_001159,s_00108,2025-01-11 14:06:03,2025-01-11 14:18:03
v_000003538,u_000455,s_00104,2025-01-29 14:13:38,2025-01-29 14:14:38
v_000003539,u_000925,s_00105,2025-02-19 18:59:01,2025-02-19 19:08:01
v_000003540,u_000117,s_00007,2025-01-19 23:50:06,2025-01-19 23:58:06
v_000003541,u_001585,s_00130,2025-01-01 16:41:44,2025-01-01 16:55:44
v_000003542,u_000068,s_00056,2025-01-29 23:02:06,2025-01-29 23:49:06
v_000003543,u_001731,s_00102,2025-02-03 14:08:06,2025-02-03 14:17:06
v_000003544,u_001088,s_00121,2025-02-03 13:17:09,2025-02-03 13:23:09
v_000003545,u_001895,s_00060,2025-01-01 18:39:38,2025-01-01 18:40:38
v_000003546,u_000707,s_00037,2025-02-13 18:43:28,2025-02-13 18:53:28
v_000003547,u_000277,s_00010,2025-01-30 19:21:26,2025-01-30 19:43:26
v_000003548,u_001749,s_00016,2025-02-17 21:29:18,2025-02-17 22:15:18
v_000003549,u_000662,s_00067,2025-01-28 21:15:49,2025-01-28 21:19:49
v_000003550,u_001812,s_00130,2025-01-12 11:30:18,2025-01-12 11:53:18
v_000003551,u_000145,s_00035,2025-02-04 18:09:08,2025-02-04 19:36:08
v_000003552,u_000596,s_00055,2025-02-28 23:16:39,2025-02-28 23:53:39
v_000003553,u_000195,s_00106,2025-01-20 19:22:02,2025-01-20 19:53:02
v_000003554,u_000758,s_00031,2025-01-11 15:58:27,2025-01-11 16:18:27
v_000003555,u_000858,s_00111,2025-02-26 22:07:22,2025-02-26 22:24:22
v_000003556,u_000468,s_00104,2025-02-10 19:00:06,2025-02-10 19:10:06
v_000003557,u_000276,s_00012,2025-02-06 20:24:01,2025-02-06 20:40:01
v_000003558,u_000660,s_00145,2025-01-09 22:00:32,2025-01-09 22:08:32
v_000003559,u_000032,s_00035,2025-02-27 17:25:26,2025-02-27 17:27:26
v_000003560,u_001459,s_00059,2025-01-22 21:44:35,2025-01-22 23:36:35
v_000003561,u_001924,s_00083,2025-02-03 23:57:09,2025-02-04 00:09:09
v_000003562,u_000014,s_00137,2025-02-07 18:07:10,2025-02-07 18:17:10
v_000003563,u_001745,s_00062,2025-02-17 21:52:01,2025-02-17 22:20:01
v_000003564,u_001921,s_00067,2025-02-12 19:40:25,2025-02-12 19:56:25
v_000003565,u_000324,s_00030,2025-01-15 23:02:42,2025-01-15 23:10:42
v_000003566,u_001184,s_00032,2025-01-04 15:54:36,2025-01-04 15:55:36
v_000003567,u_000749,s_00097,2025-01-18 18:58:39,2025-01-18 18:59:39
v_000003568,u_001607,s_00120,2025-02-27 14:26:05,2025-02-27 14:35:05
v_000003569,u_000501,s_00099,2025-01-12 13:59:45,2025-01-12 14:00:45
v_000003570,u_000389,s_00053,2025-02-23 17:02:14,2025-02-23 17:12:14
v_000003571,u_001273,s_00084,2025-01-24 19:46:47,2025-01-24 19:47:47
v_000003572,u_000532,s_00047,2025-01-20 16:05:07,2025-01-20 16:06:07
v_000003573,u_001582,s_00015,2025-01-12 21:36:03,2025-01-12 22:40:03
v_000003574,u_000358,s_00115,2025-02-11 23:58:41,2025-02-12 00:19:41
v_000003575,u_000216,s_00105,2025-01-11 18:47:16,2025-01-11 19:40:16
v_000003576,u_001166,s_00136,2025-02-22 19:35:33,2025-02-22 19:49:33
v_000003577,u_000089,s_00092,2025-01-26 22:22:52,2025-01-26 22:39:52
v_000003578,u_000198,s_00090,2025-01-16 18:02:11,2025-01-16 18:19:11
v_000003579,u_001102,s_00052,2025-02-05 21:20:03,2025-02-05 21:25:03
v_000003580,u_001629,s_00022,2025-01-27 21:37:30,2025-01-27 21:40:30
v_000003581,u_000825,s_00139,2025-02-25 15:44:05,2025-02-25 15:47:05
v_000003582,u_000167,s_00073,2025-01-30 18:45:25,2025-01-30 19:04:25
v_000003583,u_000603,s_00108,2025-01-17 20:28:44,2025-01-17 21:49:44
v_000003584,u_001270,s_00040,2025-02-12 23:00:41,2025-02-12 23:50:41
v_000003585,u_000997,s_00134,2025-01-20 22:31:38,2025-01-20 22:49:38
v_000003586,u_001808,s_00122,2025-01-30 21:28:41,2025-01-30 21:45:41
v_000003587,u_000711,s_00023,2025-02-15 16:40:01,2025-02-15 17:20:01
v_000003588,u_001770,s_00133,2025-02-27 18:26:59,2025-02-27 18:33:59
v_000003589,u_001153,s_00033,2025-01-14 21:13:21,2025-01-14 22:29:21
v_000003590,u_000724,s_00001,2025-02-12 23:52:56,2025-02-13 00:29:56
v_000003591,u_000689,s_00035,2025-01-04 17:58:26,2025-01-04 17:59:26
v_000003592,u_001000,s_00064,2025-02-15 19:19:10,2025-02-15 19:28:10
v_000003593,u_001914,s_00115,2025-02-03 21:19:14,2025-02-03 21:32:14
v_000003594,u_001498,s_00054,2025-02-10 19:15:18,2025-02-10 19:38:18
v_000003595,u_000138,s_00034,2025-02-24 20:34:29,2025-02-24 20:53:29
v_000003596,u_000462,s_00094,2025-02-06 23:28:40,2025-02-07 01:15:40
v_000003597,u_000157,s_00131,2025-02-22 23:55:48,2025-02-23 00:20:48
v_000003598,u_001520,s_00106,2025-01-05 22:26:58,2025-01-05 22:41:58
v_000003599,u_001895,s_00138,2025-01-17 16:41:54,2025-01-17 16:53:54
v_000003600,u_001120,s_00077,2025-02-26 18:46:56,2025-02-26 19:22:56
v_000003601,u_000468,s_00105,2025-01-23 18:32:41,2025-01-23 18:34:41
v_000003602,u_000576,s_00027,2025-01-27 19:38:55,2025-01-27 19:43:55
v_000003603,u_000006,s_00101,2025-02-28 22:31:43,2025-02-28 22:43:43
v_000003604,u_001927,s_00110,2025-02-07 23:56:05,2025-02-08 00:00:05
v_000003605,u_001616,s_00018,2025-02-02 20:38:11,2025-02-02 20:57:11
v_000003606,u_001844,s_00052,2025-01-14 15:33:27,2025-01-14 17:01:27
v_000003607,u_000142,s_00112,2025-02-15 14:43:06,2025-02-15 15:04:06
v_000003608,u_000163,s_00101,2025-02-01 17:34:21,2025-02-01 17:37:21
v_000003609,u_001104,s_00141,2025-02-01 18:40:21,2025-02-01 18:54:21
v_000003610,u_001618,s_00015,2025-01-30 19:46:28,2025-01-30 20:22:28
v_000003611,u_000720,s_00041,2025-02-26 19:31:06,2025-02-26 19:33:06
v_000003612,u_001433,s_00128,2025-02-08 21:53:38,2025-02-08 22:03:38
v_000003613,u_001119,s_00050,2025-02-15 20:05:51,2025-02-15 20:25:51
v_000003614,u_000823,s_00036,2025-02-12 19:29:56,2025-02-12 19:52:56
v_000003615,u_001762,s_00063,2025-02-08 19:18:35,2025-02-08 19:28:35
v_000003616,u_001656,s_00117,2025-01-02 23:29:40,2025-01-02 23:34:40
v_000003617,u_000089,s_00026,2025-02-28 17:05:28,2025-02-28 17:46:28
v_000003618,u_001134,s_00012,2025-02-08 23:29:06,2025-02-08 23:56:06
v_000003619,u_001509,s_00029,2025-01-20 23:37:46,2025-01-21 00:04:46
v_000003620,u_001914,s_00142,2025-01-21 23:15:30,2025-01-21 23:20:30
v_000003621,u_000358,s_00134,2025-02-13 23:54:14,2025-02-14 00:16:14
v_000003622,u_001867,s_00034,2025-02-11 11:34:25,2025-02-11 11:40:25
v_000003623,u_000588,s_00026,2025-02-16 23:47:38,2025-02-16 23:58:38
v_000003624,u_000582,s_00120,2025-02-22 15:38:24,2025-02-22 15:43:24
v_000003625,u_001764,s_00008,2025-02-18 22:15:24,2025-02-18 22:18:24
v_000003626,u_001429,s_00106,2025-02-05 19:33:33,2025-02-05 19:43:33
v_000003627,u_001217,s_00055,2025-01-16 23:07:21,2025-01-16 23:21:21
v_000003628,u_000574,s_00148,2025-01-10 09:10:16,2025-01-10 09:15:16
v_000003629,u_000523,s_00014,2025-02-05 22:39:17,2025-02-06 00:03:17
v_000003630,u_000879,s_00124,2025-02-13 13:01:05,2025-02-13 13:11:05
v_000003631,u_001947,s_00072,2025-01-14 23:51:07,2025-01-14 23:56:07
v_000003632,u_000100,s_00042,2025-02-15 23:41:17,2025-02-15 23:42:17
v_000003633,u_001095,s_00118,2025-02-01 23:25:34,2025-02-01 23:37:34
v_000003634,u_001900,s_00103,2025-02-02 23:57:36,2025-02-03 00:01:36
v_000003635,u_000828,s_00043,2025-02-06 21:39:45,2025-02-06 21:43:45
v_000003636,u_000329,s_00027,2025-01-16 19:23:28,2025-01-16 19:31:28
v_000003637,u_001966,s_00050,2025-01-02 20:13:27,2025-01-02 21:17:27
v_000003638,u_001289,s_00104,2025-02-02 20:47:55,2025-02-02 21:50:55
v_000003639,u_001108,s_00078,2025-01-29 18:20:43,2025-01-29 18:24:43
v_000003640,u_001800,s_00103,2025-02-01 23:01:52,2025-02-01 23:12:52
v_000003641,u_001832,s_00139,2025-01-26 19:17:55,2025-01-26 19:38:55
v_000003642,u_001289,s_00069,2025-01-04 23:46:05,2025-01-05 00:14:05
v_000003643,u_001601,s_00140,2025-01-27 22:52:11,2025-01-27 22:53:11
v_000003644,u_001790,s_00070,2025-01-22 19:39:21,2025-01-22 19:40:21
v_000003645,u_001771,s_00049,2025-01-04 20:14:13,2025-01-04 20:46:13
v_000003646,u_001917,s_00140,2025-02-23 19:13:07,2025-02-23 19:29:07
v_000003647,u_000219,s_00035,2025-01-18 21:26:06,2025-01-18 21:33:06
v_000003648,u_001240,s_00137,2025-02-09 18:16:23,2025-02-09 19:46:23
v_000003649,u_001625,s_00133,2025-01-22 15:44:05,2025-01-22 16:01:05
v_000003650,u_001685,s_00054,2025-02-08 22:07:03,2025-02-08 22:10:03
v_000003651,u_001392,s_00013,2025-01-16 15:46:25,2025-01-16 15:47:25
v_000003652,u_001836,s_00142,2025-02-16 17:54:51,2025-02-16 17:58:51
v_000003653,u_000165,s_00007,2025-02-04 19:47:36,2025-02-04 20:22:36
v_000003654,u_001700,s_00016,2025-02-09 19:55:17,2025-02-09 20:22:17
v_000003655,u_001665,s_00035,2025-01-09 19:02:08,2025-01-09 19:05:08
v_000003656,u_001483,s_00044,2025-02-18 20:33:42,2025-02-18 21:44:42
v_000003657,u_000356,s_00042,2025-01-28 21:05:11,2025-01-28 21:54:11
v_000003658,u_000640,s_00055,2025-01-10 20:03:28,2025-01-10 20:43:28
v_000003659,u_000378,s_00077,2025-02-14 22:07:19,2025-02-14 22:18:19
v_000003660,u_000486,s_00052,2025-02-12 23:59:35,2025-02-13 00:00:35
v_000003661,u_001190,s_00134,2025-02-28 15:56:26,2025-02-28 15:59:26
v_000003662,u_001363,s_00114,2025-02-12 14:01:30,2025-02-12 14:24:30
v_000003663,u_001031,s_00049,2025-01-22 18:33:40,2025-01-22 19:06:40
v_000003664,u_000597,s_00097,2025-02-05 16:05:33,2025-02-05 16:20:33
v_000003665,u_000319,s_00033,2025-01-25 21:57:44,2025-01-25 22:08:44
v_000003666,u_000128,s_00109,2025-02-09 23:07:52,2025-02-09 23:08:52
v_000003667,u_001859,s_00073,2025-01-29 22:46:37,2025-01-29 22:52:37
v_000003668,u_000187,s_00049,2025-01-05 18:26:33,2025-01-05 18:34:33
v_000003669,u_001165,s_00097,2025-02-12 18:04:28,2025-02-12 18:11:28
v_000003670,u_001143,s_00016,2025-01-12 14:56:56,2025-01-12 15:03:56
v_000003671,u_001627,s_00047,2025-01-11 20:54:18,2025-01-11 20:55:18
v_000003672,u_001150,s_00065,2025-02-15 23:16:01,2025-02-15 23:48:01
v_000003673,u_000732,s_00002,2025-01-13 19:52:10,2025-01-13 19:55:10
v_000003674,u_000145,s_00015,2025-02-07 18:50:28,2025-02-07 18:52:28
v_000003675,u_001461,s_00140,2025-01-23 20:42:51,2025-01-23 20:43:51
v_000003676,u_001764,s_00062,2025-02-13 15:14:12,2025-02-13 15:21:12
v_000003677,u_000549,s_00013,2025-01-24 07:51:35,2025-01-24 08:05:35
v_000003678,u_001108,s_00043,2025-02-13 19:39:16,2025-02-13 19:48:16
v_000003679,u_000370,s_00029,2025-02-26 19:22:51,2025-02-26 19:40:51
v_000003680,u_000686,s_00031,2025-01-05 23:58:27,2025-01-06 00:09:27
v_000003681,u_000077,s_00030,2025-02-24 22:19:36,2025-02-24 22:26:36
v_000003682,u_000229,s_00078,2025-01-06 17:53:07,2025-01-06 18:06:07
v_000003683,u_000958,s_00104,2025-02-18 10:01:51,2025-02-18 10:21:51
v_000003684,u_001420,s_00143,2025-02-16 23:26:17,2025-02-17 00:27:17
v_000003685,u_000814,s_00122,2025-02-09 20:30:03,2025-02-09 20:36:03
v_000003686,u_001216,s_00037,2025-02-24 18:51:04,2025-02-24 19:09:04
v_000003687,u_000102,s_00044,2025-02-20 22:06:31,2025-02-20 22:07:31
v_000003688,u_000279,s_00074,2025-02-18 13:40:24,2025-02-18 14:15:24
v_000003689,u_001754,s_00135,2025-02-12 19:21:48,2025-02-12 19:49:48
v_000003690,u_000912,s_00084,2025-01-12 23:45:20,2025-01-13 00:00:20
v_000003691,u_000511,s_00023,2025-01-25 19:09:29,2025-01-25 19:25:29
v_000003692,u_000243,s_00148,2025-01-30 14:32:46,2025-01-30 16:28:46
v_000003693,u_000888,s_00099,2025-02-13 13:15:03,2025-02-13 13:37:03
v_000003694,u_001328,s_00051,2025-01-20 23:33:13,2025-01-20 23:39:13
v_000003695,u_000368,s_00020,2025-01-09 23:17:50,2025-01-09 23:36:50
v_000003696,u_001768,s_00089,2025-02-11 15:09:20,2025-02-11 15:39:20
v_000003697,u_000902,s_00040,2025-02-10 22:25:26,2025-02-10 22:26:26
v_000003698,u_001535,s_00135,2025-02-13 16:34:31,2025-02-13 17:01:31
v_000003699,u_001153,s_00033,2025-01-28 23:45:51,2025-01-29 00:57:51
v_000003700,u_001820,s_00046,2025-01-01 20:04:39,2025-01-01 20:18:39
v_000003701,u_001800,s_00147,2025-01-05 16:17:53,2025-01-05 16:38:53
v_000003702,u_001556,s_00019,2025-01-10 22:00:00,2025-01-10 22:17:00
v_000003703,u_001175,s_00088,2025-02-18 14:52:17,2025-02-18 14:55:17
v_000003704,u_001812,s_00005,2025-01-12 18:55:52,2025-01-12 19:18:52
v_000003705,u_001811,s_00062,2025-02-18 19:19:09,2025-02-18 20:28:09
v_000003706,u_000696,s_00122,2025-02-03 15:23:12,2025-02-03 16:26:12
v_000003707,u_001595,s_00134,2025-02-26 19:55:16,2025-02-26 20:00:16
v_000003708,u_001661,s_00016,2025-01-24 23:25:29,2025-01-24 23:40:29
v_000003709,u_000675,s_00059,2025-02-27 15:18:14,2025-02-27 15:26:14
v_000003710,u_001797,s_00000,2025-01-28 17:32:41,2025-01-28 17:53:41
v_000003711,u_001292,s_00017,2025-01-27 14:11:47,2025-01-27 14:45:47
v_000003712,u_001288,s_00088,2025-01-29 23:38:12,2025-01-29 23:40:12
v_000003713,u_000000,s_00065,2025-01-16 23:00:46,2025-01-16 23:20:46
v_000003714,u_000112,s_00083,2025-02-01 23:57:07,2025-02-02 00:40:07
v_000003715,u_000224,s_00016,2025-02-14 19:20:04,2025-02-14 19:24:04
v_000003716,u_000610,s_00131,2025-01-10 17:51:03,2025-01-10 18:03:03
v_000003717,u_001282,s_00050,2025-02-21 23:52:00,2025-02-22 00:19:00
v_000003718,u_000570,s_00122,2025-01-06 15:08:09,2025-01-06 15:24:09
v_000003719,u_000885,s_00088,2025-02-18 18:11:46,2025-02-18 18:18:46
v_000003720,u_000443,s_00064,2025-01-24 18:23:42,2025-01-24 18:25:42
v_000003721,u_001422,s_00005,2025-02-27 23:40:03,2025-02-27 23:42:03
v_000003722,u_001548,s_00131,2025-01-01 18:15:56,2025-01-01 18:33:56
v_000003723,u_001757,s_00114,2025-01-05 21:56:56,2025-01-05 22:25:56
v_000003724,u_000893,s_00059,2025-01-30 23:17:01,2025-01-30 23:21:01
v_000003725,u_001201,s_00145,2025-02-11 23:29:32,2025-02-11 23:35:32
v_000003726,u_001153,s_00003,2025-01-22 15:49:37,2025-01-22 15:57:37
v_000003727,u_000433,s_00099,2025-01-07 23:03:12,2025-01-07 23:25:12
v_000003728,u_001357,s_00000,2025-02-19 19:47:31,2025-02-19 20:19:31
v_000003729,u_000381,s_00012,2025-01-13 19:17:39,2025-01-13 19:21:39
v_000003730,u_001016,s_00032,2025-01-31 09:13:37,2025-01-31 09:15:37
v_000003731,u_000012,s_00086,2025-01-10 17:04:41,2025-01-10 17:10:41
v_000003732,u_001415,s_00005,2025-01-07 23:26:42,2025-01-08 00:05:42
v_000003733,u_000628,s_00039,2025-01-27 15:29:17,2025-01-27 16:30:17
v_000003734,u_000343,s_00140,2025-01-22 20:30:13,2025-01-22 20:46:13
v_000003735,u_000464,s_00019,2025-02-21 21:40:45,2025-02-21 21:45:45
v_000003736,u_000428,s_00128,2025-01-23 20:57:31,2025-01-23 21:23:31
v_000003737,u_001914,s_00119,2025-01-05 22:39:25,2025-01-05 23:03:25
v_000003738,u_000120,s_00089,2025-02-02 22:03:19,2025-02-02 22:38:19
v_000003739,u_001735,s_00007,2025-01-05 21:11:56,2025-01-05 21:12:56
v_000003740,u_001611,s_00055,2025-02-25 23:02:30,2025-02-25 23:28:30
v_000003741,u_001472,s_00074,2025-03-01 23:22:29,2025-03-01 23:38:29
v_000003742,u_001051,s_00097,2025-02-18 17:39:56,2025-02-18 18:15:56
v_000003743,u_001713,s_00114,2025-02-10 18:29:26,2025-02-10 18:34:26
v_000003744,u_000277,s_00100,2025-02-19 17:20:24,2025-02-19 17:24:24
v_000003745,u_000755,s_00017,2025-02-09 23:11:59,2025-02-09 23:16:59
v_000003746,u_001845,s_00042,2025-02-20 18:31:44,2025-02-20 19:33:44
v_000003747,u_000447,s_00147,2025-01-26 21:27:56,2025-01-26 21:32:56
v_000003748,u_001796,s_00028,2025-01-21 15:43:58,2025-01-21 15:45:58
v_000003749,u_001569,s_00089,2025-01-28 17:52:04,2025-01-28 18:04:04
v_000003750,u_001323,s_00054,2025-01-01 23:03:34,2025-01-01 23:17:34
v_000003751,u_000514,s_00093,2025-01-12 13:06:48,2025-01-12 13:11:48
v_000003752,u_001226,s_00069,2025-01-30 15:37:04,2025-01-30 16:24:04
v_000003753,u_001929,s_00060,2025-02-09 11:39:40,2025-02-09 11:51:40
v_000003754,u_001362,s_00059,2025-01-13 15:56:28,2025-01-13 16:16:28
v_000003755,u_001831,s_00115,2025-02-15 20:35:43,2025-02-15 20:51:43
v_000003756,u_000954,s_00113,2025-02-24 22:01:40,2025-02-24 22:15:40
v_000003757,u_000689,s_00008,2025-01-14 14:38:32,2025-01-14 15:03:32
v_000003758,u_001577,s_00029,2025-01-22 20:58:41,2025-01-22 21:01:41
v_000003759,u_001022,s_00001,2025-01-07 20:20:45,2025-01-07 20:53:45
v_000003760,u_001523,s_00141,2025-02-27 21:05:43,2025-02-27 21:19:43
v_000003761,u_001030,s_00017,2025-02-23 23:44:14,2025-02-24 00:20:14
v_000003762,u_000177,s_00117,2025-02-28 21:01:33,2025-02-28 21:03:33
v_000003763,u_001197,s_00089,2025-01-03 20:42:42,2025-01-03 21:03:42
v_000003764,u_001931,s_00113,2025-02-19 23:37:47,2025-02-20 00:06:47
v_000003765,u_001071,s_00122,2025-02-12 15:06:07,2025-02-12 15:29:07
v_000003766,u_000929,s_00014,2025-02-02 21:10:14,2025-02-02 21:15:14
v_000003767,u_001533,s_00148,2025-02-08 23:29:31,2025-02-08 23:57:31
v_000003768,u_000023,s_00024,2025-02-06 22:03:25,2025-02-06 22:15:25
v_000003769,u_000690,s_00109,2025-02-26 23:59:05,2025-02-27 00:14:05
v_000003770,u_000731,s_00040,2025-01-11 19:19:22,2025-01-11 20:01:22
v_000003771,u_001876,s_00009,2025-02-27 21:47:42,2025-02-27 22:11:42
v_000003772,u_001697,s_00065,2025-02-01 23:20:56,2025-02-01 23:34:56
v_000003773,u_000177,s_00121,2025-02-26 21:05:51,2025-02-26 21:52:51
v_000003774,u_000845,s_00147,2025-02-14 22:24:30,2025-02-14 22:56:30
v_000003775,u_000782,s_00143,2025-03-01 23:01:03,2025-03-01 23:03:03
v_000003776,u_001022,s_00001,2025-01-19 16:46:42,2025-01-19 17:23:42
v_000003777,u_001642,s_00052,2025-01-31 16:36:48,2025-01-31 16:50:48
v_000003778,u_001093,s_00110,2025-01-01 23:20:49,2025-01-01 23:39:49
v_000003779,u_000123,s_00108,2025-01-11 20:17:16,2025-01-11 20:56:16
v_000003780,u_000715,s_00149,2025-01-05 18:06:46,2025-01-05 18:28:46
v_000003781,u_000465,s_00062,2025-01-01 16:53:35,2025-01-01 17:19:35
v_000003782,u_001416,s_00095,2025-01-21 19:56:04,2025-01-21 20:02:04
v_000003783,u_000710,s_00031,2025-02-03 18:20:19,2025-02-03 18:27:19
v_000003784,u_000368,s_00020,2025-01-30 20:22:46,2025-01-30 20:23:46
v_000003785,u_001771,s_00049,2025-03-01 14:33:23,2025-03-01 14:45:23
v_000003786,u_001706,s_00062,2025-01-22 22:04:14,2025-01-22 22:34:14
v_000003787,u_000151,s_00015,2025-01-21 23:14:18,2025-01-21 23:18:18
v_000003788,u_001224,s_00071,2025-01-16 20:42:50,2025-01-16 21:44:50
v_000003789,u_000361,s_00064,2025-01-17 20:14:18,2025-01-17 20:15:18
v_000003790,u_001392,s_00020,2025-02-20 16:42:09,2025-02-20 16:43:09
v_000003791,u_001573,s_00055,2025-01-30 19:11:12,2025-01-30 19:12:12
v_000003792,u_000352,s_00069,2025-01-25 23:45:00,2025-01-25 23:46:00
v_000003793,u_001950,s_00033,2025-02-02 23:00:21,2025-02-02 23:02:21
v_000003794,u_001982,s_00069,2025-01-02 18:39:36,2025-01-02 18:49:36
v_000003795,u_001505,s_00125,2025-01-01 20:23:19,2025-01-01 20:41:19
v_000003796,u_001674,s_00061,2025-01-31 17:31:41,2025-01-31 17:42:41
v_000003797,u_000283,s_00097,2025-02-26 21:12:05,2025-02-26 22:25:05
v_000003798,u_001864,s_00007,2025-01-11 14:38:30,2025-01-11 14:44:30
v_000003799,u_000257,s_00067,2025-01-13 21:07:38,2025-01-13 21:17:38
v_000003800,u_001232,s_00070,2025-01-13 23:28:17,2025-01-13 23:32:17
v_000003801,u_000176,s_00129,2025-02-13 19:00:26,2025-02-13 19:08:26
v_000003802,u_000220,s_00083,2025-01-08 19:19:40,2025-01-08 20:16:40
v_000003803,u_001204,s_00113,2025-02-22 18:43:57,2025-02-22 18:46:57
v_000003804,u_000755,s_00042,2025-01-07 21:53:07,2025-01-07 21:55:07
v_000003805,u_000934,s_00086,2025-02-02 17:50:35,2025-02-02 18:06:35
v_000003806,u_001419,s_00043,2025-01-04 12:29:25,2025-01-04 12:35:25
v_000003807,u_001475,s_00072,2025-02-20 19:41:57,2025-02-20 20:34:57
v_000003808,u_001524,s_00031,2025-01-24 16:31:02,2025-01-24 16:44:02
v_000003809,u_001108,s_00043,2025-01-05 19:25:16,2025-01-05 20:27:16
v_000003810,u_001190,s_00134,2025-02-20 16:40:32,2025-02-20 17:13:32
v_000003811,u_000523,s_00014,2025-02-28 22:14:46,2025-02-28 22:21:46
v_000003812,u_000001,s_00034,2025-02-04 19:40:02,2025-02-04 20:26:02
v_000003813,u_000454,s_00134,2025-02-09 17:42:27,2025-02-09 18:13:27
v_000003814,u_000478,s_00085,2025-01-23 16:08:32,2025-01-23 16:19:32
v_000003815,u_001624,s_00008,2025-01-21 23:04:36,2025-01-21 23:13:36
v_000003816,u_000964,s_00056,2025-01-24 11:44:00,2025-01-24 11:59:00
v_000003817,u_000319,s_00033,2025-01-10 23:06:51,2025-01-10 23:07:51
v_000003818,u_001206,s_00078,2025-02-07 15:00:42,2025-02-07 15:19:42
v_000003819,u_001114,s_00061,2025-02-07 17:25:41,2025-02-07 17:28:41
v_000003820,u_000384,s_00129,2025-02-22 23:39:13,2025-02-22 23:53:13
v_000003821,u_001997,s_00037,2025-01-12 21:58:44,2025-01-12 22:13:44
v_000003822,u_001578,s_00143,2025-01-13 21:23:34,2025-01-13 22:13:34
v_000003823,u_000456,s_00090,2025-02-25 14:23:23,2025-02-25 14:36:23
v_000003824,u_000445,s_00014,2025-02-09 11:18:37,2025-02-09 11:39:37
v_000003825,u_000965,s_00120,2025-02-12 14:06:49,2025-02-12 14:25:49
v_000003826,u_001202,s_00108,2025-01-16 19:41:10,2025-01-16 20:15:10
v_000003827,u_001221,s_00146,2025-02-03 23:22:50,2025-02-03 23:36:50
v_000003828,u_000252,s_00015,2025-01-31 15:05:14,2025-01-31 15:35:14
v_000003829,u_000427,s_00107,2025-01-04 18:31:57,2025-01-04 18:34:57
v_000003830,u_000252,s_00128,2025-02-21 17:08:20,2025-02-21 17:11:20
v_000003831,u_001431,s_00066,2025-01-09 23:40:12,2025-01-10 00:16:12
v_000003832,u_001220,s_00032,2025-02-18 20:38:34,2025-02-18 20:56:34
v_000003833,u_001594,s_00139,2025-01-08 21:27:27,2025-01-08 21:42:27
v_000003834,u_001520,s_00106,2025-02-26 18:30:10,2025-02-26 18:58:10
v_000003835,u_000352,s_00039,2025-01-17 21:26:56,2025-01-17 22:13:56
v_000003836,u_001822,s_00068,2025-02-28 14:30:54,2025-02-28 15:06:54
v_000003837,u_001319,s_00000,2025-02-20 23:32:22,2025-02-20 23:52:22
v_000003838,u_001906,s_00017,2025-01-03 15:02:06,2025-01-03 15:06:06
v_000003839,u_000661,s_00076,2025-02-13 21:51:24,2025-02-13 21:52:24
v_000003840,u_001028,s_00104,2025-02-16 20:35:52,2025-02-16 20:36:52
v_000003841,u_001535,s_00119,2025-02-17 22:33:12,2025-02-17 22:43:12
v_000003842,u_000360,s_00015,2025-01-28 18:45:37,2025-01-28 19:07:37
v_000003843,u_000266,s_00062,2025-02-17 15:44:54,2025-02-17 16:00:54
v_000003844,u_000327,s_00035,2025-01-18 21:23:37,2025-01-18 21:31:37
v_000003845,u_001049,s_00141,2025-01-14 19:36:37,2025-01-14 19:46:37
v_000003846,u_000822,s_00107,2025-02-11 22:05:16,2025-02-11 22:10:16
v_000003847,u_001157,s_00050,2025-01-02 16:34:51,2025-01-02 16:38:51
v_000003848,u_000763,s_00134,2025-01-23 16:52:55,2025-01-23 17:21:55
v_000003849,u_001721,s_00090,2025-02-08 16:51:36,2025-02-08 16:58:36
v_000003850,u_000625,s_00066,2025-02-27 16:52:37,2025-02-27 17:24:37
v_000003851,u_001638,s_00013,2025-01-22 16:42:53,2025-01-22 17:34:53
v_000003852,u_001171,s_00034,2025-01-07 17:13:53,2025-01-07 17:27:53
v_000003853,u_000699,s_00078,2025-02-21 16:02:19,2025-02-21 16:35:19
v_000003854,u_001747,s_00008,2025-02-23 15:01:20,2025-02-23 15:07:20
v_000003855,u_001427,s_00048,2025-02-26 14:55:46,2025-02-26 15:27:46
v_000003856,u_000337,s_00123,2025-01-23 21:55:26,2025-01-23 22:28:26
v_000003857,u_000459,s_00030,2025-02-11 20:20:12,2025-02-11 20:54:12
v_000003858,u_000804,s_00127,2025-01-16 23:15:23,2025-01-16 23:17:23
v_000003859,u_000453,s_00050,2025-02-22 20:09:25,2025-02-22 20:19:25
v_000003860,u_001848,s_00011,2025-01-10 16:24:22,2025-01-10 16:28:22
v_000003861,u_000103,s_00022,2025-01-16 12:35:29,2025-01-16 13:01:29
v_000003862,u_000071,s_00077,2025-01-22 21:56:08,2025-01-22 22:46:08
v_000003863,u_000922,s_00001,2025-02-18 21:36:43,2025-02-18 21:55:43
v_000003864,u_000683,s_00120,2025-03-01 23:42:20,2025-03-01 23:47:20
v_000003865,u_000448,s_00129,2025-02-19 23:30:45,2025-02-19 23:44:45
v_000003866,u_000144,s_00037,2025-01-17 20:45:51,2025-01-17 20:46:51
v_000003867,u_001047,s_00043,2025-01-22 23:40:20,2025-01-23 00:14:20
v_000003868,u_001048,s_00052,2025-02-11 15:46:18,2025-02-11 16:36:18
v_000003869,u_000017,s_00089,2025-01-25 17:39:59,2025-01-25 17:58:59
v_000003870,u_001112,s_00149,2025-02-02 17:23:59,2025-02-02 17:28:59
v_000003871,u_000730,s_00024,2025-01-24 12:53:03,2025-01-24 14:14:03
v_000003872,u_000108,s_00068,2025-01-03 22:44:26,2025-01-03 23:21:26
v_000003873,u_001229,s_00083,2025-02-07 21:44:01,2025-02-07 21:47:01
v_000003874,u_000096,s_00109,2025-02-22 22:34:08,2025-02-22 22:38:08
v_000003875,u_000192,s_00128,2025-01-19 23:20:04,2025-01-19 23:22:04
v_000003876,u_001125,s_00036,2025-02-02 19:30:54,2025-02-02 19:37:54
v_000003877,u_000670,s_00106,2025-01-09 23:21:48,2025-01-09 23:36:48
v_000003878,u_001868,s_00029,2025-01-04 20:42:55,2025-01-04 20:43:55
v_000003879,u_000418,s_00032,2025-02-15 21:27:45,2025-02-15 22:05:45
v_000003880,u_001564,s_00083,2025-02-09 22:14:20,2025-02-09 22:54:20
v_000003881,u_000645,s_00102,2025-01-20 14:05:03,2025-01-20 14:56:03
v_000003882,u_001831,s_00115,2025-03-01 23:20:30,2025-03-01 23:23:30
v_000003883,u_000443,s_00120,2025-01-09 23:03:08,2025-01-09 23:04:08
v_000003884,u_000089,s_00145,2025-02-19 16:17:29,2025-02-19 16:20:29
v_000003885,u_001705,s_00122,2025-01-02 16:41:03,2025-01-02 16:43:03
v_000003886,u_001336,s_00103,2025-02-14 15:39:44,2025-02-14 15:51:44
v_000003887,u_000848,s_00013,2025-01-09 12:48:46,2025-01-09 14:15:46
v_000003888,u_000870,s_00149,2025-02-23 16:33:28,2025-02-23 17:45:28
v_000003889,u_001472,s_00084,2025-01-05 17:02:17,2025-01-05 17:55:17
v_000003890,u_001792,s_00026,2025-01-19 17:31:03,2025-01-19 17:43:03
v_000003891,u_000382,s_00020,2025-02-10 23:57:31,2025-02-10 23:58:31
v_000003892,u_000072,s_00148,2025-01-10 20:43:53,2025-01-10 20:44:53
v_000003893,u_001910,s_00090,2025-01-09 23:08:22,2025-01-09 23:25:22
v_000003894,u_000717,s_00106,2025-01-17 17:49:39,2025-01-17 19:06:39
v_000003895,u_001941,s_00043,2025-01-12 23:46:18,2025-01-12 23:47:18
v_000003896,u_001281,s_00109,2025-02-01 10:59:58,2025-02-01 11:23:58
v_000003897,u_000367,s_00091,2025-01-08 23:33:10,2025-01-08 23:58:10
v_000003898,u_001402,s_00110,2025-02-02 17:30:09,2025-02-02 17:44:09
v_000003899,u_000523,s_00102,2025-02-27 10:10:13,2025-02-27 10:35:13
v_000003900,u_000597,s_00097,2025-02-27 22:58:56,2025-02-27 23:00:56
v_000003901,u_001207,s_00025,2025-02-23 23:42:06,2025-02-23 23:51:06
v_000003902,u_000057,s_00017,2025-01-07 21:51:24,2025-01-07 22:16:24
v_000003903,u_001378,s_00052,2025-01-06 14:29:40,2025-01-06 14:35:40
v_000003904,u_000955,s_00057,2025-02-27 20:01:17,2025-02-27 20:29:17
v_000003905,u_000672,s_00019,2025-01-15 19:31:14,2025-01-15 20:07:14
v_000003906,u_001023,s_00110,2025-01-16 17:41:29,2025-01-16 17:45:29
v_000003907,u_000292,s_00102,2025-01-04 15:10:01,2025-01-04 15:28:01
v_000003908,u_001976,s_00014,2025-02-23 22:19:20,2025-02-23 22:48:20
v_000003909,u_001196,s_00084,2025-02-07 13:27:28,2025-02-07 13:51:28
v_000003910,u_001806,s_00115,2025-02-02 23:55:34,2025-02-03 00:33:34
v_000003911,u_000362,s_00064,2025-02-17 20:56:00,2025-02-17 21:07:00
v_000003912,u_001223,s_00044,2025-01-23 19:23:29,2025-01-23 19:31:29
v_000003913,u_001206,s_00035,2025-01-17 16:06:28,2025-01-17 16:15:28
v_000003914,u_000593,s_00079,2025-01-08 23:41:26,2025-01-08 23:45:26
v_000003915,u_001585,s_00031,2025-02-20 19:06:51,2025-02-20 19:12:51
v_000003916,u_000007,s_00149,2025-01-24 18:38:14,2025-01-24 18:40:14
v_000003917,u_000364,s_00124,2025-02-03 15:55:03,2025-02-03 16:00:03
v_000003918,u_001339,s_00028,2025-01-10 22:30:45,2025-01-10 22:50:45
v_000003919,u_001083,s_00108,2025-01-01 23:54:33,2025-01-02 00:08:33
v_000003920,u_001018,s_00013,2025-01-21 20:28:01,2025-01-21 21:00:01
v_000003921,u_000639,s_00130,2025-01-05 23:46:30,2025-01-06 00:01:30
v_000003922,u_000158,s_00141,2025-01-19 23:10:36,2025-01-19 23:18:36
v_000003923,u_000026,s_00079,2025-02-11 19:53:39,2025-02-11 20:08:39
v_000003924,u_001241,s_00124,2025-02-03 23:50:42,2025-02-03 23:54:42
v_000003925,u_001431,s_00066,2025-02-07 08:04:38,2025-02-07 08:41:38
v_000003926,u_001476,s_00089,2025-02-20 21:03:43,2025-02-20 21:05:43
v_000003927,u_001047,s_00027,2025-02-26 22:24:20,2025-02-26 22:32:20
v_000003928,u_000263,s_00128,2025-01-18 20:53:29,2025-01-18 21:46:29
v_000003929,u_001476,s_00089,2025-02-20 23:44:15,2025-02-21 00:03:15
v_000003930,u_001149,s_00067,2025-01-02 19:48:26,2025-01-02 19:50:26
v_000003931,u_000419,s_00001,2025-02-15 16:48:11,2025-02-15 17:03:11
v_000003932,u_001044,s_00081,2025-02-17 20:50:09,2025-02-17 21:02:09
v_000003933,u_001629,s_00129,2025-02-02 23:02:34,2025-02-02 23:25:34
v_000003934,u_000413,s_00029,2025-01-28 17:46:41,2025-01-28 18:18:41
v_000003935,u_001019,s_00041,2025-02-20 23:41:48,2025-02-20 23:49:48
v_000003936,u_001690,s_00115,2025-01-09 18:51:15,2025-01-09 19:00:15
v_000003937,u_001252,s_00033,2025-02-10 19:20:17,2025-02-10 19:23:17
v_000003938,u_000404,s_00135,2025-01-26 22:36:29,2025-01-26 22:50:29
v_000003939,u_001289,s_00142,2025-01-08 21:51:05,2025-01-08 21:56:05
v_000003940,u_001446,s_00039,2025-01-30 21:36:10,2025-01-30 21:41:10
v_000003941,u_000969,s_00108,2025-01-03 18:16:56,2025-01-03 18:17:56
v_000003942,u_000302,s_00101,2025-02-04 23:14:50,2025-02-05 00:13:50
v_000003943,u_000258,s_00118,2025-01-16 23:47:26,2025-01-17 00:17:26
v_000003944,u_000937,s_00110,2025-01-21 23:29:37,2025-01-21 23:41:37
v_000003945,u_001426,s_00078,2025-01-25 20:50:10,2025-01-25 21:23:10
v_000003946,u_001685,s_00054,2025-01-07 22:10:12,2025-01-07 22:17:12
v_000003947,u_000808,s_00065,2025-02-10 20:26:31,2025-02-10 21:12:31
v_000003948,u_001245,s_00068,2025-01-10 16:06:22,2025-01-10 16:15:22
v_000003949,u_001363,s_00030,2025-02-18 21:51:10,2025-02-18 21:58:10
v_000003950,u_000873,s_00142,2025-01-25 23:04:48,2025-01-25 23:14:48
v_000003951,u_001134,s_00035,2025-01-02 23:17:31,2025-01-02 23:34:31
v_000003952,u_000279,s_00144,2025-02-21 14:52:31,2025-02-21 15:46:31
v_000003953,u_000941,s_00133,2025-01-09 23:42:25,2025-01-09 23:43:25
v_000003954,u_001021,s_00124,2025-01-18 13:09:24,2025-01-18 13:57:24
v_000003955,u_000829,s_00137,2025-02-18 12:09:11,2025-02-18 12:18:11
v_000003956,u_001227,s_00000,2025-01-07 12:29:47,2025-01-07 12:46:47
v_000003957,u_001672,s_00124,2025-01-10 23:56:37,2025-01-11 01:06:37
v_000003958,u_001641,s_00016,2025-02-04 23:28:52,2025-02-04 23:37:52
v_000003959,u_000886,s_00132,2025-02-17 23:17:09,2025-02-17 23:44:09
v_000003960,u_000163,s_00101,2025-02-20 23:17:47,2025-02-20 23:24:47
v_000003961,u_000797,s_00097,2025-01-14 18:16:22,2025-01-14 18:17:22
v_000003962,u_000630,s_00052,2025-02-05 18:06:01,2025-02-05 18:16:01
v_000003963,u_001411,s_00087,2025-01-19 20:54:07,2025-01-19 21:01:07
v_000003964,u_001264,s_00099,2025-01-25 22:58:37,2025-01-26 00:17:37
v_000003965,u_001388,s_00059,2025-01-25 11:48:51,2025-01-25 12:04:51
v_000003966,u_000001,s_00119,2025-02-22 23:32:58,2025-02-22 23:59:58
v_000003967,u_001634,s_00013,2025-02-24 15:05:30,2025-02-24 15:11:30
v_000003968,u_000216,s_00084,2025-02-12 11:22:08,2025-02-12 12:12:08
v_000003969,u_000039,s_00011,2025-01-07 21:47:24,2025-01-07 22:30:24
v_000003970,u_000766,s_00002,2025-01-04 23:29:20,2025-01-04 23:52:20
v_000003971,u_000214,s_00093,2025-01-07 18:13:53,2025-01-07 18:14:53
v_000003972,u_000764,s_00075,2025-02-01 22:21:03,2025-02-01 22:55:03
v_000003973,u_000185,s_00107,2025-01-12 19:39:04,2025-01-12 20:08:04
v_000003974,u_000567,s_00119,2025-02-14 19:34:37,2025-02-14 19:40:37
v_000003975,u_001523,s_00141,2025-02-28 15:48:38,2025-02-28 16:26:38
v_000003976,u_001739,s_00103,2025-01-27 21:54:49,2025-01-27 22:15:49
v_000003977,u_000392,s_00110,2025-01-30 20:15:15,2025-01-30 20:47:15
v_000003978,u_000873,s_00020,2025-01-29 16:30:13,2025-01-29 16:31:13
v_000003979,u_001862,s_00030,2025-02-24 17:29:20,2025-02-24 18:47:20
v_000003980,u_000601,s_00140,2025-01-12 21:57:11,2025-01-12 22:04:11
v_000003981,u_000079,s_00137,2025-01-04 15:51:04,2025-01-04 16:39:04
v_000003982,u_000635,s_00009,2025-01-11 17:40:00,2025-01-11 17:57:00
v_000003983,u_001357,s_00083,2025-02-04 23:57:03,2025-02-05 00:07:03
v_000003984,u_000594,s_00047,2025-02-16 17:28:37,2025-02-16 17:39:37
v_000003985,u_000566,s_00080,2025-01-15 14:37:43,2025-01-15 15:21:43
v_000003986,u_001821,s_00101,2025-01-11 23:45:42,2025-01-12 00:04:42
v_000003987,u_000609,s_00115,2025-01-16 17:57:19,2025-01-16 17:58:19
v_000003988,u_000242,s_00098,2025-01-05 18:55:55,2025-01-05 19:33:55
v_000003989,u_000896,s_00075,2025-01-14 15:18:49,2025-01-14 15:19:49
v_000003990,u_000610,s_00101,2025-02-21 17:09:12,2025-02-21 17:17:12
v_000003991,u_000329,s_00124,2025-02-23 22:31:33,2025-02-23 22:47:33
v_000003992,u_001876,s_00053,2025-02-05 23:05:44,2025-02-05 23:51:44
v_000003993,u_001410,s_00066,2025-02-23 23:31:20,2025-02-23 23:34:20
v_000003994,u_000049,s_00031,2025-01-06 23:52:22,2025-01-07 00:06:22
v_000003995,u_001743,s_00026,2025-01-20 22:04:34,2025-01-20 22:35:34
v_000003996,u_001418,s_00136,2025-01-27 22:45:47,2025-01-27 22:56:47
v_000003997,u_000795,s_00055,2025-03-01 21:50:25,2025-03-01 22:23:25
v_000003998,u_000426,s_00083,2025-01-01 23:16:20,2025-01-02 00:02:20
v_000003999,u_000776,s_00074,2025-01-17 16:49:06,2025-01-17 17:12:06
v_000004000,u_000172,s_00023,2025-01-24 20:57:14,2025-01-24 21:18:14
v_000004001,u_000495,s_00002,2025-01-07 19:22:35,2025-01-07 19:43:35
v_000004002,u_001003,s_00148,2025-01-04 15:08:17,2025-01-04 15:09:17
v_000004003,u_000435,s_00017,2025-02-08 15:48:03,2025-02-08 16:02:03
v_000004004,u_000623,s_00110,2025-02-24 20:02:08,2025-02-24 20:13:08
v_000004005,u_000370,s_00029,2025-01-04 19:48:04,2025-01-04 20:43:04
v_000004006,u_000842,s_00119,2025-01-23 10:04:11,2025-01-23 10:18:11
v_000004007,u_001709,s_00084,2025-01-08 23:00:43,2025-01-08 23:14:43
v_000004008,u_001289,s_00069,2025-02-21 18:40:01,2025-02-21 18:50:01
v_000004009,u_000837,s_00040,2025-01-22 23:03:36,2025-01-22 23:12:36
v_000004010,u_000959,s_00088,2025-01-22 14:03:35,2025-01-22 14:39:35
v_000004011,u_000406,s_00040,2025-02-01 23:30:51,2025-02-01 23:40:51
v_000004012,u_001697,s_00105,2025-02-20 15:26:48,2025-02-20 15:50:48
v_000004013,u_000954,s_00036,2025-01-26 21:10:01,2025-01-26 21:26:01
v_000004014,u_000010,s_00129,2025-01-19 22:34:49,2025-01-19 22:35:49
v_000004015,u_000625,s_00085,2025-02-10 15:59:38,2025-02-10 16:50:38
v_000004016,u_000894,s_00078,2025-02-28 23:24:43,2025-02-28 23:30:43
v_000004017,u_000060,s_00108,2025-02-08 20:47:11,2025-02-08 21:00:11
v_000004018,u_001727,s_00114,2025-01-01 19:54:25,2025-01-01 20:00:25
v_000004019,u_001321,s_00002,2025-01-30 23:12:22,2025-01-30 23:19:22
v_000004020,u_001440,s_00054,2025-01-31 22:47:50,2025-01-31 23:07:50
v_000004021,u_000453,s_00037,2025-02-21 12:33:20,2025-02-21 12:47:20
v_000004022,u_001347,s_00138,2025-02-20 20:39:58,2025-02-20 20:55:58
v_000004023,u_000023,s_00049,2025-01-29 21:49:27,2025-01-29 21:52:27
v_000004024,u_001107,s_00046,2025-01-22 16:16:38,2025-01-22 16:28:38
v_000004025,u_001498,s_00012,2025-02-02 21:56:35,2025-02-02 22:07:35
v_000004026,u_001872,s_00003,2025-01-30 23:48:56,2025-01-30 23:52:56
v_000004027,u_001786,s_00074,2025-01-21 13:59:11,2025-01-21 14:06:11
v_000004028,u_001044,s_00113,2025-01-26 20:07:56,2025-01-26 20:22:56
v_000004029,u_001252,s_00022,2025-02-20 23:41:29,2025-02-20 23:55:29
v_000004030,u_000209,s_00125,2025-02-24 23:13:27,2025-02-24 23:22:27
v_000004031,u_001339,s_00015,2025-01-02 15:15:38,2025-01-02 15:51:38
v_000004032,u_001483,s_00139,2025-02-15 23:00:41,2025-02-15 23:03:41
v_000004033,u_000305,s_00061,2025-02-04 19:58:09,2025-02-04 20:46:09
v_000004034,u_001971,s_00034,2025-02-03 21:33:37,2025-02-03 22:15:37
v_000004035,u_000549,s_00042,2025-01-26 14:47:20,2025-01-26 15:29:20
v_000004036,u_001709,s_00147,2025-02-21 19:46:18,2025-02-21 19:58:18
v_000004037,u_001881,s_00077,2025-01-30 14:00:55,2025-01-30 14:02:55
v_000004038,u_000404,s_00135,2025-01-06 20:29:06,2025-01-06 20:44:06
v_000004039,u_000367,s_00096,2025-01-06 23:01:27,2025-01-06 23:11:27
v_000004040,u_001783,s_00065,2025-01-29 23:19:04,2025-01-29 23:54:04
v_000004041,u_000801,s_00055,2025-01-24 15:42:30,2025-01-24 16:50:30
v_000004042,u_001542,s_00133,2025-02-17 19:58:05,2025-02-17 19:59:05
v_000004043,u_000862,s_00018,2025-02-10 22:07:28,2025-02-10 22:43:28
v_000004044,u_000011,s_00127,2025-01-25 14:20:33,2025-01-25 15:09:33
v_000004045,u_000506,s_00040,2025-01-24 15:11:02,2025-01-24 15:20:02
v_000004046,u_001798,s_00067,2025-02-27 12:49:33,2025-02-27 13:02:33
v_000004047,u_001065,s_00079,2025-01-12 20:45:52,2025-01-12 21:06:52
v_000004048,u_000150,s_00082,2025-02-07 17:17:44,2025-02-07 18:13:44
v_000004049,u_000822,s_00000,2025-01-05 16:41:57,2025-01-05 16:45:57
v_000004050,u_000803,s_00080,2025-01-10 18:01:25,2025-01-10 18:02:25
v_000004051,u_000273,s_00008,2025-01-08 16:07:56,2025-01-08 16:14:56
v_000004052,u_000178,s_00017,2025-01-30 21:05:00,2025-01-30 21:36:00
v_000004053,u_000323,s_00026,2025-02-06 19:06:33,2025-02-06 19:23:33
v_000004054,u_001465,s_00052,2025-01-27 23:44:27,2025-01-28 00:06:27
v_000004055,u_000279,s_00000,2025-02-12 20:51:08,2025-02-12 21:45:08
v_000004056,u_000936,s_00127,2025-01-01 14:21:12,2025-01-01 14:31:12
v_000004057,u_001431,s_00034,2025-02-15 12:48:08,2025-02-15 12:49:08
v_000004058,u_000199,s_00037,2025-01-16 23:09:44,2025-01-16 23:10:44
v_000004059,u_000688,s_00099,2025-01-10 23:35:25,2025-01-10 23:41:25
v_000004060,u_001497,s_00144,2025-01-11 23:28:24,2025-01-11 23:36:24
v_000004061,u_001734,s_00029,2025-02-08 23:46:15,2025-02-08 23:55:15
v_000004062,u_000861,s_00018,2025-02-19 17:24:57,2025-02-19 17:41:57
v_000004063,u_000120,s_00010,2025-01-30 16:10:43,2025-01-30 16:28:43
v_000004064,u_001094,s_00096,2025-02-03 23:43:46,2025-02-03 23:44:46
v_000004065,u_001104,s_00141,2025-02-08 19:55:21,2025-02-08 20:13:21
v_000004066,u_000917,s_00012,2025-01-08 20:53:08,2025-01-08 21:33:08
v_000004067,u_000240,s_00051,2025-02-28 20:31:21,2025-02-28 20:55:21
v_000004068,u_001847,s_00006,2025-02-16 19:02:57,2025-02-16 21:49:57
v_000004069,u_001814,s_00071,2025-02-01 18:27:45,2025-02-01 18:41:45
v_000004070,u_000573,s_00011,2025-01-15 20:47:28,2025-01-15 22:01:28
v_000004071,u_000303,s_00148,2025-01-16 22:48:50,2025-01-16 23:14:50
v_000004072,u_001446,s_00065,2025-02-01 23:40:13,2025-02-02 00:06:13
v_000004073,u_000090,s_00090,2025-01-18 23:18:29,2025-01-19 00:00:29
v_000004074,u_001673,s_00110,2025-01-09 18:09:58,2025-01-09 19:05:58
v_000004075,u_000410,s_00013,2025-02-07 18:35:09,2025-02-07 19:09:09
v_000004076,u_001486,s_00088,2025-02-20 18:18:31,2025-02-20 18:47:31
v_000004077,u_000994,s_00062,2025-02-07 23:27:54,2025-02-08 00:15:54
v_000004078,u_000146,s_00000,2025-01-15 19:36:17,2025-01-15 19:57:17
v_000004079,u_001820,s_00063,2025-02-12 17:23:36,2025-02-12 17:26:36
v_000004080,u_000978,s_00050,2025-01-20 17:06:11,2025-01-20 17:13:11
v_000004081,u_000613,s_00045,2025-01-20 21:12:02,2025-01-20 21:45:02
v_000004082,u_001146,s_00090,2025-02-08 13:44:52,2025-02-08 14:41:52
v_000004083,u_000106,s_00125,2025-02-19 15:42:16,2025-02-19 15:44:16
v_000004084,u_001608,s_00048,2025-01-22 22:46:50,2025-01-22 22:47:50
v_000004085,u_001637,s_00031,2025-01-11 21:59:31,2025-01-11 22:06:31
v_000004086,u_000884,s_00054,2025-01-04 18:16:53,2025-01-04 18:34:53
v_000004087,u_000001,s_00002,2025-02-01 21:29:13,2025-02-01 22:42:13
v_000004088,u_001302,s_00031,2025-01-18 22:52:37,2025-01-18 23:32:37
v_000004089,u_001933,s_00047,2025-01-18 21:21:29,2025-01-18 21:36:29
v_000004090,u_000636,s_00040,2025-02-04 17:22:33,2025-02-04 17:37:33
v_000004091,u_000630,s_00000,2025-02-13 16:24:31,2025-02-13 16:25:31
v_000004092,u_000860,s_00004,2025-02-08 18:20:08,2025-02-08 18:57:08
v_000004093,u_000068,s_00110,2025-02-14 19:25:47,2025-02-14 20:24:47
v_000004094,u_001205,s_00105,2025-02-13 17:40:02,2025-02-13 19:01:02
v_000004095,u_000304,s_00031,2025-01-21 22:17:47,2025-01-21 22:50:47
v_000004096,u_001904,s_00026,2025-01-15 22:38:21,2025-01-15 22:55:21
v_000004097,u_000793,s_00133,2025-02-27 19:23:34,2025-02-27 19:47:34
v_000004098,u_001571,s_00076,2025-02-28 20:55:33,2025-02-28 23:59:33
v_000004099,u_001871,s_00126,2025-02-11 20:01:45,2025-02-11 20:08:45
v_000004100,u_001065,s_00097,2025-01-07 13:45:08,2025-01-07 13:54:08
v_000004101,u_000835,s_00093,2025-02-11 22:10:07,2025-02-11 22:30:07
v_000004102,u_000695,s_00115,2025-01-29 20:36:56,2025-01-29 20:37:56
v_000004103,u_001800,s_00103,2025-01-08 23:40:35,2025-01-09 00:00:35
v_000004104,u_000192,s_00011,2025-01-22 11:21:26,2025-01-22 11:46:26
v_000004105,u_000049,s_00031,2025-01-27 23:12:42,2025-01-27 23:30:42
v_000004106,u_000476,s_00115,2025-01-17 23:27:31,2025-01-17 23:31:31
v_000004107,u_000123,s_00008,2025-01-29 22:23:26,2025-01-29 22:28:26
v_000004108,u_000601,s_00140,2025-02-22 14:18:03,2025-02-22 14:29:03
v_000004109,u_001764,s_00113,2025-01-19 18:39:32,2025-01-19 18:40:32
v_000004110,u_000873,s_00064,2025-02-10 18:32:23,2025-02-10 18:50:23
v_000004111,u_001239,s_00017,2025-01-22 23:00:58,2025-01-22 23:24:58
v_000004112,u_000107,s_00126,2025-01-31 18:12:01,2025-01-31 18:19:01
v_000004113,u_001086,s_00095,2025-02-25 23:35:52,2025-02-25 23:42:52
v_000004114,u_000444,s_00114,2025-01-25 20:17:09,2025-01-25 21:01:09
v_000004115,u_000595,s_00059,2025-01-05 20:44:11,2025-01-05 22:31:11
v_000004116,u_001169,s_00009,2025-02-10 14:44:23,2025-02-10 15:02:23
v_000004117,u_000139,s_00024,2025-01-15 23:41:33,2025-01-15 23:50:33
v_000004118,u_001782,s_00035,2025-02-26 19:14:38,2025-02-26 19:40:38
v_000004119,u_001444,s_00109,2025-01-01 20:35:59,2025-01-01 21:17:59
v_000004120,u_001236,s_00078,2025-02-07 14:24:24,2025-02-07 14:57:24
v_000004121,u_001573,s_00050,2025-02-19 22:37:00,2025-02-19 22:38:00
v_000004122,u_001001,s_00021,2025-01-11 23:47:20,2025-01-11 23:52:20
v_000004123,u_000328,s_00108,2025-01-14 13:14:33,2025-01-14 13:22:33
v_000004124,u_000753,s_00131,2025-02-05 22:47:12,2025-02-05 22:57:12
v_000004125,u_000863,s_00048,2025-01-14 20:58:47,2025-01-14 21:55:47
v_000004126,u_000839,s_00052,2025-02-21 20:24:08,2025-02-21 21:26:08
v_000004127,u_000982,s_00021,2025-02-09 14:25:58,2025-02-09 14:33:58
v_000004128,u_001708,s_00104,2025-02-05 21:05:56,2025-02-05 21:08:56
v_000004129,u_001301,s_00129,2025-01-07 20:08:53,2025-01-07 20:41:53
v_000004130,u_001385,s_00121,2025-02-03 20:23:16,2025-02-03 20:28:16
v_000004131,u_000032,s_00122,2025-02-17 17:18:33,2025-02-17 17:24:33
v_000004132,u_001280,s_00076,2025-02-22 18:31:36,2025-02-22 18:51:36
v_000004133,u_000791,s_00091,2025-01-02 23:30:36,2025-01-03 00:33:36
v_000004134,u_001955,s_00108,2025-01-20 23:59:17,2025-01-21 00:37:17
v_000004135,u_000470,s_00006,2025-01-19 23:38:46,2025-01-19 23:57:46
v_000004136,u_000415,s_00069,2025-02-21 11:11:07,2025-02-21 11:19:07
v_000004137,u_001595,s_00058,2025-01-19 15:26:37,2025-01-19 15:34:37
v_000004138,u_000730,s_00124,2025-02-20 23:27:47,2025-02-21 00:06:47
v_000004139,u_000639,s_00105,2025-01-10 17:17:55,2025-01-10 17:23:55
v_000004140,u_001400,s_00107,2025-01-03 20:49:27,2025-01-03 20:58:27
v_000004141,u_000966,s_00126,2025-01-19 19:57:22,2025-01-19 20:02:22
v_000004142,u_000419,s_00040,2025-02-24 22:50:49,2025-02-24 23:46:49
v_000004143,u_000025,s_00051,2025-02-23 23:07:47,2025-02-23 23:12:47
v_000004144,u_001474,s_00097,2025-02-21 21:25:48,2025-02-21 22:00:48
v_000004145,u_000790,s_00026,2025-01-05 16:48:10,2025-01-05 17:12:10
v_000004146,u_000873,s_00061,2025-01-19 21:30:29,2025-01-19 21:37:29
v_000004147,u_001045,s_00063,2025-01-10 10:15:30,2025-01-10 10:24:30
v_000004148,u_000044,s_00044,2025-01-20 20:28:10,2025-01-20 20:30:10
v_000004149,u_000228,s_00039,2025-01-29 19:24:03,2025-01-29 19:30:03
v_000004150,u_000184,s_00112,2025-02-13 14:56:19,2025-02-13 15:03:19
v_000004151,u_000486,s_00056,2025-01-22 18:13:16,2025-01-22 18:28:16
v_000004152,u_001022,s_00020,2025-01-19 13:21:20,2025-01-19 13:35:20
v_000004153,u_001362,s_00005,2025-01-14 18:05:40,2025-01-14 18:27:40
v_000004154,u_000077,s_00137,2025-01-19 11:27:26,2025-01-19 11:48:26
v_000004155,u_001339,s_00148,2025-01-20 18:33:50,2025-01-20 18:57:50
v_000004156,u_001698,s_00116,2025-02-11 16:02:20,2025-02-11 16:34:20
v_000004157,u_000871,s_00139,2025-02-18 15:02:55,2025-02-18 15:03:55
v_000004158,u_000245,s_00126,2025-01-15 20:47:04,2025-01-15 20:48:04
v_000004159,u_000754,s_00090,2025-02-18 13:52:21,2025-02-18 14:20:21
v_000004160,u_001925,s_00065,2025-02-07 23:00:06,2025-02-07 23:03:06
v_000004161,u_000320,s_00098,2025-01-29 23:32:08,2025-01-29 23:46:08
v_000004162,u_001513,s_00059,2025-01-18 19:45:32,2025-01-18 20:15:32
v_000004163,u_001106,s_00041,2025-02-01 13:32:22,2025-02-01 14:04:22
v_000004164,u_001231,s_00022,2025-01-01 16:44:19,2025-01-01 17:10:19
v_000004165,u_001549,s_00043,2025-01-28 13:19:30,2025-01-28 13:20:30
v_000004166,u_001064,s_00044,2025-01-23 23:16:03,2025-01-23 23:19:03
v_000004167,u_001055,s_00001,2025-01-10 10:07:31,2025-01-10 10:42:31
v_000004168,u_001297,s_00054,2025-01-27 18:56:14,2025-01-27 19:47:14
v_000004169,u_000195,s_00138,2025-02-06 22:22:39,2025-02-06 22:23:39
v_000004170,u_000604,s_00115,2025-01-07 12:43:53,2025-01-07 13:01:53
v_000004171,u_001886,s_00117,2025-01-17 22:28:31,2025-01-17 22:54:31
v_000004172,u_001876,s_00009,2025-01-31 15:19:26,2025-01-31 15:21:26
v_000004173,u_001846,s_00078,2025-02-10 22:02:55,2025-02-10 22:09:55
v_000004174,u_000716,s_00053,2025-01-22 18:19:50,2025-01-22 18:29:50
v_000004175,u_000542,s_00054,2025-01-09 23:37:46,2025-01-10 00:08:46
v_000004176,u_001746,s_00137,2025-02-14 22:29:43,2025-02-14 22:37:43
v_000004177,u_000187,s_00052,2025-02-17 15:40:32,2025-02-17 16:03:32
v_000004178,u_000884,s_00024,2025-02-06 23:51:45,2025-02-07 00:27:45
v_000004179,u_000982,s_00138,2025-01-02 16:52:32,2025-01-02 17:17:32
v_000004180,u_001284,s_00110,2025-02-06 18:46:42,2025-02-06 18:53:42
v_000004181,u_001504,s_00057,2025-02-04 19:44:39,2025-02-04 19:49:39
v_000004182,u_000646,s_00139,2025-02-05 19:55:35,2025-02-05 20:16:35
v_000004183,u_000244,s_00114,2025-01-01 20:30:34,2025-01-01 20:45:34
v_000004184,u_001053,s_00117,2025-01-11 22:38:10,2025-01-11 22:49:10
v_000004185,u_001926,s_00034,2025-01-18 16:15:41,2025-01-18 17:13:41
v_000004186,u_001300,s_00031,2025-02-09 17:10:52,2025-02-09 17:27:52
v_000004187,u_000830,s_00146,2025-02-28 22:15:43,2025-02-28 22:53:43
v_000004188,u_001575,s_00003,2025-02-24 17:32:18,2025-02-24 18:45:18
v_000004189,u_000414,s_00115,2025-02-01 13:44:34,2025-02-01 13:48:34
v_000004190,u_001848,s_00011,2025-02-10 23:31:01,2025-02-10 23:47:01
v_000004191,u_000354,s_00077,2025-01-25 19:40:48,2025-01-25 19:42:48
v_000004192,u_000764,s_00075,2025-02-01 20:57:21,2025-02-01 21:11:21
v_000004193,u_000234,s_00011,2025-02-07 12:53:35,2025-02-07 13:20:35
v_000004194,u_001439,s_00138,2025-02-12 17:14:38,2025-02-12 18:17:38
v_000004195,u_000119,s_00136,2025-01-20 21:11:30,2025-01-20 21:28:30
v_000004196,u_000890,s_00038,2025-02-01 18:40:04,2025-02-01 19:08:04
v_000004197,u_000392,s_00110,2025-02-06 23:36:29,2025-02-06 23:51:29
v_000004198,u_001523,s_00141,2025-01-06 16:03:45,2025-01-06 18:17:45
v_000004199,u_000576,s_00027,2025-02-21 23:05:24,2025-02-21 23:09:24
v_000004200,u_001069,s_00003,2025-02-06 23:55:40,2025-02-07 00:27:40
v_000004201,u_001604,s_00129,2025-02-08 12:02:49,2025-02-08 12:07:49
v_000004202,u_000163,s_00131,2025-02-06 22:31:10,2025-02-06 23:13:10
v_000004203,u_001568,s_00062,2025-01-07 20:04:18,2025-01-07 20:34:18
v_000004204,u_000398,s_00009,2025-01-19 22:22:03,2025-01-19 22:37:03
v_000004205,u_000848,s_00052,2025-01-26 23:52:26,2025-01-26 23:54:26
v_000004206,u_000219,s_00043,2025-01-27 20:10:57,2025-01-27 20:33:57
v_000004207,u_001682,s_00060,2025-01-25 22:23:25,2025-01-25 22:39:25
v_000004208,u_000234,s_00002,2025-02-25 23:08:40,2025-02-25 23:16:40
v_000004209,u_001387,s_00026,2025-02-09 23:50:49,2025-02-10 00:55:49
v_000004210,u_000007,s_00086,2025-02-21 12:31:03,2025-02-21 12:32:03
v_000004211,u_001552,s_00006,2025-02-19 13:40:40,2025-02-19 13:43:40
v_000004212,u_001312,s_00071,2025-01-03 20:24:26,2025-01-03 21:01:26
v_000004213,u_001202,s_00025,2025-01-16 18:52:54,2025-01-16 18:53:54
v_000004214,u_000866,s_00097,2025-02-12 22:21:32,2025-02-12 23:38:32
v_000004215,u_001612,s_00065,2025-01-27 10:12:17,2025-01-27 10:19:17
v_000004216,u_001564,s_00115,2025-01-15 14:06:09,2025-01-15 14:58:09
v_000004217,u_001885,s_00090,2025-01-31 15:49:29,2025-01-31 15:52:29
v_000004218,u_001032,s_00062,2025-01-25 19:32:52,2025-01-25 21:00:52
v_000004219,u_001593,s_00057,2025-02-21 15:13:12,2025-02-21 15:29:12
v_000004220,u_000325,s_00136,2025-02-25 12:11:19,2025-02-25 12:20:19
v_000004221,u_000636,s_00070,2025-01-09 10:19:44,2025-01-09 10:45:44
v_000004222,u_001438,s_00103,2025-02-27 14:30:17,2025-02-27 14:53:17
v_000004223,u_001701,s_00133,2025-01-15 21:45:10,2025-01-15 21:58:10
v_000004224,u_000108,s_00081,2025-02-01 18:51:33,2025-02-01 18:52:33
v_000004225,u_001649,s_00008,2025-01-03 16:27:01,2025-01-03 16:36:01
v_000004226,u_000249,s_00008,2025-01-04 16:24:10,2025-01-04 16:32:10
v_000004227,u_001814,s_00077,2025-02-26 22:54:44,2025-02-27 00:56:44
v_000004228,u_000448,s_00090,2025-01-26 13:19:44,2025-01-26 14:51:44
v_000004229,u_000519,s_00073,2025-01-13 21:21:36,2025-01-13 21:58:36
v_000004230,u_001544,s_00095,2025-01-21 15:13:49,2025-01-21 15:14:49
v_000004231,u_000414,s_00115,2025-01-15 22:40:38,2025-01-15 22:45:38
v_000004232,u_000560,s_00146,2025-01-07 23:47:46,2025-01-07 23:59:46
v_000004233,u_000158,s_00109,2025-01-10 23:02:18,2025-01-10 23:12:18
v_000004234,u_000987,s_00024,2025-01-08 20:10:33,2025-01-08 20:23:33
v_000004235,u_000298,s_00057,2025-02-09 23:37:12,2025-02-10 00:10:12
v_000004236,u_001499,s_00015,2025-02-21 19:27:48,2025-02-21 19:30:48
v_000004237,u_000206,s_00003,2025-01-13 20:28:17,2025-01-13 20:51:17
v_000004238,u_000007,s_00110,2025-02-21 20:54:40,2025-02-21 21:40:40
v_000004239,u_001976,s_00036,2025-01-17 21:13:16,2025-01-17 21:20:16
v_000004240,u_001685,s_00027,2025-02-21 19:53:19,2025-02-21 20:28:19
v_000004241,u_000812,s_00038,2025-01-06 23:53:50,2025-01-07 00:02:50
v_000004242,u_001726,s_00033,2025-01-19 20:32:00,2025-01-19 20:34:00
v_000004243,u_001975,s_00096,2025-02-06 18:27:30,2025-02-06 19:05:30
v_000004244,u_000442,s_00076,2025-01-27 18:31:10,2025-01-27 18:46:10
v_000004245,u_000452,s_00044,2025-02-15 23:53:00,2025-02-16 00:09:00
v_000004246,u_000146,s_00135,2025-01-13 19:38:44,2025-01-13 20:32:44
v_000004247,u_001931,s_00089,2025-02-02 12:09:13,2025-02-02 12:10:13
v_000004248,u_000643,s_00084,2025-01-02 20:39:15,2025-01-02 20:58:15
v_000004249,u_000419,s_00044,2025-01-16 14:34:32,2025-01-16 15:27:32
v_000004250,u_001354,s_00024,2025-02-24 14:00:52,2025-02-24 14:05:52
v_000004251,u_001174,s_00128,2025-01-07 19:47:12,2025-01-07 20:02:12
v_000004252,u_000846,s_00060,2025-02-21 22:40:19,2025-02-21 23:01:19
v_000004253,u_000474,s_00132,2025-01-25 12:50:04,2025-01-25 12:53:04
v_000004254,u_000882,s_00149,2025-02-17 18:47:54,2025-02-17 18:48:54
v_000004255,u_000723,s_00141,2025-01-19 16:07:26,2025-01-19 16:20:26
v_000004256,u_001450,s_00131,2025-01-06 21:29:20,2025-01-06 22:08:20
v_000004257,u_001617,s_00042,2025-01-11 18:55:53,2025-01-11 19:41:53
v_000004258,u_001195,s_00043,2025-02-20 19:30:16,2025-02-20 19:37:16
v_000004259,u_001819,s_00116,2025-01-16 21:28:03,2025-01-16 21:48:03
v_000004260,u_001234,s_00111,2025-02-05 23:30:25,2025-02-06 00:09:25
v_000004261,u_000426,s_00083,2025-01-25 22:25:12,2025-01-25 23:19:12
v_000004262,u_001336,s_00088,2025-01-07 17:16:52,2025-01-07 17:34:52
v_000004263,u_000091,s_00007,2025-01-04 19:27:39,2025-01-04 19:28:39
v_000004264,u_000587,s_00033,2025-02-15 15:32:03,2025-02-15 15:56:03
v_000004265,u_000836,s_00131,2025-01-24 23:10:00,2025-01-24 23:24:00
v_000004266,u_000957,s_00058,2025-01-05 23:32:28,2025-01-05 23:46:28
v_000004267,u_001251,s_00044,2025-02-19 22:15:01,2025-02-19 22:19:01
v_000004268,u_000206,s_00026,2025-01-21 15:16:38,2025-01-21 16:28:38
v_000004269,u_001132,s_00011,2025-01-25 22:58:56,2025-01-25 23:33:56
v_000004270,u_001673,s_00110,2025-02-10 21:23:26,2025-02-10 21:44:26
v_000004271,u_001313,s_00081,2025-01-17 18:07:47,2025-01-17 18:24:47
v_000004272,u_001826,s_00031,2025-01-05 16:04:39,2025-01-05 16:18:39
v_000004273,u_000694,s_00020,2025-01-28 20:35:12,2025-01-28 20:42:12
v_000004274,u_000052,s_00048,2025-01-28 19:50:38,2025-01-28 21:00:38
v_000004275,u_000246,s_00075,2025-02-28 22:38:50,2025-02-28 22:45:50
v_000004276,u_001844,s_00144,2025-01-23 23:52:24,2025-01-24 00:01:24
v_000004277,u_000662,s_00067,2025-02-26 11:04:36,2025-02-26 11:22:36
v_000004278,u_001422,s_00087,2025-01-08 18:22:03,2025-01-08 19:07:03
v_000004279,u_001497,s_00144,2025-03-01 20:00:36,2025-03-01 20:52:36
v_000004280,u_000396,s_00110,2025-02-04 17:41:38,2025-02-04 18:00:38
v_000004281,u_000875,s_00064,2025-01-12 19:56:42,2025-01-12 20:03:42
v_000004282,u_000018,s_00080,2025-02-10 23:19:02,2025-02-10 23:37:02
v_000004283,u_001156,s_00041,2025-02-04 18:47:40,2025-02-04 18:50:40
v_000004284,u_001347,s_00136,2025-02-25 20:06:00,2025-02-25 20:41:00
v_000004285,u_001221,s_00010,2025-02-28 19:55:06,2025-02-28 20:14:06
v_000004286,u_001563,s_00110,2025-02-18 23:11:18,2025-02-18 23:38:18
v_000004287,u_001202,s_00050,2025-01-01 23:33:22,2025-01-01 23:51:22
v_000004288,u_001288,s_00124,2025-01-21 15:25:33,2025-01-21 15:29:33
v_000004289,u_000925,s_00132,2025-02-28 23:41:29,2025-02-28 23:51:29
v_000004290,u_000820,s_00082,2025-01-15 16:17:35,2025-01-15 19:20:35
v_000004291,u_001993,s_00112,2025-01-23 15:00:13,2025-01-23 15:21:13
v_000004292,u_000229,s_00078,2025-01-10 23:28:59,2025-01-10 23:42:59
v_000004293,u_001266,s_00137,2025-02-21 23:07:45,2025-02-21 23:16:45
v_000004294,u_001652,s_00063,2025-02-18 19:43:55,2025-02-18 21:01:55
v_000004295,u_000422,s_00065,2025-01-30 22:48:01,2025-01-30 22:57:01
v_000004296,u_000788,s_00021,2025-01-25 18:52:13,2025-01-25 19:07:13
v_000004297,u_001206,s_00029,2025-01-18 19:50:16,2025-01-18 20:15:16
v_000004298,u_001457,s_00038,2025-01-26 23:41:10,2025-01-26 23:56:10
v_000004299,u_001584,s_00000,2025-01-02 23:22:40,2025-01-02 23:27:40
v_000004300,u_001173,s_00106,2025-02-26 11:30:29,2025-02-26 11:35:29
v_000004301,u_001856,s_00040,2025-02-18 23:23:02,2025-02-18 23:24:02
v_000004302,u_001003,s_00067,2025-01-30 14:03:52,2025-01-30 14:13:52
v_000004303,u_001641,s_00017,2025-02-13 23:18:24,2025-02-14 00:23:24
v_000004304,u_000423,s_00073,2025-02-03 21:04:36,2025-02-03 22:24:36
v_000004305,u_001756,s_00081,2025-01-30 19:48:00,2025-01-30 20:13:00
v_000004306,u_001161,s_00116,2025-02-23 23:17:01,2025-02-24 00:13:01
v_000004307,u_001192,s_00025,2025-01-01 23:32:07,2025-01-02 00:11:07
v_000004308,u_000276,s_00012,2025-02-28 19:14:33,2025-02-28 20:10:33
v_000004309,u_001395,s_00040,2025-01-19 14:05:19,2025-01-19 15:08:19
v_000004310,u_000084,s_00037,2025-02-16 22:31:35,2025-02-16 23:00:35
v_000004311,u_000118,s_00067,2025-01-14 15:04:21,2025-01-14 15:15:21
v_000004312,u_001894,s_00141,2025-01-01 21:58:37,2025-01-01 22:06:37
v_000004313,u_001629,s_00129,2025-02-22 18:16:00,2025-02-22 18:18:00
v_000004314,u_000454,s_00096,2025-01-26 18:17:04,2025-01-26 18:56:04
v_000004315,u_001347,s_00136,2025-01-28 20:36:38,2025-01-28 20:54:38
v_000004316,u_000375,s_00016,2025-01-23 20:00:48,2025-01-23 20:06:48
v_000004317,u_000917,s_00062,2025-01-06 18:46:17,2025-01-06 19:28:17
v_000004318,u_001942,s_00126,2025-02-22 22:42:12,2025-02-22 22:52:12
v_000004319,u_000294,s_00097,2025-02-09 23:33:19,2025-02-10 00:35:19
v_000004320,u_000561,s_00146,2025-02-08 16:14:02,2025-02-08 16:15:02
v_000004321,u_001489,s_00085,2025-01-23 17:14:38,2025-01-23 17:25:38
v_000004322,u_000247,s_00116,2025-01-23 18:06:27,2025-01-23 18:19:27
v_000004323,u_000913,s_00058,2025-02-23 18:17:19,2025-02-23 18:25:19
v_000004324,u_000952,s_00131,2025-02-06 23:24:12,2025-02-06 23:48:12
v_000004325,u_001277,s_00078,2025-02-09 18:56:11,2025-02-09 19:18:11
v_000004326,u_000068,s_00022,2025-01-12 23:41:06,2025-01-12 23:59:06
v_000004327,u_001021,s_00124,2025-02-12 16:37:10,2025-02-12 16:54:10
v_000004328,u_001753,s_00122,2025-03-01 15:04:49,2025-03-01 15:09:49
v_000004329,u_001488,s_00098,2025-02-19 20:46:19,2025-02-19 20:49:19
v_000004330,u_000262,s_00137,2025-01-09 20:43:48,2025-01-09 20:44:48
v_000004331,u_000201,s_00106,2025-02-07 20:28:56,2025-02-07 20:57:56
v_000004332,u_000606,s_00084,2025-01-29 22:20:00,2025-01-29 22:25:00
v_000004333,u_001406,s_00116,2025-01-13 22:29:13,2025-01-13 22:57:13
v_000004334,u_001718,s_00025,2025-01-21 19:30:02,2025-01-21 20:03:02
v_000004335,u_000091,s_00127,2025-01-16 23:33:07,2025-01-16 23:41:07
v_000004336,u_001826,s_00136,2025-02-15 21:35:03,2025-02-15 21:45:03
v_000004337,u_000630,s_00121,2025-02-14 23:06:05,2025-02-14 23:42:05
v_000004338,u_001882,s_00092,2025-02-07 12:44:23,2025-02-07 13:00:23
v_000004339,u_000401,s_00062,2025-02-26 20:17:15,2025-02-26 20:32:15
v_000004340,u_000665,s_00149,2025-02-25 23:30:48,2025-02-26 00:27:48
v_000004341,u_000007,s_00086,2025-02-06 23:36:13,2025-02-07 00:52:13
v_000004342,u_000848,s_00060,2025-02-12 23:45:16,2025-02-12 23:48:16
v_000004343,u_000071,s_00005,2025-02-05 23:49:45,2025-02-06 00:40:45
v_000004344,u_000468,s_00105,2025-02-25 19:16:25,2025-02-25 20:34:25
v_000004345,u_000437,s_00040,2025-02-02 19:49:08,2025-02-02 20:06:08
v_000004346,u_001387,s_00076,2025-01-19 22:17:42,2025-01-19 22:25:42
v_000004347,u_001752,s_00114,2025-01-08 17:31:32,2025-01-08 17:32:32
v_000004348,u_000066,s_00052,2025-02-02 15:37:27,2025-02-02 15:48:27
v_000004349,u_001191,s_00088,2025-01-26 23:39:39,2025-01-27 01:01:39
v_000004350,u_001666,s_00111,2025-01-03 23:46:59,2025-01-04 00:05:59
v_000004351,u_000480,s_00017,2025-01-13 20:35:09,2025-01-13 20:36:09
v_000004352,u_000501,s_00047,2025-02-04 21:36:07,2025-02-04 22:54:07
v_000004353,u_000104,s_00014,2025-01-30 22:35:07,2025-01-30 23:19:07
v_000004354,u_000329,s_00066,2025-03-01 23:32:14,2025-03-02 00:41:14
v_000004355,u_001593,s_00057,2025-01-09 14:21:16,2025-01-09 16:13:16
v_000004356,u_001755,s_00059,2025-02-25 19:03:09,2025-02-25 19:08:09
v_000004357,u_000004,s_00147,2025-03-01 17:44:07,2025-03-01 18:02:07
v_000004358,u_000872,s_00002,2025-01-15 23:00:04,2025-01-16 00:11:04
v_000004359,u_000400,s_00118,2025-01-19 23:35:33,2025-01-19 23:57:33
v_000004360,u_000484,s_00011,2025-01-03 23:11:11,2025-01-03 23:16:11
v_000004361,u_000208,s_00056,2025-01-22 14:37:45,2025-01-22 15:02:45
v_000004362,u_001856,s_00032,2025-02-26 11:49:19,2025-02-26 11:53:19
v_000004363,u_000070,s_00122,2025-01-16 18:48:46,2025-01-16 19:12:46
v_000004364,u_000610,s_00034,2025-01-23 19:59:38,2025-01-23 20:10:38
v_000004365,u_000241,s_00096,2025-02-07 19:00:48,2025-02-07 19:13:48
v_000004366,u_001582,s_00131,2025-02-03 18:12:46,2025-02-03 18:54:46
v_000004367,u_001538,s_00052,2025-02-09 22:29:45,2025-02-09 22:32:45
v_000004368,u_000848,s_00013,2025-01-18 23:22:10,2025-01-18 23:24:10
v_000004369,u_001867,s_00083,2025-01-15 15:26:13,2025-01-15 15:37:13
v_000004370,u_001066,s_00085,2025-02-06 22:35:38,2025-02-06 22:38:38
v_000004371,u_001056,s_00067,2025-01-15 19:41:05,2025-01-15 19:56:05
v_000004372,u_001249,s_00067,2025-02-03 23:03:48,2025-02-03 23:22:48
v_000004373,u_000994,s_00012,2025-02-19 08:08:42,2025-02-19 09:44:42
v_000004374,u_001688,s_00139,2025-01-01 23:00:34,2025-01-01 23:33:34
v_000004375,u_001167,s_00141,2025-02-27 20:14:12,2025-02-27 20:31:12
v_000004376,u_001427,s_00120,2025-02-01 16:42:31,2025-02-01 16:49:31
v_000004377,u_000365,s_00131,2025-01-19 17:07:42,2025-01-19 18:03:42
v_000004378,u_000130,s_00112,2025-02-04 19:05:09,2025-02-04 19:15:09
v_000004379,u_001731,s_00038,2025-01-06 23:28:27,2025-01-07 00:02:27
v_000004380,u_000330,s_00004,2025-02-16 23:11:19,2025-02-16 23:12:19
v_000004381,u_001762,s_00063,2025-02-01 23:37:26,2025-02-01 23:52:26
v_000004382,u_001704,s_00121,2025-02-02 23:31:01,2025-02-02 23:32:01
v_000004383,u_000801,s_00097,2025-01-17 19:02:44,2025-01-17 19:29:44
v_000004384,u_001881,s_00036,2025-01-04 20:44:32,2025-01-04 21:16:32
v_000004385,u_001937,s_00149,2025-02-27 20:03:44,2025-02-27 20:35:44
v_000004386,u_000266,s_00062,2025-01-24 20:04:35,2025-01-24 20:18:35
v_000004387,u_001153,s_00033,2025-02-16 20:31:04,2025-02-16 21:04:04
v_000004388,u_001076,s_00132,2025-02-22 23:47:58,2025-02-22 23:58:58
v_000004389,u_000351,s_00109,2025-01-01 20:13:37,2025-01-01 20:20:37
v_000004390,u_001261,s_00132,2025-01-23 22:12:07,2025-01-23 22:29:07
v_000004391,u_000278,s_00103,2025-02-17 15:04:20,2025-02-17 15:37:20
v_000004392,u_000467,s_00038,2025-02-18 16:50:34,2025-02-18 16:51:34
v_000004393,u_001563,s_00028,2025-01-08 19:44:02,2025-01-08 20:16:02
v_000004394,u_001064,s_00044,2025-03-01 20:11:38,2025-03-01 20:26:38
v_000004395,u_000594,s_00047,2025-02-13 16:02:48,2025-02-13 16:03:48
v_000004396,u_000276,s_00087,2025-02-09 20:46:02,2025-02-09 21:03:02
v_000004397,u_001363,s_00118,2025-01-23 11:55:23,2025-01-23 12:53:23
v_000004398,u_001707,s_00046,2025-01-01 10:40:47,2025-01-01 10:51:47
v_000004399,u_001568,s_00018,2025-01-15 22:55:28,2025-01-15 23:04:28
v_000004400,u_000545,s_00110,2025-02-24 20:38:34,2025-02-24 21:01:34
v_000004401,u_001656,s_00146,2025-02-04 19:22:23,2025-02-04 19:35:23
v_000004402,u_001576,s_00023,2025-02-17 23:13:03,2025-02-17 23:38:03
v_000004403,u_000589,s_00060,2025-02-27 23:22:10,2025-02-27 23:37:10
v_000004404,u_000073,s_00016,2025-01-14 21:26:38,2025-01-14 21:32:38
v_000004405,u_001659,s_00132,2025-01-09 16:48:59,2025-01-09 16:49:59
v_000004406,u_001519,s_00033,2025-02-07 23:54:29,2025-02-08 00:10:29
v_000004407,u_001809,s_00090,2025-01-06 23:26:45,2025-01-06 23:35:45
v_000004408,u_000009,s_00049,2025-01-30 10:05:40,2025-01-30 10:18:40
v_000004409,u_000991,s_00010,2025-02-25 17:12:39,2025-02-25 17:55:39
v_000004410,u_001739,s_00067,2025-01-23 23:09:38,2025-01-23 23:39:38
v_000004411,u_000693,s_00017,2025-02-02 21:07:03,2025-02-02 21:21:03
v_000004412,u_000730,s_00002,2025-02-08 23:48:40,2025-02-09 00:08:40
v_000004413,u_000779,s_00136,2025-02-26 20:17:35,2025-02-26 21:00:35
v_000004414,u_001862,s_00060,2025-01-07 20:04:47,2025-01-07 20:12:47
v_000004415,u_000718,s_00094,2025-01-28 22:52:58,2025-01-28 23:08:58
v_000004416,u_000458,s_00105,2025-01-11 15:05:01,2025-01-11 15:20:01
v_000004417,u_000856,s_00110,2025-01-15 21:42:52,2025-01-15 22:45:52
v_000004418,u_001767,s_00019,2025-01-19 18:26:21,2025-01-19 19:13:21
v_000004419,u_001106,s_00001,2025-01-08 19:40:02,2025-01-08 20:09:02
v_000004420,u_001496,s_00129,2025-01-05 21:28:13,2025-01-05 22:09:13
v_000004421,u_000167,s_00064,2025-02-27 23:31:09,2025-02-27 23:37:09
v_000004422,u_001012,s_00025,2025-01-11 20:47:46,2025-01-11 21:00:46
v_000004423,u_001244,s_00043,2025-02-01 18:44:04,2025-02-01 19:02:04
v_000004424,u_001545,s_00029,2025-01-20 13:04:46,2025-01-20 13:05:46
v_000004425,u_001044,s_00113,2025-01-28 22:29:47,2025-01-28 22:48:47
v_000004426,u_001798,s_00098,2025-02-14 16:09:11,2025-02-14 16:10:11
v_000004427,u_001197,s_00056,2025-01-11 08:38:10,2025-01-11 08:42:10
v_000004428,u_001177,s_00019,2025-01-15 23:00:41,2025-01-15 23:21:41
v_000004429,u_001759,s_00028,2025-01-12 19:38:41,2025-01-12 19:56:41
v_000004430,u_001166,s_00146,2025-02-23 16:27:11,2025-02-23 16:28:11
v_000004431,u_000294,s_00095,2025-02-21 18:09:09,2025-02-21 18:21:09
v_000004432,u_000610,s_00131,2025-02-10 14:29:00,2025-02-10 16:06:00
v_000004433,u_000452,s_00044,2025-01-17 23:57:36,2025-01-18 00:21:36
v_000004434,u_000002,s_00111,2025-01-19 23:19:25,2025-01-20 00:26:25
v_000004435,u_001026,s_00133,2025-02-22 23:47:23,2025-02-22 23:55:23
v_000004436,u_000721,s_00016,2025-02-04 23:46:28,2025-02-05 00:02:28
v_000004437,u_001707,s_00009,2025-02-27 18:06:54,2025-02-27 18:49:54
v_000004438,u_000714,s_00027,2025-01-31 14:36:39,2025-01-31 15:07:39
v_000004439,u_000518,s_00002,2025-01-14 18:20:01,2025-01-14 20:00:01
v_000004440,u_000127,s_00086,2025-02-03 17:12:18,2025-02-03 17:13:18
v_000004441,u_000484,s_00093,2025-01-16 19:38:33,2025-01-16 19:58:33
v_000004442,u_000862,s_00078,2025-01-15 20:29:19,2025-01-15 20:58:19
v_000004443,u_000971,s_00126,2025-02-12 16:46:53,2025-02-12 16:48:53
v_000004444,u_000704,s_00038,2025-01-30 22:12:56,2025-01-30 23:14:56
v_000004445,u_001083,s_00108,2025-01-14 21:17:02,2025-01-14 21:27:02
v_000004446,u_000711,s_00013,2025-02-27 23:47:06,2025-02-27 23:56:06
v_000004447,u_000057,s_00058,2025-02-11 23:49:05,2025-02-12 00:04:05
v_000004448,u_000966,s_00145,2025-01-21 23:36:44,2025-01-22 00:25:44
v_000004449,u_000251,s_00109,2025-01-02 17:34:08,2025-01-02 17:54:08
v_000004450,u_001106,s_00038,2025-02-11 14:18:57,2025-02-11 14:28:57
v_000004451,u_001316,s_00114,2025-02-13 20:52:37,2025-02-13 20:59:37
v_000004452,u_000101,s_00131,2025-01-13 14:52:05,2025-01-13 15:00:05
v_000004453,u_000371,s_00009,2025-02-26 23:18:08,2025-02-26 23:22:08
v_000004454,u_001279,s_00067,2025-02-04 19:44:54,2025-02-04 20:04:54
v_000004455,u_001112,s_00097,2025-02-05 16:13:49,2025-02-05 16:21:49
v_000004456,u_001402,s_00088,2025-01-07 19:14:07,2025-01-07 20:47:07
v_000004457,u_001692,s_00006,2025-02-10 23:08:18,2025-02-10 23:15:18
v_000004458,u_000900,s_00139,2025-01-02 21:03:40,2025-01-02 21:33:40
v_000004459,u_001209,s_00104,2025-01-13 19:24:29,2025-01-13 19:28:29
v_000004460,u_000148,s_00080,2025-02-07 22:13:46,2025-02-07 22:25:46
v_000004461,u_001367,s_00048,2025-02-10 23:05:02,2025-02-10 23:08:02
v_000004462,u_000139,s_00085,2025-02-06 17:25:28,2025-02-06 17:31:28
v_000004463,u_001134,s_00130,2025-02-02 21:39:53,2025-02-02 21:51:53
v_000004464,u_001650,s_00107,2025-01-24 22:34:59,2025-01-24 22:54:59
v_000004465,u_000906,s_00073,2025-02-10 15:06:19,2025-02-10 15:22:19
v_000004466,u_000453,s_00118,2025-01-17 22:32:55,2025-01-17 22:41:55
v_000004467,u_000214,s_00093,2025-01-14 19:26:30,2025-01-14 19:27:30
v_000004468,u_001814,s_00071,2025-02-12 16:06:05,2025-02-12 16:26:05
v_000004469,u_000122,s_00136,2025-01-03 23:09:13,2025-01-03 23:41:13
v_000004470,u_001640,s_00080,2025-02-15 19:00:39,2025-02-15 19:32:39
v_000004471,u_000531,s_00006,2025-02-23 18:05:19,2025-02-23 18:23:19
v_000004472,u_000238,s_00057,2025-02-11 19:03:21,2025-02-11 19:11:21
v_000004473,u_000941,s_00109,2025-01-28 21:15:42,2025-01-28 21:27:42
v_000004474,u_000195,s_00106,2025-02-15 15:59:09,2025-02-15 16:18:09
v_000004475,u_001113,s_00059,2025-01-30 23:07:18,2025-01-30 23:08:18
v_000004476,u_000601,s_00140,2025-02-04 10:16:47,2025-02-04 10:46:47
v_000004477,u_000285,s_00103,2025-01-03 18:30:03,2025-01-03 19:15:03
v_000004478,u_000829,s_00103,2025-01-07 21:55:12,2025-01-07 22:04:12
v_000004479,u_000920,s_00057,2025-01-09 19:08:03,2025-01-09 19:44:03
v_000004480,u_001981,s_00013,2025-01-13 14:08:05,2025-01-13 14:55:05
v_000004481,u_001812,s_00103,2025-02-26 20:59:31,2025-02-26 21:21:31
v_000004482,u_000006,s_00101,2025-02-28 16:41:52,2025-02-28 16:42:52
v_000004483,u_000025,s_00143,2025-01-02 21:18:07,2025-01-02 21:30:07
v_000004484,u_000048,s_00012,2025-02-14 17:49:35,2025-02-14 18:02:35
v_000004485,u_000389,s_00016,2025-02-19 16:18:46,2025-02-19 16:37:46
v_000004486,u_001715,s_00101,2025-02-09 21:14:09,2025-02-09 21:38:09
v_000004487,u_001277,s_00087,2025-01-23 22:47:59,2025-01-23 22:50:59
v_000004488,u_001679,s_00019,2025-01-10 10:06:49,2025-01-10 10:08:49
v_000004489,u_000358,s_00134,2025-01-05 23:45:40,2025-01-06 00:30:40
v_000004490,u_000937,s_00032,2025-02-28 22:19:13,2025-02-28 23:02:13
v_000004491,u_001930,s_00053,2025-01-06 23:21:38,2025-01-07 00:53:38
v_000004492,u_000630,s_00121,2025-01-05 21:23:17,2025-01-05 22:32:17
v_000004493,u_000263,s_00128,2025-01-21 23:20:32,2025-01-21 23:32:32
v_000004494,u_000275,s_00142,2025-02-23 23:37:44,2025-02-23 23:38:44
v_000004495,u_001411,s_00010,2025-01-18 19:42:54,2025-01-18 20:00:54
v_000004496,u_000335,s_00057,2025-01-24 21:00:35,2025-01-24 21:29:35
v_000004497,u_001725,s_00005,2025-01-12 18:46:57,2025-01-12 20:27:57
v_000004498,u_000221,s_00122,2025-01-25 18:12:41,2025-01-25 18:35:41
v_000004499,u_001066,s_00003,2025-01-24 21:10:58,2025-01-24 21:18:58
v_000004500,u_000220,s_00071,2025-01-20 23:16:54,2025-01-20 23:17:54
v_000004501,u_000418,s_00133,2025-01-11 15:29:15,2025-01-11 15:47:15
v_000004502,u_000734,s_00084,2025-01-06 23:26:40,2025-01-06 23:45:40
v_000004503,u_000305,s_00070,2025-01-24 19:25:45,2025-01-24 19:27:45
v_000004504,u_001150,s_00075,2025-01-10 18:42:14,2025-01-10 18:47:14
v_000004505,u_000530,s_00120,2025-01-29 17:19:29,2025-01-29 17:20:29
v_000004506,u_001552,s_00105,2025-01-18 19:58:33,2025-01-18 20:06:33
v_000004507,u_001882,s_00092,2025-02-12 22:37:59,2025-02-12 23:19:59
v_000004508,u_001689,s_00138,2025-01-10 21:27:55,2025-01-10 21:42:55
v_000004509,u_001587,s_00097,2025-01-07 23:36:01,2025-01-08 00:02:01
v_000004510,u_000635,s_00005,2025-02-13 15:42:43,2025-02-13 15:43:43
v_000004511,u_001016,s_00032,2025-01-21 19:16:37,2025-01-21 20:05:37
v_000004512,u_001486,s_00000,2025-01-14 20:56:41,2025-01-14 20:58:41
v_000004513,u_001407,s_00112,2025-01-27 23:24:36,2025-01-27 23:33:36
v_000004514,u_000732,s_00012,2025-01-05 13:27:22,2025-01-05 13:48:22
v_000004515,u_001257,s_00003,2025-02-03 23:47:08,2025-02-03 23:53:08
v_000004516,u_000843,s_00106,2025-01-17 10:20:09,2025-01-17 10:46:09
v_000004517,u_000073,s_00147,2025-01-14 23:28:23,2025-01-14 23:31:23
v_000004518,u_001292,s_00005,2025-02-13 22:23:00,2025-02-13 22:58:00
v_000004519,u_000164,s_00139,2025-02-02 14:34:29,2025-02-02 14:40:29
v_000004520,u_001934,s_00002,2025-01-12 18:16:18,2025-01-12 18:57:18
v_000004521,u_001457,s_00107,2025-02-28 23:09:59,2025-03-01 00:49:59
v_000004522,u_001910,s_00084,2025-01-13 18:14:37,2025-01-13 18:30:37
v_000004523,u_000003,s_00094,2025-01-16 14:05:29,2025-01-16 14:06:29
v_000004524,u_001734,s_00029,2025-02-04 20:24:11,2025-02-04 20:37:11
v_000004525,u_001730,s_00108,2025-01-05 21:24:39,2025-01-05 21:53:39
v_000004526,u_001509,s_00099,2025-01-16 18:52:43,2025-01-16 20:37:43
v_000004527,u_001450,s_00131,2025-02-28 16:19:14,2025-02-28 16:30:14
v_000004528,u_001866,s_00149,2025-01-26 23:05:10,2025-01-26 23:21:10
v_000004529,u_000209,s_00109,2025-01-27 18:05:53,2025-01-27 18:29:53
v_000004530,u_000322,s_00037,2025-03-01 22:02:17,2025-03-01 22:07:17
v_000004531,u_001930,s_00049,2025-02-15 15:12:37,2025-02-15 15:45:37
v_000004532,u_001237,s_00112,2025-02-25 13:17:39,2025-02-25 13:33:39
v_000004533,u_000480,s_00008,2025-01-24 19:38:44,2025-01-24 20:10:44
v_000004534,u_000245,s_00076,2025-02-01 23:39:22,2025-02-01 23:50:22
v_000004535,u_001252,s_00125,2025-01-09 16:51:23,2025-01-09 16:54:23
v_000004536,u_000070,s_00035,2025-02-25 17:08:45,2025-02-25 17:34:45
v_000004537,u_000545,s_00121,2025-01-14 18:30:22,2025-01-14 18:48:22
v_000004538,u_001357,s_00045,2025-01-14 16:14:14,2025-01-14 16:18:14
v_000004539,u_000979,s_00061,2025-01-03 20:36:04,2025-01-03 21:00:04
v_000004540,u_000226,s_00035,2025-02-12 17:00:12,2025-02-12 17:43:12
v_000004541,u_000626,s_00097,2025-01-03 19:27:31,2025-01-03 19:33:31
v_000004542,u_000937,s_00029,2025-02-11 17:45:54,2025-02-11 17:46:54
v_000004543,u_000851,s_00089,2025-01-05 19:46:41,2025-01-05 19:52:41
v_000004544,u_000237,s_00052,2025-03-01 23:05:49,2025-03-01 23:55:49
v_000004545,u_000471,s_00005,2025-01-21 21:51:19,2025-01-21 21:53:19
v_000004546,u_000578,s_00079,2025-01-22 23:07:49,2025-01-22 23:25:49
v_000004547,u_000383,s_00136,2025-01-07 18:33:01,2025-01-07 18:48:01
v_000004548,u_001057,s_00114,2025-02-09 23:21:58,2025-02-09 23:32:58
v_000004549,u_000155,s_00116,2025-02-02 18:08:19,2025-02-02 18:25:19
v_000004550,u_001413,s_00136,2025-01-29 11:34:19,2025-01-29 11:44:19
v_000004551,u_001770,s_00033,2025-01-02 23:42:51,2025-01-02 23:47:51
v_000004552,u_001022,s_00108,2025-01-16 22:02:01,2025-01-16 23:01:01
v_000004553,u_001386,s_00114,2025-02-28 21:57:50,2025-02-28 22:47:50
v_000004554,u_001208,s_00050,2025-02-07 22:36:47,2025-02-07 22:37:47
v_000004555,u_001748,s_00024,2025-02-23 19:43:26,2025-02-23 19:44:26
v_000004556,u_001058,s_00149,2025-01-17 19:03:59,2025-01-17 19:09:59
v_000004557,u_001498,s_00108,2025-02-14 20:23:35,2025-02-14 20:47:35
v_000004558,u_000283,s_00141,2025-02-14 19:42:37,2025-02-14 21:11:37
v_000004559,u_001009,s_00014,2025-01-12 16:10:11,2025-01-12 16:43:11
v_000004560,u_001432,s_00076,2025-01-13 23:42:32,2025-01-14 00:07:32
v_000004561,u_000385,s_00136,2025-01-29 23:00:19,2025-01-29 23:39:19
v_000004562,u_000146,s_00000,2025-01-26 23:38:54,2025-01-26 23:45:54
v_000004563,u_000822,s_00042,2025-02-18 18:00:52,2025-02-18 18:12:52
v_000004564,u_000132,s_00002,2025-01-24 17:43:17,2025-01-24 17:44:17
v_000004565,u_001457,s_00038,2025-01-03 18:46:10,2025-01-03 18:50:10
v_000004566,u_001704,s_00121,2025-02-04 22:00:54,2025-02-04 22:01:54
v_000004567,u_000884,s_00090,2025-01-23 23:32:57,2025-01-23 23:51:57
v_000004568,u_000059,s_00033,2025-01-27 23:12:39,2025-01-27 23:39:39
v_000004569,u_000100,s_00009,2025-01-21 20:15:34,2025-01-21 20:53:34
v_000004570,u_000344,s_00077,2025-01-15 21:55:19,2025-01-15 22:32:19
v_000004571,u_001402,s_00110,2025-02-03 14:54:32,2025-02-03 15:33:32
v_000004572,u_001766,s_00075,2025-02-22 16:44:50,2025-02-22 17:07:50
v_000004573,u_001728,s_00058,2025-01-11 23:09:32,2025-01-11 23:10:32
v_000004574,u_000867,s_00022,2025-01-03 15:45:34,2025-01-03 15:50:34
v_000004575,u_001674,s_00061,2025-01-16 22:06:59,2025-01-16 22:07:59
v_000004576,u_001963,s_00037,2025-01-11 21:58:26,2025-01-11 22:31:26
v_000004577,u_001501,s_00076,2025-02-22 21:12:54,2025-02-22 21:44:54
v_000004578,u_000429,s_00125,2025-01-30 22:39:55,2025-01-30 23:10:55
v_000004579,u_000060,s_00086,2025-01-16 09:35:54,2025-01-16 09:51:54
v_000004580,u_000291,s_00006,2025-02-17 16:00:26,2025-02-17 16:33:26
v_000004581,u_001774,s_00122,2025-02-09 20:43:47,2025-02-09 20:55:47
v_000004582,u_001230,s_00097,2025-02-06 19:02:22,2025-02-06 19:32:22
v_000004583,u_001765,s_00130,2025-01-07 19:47:06,2025-01-07 19:55:06
v_000004584,u_001987,s_00067,2025-02-18 09:28:47,2025-02-18 09:45:47
v_000004585,u_001189,s_00025,2025-02-07 22:10:57,2025-02-07 22:35:57
v_000004586,u_001451,s_00035,2025-02-06 16:26:13,2025-02-06 17:19:13
v_000004587,u_001330,s_00090,2025-02-19 16:01:58,2025-02-19 16:08:58
v_000004588,u_000334,s_00112,2025-02-08 19:14:07,2025-02-08 20:32:07
v_000004589,u_000912,s_00038,2025-02-12 16:49:46,2025-02-12 17:32:46
v_000004590,u_000366,s_00068,2025-02-14 22:58:58,2025-02-14 23:03:58
v_000004591,u_001894,s_00045,2025-01-14 14:13:09,2025-01-14 14:34:09
v_000004592,u_000656,s_00071,2025-01-08 19:36:33,2025-01-08 19:56:33
v_000004593,u_001689,s_00005,2025-02-19 21:22:33,2025-02-19 22:10:33
v_000004594,u_000630,s_00017,2025-01-06 21:39:41,2025-01-06 22:59:41
v_000004595,u_000017,s_00082,2025-01-20 21:53:55,2025-01-20 21:55:55
v_000004596,u_000287,s_00109,2025-02-13 17:44:39,2025-02-13 18:20:39
v_000004597,u_000890,s_00134,2025-01-18 16:01:05,2025-01-18 16:26:05
v_000004598,u_001697,s_00105,2025-02-03 20:39:57,2025-02-03 20:42:57
v_000004599,u_001361,s_00093,2025-01-12 18:54:13,2025-01-12 19:23:13
v_000004600,u_001921,s_00064,2025-02-11 13:42:15,2025-02-11 14:23:15
v_000004601,u_000382,s_00033,2025-01-10 18:20:46,2025-01-10 18:41:46
v_000004602,u_001655,s_00000,2025-02-01 16:31:56,2025-02-01 16:32:56
v_000004603,u_001796,s_00086,2025-01-29 23:26:29,2025-01-29 23:28:29
v_000004604,u_001441,s_00092,2025-01-24 17:30:48,2025-01-24 18:22:48
v_000004605,u_000602,s_00025,2025-01-05 23:23:29,2025-01-05 23:26:29
v_000004606,u_001896,s_00091,2025-03-01 23:06:10,2025-03-01 23:46:10
v_000004607,u_000341,s_00016,2025-01-28 20:25:22,2025-01-28 21:30:22
v_000004608,u_000981,s_00065,2025-02-17 17:40:41,2025-02-17 17:46:41
v_000004609,u_001601,s_00019,2025-01-12 13:43:36,2025-01-12 13:53:36
v_000004610,u_001169,s_00075,2025-02-09 21:25:55,2025-02-09 21:39:55
v_000004611,u_000312,s_00060,2025-02-12 12:28:30,2025-02-12 13:13:30
v_000004612,u_000671,s_00132,2025-02-05 20:18:58,2025-02-05 20:24:58
v_000004613,u_000710,s_00132,2025-01-18 22:20:18,2025-01-18 22:36:18
v_000004614,u_000187,s_00049,2025-02-14 15:29:14,2025-02-14 15:52:14
v_000004615,u_000488,s_00080,2025-01-30 21:44:03,2025-01-30 21:45:03
v_000004616,u_000860,s_00100,2025-01-03 09:32:16,2025-01-03 09:34:16
v_000004617,u_001851,s_00036,2025-01-21 21:21:45,2025-01-21 21:31:45
v_000004618,u_001501,s_00099,2025-01-04 22:52:10,2025-01-04 23:01:10
v_000004619,u_001702,s_00055,2025-01-26 23:49:44,2025-01-26 23:52:44
v_000004620,u_000681,s_00125,2025-02-08 19:53:05,2025-02-08 20:02:05
v_000004621,u_000141,s_00086,2025-01-29 15:54:18,2025-01-29 16:13:18
v_000004622,u_001207,s_00046,2025-02-14 18:22:01,2025-02-14 19:45:01
v_000004623,u_000677,s_00004,2025-02-06 23:35:33,2025-02-06 23:46:33
v_000004624,u_001896,s_00133,2025-01-01 18:57:57,2025-01-01 19:13:57
v_000004625,u_001521,s_00126,2025-02-03 20:59:12,2025-02-03 21:12:12
v_000004626,u_000288,s_00118,2025-02-18 23:26:32,2025-02-18 23:34:32
v_000004627,u_000380,s_00091,2025-02-26 16:24:27,2025-02-26 16:29:27
v_000004628,u_000583,s_00005,2025-01-14 20:29:00,2025-01-14 20:51:00
v_000004629,u_000011,s_00130,2025-01-28 23:16:00,2025-01-28 23:19:00
v_000004630,u_001137,s_00046,2025-01-16 21:54:34,2025-01-16 23:49:34
v_000004631,u_001291,s_00013,2025-01-17 23:55:53,2025-01-18 00:03:53
v_000004632,u_000693,s_00083,2025-02-18 20:43:40,2025-02-18 21:30:40
v_000004633,u_000363,s_00080,2025-01-24 16:28:17,2025-01-24 16:45:17
v_000004634,u_001754,s_00113,2025-02-01 20:20:27,2025-02-01 21:08:27
v_000004635,u_000279,s_00144,2025-02-11 12:46:44,2025-02-11 12:47:44
v_000004636,u_001295,s_00103,2025-02-12 19:39:40,2025-02-12 19:40:40
v_000004637,u_000615,s_00068,2025-01-24 20:54:13,2025-01-24 21:49:13
v_000004638,u_001071,s_00086,2025-02-18 23:09:16,2025-02-18 23:28:16
v_000004639,u_001941,s_00119,2025-02-07 23:17:52,2025-02-07 23:32:52
v_000004640,u_001255,s_00108,2025-02-09 13:54:12,2025-02-09 14:01:12
v_000004641,u_001412,s_00077,2025-01-07 16:34:17,2025-01-07 16:48:17
v_000004642,u_000693,s_00022,2025-01-12 19:54:34,2025-01-12 19:58:34
v_000004643,u_001412,s_00138,2025-02-14 11:49:33,2025-02-14 11:55:33
v_000004644,u_001177,s_00025,2025-01-16 23:49:32,2025-01-16 23:50:32
v_000004645,u_000182,s_00059,2025-01-12 23:08:15,2025-01-12 23:34:15
v_000004646,u_000751,s_00042,2025-01-25 23:27:38,2025-01-25 23:47:38
v_000004647,u_001979,s_00092,2025-02-05 17:33:43,2025-02-05 17:42:43
v_000004648,u_001443,s_00010,2025-01-16 16:27:51,2025-01-16 17:05:51
v_000004649,u_001022,s_00027,2025-01-17 13:31:28,2025-01-17 13:39:28
v_000004650,u_001556,s_00019,2025-02-25 17:35:11,2025-02-25 17:36:11
v_000004651,u_000800,s_00098,2025-01-07 18:37:46,2025-01-07 18:59:46
v_000004652,u_001376,s_00138,2025-02-25 17:50:58,2025-02-25 18:03:58
v_000004653,u_001807,s_00146,2025-01-06 15:37:00,2025-01-06 15:40:00
v_000004654,u_000792,s_00069,2025-01-19 18:04:51,2025-01-19 18:12:51
v_000004655,u_000648,s_00076,2025-01-05 15:13:20,2025-01-05 15:46:20
v_000004656,u_000167,s_00064,2025-02-12 20:37:22,2025-02-12 21:24:22
v_000004657,u_001015,s_00009,2025-01-18 23:25:59,2025-01-18 23:36:59
v_000004658,u_001960,s_00111,2025-01-07 18:55:12,2025-01-07 19:22:12
v_000004659,u_001149,s_00043,2025-03-01 17:26:43,2025-03-01 17:44:43
v_000004660,u_001655,s_00000,2025-01-15 23:30:11,2025-01-15 23:31:11
v_000004661,u_001744,s_00087,2025-02-18 23:01:04,2025-02-18 23:06:04
v_000004662,u_000509,s_00011,2025-01-04 16:40:51,2025-01-04 16:59:51
v_000004663,u_001629,s_00149,2025-02-07 15:35:23,2025-02-07 15:53:23
v_000004664,u_001487,s_00027,2025-01-08 21:53:14,2025-01-08 21:56:14
v_000004665,u_000819,s_00017,2025-02-16 21:06:48,2025-02-16 21:12:48
v_000004666,u_000569,s_00141,2025-02-02 19:03:22,2025-02-02 19:37:22
v_000004667,u_000169,s_00110,2025-01-08 10:23:09,2025-01-08 10:38:09
v_000004668,u_000480,s_00017,2025-01-02 18:23:06,2025-01-02 19:02:06
v_000004669,u_000530,s_00132,2025-02-01 23:20:42,2025-02-01 23:42:42
v_000004670,u_001696,s_00124,2025-01-10 22:30:22,2025-01-10 22:59:22
v_000004671,u_000390,s_00137,2025-01-31 18:17:50,2025-01-31 18:24:50
v_000004672,u_000459,s_00050,2025-01-25 11:18:41,2025-01-25 11:29:41
v_000004673,u_000796,s_00012,2025-01-07 15:06:46,2025-01-07 15:12:46
v_000004674,u_000381,s_00012,2025-01-20 23:19:31,2025-01-20 23:28:31
v_000004675,u_000037,s_00148,2025-01-13 21:48:03,2025-01-13 21:52:03
v_000004676,u_001798,s_00073,2025-02-01 17:16:53,2025-02-01 17:24:53
v_000004677,u_001483,s_00104,2025-02-03 18:26:14,2025-02-03 18:29:14
v_000004678,u_001007,s_00058,2025-01-08 18:15:03,2025-01-08 18:19:03
v_000004679,u_001961,s_00135,2025-01-28 22:05:32,2025-01-28 22:20:32
v_000004680,u_000345,s_00011,2025-02-22 20:28:09,2025-02-22 20:40:09
v_000004681,u_001063,s_00075,2025-01-27 20:34:20,2025-01-27 20:38:20
v_000004682,u_001645,s_00102,2025-02-27 23:00:22,2025-02-27 23:15:22
v_000004683,u_001911,s_00115,2025-02-11 22:55:06,2025-02-11 23:26:06
v_000004684,u_000792,s_00069,2025-01-28 23:48:19,2025-01-28 23:49:19
v_000004685,u_000640,s_00051,2025-02-03 20:37:55,2025-02-03 20:51:55
v_000004686,u_000018,s_00065,2025-02-03 22:06:52,2025-02-03 23:10:52
v_000004687,u_000526,s_00011,2025-02-27 14:01:52,2025-02-27 14:05:52
v_000004688,u_001053,s_00081,2025-01-08 21:35:56,2025-01-08 22:05:56
v_000004689,u_001936,s_00095,2025-02-11 21:56:05,2025-02-11 22:04:05
v_000004690,u_000336,s_00068,2025-02-06 23:28:36,2025-02-07 00:06:36
v_000004691,u_001682,s_00078,2025-02-17 23:11:31,2025-02-17 23:22:31
v_000004692,u_001792,s_00017,2025-02-01 23:41:24,2025-02-01 23:58:24
v_000004693,u_000338,s_00040,2025-02-06 18:13:27,2025-02-06 18:15:27
v_000004694,u_001030,s_00017,2025-02-23 21:20:24,2025-02-23 21:46:24
v_000004695,u_001807,s_00026,2025-01-09 16:53:25,2025-01-09 16:54:25
v_000004696,u_001467,s_00063,2025-01-03 21:53:02,2025-01-03 22:45:02
v_000004697,u_001207,s_00025,2025-02-25 15:53:24,2025-02-25 15:54:24
v_000004698,u_001802,s_00005,2025-02-12 15:23:47,2025-02-12 15:25:47
v_000004699,u_001617,s_00139,2025-01-29 15:01:28,2025-01-29 15:26:28
v_000004700,u_001653,s_00123,2025-02-22 22:11:41,2025-02-22 22:58:41
v_000004701,u_000495,s_00064,2025-01-25 21:31:50,2025-01-25 21:46:50
v_000004702,u_000351,s_00123,2025-02-03 23:50:58,2025-02-03 23:53:58
v_000004703,u_000967,s_00137,2025-02-27 23:47:31,2025-02-28 00:02:31
v_000004704,u_001710,s_00089,2025-02-18 23:54:14,2025-02-19 00:08:14
v_000004705,u_001902,s_00081,2025-01-09 13:53:21,2025-01-09 14:38:21
v_000004706,u_000488,s_00113,2025-01-26 22:56:33,2025-01-26 23:09:33
v_000004707,u_001998,s_00086,2025-01-27 21:35:18,2025-01-27 21:37:18
v_000004708,u_000400,s_00134,2025-02-11 22:51:23,2025-02-11 23:10:23
v_000004709,u_000515,s_00093,2025-02-03 20:48:56,2025-02-03 20:59:56
v_000004710,u_000994,s_00006,2025-02-10 23:46:40,2025-02-10 23:50:40
v_000004711,u_001817,s_00059,2025-02-19 21:37:34,2025-02-19 21:38:34
v_000004712,u_001113,s_00059,2025-01-14 17:05:13,2025-01-14 17:24:13
v_000004713,u_000210,s_00148,2025-02-03 20:18:23,2025-02-03 20:28:23
v_000004714,u_000529,s_00032,2025-02-02 17:20:15,2025-02-02 18:24:15
v_000004715,u_000944,s_00140,2025-02-11 21:30:38,2025-02-11 21:57:38
v_000004716,u_001772,s_00117,2025-02-10 16:57:17,2025-02-10 17:26:17
v_000004717,u_000728,s_00136,2025-01-01 17:33:56,2025-01-01 17:56:56
v_000004718,u_001497,s_00065,2025-01-11 23:03:56,2025-01-11 23:56:56
v_000004719,u_000510,s_00075,2025-01-04 21:16:17,2025-01-04 21:43:17
v_000004720,u_001230,s_00097,2025-02-21 20:27:54,2025-02-21 20:55:54
v_000004721,u_001331,s_00065,2025-01-15 19:18:20,2025-01-15 19:31:20
v_000004722,u_001456,s_00039,2025-02-06 12:22:36,2025-02-06 13:07:36
v_000004723,u_000125,s_00083,2025-02-08 23:36:01,2025-02-08 23:46:01
v_000004724,u_001595,s_00134,2025-02-23 23:59:15,2025-02-24 00:29:15
v_000004725,u_001016,s_00128,2025-01-23 23:20:36,2025-01-23 23:23:36
v_000004726,u_000987,s_00053,2025-02-11 23:49:18,2025-02-11 23:55:18
v_000004727,u_000100,s_00009,2025-02-26 20:05:28,2025-02-26 20:08:28
v_000004728,u_001507,s_00023,2025-02-20 17:07:19,2025-02-20 17:21:19
v_000004729,u_000801,s_00097,2025-01-18 23:41:30,2025-01-18 23:49:30
v_000004730,u_000402,s_00102,2025-01-15 12:42:03,2025-01-15 13:14:03
v_000004731,u_001303,s_00108,2025-02-14 17:37:25,2025-02-14 17:52:25
v_000004732,u_000262,s_00005,2025-01-05 21:07:08,2025-01-05 21:17:08
v_000004733,u_000906,s_00019,2025-01-12 21:28:55,2025-01-12 21:30:55
v_000004734,u_001508,s_00080,2025-02-28 15:16:29,2025-02-28 15:35:29
v_000004735,u_000205,s_00024,2025-02-05 22:51:44,2025-02-05 22:57:44
v_000004736,u_001654,s_00076,2025-01-04 20:34:43,2025-01-04 20:45:43
v_000004737,u_001385,s_00073,2025-02-09 19:38:53,2025-02-09 20:05:53
v_000004738,u_001781,s_00125,2025-02-19 19:46:55,2025-02-19 20:11:55
v_000004739,u_000866,s_00103,2025-02-03 19:04:27,2025-02-03 19:29:27
v_000004740,u_001668,s_00089,2025-02-05 19:07:19,2025-02-05 19:16:19
v_000004741,u_000918,s_00088,2025-01-24 20:30:17,2025-01-24 20:45:17
v_000004742,u_000320,s_00125,2025-02-03 23:47:32,2025-02-04 00:00:32
v_000004743,u_000293,s_00133,2025-01-02 15:08:54,2025-01-02 15:11:54
v_000004744,u_001933,s_00091,2025-01-02 20:25:44,2025-01-02 20:42:44
v_000004745,u_000119,s_00114,2025-02-26 20:37:43,2025-02-26 20:39:43
v_000004746,u_001736,s_00038,2025-01-11 21:50:54,2025-01-11 21:51:54
v_000004747,u_001022,s_00020,2025-02-08 21:37:14,2025-02-08 21:51:14
v_000004748,u_000110,s_00061,2025-02-25 13:51:09,2025-02-25 14:09:09
v_000004749,u_000335,s_00008,2025-01-30 23:43:20,2025-01-30 23:55:20
v_000004750,u_001395,s_00040,2025-02-13 18:55:42,2025-02-13 19:33:42
v_000004751,u_000060,s_00086,2025-02-28 20:06:47,2025-02-28 20:07:47
v_000004752,u_001951,s_00043,2025-01-11 21:50:38,2025-01-11 22:05:38
v_000004753,u_001577,s_00104,2025-02-17 20:16:50,2025-02-17 20:18:50
v_000004754,u_000657,s_00083,2025-01-16 21:44:22,2025-01-16 21:48:22
v_000004755,u_000372,s_00068,2025-01-17 17:19:18,2025-01-17 17:25:18
v_000004756,u_001719,s_00038,2025-01-27 23:28:06,2025-01-27 23:47:06
v_000004757,u_001471,s_00091,2025-02-22 21:49:36,2025-02-22 21:57:36
v_000004758,u_001471,s_00091,2025-03-01 22:52:23,2025-03-01 23:26:23
v_000004759,u_000246,s_00022,2025-02-14 23:10:02,2025-02-14 23:18:02
v_000004760,u_000526,s_00030,2025-02-11 23:22:40,2025-02-12 00:12:40
v_000004761,u_001077,s_00084,2025-02-23 14:54:16,2025-02-23 15:20:16
v_000004762,u_001696,s_00069,2025-02-22 18:05:56,2025-02-22 18:11:56
v_000004763,u_001816,s_00038,2025-02-18 18:02:03,2025-02-18 18:49:03
v_000004764,u_001728,s_00139,2025-02-02 20:36:15,2025-02-02 21:22:15
v_000004765,u_000249,s_00091,2025-01-11 20:58:27,2025-01-11 21:17:27
v_000004766,u_001325,s_00098,2025-02-18 22:16:15,2025-02-18 22:32:15
v_000004767,u_000378,s_00077,2025-01-24 23:22:38,2025-01-24 23:32:38
v_000004768,u_001844,s_00144,2025-02-17 19:17:57,2025-02-17 20:56:57
v_000004769,u_000194,s_00105,2025-02-17 22:18:03,2025-02-17 22:21:03
v_000004770,u_000410,s_00084,2025-01-25 14:52:06,2025-01-25 14:54:06
v_000004771,u_000210,s_00046,2025-01-06 23:21:25,2025-01-06 23:49:25
v_000004772,u_001242,s_00064,2025-02-02 21:26:09,2025-02-02 21:34:09
v_000004773,u_001641,s_00017,2025-02-04 20:25:50,2025-02-04 20:31:50
v_000004774,u_000265,s_00020,2025-02-28 22:30:46,2025-02-28 22:46:46
v_000004775,u_000721,s_00052,2025-01-08 23:54:51,2025-01-09 00:05:51
v_000004776,u_001344,s_00114,2025-02-08 20:10:12,2025-02-08 20:15:12
v_000004777,u_001305,s_00023,2025-02-23 22:36:38,2025-02-23 22:42:38
v_000004778,u_001308,s_00058,2025-02-04 23:25:47,2025-02-05 00:28:47
v_000004779,u_001845,s_00063,2025-02-25 13:19:43,2025-02-25 13:27:43
v_000004780,u_000185,s_00010,2025-01-28 22:14:30,2025-01-28 22:19:30
v_000004781,u_000890,s_00038,2025-01-14 14:45:10,2025-01-14 15:17:10
v_000004782,u_000028,s_00127,2025-02-24 20:05:10,2025-02-24 20:14:10
v_000004783,u_001075,s_00136,2025-02-02 18:57:31,2025-02-02 19:01:31
v_000004784,u_001077,s_00041,2025-01-22 13:10:26,2025-01-22 13:21:26
v_000004785,u_001880,s_00117,2025-02-09 16:19:11,2025-02-09 16:41:11
v_000004786,u_001911,s_00115,2025-02-21 21:44:40,2025-02-21 21:48:40
v_000004787,u_001195,s_00131,2025-01-08 22:45:50,2025-01-08 23:00:50
v_000004788,u_000229,s_00078,2025-01-04 22:37:40,2025-01-04 22:58:40
v_000004789,u_001678,s_00063,2025-02-02 18:25:24,2025-02-02 18:27:24
v_000004790,u_000044,s_00044,2025-02-16 16:14:34,2025-02-16 16:20:34
v_000004791,u_000911,s_00026,2025-02-28 21:49:49,2025-02-28 21:58:49
v_000004792,u_001603,s_00025,2025-02-06 16:07:21,2025-02-06 16:32:21
v_000004793,u_001088,s_00034,2025-01-06 19:13:28,2025-01-06 19:14:28
v_000004794,u_001929,s_00039,2025-01-15 19:12:22,2025-01-15 19:29:22
v_000004795,u_001291,s_00013,2025-01-01 16:00:46,2025-01-01 16:06:46
v_000004796,u_001910,s_00090,2025-02-10 17:44:41,2025-02-10 18:24:41
v_000004797,u_000084,s_00127,2025-01-07 23:00:46,2025-01-07 23:38:46
v_000004798,u_001558,s_00117,2025-02-03 16:48:30,2025-02-03 16:52:30
v_000004799,u_000166,s_00043,2025-02-26 12:15:29,2025-02-26 12:21:29
v_000004800,u_001599,s_00091,2025-02-10 23:27:47,2025-02-10 23:33:47
v_000004801,u_001012,s_00148,2025-01-24 20:29:35,2025-01-24 20:49:35
v_000004802,u_000822,s_00018,2025-03-01 16:45:50,2025-03-01 17:24:50
v_000004803,u_000410,s_00013,2025-02-01 19:16:03,2025-02-01 19:17:03
v_000004804,u_000500,s_00143,2025-01-13 20:13:40,2025-01-13 20:41:40
v_000004805,u_001280,s_00025,2025-02-06 23:37:51,2025-02-06 23:43:51
v_000004806,u_000284,s_00065,2025-01-05 21:00:57,2025-01-05 21:01:57
v_000004807,u_000974,s_00144,2025-02-17 16:34:36,2025-02-17 16:52:36
v_000004808,u_001934,s_00033,2025-01-19 23:10:20,2025-01-19 23:15:20
v_000004809,u_001962,s_00039,2025-01-16 15:07:02,2025-01-16 15:46:02
v_000004810,u_001078,s_00077,2025-01-22 23:55:38,2025-01-23 00:05:38
v_000004811,u_001872,s_00036,2025-02-26 23:27:54,2025-02-26 23:50:54
v_000004812,u_001281,s_00109,2025-02-09 19:19:59,2025-02-09 20:34:59
v_000004813,u_000702,s_00017,2025-02-16 23:29:46,2025-02-16 23:48:46
v_000004814,u_001672,s_00051,2025-02-10 19:47:43,2025-02-10 19:48:43
v_000004815,u_000881,s_00032,2025-01-10 23:00:22,2025-01-10 23:01:22
v_000004816,u_000298,s_00063,2025-01-13 17:57:31,2025-01-13 18:08:31
v_000004817,u_001540,s_00112,2025-02-02 23:45:45,2025-02-03 00:22:45
v_000004818,u_000860,s_00102,2025-02-11 12:56:11,2025-02-11 13:37:11
v_000004819,u_001167,s_00141,2025-01-19 15:23:12,2025-01-19 15:43:12
v_000004820,u_000067,s_00039,2025-02-13 23:59:55,2025-02-14 00:12:55
v_000004821,u_000158,s_00022,2025-02-15 16:36:30,2025-02-15 16:39:30
v_000004822,u_000041,s_00058,2025-01-13 20:38:36,2025-01-13 21:25:36
v_000004823,u_001884,s_00020,2025-02-14 23:47:29,2025-02-14 23:48:29
v_000004824,u_000198,s_00086,2025-01-29 21:58:16,2025-01-29 22:48:16
v_000004825,u_001438,s_00028,2025-02-16 23:17:55,2025-02-16 23:38:55
v_000004826,u_001136,s_00005,2025-02-25 15:55:05,2025-02-25 16:43:05
v_000004827,u_001071,s_00025,2025-01-09 23:23:20,2025-01-09 23:46:20
v_000004828,u_000742,s_00018,2025-02-16 21:52:00,2025-02-16 21:55:00
v_000004829,u_000063,s_00000,2025-02-12 18:25:36,2025-02-12 19:13:36
v_000004830,u_000059,s_00023,2025-01-03 23:29:59,2025-01-03 23:30:59
v_000004831,u_000954,s_00093,2025-02-15 19:42:43,2025-02-15 20:26:43
v_000004832,u_000096,s_00000,2025-01-24 20:05:32,2025-01-24 20:19:32
v_000004833,u_001843,s_00092,2025-02-06 17:31:07,2025-02-06 18:26:07
v_000004834,u_000844,s_00064,2025-02-18 21:16:36,2025-02-18 21:43:36
v_000004835,u_001287,s_00022,2025-02-22 12:38:25,2025-02-22 12:49:25
v_000004836,u_001456,s_00052,2025-01-05 20:50:51,2025-01-05 21:25:51
v_000004837,u_001116,s_00113,2025-01-05 20:03:30,2025-01-05 21:06:30
v_000004838,u_000163,s_00101,2025-02-18 13:51:35,2025-02-18 13:53:35
v_000004839,u_000766,s_00063,2025-01-01 17:54:42,2025-01-01 17:55:42
v_000004840,u_000276,s_00076,2025-01-26 10:52:26,2025-01-26 11:13:26
v_000004841,u_000316,s_00046,2025-02-02 19:17:53,2025-02-02 19:57:53
v_000004842,u_001255,s_00108,2025-01-02 23:33:11,2025-01-02 23:37:11
v_000004843,u_000793,s_00057,2025-01-16 23:40:13,2025-01-16 23:41:13
v_000004844,u_000345,s_00011,2025-01-28 21:25:07,2025-01-28 21:49:07
v_000004845,u_000730,s_00024,2025-01-11 19:47:13,2025-01-11 20:43:13
v_000004846,u_000794,s_00003,2025-01-01 17:50:07,2025-01-01 18:02:07
v_000004847,u_000881,s_00032,2025-02-15 17:02:12,2025-02-15 17:35:12
v_000004848,u_001524,s_00031,2025-02-19 21:40:03,2025-02-19 22:22:03
v_000004849,u_001167,s_00011,2025-02-13 22:45:40,2025-02-14 00:16:40
v_000004850,u_000095,s_00060,2025-01-20 23:35:46,2025-01-21 00:18:46
v_000004851,u_000041,s_00058,2025-02-28 12:05:47,2025-02-28 12:36:47
v_000004852,u_001538,s_00052,2025-01-19 17:14:59,2025-01-19 17:24:59
v_000004853,u_001826,s_00140,2025-02-22 16:45:10,2025-02-22 17:18:10
v_000004854,u_000077,s_00030,2025-01-20 22:21:41,2025-01-20 23:29:41
v_000004855,u_000721,s_00052,2025-02-11 16:26:20,2025-02-11 16:35:20
v_000004856,u_000354,s_00148,2025-01-17 23:47:13,2025-01-17 23:48:13
v_000004857,u_000089,s_00145,2025-02-06 15:28:37,2025-02-06 15:29:37
v_000004858,u_000598,s_00068,2025-02-14 17:34:11,2025-02-14 18:15:11
v_000004859,u_001819,s_00116,2025-01-30 17:27:14,2025-01-30 18:17:14
v_000004860,u_000322,s_00144,2025-01-31 21:49:42,2025-01-31 22:38:42
v_000004861,u_001680,s_00106,2025-01-02 15:15:53,2025-01-02 15:24:53
v_000004862,u_001758,s_00119,2025-01-08 18:58:28,2025-01-08 18:59:28
v_000004863,u_000996,s_00097,2025-01-23 17:08:22,2025-01-23 17:58:22
v_000004864,u_001737,s_00010,2025-01-09 17:06:29,2025-01-09 17:15:29
v_000004865,u_000937,s_00110,2025-02-17 23:15:33,2025-02-17 23:18:33
v_000004866,u_000611,s_00130,2025-02-09 15:09:01,2025-02-09 15:18:01
v_000004867,u_000788,s_00067,2025-02-08 16:07:27,2025-02-08 16:10:27
v_000004868,u_000380,s_00129,2025-01-01 20:35:01,2025-01-01 20:47:01
v_000004869,u_001115,s_00027,2025-02-04 23:19:22,2025-02-04 23:36:22
v_000004870,u_001586,s_00046,2025-02-04 16:34:23,2025-02-04 17:33:23
v_000004871,u_000542,s_00087,2025-02-21 17:50:01,2025-02-21 20:13:01
v_000004872,u_000735,s_00099,2025-02-11 23:47:23,2025-02-11 23:53:23
v_000004873,u_001142,s_00022,2025-01-03 13:38:58,2025-01-03 13:42:58
v_000004874,u_001914,s_00119,2025-02-03 15:17:01,2025-02-03 15:18:01
v_000004875,u_000462,s_00147,2025-01-18 20:48:01,2025-01-18 21:16:01
v_000004876,u_000273,s_00080,2025-01-26 09:12:43,2025-01-26 10:47:43
v_000004877,u_001526,s_00057,2025-01-07 21:20:31,2025-01-07 21:38:31
v_000004878,u_001930,s_00007,2025-02-15 18:54:07,2025-02-15 18:57:07
v_000004879,u_000993,s_00001,2025-01-12 23:04:18,2025-01-12 23:09:18
v_000004880,u_001667,s_00144,2025-01-04 23:51:27,2025-01-04 23:56:27
v_000004881,u_001390,s_00149,2025-01-05 13:37:24,2025-01-05 13:38:24
v_000004882,u_000064,s_00096,2025-02-02 13:55:22,2025-02-02 14:15:22
v_000004883,u_001167,s_00141,2025-02-19 17:50:53,2025-02-19 17:51:53
v_000004884,u_000821,s_00095,2025-02-07 23:04:08,2025-02-07 23:17:08
v_000004885,u_000643,s_00141,2025-02-17 17:55:34,2025-02-17 18:12:34
v_000004886,u_001501,s_00099,2025-02-25 23:24:45,2025-02-25 23:46:45
v_000004887,u_000605,s_00011,2025-01-14 23:43:33,2025-01-14 23:59:33
v_000004888,u_001047,s_00119,2025-02-16 16:21:39,2025-02-16 16:22:39
v_000004889,u_000146,s_00000,2025-02-21 23:48:47,2025-02-22 00:26:47
v_000004890,u_001527,s_00037,2025-02-09 18:16:41,2025-02-09 18:29:41
v_000004891,u_000198,s_00099,2025-02-01 20:21:24,2025-02-01 20:36:24
v_000004892,u_001318,s_00147,2025-01-08 20:10:40,2025-01-08 20:19:40
v_000004893,u_000020,s_00096,2025-01-07 19:36:11,2025-01-07 19:53:11
v_000004894,u_000113,s_00070,2025-02-03 18:28:58,2025-02-03 18:29:58
v_000004895,u_000253,s_00138,2025-02-16 23:15:09,2025-02-16 23:16:09
v_000004896,u_001542,s_00085,2025-01-26 21:18:39,2025-01-26 21:44:39
v_000004897,u_000363,s_00103,2025-02-27 18:39:45,2025-02-27 19:30:45
v_000004898,u_000468,s_00116,2025-01-29 19:17:59,2025-01-29 19:21:59
v_000004899,u_000964,s_00144,2025-01-21 20:18:12,2025-01-21 20:50:12
v_000004900,u_001098,s_00045,2025-01-07 16:26:44,2025-01-07 16:30:44
v_000004901,u_001164,s_00088,2025-01-03 23:42:29,2025-01-03 23:47:29
v_000004902,u_000270,s_00016,2025-01-04 23:30:55,2025-01-04 23:39:55
v_000004903,u_001617,s_00139,2025-02-09 14:20:58,2025-02-09 14:31:58
v_000004904,u_000723,s_00141,2025-01-11 15:59:04,2025-01-11 16:02:04
v_000004905,u_001874,s_00138,2025-02-08 19:46:48,2025-02-08 20:00:48
v_000004906,u_000097,s_00149,2025-02-22 19:05:45,2025-02-22 19:16:45
v_000004907,u_000912,s_00061,2025-01-04 20:56:26,2025-01-04 21:48:26
v_000004908,u_001535,s_00006,2025-02-03 13:31:56,2025-02-03 13:33:56
v_000004909,u_001685,s_00054,2025-02-06 17:47:24,2025-02-06 18:02:24
v_000004910,u_001865,s_00066,2025-01-14 18:32:32,2025-01-14 18:33:32
v_000004911,u_000454,s_00134,2025-01-23 19:14:14,2025-01-23 19:24:14
v_000004912,u_001797,s_00090,2025-02-09 18:43:16,2025-02-09 18:47:16
v_000004913,u_001644,s_00132,2025-01-12 23:48:20,2025-01-13 00:08:20
v_000004914,u_001288,s_00088,2025-01-09 13:08:02,2025-01-09 13:49:02
v_000004915,u_000921,s_00112,2025-02-20 18:50:32,2025-02-20 18:51:32
v_000004916,u_001572,s_00149,2025-01-29 13:44:27,2025-01-29 13:46:27
v_000004917,u_001007,s_00058,2025-02-27 23:13:35,2025-02-27 23:14:35
v_000004918,u_000046,s_00032,2025-01-16 18:19:32,2025-01-16 18:31:32
v_000004919,u_000030,s_00050,2025-01-31 20:03:43,2025-01-31 20:56:43
v_000004920,u_000977,s_00023,2025-02-04 20:40:07,2025-02-04 20:58:07
v_000004921,u_000815,s_00117,2025-01-01 18:15:02,2025-01-01 18:32:02
v_000004922,u_000498,s_00011,2025-02-02 15:09:32,2025-02-02 16:41:32
v_000004923,u_000275,s_00000,2025-01-24 23:09:55,2025-01-24 23:39:55
v_000004924,u_001889,s_00067,2025-02-07 23:19:34,2025-02-07 23:34:34
v_000004925,u_001089,s_00027,2025-02-12 23:56:43,2025-02-13 00:28:43
v_000004926,u_000200,s_00103,2025-02-11 23:43:28,2025-02-11 23:44:28
v_000004927,u_001429,s_00106,2025-02-02 18:09:51,2025-02-02 18:31:51
v_000004928,u_001895,s_00122,2025-02-10 23:43:20,2025-02-11 00:10:20
v_000004929,u_001288,s_00088,2025-02-02 18:19:42,2025-02-02 18:37:42
v_000004930,u_000735,s_00140,2025-01-18 16:49:23,2025-01-18 17:03:23
v_000004931,u_000291,s_00040,2025-02-17 21:04:50,2025-02-17 21:29:50
v_000004932,u_000374,s_00015,2025-02-05 23:16:26,2025-02-05 23:54:26
v_000004933,u_000571,s_00092,2025-02-12 14:24:49,2025-02-12 14:27:49
v_000004934,u_001530,s_00052,2025-01-30 13:51:45,2025-01-30 15:03:45
v_000004935,u_000867,s_00022,2025-01-03 23:52:52,2025-01-03 23:54:52
v_000004936,u_000408,s_00097,2025-01-13 22:06:53,2025-01-13 22:07:53
v_000004937,u_001110,s_00085,2025-02-04 13:24:25,2025-02-04 13:54:25
v_000004938,u_000216,s_00142,2025-02-11 21:19:05,2025-02-11 21:46:05
v_000004939,u_000035,s_00018,2025-01-10 23:52:56,2025-01-11 00:14:56
v_000004940,u_000432,s_00104,2025-02-20 13:04:51,2025-02-20 13:09:51
v_000004941,u_000554,s_00060,2025-01-15 17:28:50,2025-01-15 17:52:50
v_000004942,u_000363,s_00131,2025-02-23 20:01:42,2025-02-23 20:09:42
v_000004943,u_000642,s_00081,2025-01-03 22:44:56,2025-01-03 22:52:56
v_000004944,u_001071,s_00002,2025-01-19 21:58:39,2025-01-19 22:04:39
v_000004945,u_001024,s_00016,2025-01-24 20:11:59,2025-01-24 20:12:59
v_000004946,u_001686,s_00125,2025-02-10 16:57:07,2025-02-10 17:14:07
v_000004947,u_001157,s_00050,2025-01-18 12:57:02,2025-01-18 14:54:02
v_000004948,u_000738,s_00071,2025-02-09 23:58:04,2025-02-10 00:02:04
v_000004949,u_000784,s_00062,2025-01-31 23:20:58,2025-01-31 23:44:58
v_000004950,u_001757,s_00004,2025-02-19 20:46:16,2025-02-19 20:53:16
v_000004951,u_001440,s_00096,2025-02-16 19:27:43,2025-02-16 19:33:43
v_000004952,u_001173,s_00106,2025-02-19 22:31:46,2025-02-19 23:15:46
v_000004953,u_001470,s_00118,2025-02-12 18:00:13,2025-02-12 18:01:13
v_000004954,u_000431,s_00128,2025-02-22 22:04:47,2025-02-22 23:14:47
v_000004955,u_000843,s_00053,2025-02-17 22:38:21,2025-02-17 22:50:21
v_000004956,u_001335,s_00149,2025-01-28 23:30:04,2025-01-28 23:46:04
v_000004957,u_000403,s_00000,2025-02-13 19:14:24,2025-02-13 19:23:24
v_000004958,u_000249,s_00079,2025-02-23 20:37:30,2025-02-23 21:46:30
v_000004959,u_001530,s_00091,2025-01-28 23:33:08,2025-01-28 23:45:08
v_000004960,u_000846,s_00134,2025-01-22 23:45:28,2025-01-23 00:08:28
v_000004961,u_000414,s_00115,2025-01-26 21:58:03,2025-01-26 21:59:03
v_000004962,u_000608,s_00049,2025-01-25 18:10:42,2025-01-25 18:36:42
v_000004963,u_001573,s_00050,2025-02-21 21:28:44,2025-02-21 22:10:44
v_000004964,u_000298,s_00115,2025-02-09 18:10:14,2025-02-09 18:31:14
v_000004965,u_001594,s_00120,2025-01-15 23:08:09,2025-01-16 00:58:09
v_000004966,u_000165,s_00145,2025-02-26 23:12:55,2025-02-26 23:31:55
v_000004967,u_000828,s_00074,2025-01-24 16:37:43,2025-01-24 16:54:43
v_000004968,u_001710,s_00089,2025-02-12 19:00:53,2025-02-12 19:19:53
v_000004969,u_000209,s_00023,2025-02-02 17:27:25,2025-02-02 17:59:25
v_000004970,u_001397,s_00081,2025-01-20 23:34:01,2025-01-21 00:14:01
v_000004971,u_000730,s_00057,2025-01-11 23:20:50,2025-01-11 23:25:50
v_000004972,u_001845,s_00042,2025-01-10 21:37:49,2025-01-10 21:48:49
v_000004973,u_000092,s_00132,2025-01-21 18:45:47,2025-01-21 19:20:47
v_000004974,u_001065,s_00135,2025-02-26 23:02:13,2025-02-26 23:06:13
v_000004975,u_000940,s_00083,2025-02-21 19:50:35,2025-02-21 20:00:35
v_000004976,u_001710,s_00089,2025-01-06 23:14:31,2025-01-06 23:15:31
v_000004977,u_000376,s_00002,2025-01-21 16:22:52,2025-01-21 16:40:52
v_000004978,u_001384,s_00054,2025-01-12 16:26:11,2025-01-12 16:32:11
v_000004979,u_001654,s_00076,2025-02-23 22:14:03,2025-02-23 22:18:03
v_000004980,u_001933,s_00141,2025-01-02 18:33:04,2025-01-02 18:52:04
v_000004981,u_001616,s_00055,2025-01-20 18:39:10,2025-01-20 18:58:10
v_000004982,u_001745,s_00062,2025-02-03 21:08:23,2025-02-03 21:55:23
v_000004983,u_001420,s_00145,2025-01-28 23:14:35,2025-01-28 23:44:35
v_000004984,u_000947,s_00104,2025-02-01 22:49:44,2025-02-01 22:50:44
v_000004985,u_000573,s_00085,2025-02-04 23:38:08,2025-02-05 00:07:08
v_000004986,u_000912,s_00040,2025-01-22 19:44:43,2025-01-22 19:58:43
v_000004987,u_001851,s_00116,2025-02-23 21:37:00,2025-02-23 21:40:00
v_000004988,u_000766,s_00131,2025-01-26 20:48:53,2025-01-26 21:02:53
v_000004989,u_000599,s_00145,2025-02-24 18:04:33,2025-02-24 18:19:33
v_000004990,u_000769,s_00112,2025-01-14 22:07:18,2025-01-14 22:30:18
v_000004991,u_001142,s_00032,2025-02-26 20:42:46,2025-02-26 20:47:46
v_000004992,u_000589,s_00029,2025-01-25 22:38:11,2025-01-25 22:39:11
v_000004993,u_001799,s_00079,2025-02-02 18:01:44,2025-02-02 18:09:44
v_000004994,u_001616,s_00055,2025-01-11 20:59:00,2025-01-11 21:02:00
v_000004995,u_000897,s_00067,2025-03-01 22:44:51,2025-03-01 23:14:51
v_000004996,u_001636,s_00097,2025-02-11 15:55:49,2025-02-11 16:03:49
v_000004997,u_000348,s_00130,2025-02-28 22:07:35,2025-02-28 22:56:35
v_000004998,u_000873,s_00103,2025-02-26 18:27:59,2025-02-26 18:29:59
v_000004999,u_000717,s_00126,2025-02-25 23:40:16,2025-02-26 00:22:16
v_000005000,u_000693,s_00140,2025-02-27 17:22:13,2025-02-27 17:33:13
v_000005001,u_000917,s_00062,2025-02-09 22:50:44,2025-02-09 23:01:44
v_000005002,u_001352,s_00075,2025-01-12 21:03:47,2025-01-12 21:19:47
v_000005003,u_001242,s_00006,2025-01-23 22:30:00,2025-01-23 23:08:00
v_000005004,u_000606,s_00126,2025-02-03 23:08:01,2025-02-03 23:31:01
v_000005005,u_000910,s_00081,2025-01-30 23:59:03,2025-01-31 00:02:03
v_000005006,u_001497,s_00149,2025-02-20 21:59:28,2025-02-20 22:09:28
v_000005007,u_001837,s_00129,2025-01-12 15:50:41,2025-01-12 15:53:41
v_000005008,u_001816,s_00079,2025-01-05 13:06:02,2025-01-05 13:21:02
v_000005009,u_000948,s_00094,2025-01-31 19:38:16,2025-01-31 20:25:16
v_000005010,u_001436,s_00015,2025-01-23 17:57:31,2025-01-23 18:30:31
v_000005011,u_000059,s_00023,2025-01-31 23:48:28,2025-02-01 00:13:28
v_000005012,u_000489,s_00145,2025-01-11 23:53:01,2025-01-12 00:44:01
v_000005013,u_001424,s_00024,2025-01-28 14:46:06,2025-01-28 14:48:06
v_000005014,u_001850,s_00062,2025-02-11 18:37:58,2025-02-11 18:45:58
v_000005015,u_001831,s_00089,2025-02-02 16:26:41,2025-02-02 16:38:41
v_000005016,u_001846,s_00046,2025-01-09 17:31:35,2025-01-09 17:57:35
v_000005017,u_000626,s_00049,2025-02-06 23:37:02,2025-02-06 23:46:02
v_000005018,u_000937,s_00110,2025-02-11 19:26:07,2025-02-11 19:33:07
v_000005019,u_000549,s_00013,2025-01-02 15:11:16,2025-01-02 15:12:16
v_000005020,u_001910,s_00085,2025-02-03 23:31:28,2025-02-04 00:17:28
v_000005021,u_001364,s_00080,2025-02-23 11:34:47,2025-02-23 11:35:47
v_000005022,u_000186,s_00037,2025-02-11 22:20:09,2025-02-11 22:21:09
v_000005023,u_000260,s_00075,2025-02-15 19:29:46,2025-02-15 19:31:46
v_000005024,u_001110,s_00085,2025-01-20 15:44:29,2025-01-20 15:57:29
v_000005025,u_000018,s_00059,2025-02-09 18:45:26,2025-02-09 19:25:26
v_000005026,u_000109,s_00108,2025-01-01 18:18:32,2025-01-01 18:52:32
v_000005027,u_001091,s_00079,2025-02-09 23:54:36,2025-02-10 00:19:36
v_000005028,u_001666,s_00023,2025-01-23 23:38:52,2025-01-23 23:41:52
v_000005029,u_001013,s_00052,2025-01-17 09:18:41,2025-01-17 09:52:41
v_000005030,u_000060,s_00108,2025-02-25 23:09:41,2025-02-25 23:18:41
v_000005031,u_000358,s_00101,2025-02-21 09:02:54,2025-02-21 10:08:54
v_000005032,u_000445,s_00060,2025-02-10 16:28:07,2025-02-10 16:38:07
v_000005033,u_001996,s_00138,2025-02-07 21:02:14,2025-02-07 21:03:14
v_000005034,u_001173,s_00035,2025-01-12 18:49:40,2025-01-12 19:03:40
v_000005035,u_001489,s_00148,2025-01-04 20:54:36,2025-01-04 21:11:36
v_000005036,u_000087,s_00099,2025-02-24 23:03:28,2025-02-24 23:08:28
v_000005037,u_001625,s_00133,2025-01-04 23:36:25,2025-01-04 23:54:25
v_000005038,u_000183,s_00100,2025-02-16 17:38:17,2025-02-16 17:40:17
v_000005039,u_000753,s_00043,2025-01-06 16:46:40,2025-01-06 17:12:40
v_000005040,u_001015,s_00080,2025-01-12 23:14:52,2025-01-12 23:39:52
v_000005041,u_000128,s_00088,2025-02-28 23:17:40,2025-03-01 00:21:40
v_000005042,u_000530,s_00132,2025-02-12 23:11:22,2025-02-12 23:49:22
v_000005043,u_001150,s_00138,2025-01-22 22:45:44,2025-01-22 22:47:44
v_000005044,u_000124,s_00076,2025-01-31 23:16:17,2025-01-31 23:33:17
v_000005045,u_001377,s_00102,2025-01-27 16:45:23,2025-01-27 16:59:23
v_000005046,u_000342,s_00137,2025-01-07 23:43:59,2025-01-07 23:45:59
v_000005047,u_000551,s_00076,2025-02-25 21:17:52,2025-02-25 21:19:52
v_000005048,u_000413,s_00037,2025-02-20 21:13:31,2025-02-20 21:19:31
v_000005049,u_001527,s_00109,2025-02-19 22:07:28,2025-02-19 22:59:28
v_000005050,u_001562,s_00049,2025-02-10 16:00:49,2025-02-10 16:07:49
v_000005051,u_000464,s_00019,2025-02-22 23:04:24,2025-02-22 23:16:24
v_000005052,u_001944,s_00067,2025-02-25 23:19:48,2025-02-25 23:36:48
v_000005053,u_000285,s_00091,2025-01-23 14:24:18,2025-01-23 14:27:18
v_000005054,u_001848,s_00139,2025-01-30 21:37:55,2025-01-30 21:58:55
v_000005055,u_001448,s_00084,2025-02-10 23:51:08,2025-02-11 00:13:08
v_000005056,u_000324,s_00030,2025-01-24 23:45:32,2025-01-25 00:09:32
v_000005057,u_001048,s_00020,2025-01-10 20:03:29,2025-01-10 20:09:29
v_000005058,u_000775,s_00008,2025-02-02 13:12:43,2025-02-02 13:15:43
v_000005059,u_000746,s_00091,2025-02-21 20:46:34,2025-02-21 20:49:34
v_000005060,u_001391,s_00090,2025-01-23 23:36:58,2025-01-23 23:46:58
v_000005061,u_001845,s_00063,2025-02-27 23:17:08,2025-02-27 23:22:08
v_000005062,u_000911,s_00074,2025-02-24 19:17:29,2025-02-24 19:53:29
v_000005063,u_000633,s_00065,2025-02-10 23:25:33,2025-02-10 23:32:33
v_000005064,u_001107,s_00053,2025-01-01 04:20:02,2025-01-01 04:21:02
v_000005065,u_001117,s_00100,2025-01-27 16:53:02,2025-01-27 16:54:02
v_000005066,u_000189,s_00108,2025-01-09 19:30:59,2025-01-09 19:57:59
v_000005067,u_001649,s_00008,2025-01-30 21:28:18,2025-01-30 21:38:18
v_000005068,u_000007,s_00110,2025-01-09 19:11:47,2025-01-09 19:39:47
v_000005069,u_001312,s_00071,2025-02-10 23:32:18,2025-02-11 00:17:18
v_000005070,u_000712,s_00105,2025-01-13 22:56:25,2025-01-13 22:59:25
v_000005071,u_001710,s_00120,2025-02-13 22:00:57,2025-02-13 22:01:57
v_000005072,u_001397,s_00135,2025-02-24 20:06:46,2025-02-24 21:16:46
v_000005073,u_001773,s_00017,2025-02-14 16:40:10,2025-02-14 16:45:10
v_000005074,u_001954,s_00069,2025-02-04 21:00:27,2025-02-04 21:54:27
v_000005075,u_000006,s_00097,2025-01-25 15:39:33,2025-01-25 16:01:33
v_000005076,u_000622,s_00136,2025-01-09 23:33:10,2025-01-09 23:34:10
v_000005077,u_001209,s_00104,2025-01-29 15:41:17,2025-01-29 16:10:17
v_000005078,u_000104,s_00014,2025-01-10 18:27:17,2025-01-10 19:04:17
v_000005079,u_001821,s_00038,2025-02-27 23:30:57,2025-02-27 23:49:57
v_000005080,u_000371,s_00113,2025-01-27 23:16:15,2025-01-27 23:25:15
v_000005081,u_001383,s_00081,2025-01-08 22:06:31,2025-01-08 22:19:31
v_000005082,u_001681,s_00053,2025-02-19 14:31:44,2025-02-19 14:39:44
v_000005083,u_000534,s_00097,2025-01-11 21:01:30,2025-01-11 21:12:30
v_000005084,u_000353,s_00050,2025-01-22 15:20:32,2025-01-22 15:45:32
v_000005085,u_001534,s_00049,2025-01-17 22:34:24,2025-01-17 22:39:24
v_000005086,u_000694,s_00038,2025-02-13 23:32:57,2025-02-13 23:45:57
v_000005087,u_000820,s_00052,2025-02-07 23:38:16,2025-02-08 00:04:16
v_000005088,u_001476,s_00012,2025-02-03 23:01:03,2025-02-03 23:04:03
v_000005089,u_001013,s_00052,2025-01-29 16:02:37,2025-01-29 16:39:37
v_000005090,u_001124,s_00047,2025-02-05 17:39:10,2025-02-05 17:59:10
v_000005091,u_001314,s_00116,2025-01-23 20:44:03,2025-01-23 22:03:03
v_000005092,u_001542,s_00022,2025-01-23 23:50:04,2025-01-24 01:19:04
v_000005093,u_000818,s_00088,2025-01-12 13:48:36,2025-01-12 13:49:36
v_000005094,u_001423,s_00076,2025-01-01 23:01:30,2025-01-01 23:17:30
v_000005095,u_000294,s_00125,2025-01-28 22:46:43,2025-01-28 22:51:43
v_000005096,u_000270,s_00127,2025-01-09 19:26:44,2025-01-09 19:36:44
v_000005097,u_000046,s_00086,2025-01-25 22:33:25,2025-01-25 22:44:25
v_000005098,u_001927,s_00135,2025-02-14 20:56:58,2025-02-14 21:08:58
v_000005099,u_000949,s_00012,2025-02-15 23:32:13,2025-02-16 00:35:13
v_000005100,u_001845,s_00042,2025-01-15 23:53:24,2025-01-15 23:56:24
v_000005101,u_001353,s_00007,2025-02-07 16:23:17,2025-02-07 17:20:17
v_000005102,u_001172,s_00019,2025-01-29 20:33:23,2025-01-29 20:38:23
v_000005103,u_000966,s_00145,2025-01-15 11:37:25,2025-01-15 11:51:25
v_000005104,u_000614,s_00139,2025-01-14 17:38:14,2025-01-14 17:50:14
v_000005105,u_001787,s_00122,2025-02-04 22:11:01,2025-02-04 22:33:01
v_000005106,u_001609,s_00053,2025-01-09 19:38:44,2025-01-09 19:53:44
v_000005107,u_000996,s_00108,2025-02-07 17:38:23,2025-02-07 17:53:23
v_000005108,u_000276,s_00057,2025-01-13 15:55:14,2025-01-13 16:30:14
v_000005109,u_001366,s_00026,2025-02-14 18:06:24,2025-02-14 19:35:24
v_000005110,u_001134,s_00005,2025-02-15 14:39:11,2025-02-15 15:26:11
v_000005111,u_000713,s_00042,2025-02-01 21:50:24,2025-02-01 22:03:24
v_000005112,u_000962,s_00142,2025-02-15 20:12:16,2025-02-15 20:14:16
v_000005113,u_000128,s_00128,2025-02-27 13:00:52,2025-02-27 13:02:52
v_000005114,u_001876,s_00009,2025-02-15 20:59:26,2025-02-15 21:17:26
v_000005115,u_001208,s_00049,2025-02-17 19:16:49,2025-02-17 19:55:49
v_000005116,u_001484,s_00119,2025-01-19 15:54:33,2025-01-19 16:03:33
v_000005117,u_001174,s_00034,2025-01-27 15:12:02,2025-01-27 15:56:02
v_000005118,u_001813,s_00091,2025-02-25 08:37:47,2025-02-25 08:40:47
v_000005119,u_001108,s_00000,2025-01-31 23:32:49,2025-01-31 23:49:49
v_000005120,u_001167,s_00141,2025-02-28 23:07:51,2025-02-28 23:18:51
v_000005121,u_000966,s_00126,2025-01-03 15:06:34,2025-01-03 15:08:34
v_000005122,u_001934,s_00100,2025-02-11 15:10:02,2025-02-11 15:11:02
v_000005123,u_000951,s_00099,2025-02-17 17:56:06,2025-02-17 18:38:06
v_000005124,u_001786,s_00001,2025-01-24 19:54:28,2025-01-24 20:31:28
v_000005125,u_001665,s_00102,2025-02-15 14:52:34,2025-02-15 14:54:34
v_000005126,u_000488,s_00096,2025-02-23 17:28:02,2025-02-23 18:05:02
v_000005127,u_000799,s_00076,2025-02-20 15:35:38,2025-02-20 15:37:38
v_000005128,u_000996,s_00028,2025-02-10 23:55:23,2025-02-11 00:11:23
v_000005129,u_000856,s_00108,2025-02-04 22:28:09,2025-02-04 22:37:09
v_000005130,u_000036,s_00062,2025-02-09 19:39:05,2025-02-09 20:13:05
v_000005131,u_001962,s_00039,2025-01-08 22:26:52,2025-01-08 22:35:52
v_000005132,u_000017,s_00082,2025-01-26 21:06:18,2025-01-26 21:23:18
v_000005133,u_001407,s_00112,2025-01-04 22:07:26,2025-01-04 22:39:26
v_000005134,u_001613,s_00066,2025-02-19 23:55:23,2025-02-20 00:13:23
v_000005135,u_000960,s_00011,2025-01-16 20:04:59,2025-01-16 20:12:59
v_000005136,u_001011,s_00048,2025-02-05 22:41:20,2025-02-05 22:45:20
v_000005137,u_001129,s_00030,2025-01-17 23:31:18,2025-01-17 23:44:18
v_000005138,u_000424,s_00100,2025-02-21 21:14:31,2025-02-21 21:38:31
v_000005139,u_000240,s_00053,2025-01-10 23:25:56,2025-01-10 23:34:56
v_000005140,u_001590,s_00069,2025-02-09 17:04:37,2025-02-09 17:10:37
v_000005141,u_000245,s_00076,2025-01-13 19:12:02,2025-01-13 19:32:02
v_000005142,u_001649,s_00038,2025-02-14 23:05:03,2025-02-14 23:06:03
v_000005143,u_001756,s_00100,2025-02-06 19:01:14,2025-02-06 19:15:14
v_000005144,u_000819,s_00017,2025-02-20 20:51:59,2025-02-20 20:55:59
v_000005145,u_001409,s_00086,2025-02-09 20:15:03,2025-02-09 20:20:03
v_000005146,u_000493,s_00067,2025-01-22 15:36:00,2025-01-22 15:44:00
v_000005147,u_000969,s_00076,2025-01-24 19:17:43,2025-01-24 20:26:43
v_000005148,u_001583,s_00042,2025-01-16 15:28:52,2025-01-16 15:43:52
v_000005149,u_001577,s_00069,2025-02-17 22:13:12,2025-02-17 22:54:12
v_000005150,u_001509,s_00038,2025-01-03 20:39:10,2025-01-03 20:41:10
v_000005151,u_000689,s_00035,2025-01-27 13:08:23,2025-01-27 13:47:23
v_000005152,u_001490,s_00099,2025-02-01 16:01:42,2025-02-01 16:02:42
v_000005153,u_001147,s_00117,2025-01-25 23:14:06,2025-01-26 00:02:06
v_000005154,u_001336,s_00002,2025-01-06 13:46:01,2025-01-06 14:18:01
v_000005155,u_001523,s_00121,2025-01-28 19:37:46,2025-01-28 21:08:46
v_000005156,u_000872,s_00055,2025-02-05 23:55:39,2025-02-06 00:01:39
v_000005157,u_000476,s_00008,2025-02-23 16:04:00,2025-02-23 16:12:00
v_000005158,u_000224,s_00144,2025-01-16 23:06:37,2025-01-16 23:07:37
v_000005159,u_001567,s_00049,2025-01-06 23:54:10,2025-01-07 00:12:10
v_000005160,u_000310,s_00021,2025-02-04 19:55:40,2025-02-04 20:32:40
v_000005161,u_000814,s_00115,2025-01-05 21:47:07,2025-01-05 21:58:07
v_000005162,u_000554,s_00040,2025-01-19 21:56:54,2025-01-19 22:07:54
v_000005163,u_000048,s_00008,2025-02-26 18:57:25,2025-02-26 19:21:25
v_000005164,u_001174,s_00118,2025-02-16 21:31:56,2025-02-16 22:52:56
v_000005165,u_000763,s_00148,2025-01-29 17:05:11,2025-01-29 17:29:11
v_000005166,u_001574,s_00144,2025-02-09 17:06:43,2025-02-09 17:10:43
v_000005167,u_000622,s_00136,2025-01-26 15:38:23,2025-01-26 15:43:23
v_000005168,u_001642,s_00014,2025-02-17 16:13:07,2025-02-17 16:18:07
v_000005169,u_001883,s_00043,2025-01-03 20:24:51,2025-01-03 20:29:51
v_000005170,u_001460,s_00060,2025-01-11 10:13:45,2025-01-11 10:19:45
v_000005171,u_001893,s_00147,2025-02-18 15:35:20,2025-02-18 16:34:20
v_000005172,u_001781,s_00046,2025-01-13 13:50:29,2025-01-13 14:11:29
v_000005173,u_000817,s_00120,2025-02-16 16:13:46,2025-02-16 16:17:46
v_000005174,u_001084,s_00007,2025-02-17 19:17:28,2025-02-17 19:31:28
v_000005175,u_000481,s_00090,2025-02-15 13:55:15,2025-02-15 13:58:15
v_000005176,u_001333,s_00073,2025-02-24 15:30:57,2025-02-24 15:37:57
v_000005177,u_000256,s_00033,2025-01-03 21:43:57,2025-01-03 22:16:57
v_000005178,u_001646,s_00111,2025-02-19 23:58:36,2025-02-20 00:03:36
v_000005179,u_000024,s_00043,2025-01-08 15:44:24,2025-01-08 15:51:24
v_000005180,u_000350,s_00016,2025-02-22 19:18:39,2025-02-22 20:15:39
v_000005181,u_001683,s_00077,2025-01-23 22:19:52,2025-01-23 22:42:52
v_000005182,u_000814,s_00087,2025-03-01 15:00:08,2025-03-01 15:14:08
v_000005183,u_000380,s_00103,2025-02-07 23:24:26,2025-02-07 23:28:26
v_000005184,u_000690,s_00109,2025-01-26 17:42:46,2025-01-26 18:17:46
v_000005185,u_000018,s_00080,2025-01-12 23:41:33,2025-01-12 23:46:33
v_000005186,u_001599,s_00106,2025-01-22 20:14:07,2025-01-22 20:56:07
v_000005187,u_000730,s_00124,2025-01-20 18:24:08,2025-01-20 18:53:08
v_000005188,u_000711,s_00023,2025-02-14 22:51:56,2025-02-14 23:16:56
v_000005189,u_001503,s_00095,2025-01-31 22:02:16,2025-02-01 00:12:16
v_000005190,u_000217,s_00083,2025-02-07 16:41:02,2025-02-07 16:55:02
v_000005191,u_001843,s_00010,2025-02-05 21:41:38,2025-02-05 21:46:38
v_000005192,u_000941,s_00140,2025-01-07 16:46:01,2025-01-07 17:45:01
v_000005193,u_001226,s_00106,2025-02-18 23:24:43,2025-02-19 00:03:43
v_000005194,u_001455,s_00081,2025-02-05 22:39:26,2025-02-05 23:05:26
v_000005195,u_001716,s_00143,2025-01-24 20:36:23,2025-01-24 21:47:23
v_000005196,u_000485,s_00110,2025-02-20 23:08:57,2025-02-20 23:32:57
v_000005197,u_001447,s_00034,2025-02-25 18:50:46,2025-02-25 19:02:46
v_000005198,u_000474,s_00132,2025-01-25 14:35:30,2025-01-25 14:54:30
v_000005199,u_000445,s_00039,2025-02-05 17:59:36,2025-02-05 18:10:36
v_000005200,u_000311,s_00040,2025-01-02 16:01:43,2025-01-02 16:06:43
v_000005201,u_000576,s_00133,2025-02-11 12:21:39,2025-02-11 12:51:39
v_000005202,u_000349,s_00095,2025-02-17 23:22:22,2025-02-17 23:57:22
v_000005203,u_001546,s_00104,2025-02-11 15:36:00,2025-02-11 15:38:00
v_000005204,u_000685,s_00063,2025-01-23 23:33:37,2025-01-23 23:34:37
v_000005205,u_000383,s_00016,2025-02-04 19:26:46,2025-02-04 19:33:46
v_000005206,u_001877,s_00139,2025-01-23 16:32:00,2025-01-23 17:06:00
v_000005207,u_000030,s_00114,2025-02-05 18:38:54,2025-02-05 19:01:54
v_000005208,u_001659,s_00132,2025-01-15 19:29:16,2025-01-15 21:14:16
v_000005209,u_001977,s_00129,2025-01-08 19:21:39,2025-01-08 20:04:39
v_000005210,u_001641,s_00139,2025-02-07 16:33:03,2025-02-07 17:12:03
v_000005211,u_000633,s_00065,2025-01-30 21:57:35,2025-01-30 22:14:35
v_000005212,u_000480,s_00132,2025-02-17 20:03:07,2025-02-17 20:26:07
v_000005213,u_000086,s_00004,2025-01-31 23:36:34,2025-01-31 23:41:34
v_000005214,u_000339,s_00055,2025-02-15 21:51:16,2025-02-15 22:41:16
v_000005215,u_001173,s_00106,2025-02-04 23:17:43,2025-02-05 00:57:43
v_000005216,u_000038,s_00062,2025-01-04 19:14:06,2025-01-04 19:45:06
v_000005217,u_001739,s_00042,2025-02-23 21:06:48,2025-02-23 21:49:48
v_000005218,u_000776,s_00104,2025-01-18 22:04:18,2025-01-18 22:20:18
v_000005219,u_001215,s_00110,2025-01-02 19:51:09,2025-01-02 20:27:09
v_000005220,u_001676,s_00129,2025-01-08 16:45:33,2025-01-08 16:51:33
v_000005221,u_001965,s_00131,2025-02-19 23:44:58,2025-02-19 23:58:58
v_000005222,u_000204,s_00086,2025-01-21 16:26:37,2025-01-21 16:28:37
v_000005223,u_001570,s_00112,2025-02-04 19:34:51,2025-02-04 19:56:51
v_000005224,u_001799,s_00030,2025-01-24 16:43:06,2025-01-24 18:31:06
v_000005225,u_001389,s_00044,2025-01-11 15:09:13,2025-01-11 15:29:13
v_000005226,u_000035,s_00110,2025-02-16 19:44:11,2025-02-16 19:58:11
v_000005227,u_000788,s_00090,2025-02-22 21:42:19,2025-02-22 21:51:19
v_000005228,u_001494,s_00008,2025-03-01 14:24:34,2025-03-01 14:57:34
v_000005229,u_001581,s_00024,2025-02-23 18:22:42,2025-02-23 18:30:42
v_000005230,u_000454,s_00029,2025-01-23 20:32:53,2025-01-23 20:43:53
v_000005231,u_000751,s_00078,2025-01-24 16:03:37,2025-01-24 16:07:37
v_000005232,u_000715,s_00083,2025-01-15 16:12:51,2025-01-15 16:30:51
v_000005233,u_001977,s_00017,2025-02-10 19:10:49,2025-02-10 19:14:49
v_000005234,u_000245,s_00076,2025-01-06 19:00:47,2025-01-06 19:23:47
v_000005235,u_000399,s_00145,2025-01-07 20:06:34,2025-01-07 20:13:34
v_000005236,u_000278,s_00053,2025-01-18 19:58:42,2025-01-18 20:17:42
v_000005237,u_000146,s_00018,2025-01-11 22:18:53,2025-01-11 22:32:53
v_000005238,u_001589,s_00053,2025-01-05 23:51:14,2025-01-06 00:17:14
v_000005239,u_001438,s_00103,2025-02-15 18:49:20,2025-02-15 19:10:20
v_000005240,u_000501,s_00120,2025-01-06 23:34:53,2025-01-07 00:16:53
v_000005241,u_000290,s_00076,2025-02-27 21:17:50,2025-02-27 21:59:50
v_000005242,u_001336,s_00088,2025-02-14 16:33:53,2025-02-14 16:47:53
v_000005243,u_000636,s_00070,2025-01-05 19:54:47,2025-01-05 19:57:47
v_000005244,u_000384,s_00046,2025-02-05 17:43:33,2025-02-05 17:58:33
v_000005245,u_001914,s_00142,2025-02-10 23:59:58,2025-02-11 00:05:58
v_000005246,u_000827,s_00011,2025-02-25 23:03:19,2025-02-25 23:13:19
v_000005247,u_001086,s_00063,2025-02-23 14:35:27,2025-02-23 14:55:27
v_000005248,u_001698,s_00125,2025-02-01 18:17:39,2025-02-01 18:29:39
v_000005249,u_000141,s_00086,2025-01-26 17:03:26,2025-01-26 17:04:26
v_000005250,u_000924,s_00058,2025-02-28 16:12:39,2025-02-28 16:45:39
v_000005251,u_000113,s_00079,2025-01-21 14:59:21,2025-01-21 15:17:21
v_000005252,u_001934,s_00112,2025-01-09 21:15:55,2025-01-09 21:26:55
v_000005253,u_001651,s_00015,2025-01-29 23:50:09,2025-01-30 00:18:09
v_000005254,u_001943,s_00025,2025-01-17 23:52:40,2025-01-18 00:00:40
v_000005255,u_001077,s_00084,2025-01-26 23:42:46,2025-01-27 00:12:46
v_000005256,u_000798,s_00081,2025-01-24 13:45:15,2025-01-24 14:28:15
v_000005257,u_000360,s_00050,2025-01-15 20:33:55,2025-01-15 21:09:55
v_000005258,u_000640,s_00055,2025-01-12 23:40:46,2025-01-13 00:14:46
v_000005259,u_000671,s_00050,2025-02-22 19:05:09,2025-02-22 19:07:09
v_000005260,u_000704,s_00032,2025-01-26 17:51:35,2025-01-26 17:56:35
v_000005261,u_001127,s_00017,2025-01-02 22:25:50,2025-01-02 22:44:50
v_000005262,u_001369,s_00076,2025-02-28 22:41:51,2025-02-28 23:18:51
v_000005263,u_000407,s_00147,2025-03-01 18:50:01,2025-03-01 19:19:01
v_000005264,u_000422,s_00069,2025-01-31 17:16:19,2025-01-31 17:53:19
v_000005265,u_001383,s_00088,2025-01-25 21:10:32,2025-01-25 21:22:32
v_000005266,u_000576,s_00074,2025-01-18 23:34:11,2025-01-18 23:38:11
v_000005267,u_000604,s_00115,2025-02-26 17:40:22,2025-02-26 17:41:22
v_000005268,u_000814,s_00087,2025-01-04 23:39:00,2025-01-04 23:48:00
v_000005269,u_001201,s_00145,2025-01-17 23:19:23,2025-01-17 23:27:23
v_000005270,u_000482,s_00023,2025-01-23 17:36:38,2025-01-23 18:32:38
v_000005271,u_000348,s_00006,2025-02-26 18:42:25,2025-02-26 18:47:25
v_000005272,u_000020,s_00096,2025-01-06 14:01:54,2025-01-06 14:04:54
v_000005273,u_000019,s_00087,2025-01-29 23:57:33,2025-01-30 00:09:33
v_000005274,u_000080,s_00021,2025-01-09 19:59:02,2025-01-09 20:03:02
v_000005275,u_000876,s_00101,2025-03-01 20:08:27,2025-03-01 20:38:27
v_000005276,u_000801,s_00064,2025-02-06 23:39:19,2025-02-07 00:10:19
v_000005277,u_001347,s_00051,2025-02-22 16:44:20,2025-02-22 17:03:20
v_000005278,u_001002,s_00009,2025-01-05 19:51:44,2025-01-05 20:13:44
v_000005279,u_000104,s_00137,2025-02-12 14:18:08,2025-02-12 14:42:08
v_000005280,u_001063,s_00144,2025-01-31 16:58:57,2025-01-31 16:59:57
v_000005281,u_000987,s_00072,2025-01-07 17:43:44,2025-01-07 18:33:44
v_000005282,u_000718,s_00110,2025-02-13 23:08:26,2025-02-13 23:18:26
v_000005283,u_000688,s_00140,2025-02-11 09:41:03,2025-02-11 10:04:03
v_000005284,u_001560,s_00121,2025-02-09 21:41:33,2025-02-09 22:12:33
v_000005285,u_001643,s_00093,2025-02-19 23:18:42,2025-02-19 23:24:42
v_000005286,u_001106,s_00001,2025-02-13 16:45:49,2025-02-13 17:32:49
v_000005287,u_000043,s_00088,2025-01-10 15:51:44,2025-01-10 16:25:44
v_000005288,u_000330,s_00069,2025-01-24 20:29:14,2025-01-24 20:44:14
v_000005289,u_000971,s_00145,2025-01-25 18:38:08,2025-01-25 18:40:08
v_000005290,u_000512,s_00096,2025-01-09 14:22:15,2025-01-09 14:41:15
v_000005291,u_000359,s_00116,2025-01-13 21:19:48,2025-01-13 21:49:48
v_000005292,u_000842,s_00082,2025-01-02 17:59:58,2025-01-02 18:19:58
v_000005293,u_000031,s_00060,2025-02-16 22:04:59,2025-02-16 22:05:59
v_000005294,u_001593,s_00109,2025-02-25 23:48:23,2025-02-25 23:57:23
v_000005295,u_001076,s_00132,2025-01-11 21:01:17,2025-01-11 21:42:17
v_000005296,u_001783,s_00100,2025-01-23 18:19:55,2025-01-23 18:28:55
v_000005297,u_001960,s_00030,2025-01-27 18:28:51,2025-01-27 19:06:51
v_000005298,u_000516,s_00048,2025-01-09 13:40:44,2025-01-09 13:43:44
v_000005299,u_001525,s_00124,2025-01-15 20:34:15,2025-01-15 20:58:15
v_000005300,u_000710,s_00031,2025-01-09 21:33:21,2025-01-09 21:34:21
v_000005301,u_000370,s_00047,2025-01-02 21:32:20,2025-01-02 21:35:20
v_000005302,u_001202,s_00050,2025-01-01 19:17:34,2025-01-01 19:47:34
v_000005303,u_001420,s_00024,2025-01-08 16:41:14,2025-01-08 17:16:14
v_000005304,u_000751,s_00040,2025-01-20 19:52:55,2025-01-20 20:18:55
v_000005305,u_001457,s_00107,2025-02-09 23:33:18,2025-02-10 00:08:18
v_000005306,u_001373,s_00025,2025-01-12 12:40:29,2025-01-12 13:17:29
v_000005307,u_001769,s_00128,2025-02-07 23:03:30,2025-02-07 23:56:30
v_000005308,u_001717,s_00012,2025-02-13 23:41:27,2025-02-13 23:49:27
v_000005309,u_001425,s_00078,2025-02-27 23:41:43,2025-02-28 00:03:43
v_000005310,u_001305,s_00023,2025-01-05 15:41:27,2025-01-05 15:52:27
v_000005311,u_000453,s_00040,2025-01-07 20:11:51,2025-01-07 20:24:51
v_000005312,u_001316,s_00114,2025-01-22 16:23:43,2025-01-22 16:59:43
v_000005313,u_000583,s_00003,2025-02-24 20:02:18,2025-02-24 20:06:18
v_000005314,u_001354,s_00055,2025-01-22 20:36:17,2025-01-22 20:47:17
v_000005315,u_001929,s_00060,2025-01-18 23:02:21,2025-01-18 23:22:21
v_000005316,u_000046,s_00122,2025-01-05 16:37:00,2025-01-05 16:44:00
v_000005317,u_000506,s_00056,2025-02-04 20:59:33,2025-02-04 21:04:33
v_000005318,u_001363,s_00136,2025-02-10 23:57:46,2025-02-10 23:58:46
v_000005319,u_001357,s_00045,2025-02-05 23:03:42,2025-02-05 23:50:42
v_000005320,u_000214,s_00020,2025-01-05 21:30:53,2025-01-05 21:47:53
v_000005321,u_001542,s_00112,2025-02-11 17:11:58,2025-02-11 17:57:58
v_000005322,u_001150,s_00099,2025-01-14 19:00:49,2025-01-14 19:06:49
v_000005323,u_001119,s_00128,2025-01-20 20:16:00,2025-01-20 20:19:00
v_000005324,u_001818,s_00107,2025-01-27 19:39:37,2025-01-27 19:58:37
v_000005325,u_001466,s_00127,2025-01-11 18:30:14,2025-01-11 18:36:14
v_000005326,u_000842,s_00082,2025-01-01 17:03:27,2025-01-01 17:04:27
v_000005327,u_000486,s_00123,2025-03-01 23:29:01,2025-03-01 23:58:01
v_000005328,u_001768,s_00028,2025-02-23 17:41:25,2025-02-23 17:56:25
v_000005329,u_000517,s_00085,2025-01-30 16:33:01,2025-01-30 16:43:01
v_000005330,u_000719,s_00046,2025-01-15 16:30:14,2025-01-15 16:31:14
v_000005331,u_001954,s_00114,2025-02-26 23:29:11,2025-02-26 23:30:11
v_000005332,u_001432,s_00122,2025-01-01 23:58:43,2025-01-02 00:00:43
v_000005333,u_001327,s_00093,2025-01-31 20:20:25,2025-01-31 20:33:25
v_000005334,u_001512,s_00050,2025-01-17 16:06:14,2025-01-17 16:11:14
v_000005335,u_000438,s_00113,2025-01-03 20:28:18,2025-01-03 20:31:18
v_000005336,u_000177,s_00128,2025-01-10 23:33:23,2025-01-10 23:42:23
v_000005337,u_001223,s_00044,2025-02-28 13:25:35,2025-02-28 13:29:35
v_000005338,u_000238,s_00057,2025-01-16 16:08:05,2025-01-16 16:17:05
v_000005339,u_000669,s_00078,2025-02-17 23:51:25,2025-02-18 00:04:25
v_000005340,u_000952,s_00013,2025-02-12 20:13:22,2025-02-12 20:19:22
v_000005341,u_000805,s_00135,2025-01-17 23:37:19,2025-01-17 23:48:19
v_000005342,u_001555,s_00099,2025-01-06 23:59:04,2025-01-07 00:07:04
v_000005343,u_001035,s_00107,2025-02-25 16:21:45,2025-02-25 16:24:45
v_000005344,u_000252,s_00093,2025-01-20 19:56:30,2025-01-20 20:09:30
v_000005345,u_000437,s_00101,2025-02-11 15:29:33,2025-02-11 15:30:33
v_000005346,u_000330,s_00069,2025-01-23 19:48:35,2025-01-23 19:56:35
v_000005347,u_001976,s_00133,2025-02-28 17:39:59,2025-02-28 18:13:59
v_000005348,u_001914,s_00115,2025-01-05 18:01:40,2025-01-05 18:27:40
v_000005349,u_001845,s_00042,2025-01-03 17:30:32,2025-01-03 17:31:32
v_000005350,u_000353,s_00055,2025-01-08 15:30:26,2025-01-08 15:44:26
v_000005351,u_000255,s_00148,2025-01-19 12:46:39,2025-01-19 12:48:39
v_000005352,u_000919,s_00034,2025-02-18 12:28:30,2025-02-18 12:29:30
v_000005353,u_001578,s_00143,2025-01-08 23:56:38,2025-01-08 23:57:38
v_000005354,u_000513,s_00141,2025-02-22 23:34:46,2025-02-22 23:40:46
v_000005355,u_001322,s_00135,2025-02-07 16:31:50,2025-02-07 17:41:50
v_000005356,u_001052,s_00051,2025-01-29 23:30:06,2025-01-30 00:29:06
v_000005357,u_001407,s_00144,2025-01-22 23:32:21,2025-01-22 23:51:21
v_000005358,u_001387,s_00149,2025-01-07 19:27:31,2025-01-07 19:35:31
v_000005359,u_000070,s_00052,2025-02-17 23:18:23,2025-02-17 23:30:23
v_000005360,u_000639,s_00130,2025-02-25 16:34:24,2025-02-25 16:55:24
v_000005361,u_000595,s_00001,2025-01-24 19:09:01,2025-01-24 19:13:01
v_000005362,u_001718,s_00137,2025-01-26 17:11:05,2025-01-26 17:16:05
v_000005363,u_000261,s_00080,2025-01-05 17:29:48,2025-01-05 17:32:48
v_000005364,u_001831,s_00089,2025-01-14 20:06:24,2025-01-14 20:10:24
v_000005365,u_000588,s_00026,2025-02-01 15:25:30,2025-02-01 15:31:30
v_000005366,u_001506,s_00042,2025-01-23 19:58:01,2025-01-23 20:36:01
v_000005367,u_001664,s_00034,2025-01-28 23:46:26,2025-01-29 00:00:26
v_000005368,u_000326,s_00135,2025-02-07 20:00:48,2025-02-07 20:28:48
v_000005369,u_000562,s_00064,2025-02-19 22:47:25,2025-02-19 22:52:25
v_000005370,u_001457,s_00141,2025-01-12 13:47:52,2025-01-12 14:11:52
v_000005371,u_000549,s_00051,2025-01-25 19:07:15,2025-01-25 19:10:15
v_000005372,u_001612,s_00065,2025-01-30 19:43:22,2025-01-30 19:53:22
v_000005373,u_000964,s_00144,2025-02-27 23:48:35,2025-02-28 00:06:35
v_000005374,u_000399,s_00145,2025-02-20 18:35:45,2025-02-20 19:02:45
v_000005375,u_001124,s_00047,2025-02-25 23:07:35,2025-02-25 23:49:35
v_000005376,u_000271,s_00009,2025-01-23 23:28:36,2025-01-23 23:36:36
v_000005377,u_000840,s_00032,2025-02-25 18:38:25,2025-02-25 18:58:25
v_000005378,u_001087,s_00138,2025-02-13 16:02:50,2025-02-13 16:06:50
v_000005379,u_000126,s_00093,2025-01-12 21:36:47,2025-01-12 22:04:47
v_000005380,u_001802,s_00033,2025-01-24 18:44:43,2025-01-24 19:17:43
v_000005381,u_001120,s_00075,2025-01-27 15:29:33,2025-01-27 15:30:33
v_000005382,u_001249,s_00103,2025-02-13 22:43:21,2025-02-13 23:01:21
v_000005383,u_001446,s_00139,2025-01-05 23:39:10,2025-01-05 23:54:10
v_000005384,u_001790,s_00023,2025-01-13 16:04:57,2025-01-13 16:37:57
v_000005385,u_000235,s_00033,2025-01-11 23:31:45,2025-01-11 23:38:45
v_000005386,u_001818,s_00099,2025-02-14 18:23:32,2025-02-14 18:36:32
v_000005387,u_001672,s_00127,2025-01-08 17:07:09,2025-01-08 17:12:09
v_000005388,u_000607,s_00095,2025-01-20 17:46:50,2025-01-20 18:06:50
v_000005389,u_000576,s_00078,2025-01-04 23:36:44,2025-01-04 23:52:44
v_000005390,u_000822,s_00018,2025-01-05 23:24:21,2025-01-05 23:42:21
v_000005391,u_001385,s_00073,2025-01-31 20:49:26,2025-01-31 21:07:26
v_000005392,u_001572,s_00094,2025-02-03 23:54:05,2025-02-03 23:57:05
v_000005393,u_000868,s_00114,2025-01-10 20:03:25,2025-01-10 20:41:25
v_000005394,u_001678,s_00063,2025-02-28 15:34:31,2025-02-28 16:19:31
v_000005395,u_000573,s_00008,2025-02-16 23:06:50,2025-02-16 23:39:50
v_000005396,u_001501,s_00055,2025-02-05 20:24:19,2025-02-05 21:01:19
v_000005397,u_001937,s_00046,2025-01-16 21:17:52,2025-01-16 21:18:52
v_000005398,u_000428,s_00043,2025-01-20 20:45:21,2025-01-20 20:57:21
v_000005399,u_001879,s_00122,2025-02-23 15:18:33,2025-02-23 15:24:33
v_000005400,u_000345,s_00103,2025-02-20 16:35:41,2025-02-20 16:44:41
v_000005401,u_000109,s_00106,2025-02-26 21:07:49,2025-02-26 21:20:49
v_000005402,u_001465,s_00052,2025-02-19 16:53:46,2025-02-19 17:02:46
v_000005403,u_000683,s_00052,2025-02-27 21:16:06,2025-02-27 21:20:06
v_000005404,u_000469,s_00054,2025-01-10 15:35:33,2025-01-10 15:37:33
v_000005405,u_000292,s_00043,2025-02-23 16:10:19,2025-02-23 16:43:19
v_000005406,u_001428,s_00017,2025-01-23 22:47:35,2025-01-23 23:13:35
v_000005407,u_000149,s_00060,2025-01-03 21:25:50,2025-01-03 21:40:50
v_000005408,u_000644,s_00010,2025-01-05 16:02:56,2025-01-05 16:50:56
v_000005409,u_000433,s_00130,2025-01-22 20:39:35,2025-01-22 21:26:35
v_000005410,u_000789,s_00054,2025-02-24 15:00:59,2025-02-24 15:23:59
v_000005411,u_001645,s_00015,2025-01-01 22:40:19,2025-01-01 23:09:19
v_000005412,u_001954,s_00049,2025-02-22 11:04:30,2025-02-22 11:05:30
v_000005413,u_000673,s_00102,2025-01-31 21:21:58,2025-01-31 21:38:58
v_000005414,u_000187,s_00047,2025-01-13 14:49:49,2025-01-13 14:51:49
v_000005415,u_001856,s_00076,2025-02-02 13:07:21,2025-02-02 13:17:21
v_000005416,u_001668,s_00103,2025-01-26 19:59:32,2025-01-26 20:51:32
v_000005417,u_000684,s_00021,2025-01-17 23:01:19,2025-01-18 00:17:19
v_000005418,u_001266,s_00077,2025-03-01 23:18:03,2025-03-01 23:40:03
v_000005419,u_001411,s_00087,2025-01-01 20:25:27,2025-01-01 21:33:27
v_000005420,u_001475,s_00035,2025-01-14 23:16:40,2025-01-14 23:31:40
v_000005421,u_001539,s_00053,2025-02-20 23:36:15,2025-02-20 23:38:15
v_000005422,u_001496,s_00005,2025-01-24 17:35:51,2025-01-24 18:01:51
v_000005423,u_000138,s_00077,2025-02-12 21:31:57,2025-02-12 22:27:57
v_000005424,u_001868,s_00029,2025-01-11 23:16:16,2025-01-11 23:33:16
v_000005425,u_001350,s_00148,2025-02-18 19:09:17,2025-02-18 19:25:17
v_000005426,u_000304,s_00130,2025-01-19 20:54:14,2025-01-19 21:14:14
v_000005427,u_000092,s_00132,2025-01-27 23:30:07,2025-01-28 00:06:07
v_000005428,u_001544,s_00141,2025-02-22 18:31:37,2025-02-22 19:09:37
v_000005429,u_000613,s_00146,2025-01-07 20:55:38,2025-01-07 20:56:38
v_000005430,u_000918,s_00125,2025-01-23 17:55:47,2025-01-23 18:59:47
v_000005431,u_001498,s_00110,2025-02-04 14:12:01,2025-02-04 14:22:01
v_000005432,u_001242,s_00006,2025-01-04 23:41:23,2025-01-05 00:01:23
v_000005433,u_001290,s_00058,2025-01-21 21:19:34,2025-01-21 21:37:34
v_000005434,u_000652,s_00115,2025-01-17 18:01:56,2025-01-17 19:27:56
v_000005435,u_000361,s_00093,2025-02-22 21:45:51,2025-02-22 21:46:51
v_000005436,u_000155,s_00116,2025-01-21 15:58:54,2025-01-21 15:59:54
v_000005437,u_001607,s_00122,2025-02-08 21:24:22,2025-02-08 21:31:22
v_000005438,u_000378,s_00064,2025-02-04 10:53:22,2025-02-04 11:21:22
v_000005439,u_001441,s_00042,2025-02-13 20:59:52,2025-02-13 21:56:52
v_000005440,u_001896,s_00091,2025-01-01 17:36:10,2025-01-01 18:30:10
v_000005441,u_001975,s_00023,2025-01-03 17:59:17,2025-01-03 18:19:17
v_000005442,u_000494,s_00027,2025-01-11 19:29:11,2025-01-11 20:15:11
v_000005443,u_000277,s_00100,2025-01-02 20:35:53,2025-01-02 20:55:53
v_000005444,u_000637,s_00045,2025-02-18 18:36:09,2025-02-18 18:37:09
v_000005445,u_000717,s_00127,2025-01-28 18:48:52,2025-01-28 19:33:52
v_000005446,u_001913,s_00101,2025-01-08 15:18:56,2025-01-08 15:40:56
v_000005447,u_001876,s_00036,2025-01-15 20:23:27,2025-01-15 20:27:27
v_000005448,u_000617,s_00014,2025-01-24 23:47:26,2025-01-25 00:16:26
v_000005449,u_001980,s_00046,2025-01-01 23:43:47,2025-01-02 00:05:47
v_000005450,u_001209,s_00117,2025-01-19 20:23:13,2025-01-19 20:48:13
v_000005451,u_000078,s_00098,2025-01-28 23:49:05,2025-01-29 00:10:05
v_000005452,u_001023,s_00119,2025-02-13 20:43:50,2025-02-13 21:37:50
v_000005453,u_000595,s_00025,2025-01-18 23:51:49,2025-01-18 23:52:49
v_000005454,u_000071,s_00064,2025-02-24 18:59:12,2025-02-24 19:38:12
v_000005455,u_001626,s_00066,2025-02-28 23:42:13,2025-02-28 23:43:13
v_000005456,u_001783,s_00100,2025-02-16 19:37:44,2025-02-16 19:38:44
v_000005457,u_001308,s_00058,2025-01-01 23:32:27,2025-01-02 00:04:27
v_000005458,u_001357,s_00058,2025-01-17 18:13:39,2025-01-17 18:30:39
v_000005459,u_001743,s_00026,2025-02-04 19:24:05,2025-02-04 19:26:05
v_000005460,u_000326,s_00146,2025-01-31 16:42:20,2025-01-31 16:59:20
v_000005461,u_001856,s_00040,2025-01-16 22:00:48,2025-01-16 22:30:48
v_000005462,u_001808,s_00065,2025-02-28 18:22:26,2025-02-28 18:30:26
v_000005463,u_000489,s_00145,2025-01-14 23:00:16,2025-01-14 23:28:16
v_000005464,u_000454,s_00029,2025-02-11 23:04:13,2025-02-11 23:05:13
v_000005465,u_000758,s_00053,2025-02-12 23:13:11,2025-02-12 23:18:11
v_000005466,u_001022,s_00003,2025-01-06 20:44:49,2025-01-06 21:16:49
v_000005467,u_001408,s_00086,2025-02-01 15:24:21,2025-02-01 15:46:21
v_000005468,u_000123,s_00108,2025-02-16 21:51:28,2025-02-16 22:35:28
v_000005469,u_000755,s_00013,2025-01-27 12:45:57,2025-01-27 12:56:57
v_000005470,u_001644,s_00114,2025-02-09 22:25:03,2025-02-09 22:39:03
v_000005471,u_001509,s_00038,2025-02-24 21:42:25,2025-02-24 21:49:25
v_000005472,u_000124,s_00124,2025-01-24 16:13:35,2025-01-24 16:16:35
v_000005473,u_001205,s_00115,2025-02-11 19:05:32,2025-02-11 19:18:32
v_000005474,u_001262,s_00105,2025-02-17 18:24:13,2025-02-17 18:29:13
v_000005475,u_000820,s_00141,2025-02-01 23:43:03,2025-02-01 23:50:03
v_000005476,u_000963,s_00059,2025-01-04 23:17:10,2025-01-04 23:31:10
v_000005477,u_000714,s_00101,2025-02-26 21:22:13,2025-02-26 21:26:13
v_000005478,u_000488,s_00128,2025-01-16 23:13:00,2025-01-16 23:18:00
v_000005479,u_000025,s_00042,2025-02-14 16:11:12,2025-02-14 16:33:12
v_000005480,u_001720,s_00136,2025-01-29 23:19:36,2025-01-30 00:19:36
v_000005481,u_000263,s_00041,2025-01-10 22:24:17,2025-01-10 22:25:17
v_000005482,u_001705,s_00122,2025-01-12 23:53:11,2025-01-13 00:20:11
v_000005483,u_000242,s_00060,2025-01-11 15:48:53,2025-01-11 16:03:53
v_000005484,u_000893,s_00059,2025-01-20 21:06:11,2025-01-20 21:10:11
v_000005485,u_001623,s_00119,2025-01-17 17:50:28,2025-01-17 17:58:28
v_000005486,u_000537,s_00009,2025-01-26 14:55:13,2025-01-26 15:01:13
v_000005487,u_001087,s_00138,2025-01-02 20:35:49,2025-01-02 20:47:49
v_000005488,u_001265,s_00003,2025-02-15 15:52:32,2025-02-15 16:45:32
v_000005489,u_000046,s_00032,2025-02-07 19:20:39,2025-02-07 19:21:39
v_000005490,u_000688,s_00019,2025-02-10 09:09:30,2025-02-10 09:23:30
v_000005491,u_001094,s_00037,2025-02-10 21:35:22,2025-02-10 22:12:22
v_000005492,u_000407,s_00054,2025-02-12 18:15:17,2025-02-12 18:21:17
v_000005493,u_000222,s_00131,2025-01-08 23:06:09,2025-01-08 23:07:09
v_000005494,u_001594,s_00139,2025-02-16 11:37:34,2025-02-16 11:53:34
v_000005495,u_000464,s_00055,2025-01-07 18:35:29,2025-01-07 18:56:29
v_000005496,u_000433,s_00130,2025-01-28 23:37:17,2025-01-29 00:58:17
v_000005497,u_000284,s_00028,2025-02-05 23:49:38,2025-02-06 00:01:38
v_000005498,u_001130,s_00124,2025-01-31 23:57:41,2025-02-01 00:01:41
v_000005499,u_000997,s_00143,2025-02-04 23:56:01,2025-02-05 00:04:01
v_000005500,u_000852,s_00042,2025-01-10 21:16:56,2025-01-10 21:53:56
v_000005501,u_001231,s_00022,2025-02-17 17:49:33,2025-02-17 17:59:33
v_000005502,u_000946,s_00006,2025-01-12 18:20:12,2025-01-12 18:32:12
v_000005503,u_000006,s_00097,2025-01-01 17:54:08,2025-01-01 18:11:08
v_000005504,u_000006,s_00097,2025-01-30 23:24:33,2025-01-30 23:25:33
v_000005505,u_000516,s_00139,2025-01-13 23:24:35,2025-01-13 23:42:35
v_000005506,u_001619,s_00125,2025-02-09 18:54:13,2025-02-09 18:55:13
v_000005507,u_001840,s_00003,2025-01-20 22:25:47,2025-01-20 22:26:47
v_000005508,u_000124,s_00016,2025-01-28 23:16:29,2025-01-28 23:28:29
v_000005509,u_001979,s_00019,2025-01-12 18:11:09,2025-01-12 18:42:09
v_000005510,u_001833,s_00107,2025-01-22 23:37:09,2025-01-22 23:47:09
v_000005511,u_000555,s_00002,2025-02-11 23:36:50,2025-02-11 23:56:50
v_000005512,u_000882,s_00082,2025-01-16 16:12:59,2025-01-16 16:41:59
v_000005513,u_000241,s_00132,2025-02-03 21:30:15,2025-02-03 21:44:15
v_000005514,u_000251,s_00109,2025-01-19 23:36:22,2025-01-19 23:54:22
v_000005515,u_000239,s_00145,2025-01-12 13:24:54,2025-01-12 13:31:54
v_000005516,u_000024,s_00005,2025-02-07 23:22:56,2025-02-07 23:43:56
v_000005517,u_001441,s_00034,2025-02-08 23:15:15,2025-02-09 01:09:15
v_000005518,u_001428,s_00017,2025-02-11 23:52:10,2025-02-12 00:25:10
v_000005519,u_000080,s_00061,2025-01-19 15:00:16,2025-01-19 15:08:16
v_000005520,u_000138,s_00034,2025-01-01 19:11:11,2025-01-01 19:29:11
v_000005521,u_000445,s_00039,2025-02-12 21:38:05,2025-02-12 21:54:05
v_000005522,u_001824,s_00135,2025-01-08 23:21:32,2025-01-08 23:50:32
v_000005523,u_001514,s_00139,2025-01-14 20:51:02,2025-01-14 21:09:02
v_000005524,u_001895,s_00089,2025-02-05 20:43:47,2025-02-05 20:57:47
v_000005525,u_001233,s_00126,2025-01-10 10:17:33,2025-01-10 10:35:33
v_000005526,u_001957,s_00018,2025-03-01 15:45:14,2025-03-01 15:52:14
v_000005527,u_000310,s_00021,2025-02-17 20:25:18,2025-02-17 20:26:18
v_000005528,u_000003,s_00064,2025-01-12 23:17:05,2025-01-12 23:42:05
v_000005529,u_000104,s_00139,2025-01-14 23:17:09,2025-01-15 00:18:09
v_000005530,u_000321,s_00003,2025-01-05 12:58:41,2025-01-05 13:09:41
v_000005531,u_001910,s_00090,2025-02-24 21:54:58,2025-02-24 22:24:58
v_000005532,u_000158,s_00109,2025-01-22 21:26:26,2025-01-22 22:35:26
v_000005533,u_000848,s_00102,2025-01-20 15:19:25,2025-01-20 16:26:25
v_000005534,u_001968,s_00149,2025-02-27 20:55:39,2025-02-27 21:10:39
v_000005535,u_000410,s_00013,2025-02-13 20:30:08,2025-02-13 20:58:08
v_000005536,u_000999,s_00070,2025-01-13 23:27:38,2025-01-13 23:42:38
v_000005537,u_001222,s_00108,2025-02-27 21:00:18,2025-02-27 21:22:18
v_000005538,u_001569,s_00089,2025-02-13 22:30:15,2025-02-13 22:45:15
v_000005539,u_000886,s_00132,2025-01-16 14:51:38,2025-01-16 15:00:38
v_000005540,u_001588,s_00136,2025-01-19 16:06:27,2025-01-19 16:08:27
v_000005541,u_000228,s_00039,2025-02-21 21:38:41,2025-02-21 22:23:41
v_000005542,u_000875,s_00137,2025-01-25 20:20:09,2025-01-25 20:30:09
v_000005543,u_001125,s_00099,2025-01-19 18:15:46,2025-01-19 18:30:46
v_000005544,u_001152,s_00016,2025-01-24 13:33:37,2025-01-24 13:44:37
v_000005545,u_000912,s_00140,2025-01-14 21:34:53,2025-01-14 21:41:53
v_000005546,u_000229,s_00149,2025-01-25 23:57:48,2025-01-26 00:50:48
v_000005547,u_001288,s_00090,2025-01-09 17:53:17,2025-01-09 18:05:17
v_000005548,u_001134,s_00035,2025-01-26 20:16:33,2025-01-26 21:40:33
v_000005549,u_000103,s_00139,2025-01-29 12:10:42,2025-01-29 12:14:42
v_000005550,u_001120,s_00126,2025-01-20 20:41:16,2025-01-20 21:02:16
v_000005551,u_000358,s_00093,2025-01-13 21:33:18,2025-01-13 21:35:18
v_000005552,u_000533,s_00132,2025-01-05 15:59:23,2025-01-05 16:29:23
v_000005553,u_001220,s_00088,2025-01-22 20:17:06,2025-01-22 20:47:06
v_000005554,u_001424,s_00015,2025-02-22 18:39:41,2025-02-22 18:45:41
v_000005555,u_000926,s_00023,2025-02-20 09:37:51,2025-02-20 09:38:51
v_000005556,u_001198,s_00123,2025-02-01 17:43:30,2025-02-01 18:15:30
v_000005557,u_000146,s_00087,2025-02-01 23:30:29,2025-02-01 23:37:29
v_000005558,u_001113,s_00126,2025-03-01 13:13:53,2025-03-01 13:41:53
v_000005559,u_001627,s_00011,2025-02-21 22:48:09,2025-02-21 22:49:09
v_000005560,u_000866,s_00097,2025-01-10 23:28:15,2025-01-10 23:29:15
v_000005561,u_001283,s_00102,2025-02-18 23:53:56,2025-02-19 00:00:56
v_000005562,u_000250,s_00110,2025-02-25 19:35:42,2025-02-25 19:45:42
v_000005563,u_001377,s_00089,2025-01-27 12:05:03,2025-01-27 12:06:03
v_000005564,u_000860,s_00126,2025-01-12 21:15:05,2025-01-12 21:21:05
v_000005565,u_000128,s_00019,2025-01-25 23:04:07,2025-01-25 23:29:07
v_000005566,u_001168,s_00082,2025-01-29 18:00:27,2025-01-29 18:09:27
v_000005567,u_000871,s_00091,2025-02-13 23:11:32,2025-02-13 23:18:32
v_000005568,u_000531,s_00071,2025-01-07 16:03:27,2025-01-07 16:12:27
v_000005569,u_000514,s_00093,2025-01-31 20:17:48,2025-01-31 22:06:48
v_000005570,u_000381,s_00012,2025-02-28 17:03:19,2025-02-28 17:04:19
v_000005571,u_001348,s_00015,2025-01-03 18:37:14,2025-01-03 18:38:14
v_000005572,u_000677,s_00120,2025-01-05 08:45:55,2025-01-05 09:21:55
v_000005573,u_000262,s_00052,2025-02-10 23:29:04,2025-02-10 23:35:04
v_000005574,u_000009,s_00096,2025-01-25 23:00:39,2025-01-25 23:17:39
v_000005575,u_000407,s_00147,2025-01-22 18:37:26,2025-01-22 19:28:26
v_000005576,u_001952,s_00052,2025-01-11 23:22:07,2025-01-12 00:15:07
v_000005577,u_001147,s_00013,2025-01-24 18:42:04,2025-01-24 19:44:04
v_000005578,u_000190,s_00100,2025-01-01 16:48:09,2025-01-01 17:06:09
v_000005579,u_001089,s_00038,2025-01-11 19:41:01,2025-01-11 19:53:01
v_000005580,u_001650,s_00107,2025-02-28 19:12:06,2025-02-28 19:22:06
v_000005581,u_000674,s_00092,2025-02-08 21:35:16,2025-02-08 21:36:16
v_000005582,u_000889,s_00106,2025-01-30 23:20:38,2025-01-31 00:50:38
v_000005583,u_000889,s_00106,2025-01-23 21:34:17,2025-01-23 21:46:17
v_000005584,u_001698,s_00028,2025-01-07 22:01:17,2025-01-07 22:27:17
v_000005585,u_001164,s_00028,2025-02-05 17:12:53,2025-02-05 17:22:53
v_000005586,u_001858,s_00020,2025-01-23 17:03:32,2025-01-23 17:29:32
v_000005587,u_001975,s_00095,2025-01-26 22:02:31,2025-01-26 22:11:31
v_000005588,u_000349,s_00095,2025-02-04 23:50:04,2025-02-04 23:51:04
v_000005589,u_000268,s_00015,2025-02-04 19:12:27,2025-02-04 19:52:27
v_000005590,u_000190,s_00076,2025-01-18 23:09:59,2025-01-18 23:33:59
v_000005591,u_001425,s_00078,2025-01-13 23:26:00,2025-01-13 23:53:00
v_000005592,u_001013,s_00129,2025-03-01 20:32:11,2025-03-01 20:51:11
v_000005593,u_001622,s_00141,2025-01-27 23:28:03,2025-01-27 23:53:03
v_000005594,u_000797,s_00031,2025-01-04 23:26:59,2025-01-04 23:38:59
v_000005595,u_000819,s_00079,2025-02-09 15:32:07,2025-02-09 16:34:07
v_000005596,u_000652,s_00143,2025-02-22 18:41:52,2025-02-22 19:33:52
v_000005597,u_000595,s_00059,2025-02-21 20:33:36,2025-02-21 22:26:36
v_000005598,u_001781,s_00009,2025-02-04 16:50:14,2025-02-04 16:58:14
v_000005599,u_000193,s_00095,2025-01-30 23:32:21,2025-01-31 00:26:21
v_000005600,u_001056,s_00067,2025-01-12 14:01:23,2025-01-12 14:32:23
v_000005601,u_000191,s_00092,2025-01-23 07:45:01,2025-01-23 08:06:01
v_000005602,u_000230,s_00006,2025-02-10 17:28:52,2025-02-10 17:51:52
v_000005603,u_000618,s_00050,2025-01-16 23:53:45,2025-01-16 23:54:45
v_000005604,u_001968,s_00131,2025-02-25 10:35:09,2025-02-25 10:53:09
v_000005605,u_001946,s_00076,2025-01-24 23:59:22,2025-01-25 00:01:22
v_000005606,u_001581,s_00024,2025-01-06 22:22:29,2025-01-06 23:14:29
v_000005607,u_001217,s_00055,2025-02-10 16:39:04,2025-02-10 17:04:04
v_000005608,u_000682,s_00003,2025-02-11 16:47:54,2025-02-11 16:56:54
v_000005609,u_000583,s_00003,2025-02-18 19:39:40,2025-02-18 20:46:40
v_000005610,u_001231,s_00022,2025-02-26 19:16:40,2025-02-26 19:20:40
v_000005611,u_000788,s_00021,2025-02-09 23:34:43,2025-02-10 00:22:43
v_000005612,u_001560,s_00121,2025-02-01 18:28:52,2025-02-01 18:36:52
v_000005613,u_000928,s_00038,2025-02-27 23:36:59,2025-02-28 00:14:59
v_000005614,u_001264,s_00013,2025-02-17 22:32:59,2025-02-17 22:36:59
v_000005615,u_000246,s_00022,2025-02-22 16:59:26,2025-02-22 17:04:26
v_000005616,u_000122,s_00023,2025-02-26 18:37:40,2025-02-26 18:40:40
v_000005617,u_000508,s_00036,2025-01-28 22:32:50,2025-01-28 22:38:50
v_000005618,u_000562,s_00017,2025-01-11 22:10:41,2025-01-11 23:23:41
v_000005619,u_000884,s_00108,2025-02-21 23:16:20,2025-02-21 23:24:20
v_000005620,u_000360,s_00047,2025-01-03 23:38:30,2025-01-04 00:13:30
v_000005621,u_000852,s_00135,2025-01-03 22:34:15,2025-01-03 22:46:15
v_000005622,u_001206,s_00035,2025-02-19 17:10:38,2025-02-19 17:51:38
v_000005623,u_000742,s_00042,2025-01-21 20:43:09,2025-01-21 21:28:09
v_000005624,u_001147,s_00068,2025-01-22 23:43:37,2025-01-23 00:46:37
v_000005625,u_001967,s_00106,2025-03-01 18:46:02,2025-03-01 19:04:02
v_000005626,u_001790,s_00090,2025-02-09 23:26:14,2025-02-09 23:28:14
v_000005627,u_000416,s_00051,2025-02-17 11:31:44,2025-02-17 11:45:44
v_000005628,u_001570,s_00143,2025-01-08 20:59:57,2025-01-08 21:03:57
v_000005629,u_001270,s_00040,2025-01-30 20:52:10,2025-01-30 21:35:10
v_000005630,u_001924,s_00083,2025-02-18 19:09:13,2025-02-18 19:10:13
v_000005631,u_000064,s_00135,2025-02-21 18:36:00,2025-02-21 18:37:00
v_000005632,u_001535,s_00119,2025-01-12 19:20:23,2025-01-12 19:36:23
v_000005633,u_001695,s_00039,2025-02-08 23:56:12,2025-02-09 00:08:12
v_000005634,u_001280,s_00054,2025-02-06 20:45:28,2025-02-06 21:03:28
v_000005635,u_000588,s_00026,2025-01-22 20:58:47,2025-01-22 21:19:47
v_000005636,u_001456,s_00112,2025-01-17 18:34:36,2025-01-17 18:40:36
v_000005637,u_000506,s_00040,2025-02-26 19:54:33,2025-02-26 20:02:33
v_000005638,u_001830,s_00071,2025-02-26 23:09:07,2025-02-26 23:21:07
v_000005639,u_001606,s_00139,2025-01-23 19:56:13,2025-01-23 19:57:13
v_000005640,u_001237,s_00088,2025-02-13 23:12:06,2025-02-13 23:13:06
v_000005641,u_000663,s_00007,2025-02-22 18:06:37,2025-02-22 19:25:37
v_000005642,u_000825,s_00064,2025-02-12 15:40:22,2025-02-12 17:02:22
v_000005643,u_000137,s_00091,2025-01-08 22:45:14,2025-01-08 23:06:14
v_000005644,u_000428,s_00128,2025-02-22 21:43:51,2025-02-22 21:57:51
v_000005645,u_001709,s_00061,2025-02-03 20:15:34,2025-02-03 20:54:34
v_000005646,u_001332,s_00032,2025-01-03 23:18:36,2025-01-04 00:16:36
v_000005647,u_000659,s_00029,2025-01-20 19:33:28,2025-01-20 19:45:28
v_000005648,u_000032,s_00097,2025-01-04 17:23:27,2025-01-04 17:33:27
v_000005649,u_000149,s_00118,2025-02-03 19:45:29,2025-02-03 19:46:29
v_000005650,u_000146,s_00025,2025-02-27 15:24:58,2025-02-27 15:37:58
v_000005651,u_000220,s_00120,2025-01-15 22:38:29,2025-01-15 23:00:29
v_000005652,u_001487,s_00027,2025-02-10 20:03:33,2025-02-10 20:33:33
v_000005653,u_000155,s_00129,2025-02-07 16:55:53,2025-02-07 17:17:53
v_000005654,u_000519,s_00073,2025-02-15 09:25:40,2025-02-15 09:39:40
v_000005655,u_001820,s_00063,2025-01-15 19:49:23,2025-01-15 20:12:23
v_000005656,u_001085,s_00148,2025-02-03 23:05:57,2025-02-03 23:40:57
v_000005657,u_000428,s_00128,2025-01-07 21:43:21,2025-01-07 21:53:21
v_000005658,u_000731,s_00148,2025-02-07 23:46:16,2025-02-07 23:47:16
v_000005659,u_000213,s_00123,2025-02-13 17:55:40,2025-02-13 18:26:40
v_000005660,u_001367,s_00025,2025-02-04 11:55:49,2025-02-04 12:39:49
v_000005661,u_000394,s_00023,2025-02-14 23:17:56,2025-02-14 23:34:56
v_000005662,u_000848,s_00060,2025-01-23 23:38:44,2025-01-23 23:43:44
v_000005663,u_001398,s_00116,2025-02-14 22:40:39,2025-02-14 23:22:39
v_000005664,u_001607,s_00122,2025-01-20 09:13:09,2025-01-20 09:36:09
v_000005665,u_001347,s_00136,2025-01-15 19:50:10,2025-01-15 20:06:10
v_000005666,u_000912,s_00061,2025-01-19 23:30:59,2025-01-19 23:53:59
v_000005667,u_000325,s_00136,2025-01-23 20:22:14,2025-01-23 20:46:14
v_000005668,u_000640,s_00051,2025-02-14 21:01:51,2025-02-14 21:23:51
v_000005669,u_001872,s_00036,2025-02-05 19:44:11,2025-02-05 19:46:11
v_000005670,u_001150,s_00138,2025-01-03 21:14:44,2025-01-03 21:19:44
v_000005671,u_000497,s_00065,2025-02-03 21:43:01,2025-02-03 21:56:01
v_000005672,u_001683,s_00000,2025-01-28 16:33:42,2025-01-28 16:35:42
v_000005673,u_000424,s_00106,2025-02-08 16:03:50,2025-02-08 16:40:50
v_000005674,u_000429,s_00138,2025-02-21 19:30:30,2025-02-21 19:54:30
v_000005675,u_001206,s_00031,2025-01-03 20:23:07,2025-01-03 20:37:07
v_000005676,u_001445,s_00108,2025-02-24 21:37:39,2025-02-24 21:57:39
v_000005677,u_000053,s_00103,2025-01-08 22:52:47,2025-01-08 23:30:47
v_000005678,u_000521,s_00052,2025-01-21 23:40:29,2025-01-21 23:47:29
v_000005679,u_000384,s_00046,2025-02-09 16:06:25,2025-02-09 16:16:25
v_000005680,u_001851,s_00093,2025-01-27 23:18:50,2025-01-28 00:35:50
v_000005681,u_000677,s_00066,2025-02-20 13:49:42,2025-02-20 14:16:42
v_000005682,u_000798,s_00145,2025-01-10 16:08:26,2025-01-10 16:37:26
v_000005683,u_001407,s_00015,2025-02-25 18:06:33,2025-02-25 18:10:33
v_000005684,u_000341,s_00019,2025-01-04 18:56:54,2025-01-04 18:57:54
v_000005685,u_000407,s_00147,2025-01-29 16:29:11,2025-01-29 16:39:11
v_000005686,u_001933,s_00091,2025-01-01 23:48:30,2025-01-01 23:49:30
v_000005687,u_001255,s_00132,2025-02-09 13:26:11,2025-02-09 14:17:11
v_000005688,u_001798,s_00077,2025-02-01 19:07:32,2025-02-01 19:09:32
v_000005689,u_001595,s_00058,2025-01-03 14:41:05,2025-01-03 15:05:05
v_000005690,u_001072,s_00112,2025-02-04 16:24:59,2025-02-04 16:49:59
v_000005691,u_001393,s_00026,2025-01-29 19:34:12,2025-01-29 20:21:12
v_000005692,u_000506,s_00057,2025-01-24 21:44:30,2025-01-24 22:11:30
v_000005693,u_001477,s_00147,2025-02-24 23:11:55,2025-02-24 23:36:55
v_000005694,u_001928,s_00012,2025-01-20 22:06:16,2025-01-20 22:49:16
v_000005695,u_000175,s_00129,2025-02-21 21:04:33,2025-02-21 21:20:33
v_000005696,u_001081,s_00034,2025-01-06 20:41:52,2025-01-06 20:52:52
v_000005697,u_001960,s_00030,2025-02-08 23:53:52,2025-02-08 23:54:52
v_000005698,u_000490,s_00137,2025-02-18 20:14:38,2025-02-18 20:15:38
v_000005699,u_000496,s_00072,2025-01-24 19:05:42,2025-01-24 19:14:42
v_000005700,u_000894,s_00073,2025-01-12 20:52:28,2025-01-12 21:20:28
v_000005701,u_001560,s_00097,2025-02-17 19:48:45,2025-02-17 19:55:45
v_000005702,u_001115,s_00129,2025-02-13 21:15:44,2025-02-13 21:32:44
v_000005703,u_000929,s_00145,2025-02-08 16:52:47,2025-02-08 17:02:47
v_000005704,u_000614,s_00019,2025-01-11 23:10:56,2025-01-11 23:34:56
v_000005705,u_000504,s_00078,2025-02-08 16:33:31,2025-02-08 16:41:31
v_000005706,u_000763,s_00120,2025-01-20 18:34:45,2025-01-20 19:00:45
v_000005707,u_000004,s_00132,2025-02-21 18:41:10,2025-02-21 19:08:10
v_000005708,u_000586,s_00134,2025-01-07 20:09:49,2025-01-07 20:29:49
v_000005709,u_000519,s_00013,2025-02-25 14:38:06,2025-02-25 14:39:06
v_000005710,u_001792,s_00004,2025-02-03 23:48:14,2025-02-03 23:52:14
v_000005711,u_001370,s_00049,2025-01-13 18:33:14,2025-01-13 18:34:14
v_000005712,u_000266,s_00007,2025-01-14 16:54:06,2025-01-14 17:04:06
v_000005713,u_000238,s_00057,2025-02-15 23:37:15,2025-02-15 23:57:15
v_000005714,u_001622,s_00141,2025-02-27 23:15:59,2025-02-27 23:26:59
v_000005715,u_001729,s_00002,2025-01-05 23:54:53,2025-01-06 00:05:53
v_000005716,u_001534,s_00024,2025-01-28 18:37:42,2025-01-28 18:47:42
v_000005717,u_001304,s_00040,2025-02-07 19:56:38,2025-02-07 19:59:38
v_000005718,u_001409,s_00129,2025-01-18 18:04:05,2025-01-18 19:09:05
v_000005719,u_001173,s_00106,2025-01-17 15:10:16,2025-01-17 15:48:16
v_000005720,u_001250,s_00009,2025-02-14 19:04:52,2025-02-14 19:21:52
v_000005721,u_000209,s_00023,2025-02-28 23:00:49,2025-02-28 23:33:49
v_000005722,u_001042,s_00065,2025-01-29 23:57:12,2025-01-30 01:18:12
v_000005723,u_000492,s_00149,2025-02-25 14:01:31,2025-02-25 14:43:31
v_000005724,u_000510,s_00115,2025-02-19 22:32:06,2025-02-19 22:42:06
v_000005725,u_001472,s_00074,2025-03-01 18:57:24,2025-03-01 20:02:24
v_000005726,u_000105,s_00084,2025-02-05 19:39:28,2025-02-05 19:49:28
v_000005727,u_001383,s_00088,2025-02-24 16:07:21,2025-02-24 16:08:21
v_000005728,u_000951,s_00099,2025-01-26 21:49:16,2025-01-26 21:56:16
v_000005729,u_001781,s_00125,2025-02-04 14:39:47,2025-02-04 14:59:47
v_000005730,u_000947,s_00061,2025-02-04 23:38:14,2025-02-05 00:22:14
v_000005731,u_001825,s_00027,2025-01-15 17:49:05,2025-01-15 18:01:05
v_000005732,u_001623,s_00099,2025-01-02 23:45:31,2025-01-02 23:46:31
v_000005733,u_000725,s_00026,2025-02-25 21:40:36,2025-02-25 22:07:36
v_000005734,u_001149,s_00043,2025-01-29 14:26:39,2025-01-29 14:38:39
v_000005735,u_001875,s_00060,2025-02-09 23:43:49,2025-02-09 23:51:49
v_000005736,u_001302,s_00056,2025-02-28 22:58:37,2025-02-28 23:10:37
v_000005737,u_001736,s_00131,2025-02-05 23:57:46,2025-02-06 00:48:46
v_000005738,u_000789,s_00094,2025-02-08 16:51:07,2025-02-08 17:11:07
v_000005739,u_000552,s_00080,2025-01-15 19:04:10,2025-01-15 19:35:10
v_000005740,u_000676,s_00110,2025-01-11 20:01:13,2025-01-11 20:16:13
v_000005741,u_001747,s_00037,2025-01-13 18:30:46,2025-01-13 18:33:46
v_000005742,u_001903,s_00106,2025-01-04 23:05:41,2025-01-05 00:50:41
v_000005743,u_000133,s_00079,2025-01-20 19:15:43,2025-01-20 19:26:43
v_000005744,u_001408,s_00032,2025-01-08 16:53:44,2025-01-08 17:24:44
v_000005745,u_000371,s_00009,2025-01-03 16:52:34,2025-01-03 18:08:34
v_000005746,u_000919,s_00034,2025-02-19 21:48:52,2025-02-19 22:16:52
v_000005747,u_000127,s_00033,2025-01-14 16:30:16,2025-01-14 17:00:16
v_000005748,u_000320,s_00098,2025-01-21 18:17:30,2025-01-21 18:48:30
v_000005749,u_000381,s_00097,2025-02-20 14:54:26,2025-02-20 15:04:26
v_000005750,u_000936,s_00064,2025-02-03 15:58:02,2025-02-03 16:17:02
v_000005751,u_001514,s_00109,2025-01-12 19:42:36,2025-01-12 20:02:36
v_000005752,u_001219,s_00070,2025-01-26 19:11:53,2025-01-26 19:26:53
v_000005753,u_000563,s_00082,2025-02-11 14:37:16,2025-02-11 17:20:16
v_000005754,u_001666,s_00111,2025-01-10 16:23:06,2025-01-10 16:49:06
v_000005755,u_000200,s_00103,2025-01-07 23:00:32,2025-01-07 23:01:32
v_000005756,u_000220,s_00071,2025-01-03 21:45:22,2025-01-03 22:16:22
v_000005757,u_001396,s_00035,2025-01-13 22:59:50,2025-01-13 23:08:50
v_000005758,u_000672,s_00021,2025-02-09 18:09:33,2025-02-09 18:10:33
v_000005759,u_000582,s_00143,2025-01-13 23:22:38,2025-01-13 23:28:38
v_000005760,u_000516,s_00053,2025-01-06 16:14:41,2025-01-06 16:17:41
v_000005761,u_001132,s_00063,2025-01-29 13:27:03,2025-01-29 13:28:03
v_000005762,u_001663,s_00036,2025-02-15 23:13:59,2025-02-15 23:20:59
v_000005763,u_001366,s_00026,2025-02-28 23:25:26,2025-02-28 23:46:26
v_000005764,u_001653,s_00036,2025-01-14 23:30:31,2025-01-14 23:36:31
v_000005765,u_001834,s_00026,2025-02-23 16:07:15,2025-02-23 16:21:15
v_000005766,u_001830,s_00015,2025-02-18 20:06:10,2025-02-18 20:45:10
v_000005767,u_001575,s_00066,2025-01-05 19:04:36,2025-01-05 19:22:36
v_000005768,u_001498,s_00054,2025-02-20 21:28:38,2025-02-20 21:50:38
v_000005769,u_001361,s_00003,2025-01-29 13:34:37,2025-01-29 13:54:37
v_000005770,u_001265,s_00003,2025-02-28 18:24:25,2025-02-28 18:43:25
v_000005771,u_000307,s_00045,2025-02-09 17:04:46,2025-02-09 17:29:46
v_000005772,u_000535,s_00117,2025-01-06 15:23:26,2025-01-06 16:07:26
v_000005773,u_001692,s_00006,2025-02-14 20:30:19,2025-02-14 20:31:19
v_000005774,u_001333,s_00073,2025-01-11 18:49:09,2025-01-11 19:14:09
v_000005775,u_000947,s_00104,2025-01-20 21:39:38,2025-01-20 21:56:38
v_000005776,u_000576,s_00087,2025-01-19 23:00:33,2025-01-19 23:10:33
v_000005777,u_001523,s_00121,2025-01-25 22:49:41,2025-01-25 23:21:41
v_000005778,u_000804,s_00083,2025-02-22 19:02:15,2025-02-22 19:18:15
v_000005779,u_001653,s_00036,2025-02-01 15:11:32,2025-02-01 15:29:32
v_000005780,u_001288,s_00124,2025-01-14 23:00:38,2025-01-14 23:02:38
v_000005781,u_001277,s_00004,2025-02-18 23:58:06,2025-02-19 00:10:06
v_000005782,u_000150,s_00113,2025-01-29 23:02:29,2025-01-29 23:03:29
v_000005783,u_001055,s_00001,2025-02-26 23:56:42,2025-02-27 00:04:42
v_000005784,u_000278,s_00033,2025-01-14 22:30:25,2025-01-14 22:43:25
v_000005785,u_001009,s_00014,2025-01-15 20:11:25,2025-01-15 20:33:25
v_000005786,u_001003,s_00109,2025-01-20 18:59:23,2025-01-20 19:04:23
v_000005787,u_000802,s_00035,2025-01-05 20:03:01,2025-01-05 20:45:01
v_000005788,u_000000,s_00020,2025-02-22 17:49:25,2025-02-22 17:56:25
v_000005789,u_000506,s_00056,2025-02-06 15:09:55,2025-02-06 15:25:55
v_000005790,u_001124,s_00031,2025-01-14 23:51:14,2025-01-14 23:54:14
v_000005791,u_000086,s_00071,2025-02-12 19:33:43,2025-02-12 19:47:43
v_000005792,u_001483,s_00139,2025-01-12 21:12:10,2025-01-12 21:20:10
v_000005793,u_001802,s_00010,2025-01-16 17:14:06,2025-01-16 17:32:06
v_000005794,u_000128,s_00109,2025-01-30 23:18:14,2025-01-30 23:19:14
v_000005795,u_001269,s_00071,2025-01-02 18:56:56,2025-01-02 19:16:56
v_000005796,u_001071,s_00086,2025-02-04 19:21:01,2025-02-04 20:53:01
v_000005797,u_000867,s_00134,2025-01-11 21:58:36,2025-01-11 22:20:36
v_000005798,u_001535,s_00137,2025-02-22 20:36:27,2025-02-22 20:41:27
v_000005799,u_000261,s_00063,2025-02-14 12:57:46,2025-02-14 13:07:46
v_000005800,u_000923,s_00087,2025-02-06 16:24:33,2025-02-06 16:43:33
v_000005801,u_000226,s_00035,2025-02-28 23:45:15,2025-03-01 00:00:15
v_000005802,u_001627,s_00135,2025-02-15 17:56:29,2025-02-15 17:59:29
v_000005803,u_000394,s_00110,2025-02-12 16:07:25,2025-02-12 17:07:25
v_000005804,u_000864,s_00054,2025-02-07 17:47:11,2025-02-07 17:59:11
v_000005805,u_001573,s_00050,2025-02-06 17:04:01,2025-02-06 17:10:01
v_000005806,u_001249,s_00096,2025-02-17 18:21:21,2025-02-17 18:27:21
v_000005807,u_001786,s_00039,2025-02-05 18:55:46,2025-02-05 19:21:46
v_000005808,u_001107,s_00053,2025-02-04 14:59:37,2025-02-04 15:02:37
v_000005809,u_000501,s_00047,2025-01-30 17:40:55,2025-01-30 18:49:55
v_000005810,u_001562,s_00123,2025-01-19 16:57:10,2025-01-19 18:18:10
v_000005811,u_001362,s_00039,2025-02-05 19:25:07,2025-02-05 19:46:07
v_000005812,u_000126,s_00018,2025-02-16 13:54:44,2025-02-16 14:17:44
v_000005813,u_001699,s_00031,2025-02-09 23:22:40,2025-02-09 23:42:40
v_000005814,u_001130,s_00063,2025-01-26 23:03:00,2025-01-26 23:07:00
v_000005815,u_000080,s_00092,2025-01-23 20:17:53,2025-01-23 20:30:53
v_000005816,u_001789,s_00127,2025-01-27 21:45:12,2025-01-27 21:51:12
v_000005817,u_001803,s_00016,2025-02-28 22:33:27,2025-02-28 22:50:27
v_000005818,u_001356,s_00007,2025-01-23 20:43:14,2025-01-23 21:15:14
v_000005819,u_001228,s_00146,2025-02-14 23:30:26,2025-02-14 23:55:26
v_000005820,u_001672,s_00122,2025-02-06 19:49:29,2025-02-06 20:29:29
v_000005821,u_001453,s_00024,2025-01-13 19:36:06,2025-01-13 19:46:06
v_000005822,u_001422,s_00043,2025-01-11 17:49:52,2025-01-11 18:02:52
v_000005823,u_001792,s_00017,2025-03-01 17:44:39,2025-03-01 18:00:39
v_000005824,u_001315,s_00036,2025-02-28 23:53:16,2025-03-01 01:09:16
v_000005825,u_000557,s_00057,2025-01-07 19:15:39,2025-01-07 19:32:39
v_000005826,u_000276,s_00135,2025-02-13 21:32:14,2025-02-13 21:36:14
v_000005827,u_000743,s_00056,2025-01-12 16:19:18,2025-01-12 17:15:18
v_000005828,u_001423,s_00022,2025-02-07 21:40:10,2025-02-07 21:43:10
v_000005829,u_001717,s_00012,2025-02-28 18:30:39,2025-02-28 18:49:39
v_000005830,u_001350,s_00064,2025-01-27 19:26:24,2025-01-27 19:51:24
v_000005831,u_000060,s_00044,2025-02-24 16:59:29,2025-02-24 17:07:29
v_000005832,u_000636,s_00070,2025-01-01 23:54:08,2025-01-02 00:15:08
v_000005833,u_001977,s_00063,2025-02-27 18:45:24,2025-02-27 18:56:24
v_000005834,u_000919,s_00030,2025-02-05 19:29:05,2025-02-05 20:32:05
v_000005835,u_001695,s_00055,2025-02-03 20:44:06,2025-02-03 21:06:06
v_000005836,u_000599,s_00143,2025-02-01 13:50:31,2025-02-01 15:30:31
v_000005837,u_000277,s_00112,2025-03-01 18:31:49,2025-03-01 18:53:49
v_000005838,u_000723,s_00133,2025-02-11 19:03:08,2025-02-11 19:04:08
v_000005839,u_001965,s_00005,2025-02-22 13:57:53,2025-02-22 15:04:53
v_000005840,u_001067,s_00075,2025-01-09 18:10:06,2025-01-09 18:27:06
v_000005841,u_001820,s_00015,2025-01-18 15:36:02,2025-01-18 15:37:02
v_000005842,u_001598,s_00026,2025-02-08 22:40:09,2025-02-08 23:03:09
v_000005843,u_001445,s_00108,2025-02-10 23:14:04,2025-02-10 23:16:04
v_000005844,u_000917,s_00012,2025-02-11 22:44:10,2025-02-11 22:54:10
v_000005845,u_000604,s_00083,2025-01-01 22:53:53,2025-01-01 23:22:53
v_000005846,u_001213,s_00129,2025-01-18 21:23:42,2025-01-18 21:24:42
v_000005847,u_000228,s_00039,2025-01-30 15:02:19,2025-01-30 15:05:19
v_000005848,u_000739,s_00076,2025-02-10 18:51:45,2025-02-10 18:53:45
v_000005849,u_000938,s_00104,2025-01-29 15:05:21,2025-01-29 15:06:21
v_000005850,u_001867,s_00034,2025-02-18 18:53:53,2025-02-18 18:54:53
v_000005851,u_000283,s_00141,2025-02-03 15:38:11,2025-02-03 15:39:11
v_000005852,u_001001,s_00021,2025-01-05 18:01:11,2025-01-05 18:15:11
v_000005853,u_000446,s_00081,2025-01-06 17:48:01,2025-01-06 18:08:01
v_000005854,u_001035,s_00125,2025-02-15 14:13:41,2025-02-15 14:34:41
v_000005855,u_000499,s_00039,2025-02-01 22:36:03,2025-02-01 23:10:03
v_000005856,u_001564,s_00148,2025-02-14 18:39:40,2025-02-14 19:05:40
v_000005857,u_001312,s_00102,2025-02-13 23:11:50,2025-02-13 23:19:50
v_000005858,u_000840,s_00015,2025-01-13 22:18:03,2025-01-13 23:49:03
v_000005859,u_000670,s_00114,2025-01-01 18:05:18,2025-01-01 18:21:18
v_000005860,u_000326,s_00146,2025-02-06 22:44:50,2025-02-06 22:53:50
v_000005861,u_001911,s_00098,2025-01-29 23:31:37,2025-01-29 23:50:37
v_000005862,u_000268,s_00130,2025-01-12 14:58:29,2025-01-12 15:02:29
v_000005863,u_000288,s_00042,2025-02-20 18:41:44,2025-02-20 18:45:44
v_000005864,u_000003,s_00094,2025-01-23 13:45:20,2025-01-23 14:30:20
v_000005865,u_001727,s_00114,2025-01-23 16:45:50,2025-01-23 17:19:50
v_000005866,u_001112,s_00144,2025-01-05 21:44:46,2025-01-05 21:54:46
v_000005867,u_001120,s_00126,2025-01-09 23:03:37,2025-01-09 23:44:37
v_000005868,u_001956,s_00102,2025-01-18 22:58:58,2025-01-18 23:15:58
v_000005869,u_001586,s_00111,2025-02-19 17:27:14,2025-02-19 17:51:14
v_000005870,u_001677,s_00076,2025-02-23 20:52:25,2025-02-23 22:51:25
v_000005871,u_000345,s_00123,2025-01-23 15:09:57,2025-01-23 15:10:57
v_000005872,u_001912,s_00100,2025-02-17 18:57:01,2025-02-17 19:08:01
v_000005873,u_001074,s_00134,2025-02-10 23:22:32,2025-02-10 23:49:32
v_000005874,u_001152,s_00016,2025-02-07 12:57:15,2025-02-07 14:18:15
v_000005875,u_001642,s_00058,2025-01-23 15:54:01,2025-01-23 16:14:01
v_000005876,u_001697,s_00065,2025-01-20 22:01:27,2025-01-20 22:48:27
v_000005877,u_001848,s_00011,2025-01-08 23:48:02,2025-01-08 23:51:02
v_000005878,u_000723,s_00052,2025-02-01 18:50:21,2025-02-01 19:17:21
v_000005879,u_001104,s_00030,2025-01-28 23:55:56,2025-01-28 23:59:56
v_000005880,u_000754,s_00090,2025-01-20 21:28:42,2025-01-20 21:32:42
v_000005881,u_000374,s_00012,2025-02-28 23:38:26,2025-03-01 00:04:26
v_000005882,u_001956,s_00062,2025-01-31 11:49:42,2025-01-31 12:31:42
v_000005883,u_001117,s_00100,2025-02-28 23:21:52,2025-02-28 23:39:52
v_000005884,u_001442,s_00103,2025-02-28 23:14:46,2025-02-28 23:15:46
v_000005885,u_000086,s_00060,2025-02-25 23:39:45,2025-02-25 23:51:45
v_000005886,u_001432,s_00148,2025-02-14 19:46:31,2025-02-14 19:58:31
v_000005887,u_001351,s_00149,2025-02-02 23:13:44,2025-02-03 00:10:44
v_000005888,u_000603,s_00040,2025-01-02 20:43:24,2025-01-02 20:54:24
v_000005889,u_001636,s_00130,2025-02-05 23:45:35,2025-02-06 00:27:35
v_000005890,u_001612,s_00048,2025-01-29 21:04:33,2025-01-29 21:18:33
v_000005891,u_000825,s_00064,2025-02-13 23:30:56,2025-02-14 00:02:56
v_000005892,u_001363,s_00112,2025-02-03 21:43:35,2025-02-03 22:15:35
v_000005893,u_001124,s_00031,2025-02-11 23:00:48,2025-02-11 23:19:48
v_000005894,u_000274,s_00081,2025-01-26 18:48:03,2025-01-26 19:17:03
v_000005895,u_001761,s_00139,2025-02-18 19:41:23,2025-02-18 20:38:23
v_000005896,u_000378,s_00072,2025-01-12 14:19:56,2025-01-12 14:43:56
v_000005897,u_000825,s_00139,2025-01-21 21:05:21,2025-01-21 22:13:21
v_000005898,u_001610,s_00051,2025-01-18 16:25:16,2025-01-18 16:35:16
v_000005899,u_000661,s_00077,2025-01-23 15:22:18,2025-01-23 15:27:18
v_000005900,u_000788,s_00090,2025-01-24 23:29:45,2025-01-24 23:59:45
v_000005901,u_000195,s_00129,2025-01-14 22:04:12,2025-01-14 22:12:12
v_000005902,u_001218,s_00144,2025-02-22 23:23:33,2025-02-22 23:55:33
v_000005903,u_000697,s_00025,2025-02-22 22:38:19,2025-02-22 22:39:19
v_000005904,u_001728,s_00058,2025-02-03 14:16:32,2025-02-03 14:38:32
v_000005905,u_001376,s_00027,2025-02-08 15:14:05,2025-02-08 16:14:05
v_000005906,u_001140,s_00048,2025-02-01 17:58:11,2025-02-01 17:59:11
v_000005907,u_001836,s_00135,2025-02-16 22:27:23,2025-02-16 22:37:23
v_000005908,u_000012,s_00086,2025-01-05 23:33:59,2025-01-06 00:03:59
v_000005909,u_000732,s_00002,2025-02-13 14:21:45,2025-02-13 14:32:45
v_000005910,u_001727,s_00029,2025-03-01 22:38:34,2025-03-02 00:07:34
v_000005911,u_001994,s_00125,2025-02-10 14:34:41,2025-02-10 15:02:41
v_000005912,u_001054,s_00086,2025-02-05 16:37:29,2025-02-05 17:39:29
v_000005913,u_001472,s_00119,2025-02-25 18:33:36,2025-02-25 18:45:36
v_000005914,u_000858,s_00073,2025-01-27 17:56:07,2025-01-27 18:07:07
v_000005915,u_000124,s_00098,2025-01-07 23:01:49,2025-01-07 23:10:49
v_000005916,u_000241,s_00037,2025-02-18 20:28:56,2025-02-18 20:32:56
v_000005917,u_001523,s_00068,2025-01-07 17:19:31,2025-01-07 17:26:31
v_000005918,u_001899,s_00107,2025-02-02 23:17:37,2025-02-02 23:18:37
v_000005919,u_000799,s_00076,2025-01-16 22:19:02,2025-01-16 23:03:02
v_000005920,u_001685,s_00133,2025-01-10 20:21:29,2025-01-10 20:27:29
v_000005921,u_000403,s_00109,2025-01-23 20:03:27,2025-01-23 20:11:27
v_000005922,u_000016,s_00029,2025-01-27 20:00:58,2025-01-27 20:05:58
v_000005923,u_001025,s_00017,2025-01-01 19:19:30,2025-01-01 19:20:30
v_000005924,u_000512,s_00096,2025-01-20 19:02:47,2025-01-20 19:39:47
v_000005925,u_000872,s_00002,2025-01-19 18:57:19,2025-01-19 18:59:19
v_000005926,u_001184,s_00032,2025-01-13 15:11:43,2025-01-13 15:29:43
v_000005927,u_000962,s_00142,2025-01-07 23:10:46,2025-01-07 23:23:46
v_000005928,u_001599,s_00091,2025-01-05 16:23:32,2025-01-05 16:26:32
v_000005929,u_001271,s_00020,2025-01-06 21:02:24,2025-01-06 21:58:24
v_000005930,u_000250,s_00075,2025-02-22 23:07:14,2025-02-22 23:15:14
v_000005931,u_001085,s_00037,2025-01-18 22:04:56,2025-01-18 22:12:56
v_000005932,u_001718,s_00002,2025-02-22 23:50:42,2025-02-22 23:53:42
v_000005933,u_000368,s_00059,2025-01-05 21:22:06,2025-01-05 21:28:06
v_000005934,u_000130,s_00112,2025-02-12 16:11:22,2025-02-12 16:17:22
v_000005935,u_001081,s_00034,2025-02-25 23:08:21,2025-02-25 23:27:21
v_000005936,u_001376,s_00138,2025-01-20 19:12:46,2025-01-20 19:13:46
v_000005937,u_001912,s_00144,2025-01-15 23:11:40,2025-01-15 23:41:40
v_000005938,u_001550,s_00073,2025-01-14 20:17:23,2025-01-14 20:19:23
v_000005939,u_001754,s_00036,2025-01-08 22:52:13,2025-01-08 22:55:13
v_000005940,u_001662,s_00017,2025-01-17 15:18:26,2025-01-17 15:43:26
v_000005941,u_001993,s_00109,2025-02-25 22:19:31,2025-02-25 22:41:31
v_000005942,u_001827,s_00076,2025-01-10 23:54:29,2025-01-11 00:17:29
v_000005943,u_000108,s_00057,2025-01-17 17:31:24,2025-01-17 17:55:24
v_000005944,u_001087,s_00138,2025-01-02 18:21:57,2025-01-02 18:22:57
v_000005945,u_000270,s_00072,2025-02-25 18:10:49,2025-02-25 18:17:49
v_000005946,u_000635,s_00038,2025-01-30 21:16:58,2025-01-30 21:37:58
v_000005947,u_001624,s_00062,2025-02-05 14:52:31,2025-02-05 15:03:31
v_000005948,u_000292,s_00022,2025-01-25 23:12:31,2025-01-25 23:26:31
v_000005949,u_001373,s_00111,2025-01-03 14:09:37,2025-01-03 15:10:37
v_000005950,u_001793,s_00101,2025-02-01 23:07:38,2025-02-01 23:08:38
v_000005951,u_000389,s_00053,2025-02-27 20:50:50,2025-02-27 20:53:50
v_000005952,u_001134,s_00130,2025-01-02 21:10:27,2025-01-02 21:14:27
v_000005953,u_000687,s_00083,2025-02-23 16:53:18,2025-02-23 16:58:18
v_000005954,u_000401,s_00072,2025-01-02 23:07:15,2025-01-02 23:43:15
v_000005955,u_001165,s_00059,2025-01-31 23:47:08,2025-02-01 00:13:08
v_000005956,u_000573,s_00011,2025-01-07 19:00:53,2025-01-07 19:45:53
v_000005957,u_000480,s_00017,2025-02-07 17:23:17,2025-02-07 17:39:17
v_000005958,u_001734,s_00071,2025-01-05 22:05:18,2025-01-05 22:06:18
v_000005959,u_000284,s_00028,2025-01-15 21:51:35,2025-01-15 22:07:35
v_000005960,u_001876,s_00009,2025-02-27 23:06:30,2025-02-27 23:46:30
v_000005961,u_001874,s_00138,2025-02-21 16:10:29,2025-02-21 16:30:29
v_000005962,u_001941,s_00006,2025-02-18 23:32:08,2025-02-18 23:40:08
v_000005963,u_001048,s_00148,2025-01-27 19:25:14,2025-01-27 19:39:14
v_000005964,u_000412,s_00098,2025-01-01 21:32:32,2025-01-01 21:42:32
v_000005965,u_001617,s_00042,2025-01-14 19:55:03,2025-01-14 20:52:03
v_000005966,u_000724,s_00026,2025-01-19 15:51:24,2025-01-19 16:17:24
v_000005967,u_001819,s_00116,2025-02-09 18:02:38,2025-02-09 18:15:38
v_000005968,u_001934,s_00100,2025-02-23 17:29:10,2025-02-23 18:12:10
v_000005969,u_000346,s_00105,2025-02-13 23:43:00,2025-02-14 00:24:00
v_000005970,u_001604,s_00017,2025-01-05 18:15:05,2025-01-05 19:03:05
v_000005971,u_001588,s_00090,2025-01-09 19:43:52,2025-01-09 19:44:52
v_000005972,u_000435,s_00017,2025-01-23 17:16:45,2025-01-23 17:40:45
v_000005973,u_000769,s_00008,2025-01-02 11:11:33,2025-01-02 11:27:33
v_000005974,u_000027,s_00074,2025-02-13 23:46:51,2025-02-14 00:07:51
v_000005975,u_001136,s_00106,2025-01-29 21:49:50,2025-01-29 21:53:50
v_000005976,u_001148,s_00087,2025-01-12 21:35:45,2025-01-12 21:51:45
v_000005977,u_000952,s_00013,2025-01-21 20:54:14,2025-01-21 21:13:14
v_000005978,u_000115,s_00131,2025-01-27 16:43:51,2025-01-27 17:44:51
v_000005979,u_001018,s_00111,2025-02-21 19:28:40,2025-02-21 19:29:40
v_000005980,u_001036,s_00098,2025-01-09 18:54:28,2025-01-09 20:51:28
v_000005981,u_000949,s_00006,2025-02-08 17:28:18,2025-02-08 17:33:18
v_000005982,u_001646,s_00001,2025-01-03 19:55:05,2025-01-03 20:12:05
v_000005983,u_000070,s_00052,2025-02-25 16:55:55,2025-02-25 16:58:55
v_000005984,u_001506,s_00006,2025-02-12 18:07:45,2025-02-12 18:47:45
v_000005985,u_000585,s_00011,2025-02-01 22:23:07,2025-02-01 22:25:07
v_000005986,u_001789,s_00103,2025-01-30 20:03:30,2025-01-30 20:05:30
v_000005987,u_000044,s_00044,2025-01-13 22:02:45,2025-01-13 22:03:45
v_000005988,u_000344,s_00077,2025-02-21 21:12:18,2025-02-21 21:17:18
v_000005989,u_000846,s_00060,2025-02-06 17:13:47,2025-02-06 17:17:47
v_000005990,u_000998,s_00062,2025-01-11 17:41:02,2025-01-11 17:42:02
v_000005991,u_001831,s_00115,2025-02-17 13:09:43,2025-02-17 13:33:43
v_000005992,u_000456,s_00128,2025-01-10 20:23:17,2025-01-10 21:47:17
v_000005993,u_001649,s_00008,2025-01-05 19:06:12,2025-01-05 21:30:12
v_000005994,u_001934,s_00029,2025-01-04 23:23:03,2025-01-04 23:54:03
v_000005995,u_000663,s_00130,2025-02-16 20:18:08,2025-02-16 20:49:08
v_000005996,u_001191,s_00002,2025-01-05 17:09:52,2025-01-05 17:49:52
v_000005997,u_000116,s_00008,2025-02-17 19:10:48,2025-02-17 22:12:48
v_000005998,u_001063,s_00029,2025-02-24 22:33:25,2025-02-24 23:29:25
v_000005999,u_000696,s_00063,2025-02-17 23:10:14,2025-02-17 23:17:14
v_000006000,u_001350,s_00041,2025-02-04 20:48:11,2025-02-04 21:45:11
v_000006001,u_001322,s_00114,2025-03-01 18:31:26,2025-03-01 18:32:26
v_000006002,u_000938,s_00104,2025-01-31 18:02:22,2025-01-31 18:09:22
v_000006003,u_001472,s_00119,2025-02-19 21:19:25,2025-02-19 21:38:25
v_000006004,u_000792,s_00051,2025-01-02 19:36:45,2025-01-02 19:40:45
v_000006005,u_000572,s_00047,2025-02-22 23:09:14,2025-02-22 23:36:14
v_000006006,u_001316,s_00056,2025-02-03 19:01:57,2025-02-03 19:03:57
v_000006007,u_001699,s_00116,2025-01-18 15:11:58,2025-01-18 15:18:58
v_000006008,u_000587,s_00018,2025-02-12 23:01:18,2025-02-12 23:27:18
v_000006009,u_000054,s_00014,2025-01-02 15:57:35,2025-01-02 16:03:35
v_000006010,u_001724,s_00148,2025-02-06 20:55:54,2025-02-06 21:07:54
v_000006011,u_000037,s_00096,2025-02-20 19:14:04,2025-02-20 19:19:04
v_000006012,u_000260,s_00064,2025-02-21 14:56:41,2025-02-21 14:58:41
v_000006013,u_001146,s_00090,2025-01-31 16:35:08,2025-01-31 16:50:08
v_000006014,u_000541,s_00124,2025-01-11 19:25:31,2025-01-11 20:05:31
v_000006015,u_001682,s_00119,2025-01-30 23:39:41,2025-01-30 23:49:41
v_000006016,u_001282,s_00029,2025-02-04 17:51:37,2025-02-04 18:45:37
v_000006017,u_001356,s_00086,2025-02-22 23:33:46,2025-02-22 23:38:46
v_000006018,u_001554,s_00111,2025-02-10 21:57:12,2025-02-10 22:36:12
v_000006019,u_001002,s_00009,2025-01-13 21:17:26,2025-01-13 21:33:26
v_000006020,u_000110,s_00061,2025-01-23 19:33:17,2025-01-23 19:42:17
v_000006021,u_001064,s_00046,2025-02-05 23:05:00,2025-02-05 23:18:00
v_000006022,u_000056,s_00093,2025-02-13 13:08:25,2025-02-13 13:15:25
v_000006023,u_001100,s_00061,2025-01-19 20:27:34,2025-01-19 20:31:34
v_000006024,u_000310,s_00123,2025-01-12 16:41:22,2025-01-12 17:02:22
v_000006025,u_000764,s_00059,2025-02-28 23:10:27,2025-02-28 23:19:27
v_000006026,u_000484,s_00093,2025-02-09 23:03:02,2025-02-09 23:32:02
v_000006027,u_000887,s_00096,2025-01-15 19:37:27,2025-01-15 19:47:27
v_000006028,u_000337,s_00028,2025-01-04 23:23:33,2025-01-04 23:58:33
v_000006029,u_001354,s_00089,2025-01-11 23:51:15,2025-01-11 23:57:15
v_000006030,u_001203,s_00003,2025-01-18 23:58:09,2025-01-19 00:04:09
v_000006031,u_001282,s_00078,2025-01-03 23:29:09,2025-01-03 23:30:09
v_000006032,u_001490,s_00005,2025-01-06 23:52:32,2025-01-07 00:01:32
v_000006033,u_001749,s_00095,2025-01-08 23:39:41,2025-01-08 23:46:41
v_000006034,u_001851,s_00018,2025-02-11 22:31:25,2025-02-11 23:19:25
v_000006035,u_001833,s_00107,2025-01-08 20:24:08,2025-01-08 20:48:08
v_000006036,u_001459,s_00059,2025-01-18 20:26:14,2025-01-18 20:27:14
v_000006037,u_001898,s_00064,2025-02-03 22:23:49,2025-02-03 22:24:49
v_000006038,u_001409,s_00086,2025-01-12 22:47:49,2025-01-12 23:22:49
v_000006039,u_000139,s_00145,2025-02-28 13:55:03,2025-02-28 14:00:03
v_000006040,u_001198,s_00070,2025-02-01 14:54:50,2025-02-01 15:03:50
v_000006041,u_001299,s_00024,2025-01-08 18:40:07,2025-01-08 18:53:07
v_000006042,u_000566,s_00033,2025-01-27 22:11:29,2025-01-27 22:15:29
v_000006043,u_001467,s_00063,2025-02-26 20:59:35,2025-02-26 21:17:35
v_000006044,u_001178,s_00148,2025-01-06 21:58:28,2025-01-06 22:10:28
v_000006045,u_001330,s_00090,2025-01-30 23:00:02,2025-01-30 23:41:02
v_000006046,u_000503,s_00057,2025-01-08 12:12:43,2025-01-08 12:28:43
v_000006047,u_000630,s_00017,2025-01-23 14:33:56,2025-01-23 14:53:56
v_000006048,u_001375,s_00083,2025-01-12 23:57:24,2025-01-13 00:04:24
v_000006049,u_001273,s_00084,2025-01-12 23:23:46,2025-01-12 23:37:46
v_000006050,u_001147,s_00068,2025-01-11 16:16:32,2025-01-11 16:29:32
v_000006051,u_001035,s_00084,2025-01-22 16:42:55,2025-01-22 16:53:55
v_000006052,u_000977,s_00123,2025-01-13 22:59:16,2025-01-14 00:55:16
v_000006053,u_001149,s_00005,2025-02-02 22:46:43,2025-02-02 23:08:43
v_000006054,u_001138,s_00038,2025-01-13 19:37:44,2025-01-13 20:21:44
v_000006055,u_000928,s_00144,2025-01-08 16:07:02,2025-01-08 18:06:02
v_000006056,u_000636,s_00103,2025-01-09 16:41:02,2025-01-09 16:42:02
v_000006057,u_001924,s_00083,2025-01-20 22:17:36,2025-01-20 22:53:36
v_000006058,u_001328,s_00051,2025-01-06 15:45:23,2025-01-06 15:51:23
v_000006059,u_001254,s_00091,2025-03-01 19:26:48,2025-03-01 19:41:48
v_000006060,u_001664,s_00077,2025-02-07 23:19:24,2025-02-07 23:40:24
v_000006061,u_001538,s_00140,2025-02-12 23:28:00,2025-02-12 23:30:00
v_000006062,u_001501,s_00099,2025-01-11 21:13:30,2025-01-11 21:59:30
v_000006063,u_000372,s_00023,2025-01-19 23:09:02,2025-01-19 23:11:02
v_000006064,u_001655,s_00000,2025-01-20 22:16:58,2025-01-20 22:55:58
v_000006065,u_001048,s_00094,2025-03-01 21:21:56,2025-03-01 21:31:56
v_000006066,u_000270,s_00035,2025-01-14 22:08:31,2025-01-14 22:25:31
v_000006067,u_001068,s_00099,2025-01-27 20:26:38,2025-01-27 20:40:38
v_000006068,u_000322,s_00138,2025-01-31 23:25:03,2025-01-31 23:41:03
v_000006069,u_001270,s_00040,2025-01-20 21:22:55,2025-01-20 21:24:55
v_000006070,u_001486,s_00088,2025-02-22 23:52:47,2025-02-23 00:43:47
v_000006071,u_000717,s_00127,2025-02-04 20:59:03,2025-02-04 21:03:03
v_000006072,u_000414,s_00115,2025-02-14 16:21:09,2025-02-14 16:56:09
v_000006073,u_000658,s_00021,2025-01-08 19:08:30,2025-01-08 21:14:30
v_000006074,u_000022,s_00091,2025-01-14 16:44:34,2025-01-14 16:49:34
v_000006075,u_000081,s_00097,2025-02-21 23:20:03,2025-02-21 23:26:03
v_000006076,u_001896,s_00059,2025-01-24 18:51:09,2025-01-24 18:52:09
v_000006077,u_000126,s_00149,2025-02-26 18:55:13,2025-02-26 18:58:13
v_000006078,u_001939,s_00131,2025-03-01 23:35:20,2025-03-01 23:53:20
v_000006079,u_001353,s_00007,2025-01-08 23:25:28,2025-01-08 23:41:28
v_000006080,u_001839,s_00081,2025-02-14 16:04:52,2025-02-14 16:10:52
v_000006081,u_001065,s_00135,2025-02-19 16:10:49,2025-02-19 16:13:49
v_000006082,u_001157,s_00050,2025-01-06 13:49:14,2025-01-06 14:11:14
v_000006083,u_000732,s_00111,2025-02-27 17:17:48,2025-02-27 17:51:48
v_000006084,u_000427,s_00141,2025-02-12 21:55:06,2025-02-12 22:35:06
v_000006085,u_000734,s_00066,2025-02-03 23:26:14,2025-02-03 23:51:14
v_000006086,u_001148,s_00008,2025-01-03 16:34:16,2025-01-03 17:10:16
v_000006087,u_001951,s_00035,2025-02-03 18:03:15,2025-02-03 18:35:15
v_000006088,u_001756,s_00081,2025-02-25 19:01:34,2025-02-25 19:34:34
v_000006089,u_001302,s_00031,2025-01-15 15:11:20,2025-01-15 15:17:20
v_000006090,u_000786,s_00065,2025-02-16 19:50:13,2025-02-16 20:09:13
v_000006091,u_001788,s_00021,2025-02-17 17:20:14,2025-02-17 17:29:14
v_000006092,u_000183,s_00092,2025-02-23 21:15:34,2025-02-23 21:40:34
v_000006093,u_000285,s_00091,2025-01-11 23:15:29,2025-01-11 23:17:29
v_000006094,u_001573,s_00055,2025-02-18 16:14:32,2025-02-18 16:16:32
v_000006095,u_001798,s_00077,2025-01-26 15:27:03,2025-01-26 15:50:03
v_000006096,u_001796,s_00028,2025-02-02 18:05:51,2025-02-02 18:30:51
v_000006097,u_001592,s_00119,2025-02-02 22:09:18,2025-02-02 22:11:18
v_000006098,u_001377,s_00107,2025-03-01 20:57:26,2025-03-01 21:20:26
v_000006099,u_001402,s_00088,2025-01-25 15:20:50,2025-01-25 17:50:50
v_000006100,u_000687,s_00096,2025-01-02 20:41:13,2025-01-02 20:50:13
v_000006101,u_001221,s_00020,2025-02-07 22:23:48,2025-02-07 22:41:48
v_000006102,u_000329,s_00124,2025-02-24 17:47:13,2025-02-24 17:51:13
v_000006103,u_000145,s_00035,2025-02-01 20:08:37,2025-02-01 20:53:37
v_000006104,u_001107,s_00053,2025-01-02 18:44:29,2025-01-02 19:12:29
v_000006105,u_001002,s_00147,2025-02-11 22:55:43,2025-02-11 22:57:43
v_000006106,u_001952,s_00026,2025-01-24 22:20:37,2025-01-24 22:54:37
v_000006107,u_000937,s_00065,2025-01-01 22:44:34,2025-01-01 22:58:34
v_000006108,u_000861,s_00012,2025-01-13 15:43:39,2025-01-13 16:07:39
v_000006109,u_000653,s_00029,2025-01-08 23:42:24,2025-01-09 00:22:24
v_000006110,u_000690,s_00071,2025-01-03 22:06:18,2025-01-03 22:13:18
v_000006111,u_000628,s_00039,2025-01-02 16:12:40,2025-01-02 16:13:40
v_000006112,u_000279,s_00144,2025-01-10 23:25:10,2025-01-11 00:11:10
v_000006113,u_001788,s_00021,2025-01-16 23:18:17,2025-01-16 23:48:17
v_000006114,u_000853,s_00100,2025-01-28 22:26:35,2025-01-28 23:20:35
v_000006115,u_001310,s_00043,2025-02-17 23:13:36,2025-02-17 23:18:36
v_000006116,u_000073,s_00100,2025-01-24 23:54:36,2025-01-24 23:57:36
v_000006117,u_001329,s_00031,2025-02-08 23:34:30,2025-02-08 23:35:30
v_000006118,u_000029,s_00037,2025-01-03 23:42:51,2025-01-03 23:54:51
v_000006119,u_001724,s_00007,2025-01-14 15:21:32,2025-01-14 15:23:32
v_000006120,u_001544,s_00095,2025-02-18 19:13:18,2025-02-18 19:16:18
v_000006121,u_001568,s_00062,2025-02-05 18:26:58,2025-02-05 18:51:58
v_000006122,u_001325,s_00099,2025-01-20 22:24:00,2025-01-20 22:25:00
v_000006123,u_000924,s_00058,2025-01-13 12:03:33,2025-01-13 12:04:33
v_000006124,u_000964,s_00056,2025-02-09 20:53:57,2025-02-09 20:58:57
v_000006125,u_000290,s_00076,2025-02-02 15:39:36,2025-02-02 15:41:36
v_000006126,u_000787,s_00134,2025-02-20 23:25:10,2025-02-21 00:12:10
v_000006127,u_001655,s_00044,2025-02-11 23:38:40,2025-02-11 23:54:40
v_000006128,u_001569,s_00145,2025-01-12 23:02:29,2025-01-13 00:40:29
v_000006129,u_000556,s_00038,2025-01-16 23:25:00,2025-01-17 00:25:00
v_000006130,u_000001,s_00002,2025-01-12 20:00:23,2025-01-12 20:21:23
v_000006131,u_001447,s_00107,2025-01-07 20:45:45,2025-01-07 21:35:45
v_000006132,u_000077,s_00135,2025-01-06 15:47:23,2025-01-06 16:02:23
v_000006133,u_000773,s_00148,2025-02-01 12:04:29,2025-02-01 12:24:29
v_000006134,u_001569,s_00089,2025-02-21 21:46:03,2025-02-21 22:06:03
v_000006135,u_000200,s_00095,2025-01-31 16:35:06,2025-01-31 16:44:06
v_000006136,u_000884,s_00090,2025-01-30 12:26:01,2025-01-30 12:30:01
v_000006137,u_000671,s_00117,2025-01-22 20:50:09,2025-01-22 21:14:09
v_000006138,u_001498,s_00126,2025-02-27 13:20:56,2025-02-27 13:26:56
v_000006139,u_001129,s_00050,2025-02-10 20:16:13,2025-02-10 20:20:13
v_000006140,u_001573,s_00055,2025-03-01 15:57:36,2025-03-01 16:12:36
v_000006141,u_000734,s_00066,2025-02-24 14:22:11,2025-02-24 15:13:11
v_000006142,u_001160,s_00116,2025-02-02 19:19:06,2025-02-02 19:27:06
v_000006143,u_001209,s_00034,2025-01-20 22:14:19,2025-01-20 22:43:19
v_000006144,u_001185,s_00056,2025-01-06 15:57:45,2025-01-06 16:19:45
v_000006145,u_001048,s_00052,2025-01-31 23:45:24,2025-01-31 23:49:24
v_000006146,u_000648,s_00076,2025-01-01 19:10:19,2025-01-01 19:21:19
v_000006147,u_001154,s_00087,2025-02-24 17:02:12,2025-02-24 17:10:12
v_000006148,u_000741,s_00149,2025-02-05 22:11:32,2025-02-05 23:25:32
v_000006149,u_001744,s_00111,2025-01-15 12:08:05,2025-01-15 12:55:05
v_000006150,u_000657,s_00083,2025-02-24 23:24:35,2025-02-24 23:57:35
v_000006151,u_000781,s_00051,2025-01-28 23:03:03,2025-01-28 23:27:03
v_000006152,u_001878,s_00098,2025-01-11 21:38:32,2025-01-11 21:55:32
v_000006153,u_000430,s_00020,2025-01-19 18:20:18,2025-01-19 18:34:18
v_000006154,u_000069,s_00143,2025-01-01 16:30:52,2025-01-01 16:53:52
v_000006155,u_001542,s_00112,2025-01-02 19:20:06,2025-01-02 20:02:06
v_000006156,u_000982,s_00033,2025-02-12 18:09:57,2025-02-12 18:11:57
v_000006157,u_001625,s_00043,2025-01-18 18:37:04,2025-01-18 19:31:04
v_000006158,u_000486,s_00056,2025-02-19 23:34:39,2025-02-19 23:48:39
v_000006159,u_001819,s_00134,2025-01-16 22:22:53,2025-01-16 22:40:53
v_000006160,u_001933,s_00149,2025-02-21 17:10:34,2025-02-21 17:21:34
v_000006161,u_001341,s_00011,2025-02-20 14:59:05,2025-02-20 15:04:05
v_000006162,u_001946,s_00015,2025-01-28 21:54:54,2025-01-28 22:33:54
v_000006163,u_001354,s_00097,2025-01-24 10:53:55,2025-01-24 11:27:55
v_000006164,u_000374,s_00030,2025-01-28 17:29:59,2025-01-28 17:46:59
v_000006165,u_001619,s_00048,2025-03-01 23:52:34,2025-03-02 00:01:34
v_000006166,u_001356,s_00086,2025-02-17 23:09:36,2025-02-17 23:26:36
v_000006167,u_001507,s_00008,2025-01-02 23:59:57,2025-01-03 00:10:57
v_000006168,u_001497,s_00144,2025-01-29 23:16:18,2025-01-29 23:45:18
v_000006169,u_001492,s_00119,2025-01-07 15:55:06,2025-01-07 16:11:06
v_000006170,u_001859,s_00073,2025-01-04 23:33:56,2025-01-04 23:40:56
v_000006171,u_000798,s_00137,2025-01-11 13:18:20,2025-01-11 13:21:20
v_000006172,u_000939,s_00038,2025-01-24 21:14:11,2025-01-24 22:21:11
v_000006173,u_000818,s_00088,2025-02-15 22:46:38,2025-02-15 22:47:38
v_000006174,u_000081,s_00131,2025-01-14 21:37:18,2025-01-14 21:50:18
v_000006175,u_000564,s_00035,2025-01-06 16:12:23,2025-01-06 16:45:23
v_000006176,u_001174,s_00128,2025-02-20 23:25:11,2025-02-20 23:42:11
v_000006177,u_001837,s_00058,2025-01-26 18:36:37,2025-01-26 18:56:37
v_000006178,u_000390,s_00137,2025-02-25 21:08:16,2025-02-25 21:17:16
v_000006179,u_001498,s_00083,2025-02-19 22:18:55,2025-02-19 23:04:55
v_000006180,u_000866,s_00103,2025-02-23 17:37:37,2025-02-23 17:38:37
v_000006181,u_000262,s_00052,2025-02-09 21:54:45,2025-02-09 22:22:45
v_000006182,u_001416,s_00000,2025-01-13 16:17:07,2025-01-13 16:27:07
v_000006183,u_001359,s_00109,2025-01-24 23:56:53,2025-01-24 23:59:53
v_000006184,u_001844,s_00142,2025-02-19 16:00:55,2025-02-19 16:06:55
v_000006185,u_000718,s_00094,2025-02-18 15:59:19,2025-02-18 16:00:19
v_000006186,u_001436,s_00015,2025-01-31 22:32:59,2025-01-31 22:46:59
v_000006187,u_000749,s_00097,2025-02-24 21:23:40,2025-02-24 21:46:40
v_000006188,u_000657,s_00042,2025-02-27 23:10:05,2025-02-28 00:26:05
v_000006189,u_000321,s_00026,2025-01-07 18:50:19,2025-01-07 19:37:19
v_000006190,u_001679,s_00065,2025-02-22 21:04:17,2025-02-22 22:46:17
v_000006191,u_000931,s_00144,2025-01-18 19:56:09,2025-01-18 20:14:09
v_000006192,u_000919,s_00099,2025-01-04 23:15:47,2025-01-04 23:16:47
v_000006193,u_000771,s_00075,2025-01-26 17:58:21,2025-01-26 18:05:21
v_000006194,u_000079,s_00137,2025-02-18 23:43:42,2025-02-18 23:59:42
v_000006195,u_000676,s_00110,2025-02-27 12:57:20,2025-02-27 13:18:20
v_000006196,u_000872,s_00141,2025-02-02 23:51:48,2025-02-02 23:53:48
v_000006197,u_000639,s_00105,2025-01-25 11:45:17,2025-01-25 12:28:17
v_000006198,u_000900,s_00099,2025-02-04 16:39:28,2025-02-04 17:45:28
v_000006199,u_001237,s_00112,2025-01-01 16:51:36,2025-01-01 17:11:36
v_000006200,u_000358,s_00107,2025-01-16 20:34:48,2025-01-16 20:36:48
v_000006201,u_000506,s_00010,2025-02-20 16:40:41,2025-02-20 16:55:41
v_000006202,u_001391,s_00090,2025-01-31 13:15:02,2025-01-31 13:37:02
v_000006203,u_001754,s_00113,2025-02-04 17:29:52,2025-02-04 17:45:52
v_000006204,u_000470,s_00093,2025-01-17 23:05:38,2025-01-17 23:06:38
v_000006205,u_000264,s_00045,2025-02-06 12:29:25,2025-02-06 12:45:25
v_000006206,u_000557,s_00088,2025-01-03 10:40:37,2025-01-03 11:28:37
v_000006207,u_001458,s_00139,2025-01-02 16:50:00,2025-01-02 16:57:00
v_000006208,u_001450,s_00127,2025-02-06 13:57:18,2025-02-06 13:58:18
v_000006209,u_001553,s_00103,2025-01-21 21:59:39,2025-01-21 22:10:39
v_000006210,u_000849,s_00111,2025-02-02 23:45:44,2025-02-03 00:40:44
v_000006211,u_001538,s_00041,2025-01-14 21:37:59,2025-01-14 21:58:59
v_000006212,u_000024,s_00005,2025-02-09 16:12:43,2025-02-09 16:16:43
v_000006213,u_001566,s_00108,2025-02-21 14:22:05,2025-02-21 14:35:05
v_000006214,u_000724,s_00140,2025-02-12 23:04:17,2025-02-12 23:44:17
v_000006215,u_001908,s_00145,2025-01-29 18:16:50,2025-01-29 18:17:50
v_000006216,u_001893,s_00072,2025-01-10 23:37:04,2025-01-10 23:44:04
v_000006217,u_001435,s_00149,2025-01-19 17:07:29,2025-01-19 17:27:29
v_000006218,u_000703,s_00019,2025-01-30 18:59:24,2025-01-30 19:25:24
v_000006219,u_000464,s_00019,2025-01-09 23:11:10,2025-01-09 23:12:10
v_000006220,u_001068,s_00099,2025-02-12 23:40:34,2025-02-12 23:45:34
v_000006221,u_001204,s_00022,2025-01-21 23:21:10,2025-01-21 23:35:10
v_000006222,u_000541,s_00018,2025-01-07 19:19:13,2025-01-07 19:38:13
v_000006223,u_000269,s_00084,2025-02-17 16:04:38,2025-02-17 16:06:38
v_000006224,u_000423,s_00133,2025-02-14 14:16:16,2025-02-14 14:37:16
v_000006225,u_001243,s_00125,2025-02-19 23:18:47,2025-02-20 00:00:47
v_000006226,u_000180,s_00017,2025-02-26 20:53:23,2025-02-26 21:00:23
v_000006227,u_001337,s_00060,2025-02-12 13:24:55,2025-02-12 13:30:55
v_000006228,u_000236,s_00020,2025-02-04 23:04:57,2025-02-04 23:18:57
v_000006229,u_000442,s_00101,2025-01-03 16:49:14,2025-01-03 17:15:14
v_000006230,u_000549,s_00096,2025-01-18 21:40:09,2025-01-18 21:45:09
v_000006231,u_001670,s_00131,2025-01-21 17:12:10,2025-01-21 17:19:10
v_000006232,u_001350,s_00020,2025-02-10 12:53:16,2025-02-10 13:48:16
v_000006233,u_000046,s_00031,2025-02-23 17:12:58,2025-02-23 17:32:58
v_000006234,u_001225,s_00145,2025-01-24 23:16:57,2025-01-24 23:40:57
v_000006235,u_001404,s_00058,2025-02-03 21:29:32,2025-02-03 21:49:32
v_000006236,u_000129,s_00104,2025-02-26 15:13:22,2025-02-26 15:21:22
v_000006237,u_001611,s_00055,2025-01-05 19:32:50,2025-01-05 19:40:50
v_000006238,u_001401,s_00081,2025-01-18 23:55:08,2025-01-19 00:45:08
v_000006239,u_000735,s_00093,2025-01-26 16:56:16,2025-01-26 16:57:16
v_000006240,u_000274,s_00077,2025-01-04 23:17:55,2025-01-04 23:20:55
v_000006241,u_001568,s_00009,2025-01-19 14:14:20,2025-01-19 14:50:20
v_000006242,u_001308,s_00088,2025-01-19 22:43:28,2025-01-19 23:01:28
v_000006243,u_000137,s_00087,2025-02-15 23:22:21,2025-02-15 23:44:21
v_000006244,u_000239,s_00147,2025-02-26 23:40:15,2025-02-26 23:42:15
v_000006245,u_000440,s_00139,2025-01-20 12:27:53,2025-01-20 13:04:53
v_000006246,u_001307,s_00064,2025-02-03 18:05:24,2025-02-03 18:07:24
v_000006247,u_000177,s_00142,2025-01-18 21:54:01,2025-01-18 22:03:01
v_000006248,u_000611,s_00042,2025-01-25 23:16:12,2025-01-25 23:17:12
v_000006249,u_001532,s_00087,2025-01-09 19:02:00,2025-01-09 19:23:00
v_000006250,u_000049,s_00137,2025-02-15 14:39:31,2025-02-15 15:23:31
v_000006251,u_001843,s_00014,2025-02-10 23:17:31,2025-02-10 23:39:31
v_000006252,u_001628,s_00054,2025-01-30 19:02:25,2025-01-30 19:03:25
v_000006253,u_000689,s_00053,2025-02-11 13:42:49,2025-02-11 13:44:49
v_000006254,u_001863,s_00039,2025-01-21 21:19:52,2025-01-21 21:46:52
v_000006255,u_001576,s_00053,2025-01-02 20:57:12,2025-01-02 21:06:12
v_000006256,u_000275,s_00145,2025-01-06 22:42:18,2025-01-06 23:01:18
v_000006257,u_000005,s_00030,2025-02-04 15:38:55,2025-02-04 16:46:55
v_000006258,u_000654,s_00054,2025-02-23 18:47:20,2025-02-23 19:19:20
v_000006259,u_000513,s_00012,2025-02-22 22:19:30,2025-02-22 22:31:30
v_000006260,u_001918,s_00148,2025-02-27 21:44:19,2025-02-27 21:52:19
v_000006261,u_000611,s_00130,2025-01-08 23:48:21,2025-01-09 00:05:21
v_000006262,u_000046,s_00023,2025-01-06 23:23:32,2025-01-06 23:50:32
v_000006263,u_001965,s_00001,2025-02-01 20:40:05,2025-02-01 21:39:05
v_000006264,u_001007,s_00058,2025-01-05 16:43:04,2025-01-05 17:03:04
v_000006265,u_000929,s_00065,2025-01-14 15:07:22,2025-01-14 15:38:22
v_000006266,u_001818,s_00004,2025-01-07 20:07:36,2025-01-07 20:14:36
v_000006267,u_001285,s_00009,2025-01-28 15:24:54,2025-01-28 15:59:54
v_000006268,u_000520,s_00039,2025-02-28 23:30:46,2025-03-01 00:22:46
v_000006269,u_000009,s_00096,2025-02-23 18:37:13,2025-02-23 19:15:13
v_000006270,u_001981,s_00013,2025-02-02 17:15:21,2025-02-02 17:32:21
v_000006271,u_000700,s_00145,2025-01-22 19:43:04,2025-01-22 19:52:04
v_000006272,u_000294,s_00125,2025-02-16 20:04:13,2025-02-16 20:14:13
v_000006273,u_001289,s_00069,2025-01-02 22:31:44,2025-01-02 22:54:44
v_000006274,u_000216,s_00111,2025-01-29 21:17:36,2025-01-29 22:40:36
v_000006275,u_001270,s_00040,2025-01-14 11:10:31,2025-01-14 11:41:31
v_000006276,u_001216,s_00090,2025-01-29 20:42:08,2025-01-29 20:54:08
v_000006277,u_001150,s_00065,2025-01-20 23:52:52,2025-01-21 00:09:52
v_000006278,u_000803,s_00039,2025-01-29 20:35:52,2025-01-29 20:45:52
v_000006279,u_000871,s_00058,2025-01-25 23:34:03,2025-01-25 23:54:03
v_000006280,u_001478,s_00055,2025-01-14 23:02:41,2025-01-14 23:20:41
v_000006281,u_001689,s_00005,2025-02-06 17:52:01,2025-02-06 18:00:01
v_000006282,u_001546,s_00000,2025-01-17 20:30:59,2025-01-17 21:11:59
v_000006283,u_001370,s_00036,2025-01-11 20:55:09,2025-01-11 21:23:09
v_000006284,u_000362,s_00053,2025-01-05 19:34:51,2025-01-05 19:55:51
v_000006285,u_000682,s_00066,2025-02-26 23:30:22,2025-02-27 00:10:22
v_000006286,u_000269,s_00084,2025-01-01 22:37:19,2025-01-01 23:18:19
v_000006287,u_001357,s_00000,2025-01-10 15:31:01,2025-01-10 15:47:01
v_000006288,u_001847,s_00148,2025-01-25 22:29:22,2025-01-25 22:40:22
v_000006289,u_001154,s_00087,2025-02-12 16:32:41,2025-02-12 17:15:41
v_000006290,u_001725,s_00103,2025-02-25 11:01:56,2025-02-25 11:08:56
v_000006291,u_001644,s_00114,2025-01-05 16:55:56,2025-01-05 17:01:56
v_000006292,u_000707,s_00048,2025-01-06 21:53:51,2025-01-06 21:59:51
v_000006293,u_000784,s_00146,2025-02-25 17:59:35,2025-02-25 18:06:35
v_000006294,u_001005,s_00016,2025-01-02 23:34:27,2025-01-03 00:22:27
v_000006295,u_001174,s_00034,2025-02-05 23:59:35,2025-02-06 00:20:35
v_000006296,u_001972,s_00046,2025-02-10 19:29:36,2025-02-10 19:34:36
v_000006297,u_000196,s_00015,2025-02-25 17:15:54,2025-02-25 17:23:54
v_000006298,u_001048,s_00052,2025-02-14 23:11:49,2025-02-15 00:14:49
v_000006299,u_001984,s_00072,2025-01-05 12:49:23,2025-01-05 13:17:23
v_000006300,u_001962,s_00046,2025-02-02 17:59:48,2025-02-02 18:25:48
v_000006301,u_001658,s_00092,2025-03-01 20:31:02,2025-03-01 21:29:02
v_000006302,u_001112,s_00097,2025-02-16 16:32:28,2025-02-16 17:05:28
v_000006303,u_001981,s_00054,2025-01-03 17:36:08,2025-01-03 18:02:08
v_000006304,u_000810,s_00010,2025-01-19 23:32:50,2025-01-19 23:44:50
v_000006305,u_001870,s_00115,2025-01-05 17:22:03,2025-01-05 17:50:03
v_000006306,u_001816,s_00079,2025-01-22 18:49:53,2025-01-22 19:04:53
v_000006307,u_000784,s_00146,2025-02-22 23:52:49,2025-02-23 00:58:49
v_000006308,u_000888,s_00099,2025-02-16 22:09:09,2025-02-16 22:51:09
v_000006309,u_001299,s_00068,2025-02-20 17:18:35,2025-02-20 18:18:35
v_000006310,u_000842,s_00081,2025-01-04 20:49:01,2025-01-04 20:53:01
v_000006311,u_000597,s_00097,2025-02-18 21:59:22,2025-02-18 22:49:22
v_000006312,u_000542,s_00054,2025-01-20 16:05:44,2025-01-20 16:39:44
v_000006313,u_000117,s_00007,2025-02-18 20:14:23,2025-02-18 20:34:23
v_000006314,u_000172,s_00120,2025-02-01 14:31:14,2025-02-01 14:39:14
v_000006315,u_000471,s_00005,2025-01-12 21:28:10,2025-01-12 21:29:10
v_000006316,u_000007,s_00130,2025-02-10 23:12:43,2025-02-10 23:34:43
v_000006317,u_001448,s_00146,2025-02-03 18:58:52,2025-02-03 19:35:52
v_000006318,u_000839,s_00104,2025-01-12 23:38:12,2025-01-12 23:48:12
v_000006319,u_000073,s_00009,2025-01-08 23:03:29,2025-01-08 23:09:29
v_000006320,u_000282,s_00049,2025-01-17 23:37:12,2025-01-17 23:59:12
v_000006321,u_001351,s_00078,2025-02-22 23:56:25,2025-02-23 00:13:25
v_000006322,u_000673,s_00102,2025-02-20 21:53:33,2025-02-20 22:50:33
v_000006323,u_001862,s_00048,2025-01-09 17:09:22,2025-01-09 17:16:22
v_000006324,u_000766,s_00063,2025-02-20 17:06:40,2025-02-20 17:12:40
v_000006325,u_001593,s_00002,2025-01-05 15:34:54,2025-01-05 15:44:54
v_000006326,u_000320,s_00012,2025-02-05 22:24:21,2025-02-05 22:29:21
v_000006327,u_000512,s_00046,2025-02-25 17:46:32,2025-02-25 17:47:32
v_000006328,u_000894,s_00093,2025-02-24 20:13:15,2025-02-24 20:37:15
v_000006329,u_000519,s_00087,2025-02-28 23:07:58,2025-02-28 23:29:58
v_000006330,u_001953,s_00077,2025-01-16 14:24:24,2025-01-16 14:43:24
v_000006331,u_001046,s_00124,2025-01-25 22:57:07,2025-01-25 23:07:07
v_000006332,u_000816,s_00080,2025-01-27 21:24:28,2025-01-27 22:00:28
v_000006333,u_001075,s_00021,2025-02-05 19:08:35,2025-02-05 19:59:35
v_000006334,u_000762,s_00003,2025-02-21 21:38:56,2025-02-21 22:36:56
v_000006335,u_000272,s_00090,2025-01-19 17:04:29,2025-01-19 17:14:29
v_000006336,u_001751,s_00036,2025-01-30 20:44:18,2025-01-30 21:12:18
v_000006337,u_000112,s_00137,2025-01-30 15:36:30,2025-01-30 15:37:30
v_000006338,u_000018,s_00065,2025-02-12 17:37:31,2025-02-12 18:00:31
v_000006339,u_000247,s_00014,2025-02-09 18:56:03,2025-02-09 19:14:03
v_000006340,u_000477,s_00129,2025-01-15 20:13:02,2025-01-15 20:26:02
v_000006341,u_000549,s_00006,2025-01-16 23:38:50,2025-01-16 23:52:50
v_000006342,u_000292,s_00084,2025-01-07 17:23:38,2025-01-07 17:24:38
v_000006343,u_000350,s_00107,2025-01-04 20:43:44,2025-01-04 21:47:44
v_000006344,u_001592,s_00125,2025-01-02 23:14:04,2025-01-02 23:21:04
v_000006345,u_000988,s_00058,2025-01-08 23:13:34,2025-01-08 23:23:34
v_000006346,u_001463,s_00107,2025-01-21 17:53:25,2025-01-21 17:57:25
v_000006347,u_001604,s_00045,2025-02-24 22:44:40,2025-02-24 22:47:40
v_000006348,u_001520,s_00142,2025-02-22 11:43:08,2025-02-22 11:58:08
v_000006349,u_001466,s_00127,2025-01-16 17:18:24,2025-01-16 17:33:24
v_000006350,u_000074,s_00120,2025-01-31 21:49:35,2025-01-31 22:00:35
v_000006351,u_000266,s_00062,2025-02-01 16:43:14,2025-02-01 17:26:14
v_000006352,u_001790,s_00023,2025-01-28 23:16:18,2025-01-28 23:39:18
v_000006353,u_000416,s_00051,2025-02-21 23:47:38,2025-02-22 00:02:38
v_000006354,u_001370,s_00036,2025-01-02 17:44:39,2025-01-02 17:51:39
v_000006355,u_001577,s_00045,2025-02-21 23:15:49,2025-02-21 23:25:49
v_000006356,u_001252,s_00022,2025-02-22 19:29:52,2025-02-22 20:15:52
v_000006357,u_000124,s_00016,2025-01-03 15:36:44,2025-01-03 16:28:44
v_000006358,u_001445,s_00105,2025-01-04 21:43:52,2025-01-04 21:48:52
v_000006359,u_001082,s_00146,2025-02-26 14:11:31,2025-02-26 14:15:31
v_000006360,u_001456,s_00092,2025-01-14 20:23:59,2025-01-14 20:35:59
v_000006361,u_000289,s_00062,2025-01-21 23:09:15,2025-01-21 23:11:15
v_000006362,u_000979,s_00020,2025-02-04 23:19:19,2025-02-05 00:23:19
v_000006363,u_000868,s_00027,2025-01-29 16:35:05,2025-01-29 17:05:05
v_000006364,u_001428,s_00003,2025-02-22 23:31:49,2025-02-22 23:49:49
v_000006365,u_001249,s_00067,2025-02-16 18:06:21,2025-02-16 18:15:21
v_000006366,u_000515,s_00149,2025-02-16 20:36:34,2025-02-16 20:43:34
v_000006367,u_000635,s_00059,2025-01-15 22:15:06,2025-01-15 22:34:06
v_000006368,u_001198,s_00013,2025-01-22 23:01:23,2025-01-22 23:06:23
v_000006369,u_001552,s_00006,2025-02-10 21:22:15,2025-02-10 21:42:15
v_000006370,u_000594,s_00056,2025-01-07 13:49:46,2025-01-07 14:04:46
v_000006371,u_001284,s_00001,2025-01-02 20:18:05,2025-01-02 21:08:05
v_000006372,u_001318,s_00142,2025-02-03 18:25:07,2025-02-03 19:01:07
v_000006373,u_000222,s_00131,2025-02-04 21:47:37,2025-02-04 22:44:37
v_000006374,u_000689,s_00129,2025-01-01 23:58:13,2025-01-02 02:18:13
v_000006375,u_000734,s_00106,2025-01-21 16:52:30,2025-01-21 16:53:30
v_000006376,u_001301,s_00129,2025-01-14 23:06:23,2025-01-14 23:10:23
v_000006377,u_000128,s_00088,2025-01-05 23:01:23,2025-01-05 23:29:23
v_000006378,u_000085,s_00073,2025-01-17 21:05:19,2025-01-17 21:28:19
v_000006379,u_000244,s_00114,2025-01-14 23:52:53,2025-01-15 00:00:53
v_000006380,u_000295,s_00143,2025-01-20 15:48:30,2025-01-20 15:58:30
v_000006381,u_001756,s_00078,2025-02-25 20:13:27,2025-02-25 20:38:27
v_000006382,u_001359,s_00148,2025-02-27 21:14:26,2025-02-27 22:04:26
v_000006383,u_000100,s_00142,2025-02-21 22:35:02,2025-02-21 22:57:02
v_000006384,u_000004,s_00132,2025-02-27 20:59:09,2025-02-27 21:06:09
v_000006385,u_001598,s_00026,2025-01-03 20:24:10,2025-01-03 21:55:10
v_000006386,u_000470,s_00051,2025-01-29 15:49:54,2025-01-29 16:03:54
v_000006387,u_001050,s_00026,2025-01-09 23:27:25,2025-01-09 23:44:25
v_000006388,u_000584,s_00073,2025-02-10 23:10:49,2025-02-10 23:20:49
v_000006389,u_001800,s_00103,2025-01-23 14:28:23,2025-01-23 14:31:23
v_000006390,u_001354,s_00089,2025-02-23 17:24:29,2025-02-23 17:55:29
v_000006391,u_000095,s_00124,2025-02-06 20:13:19,2025-02-06 20:14:19
v_000006392,u_000677,s_00118,2025-01-26 23:31:35,2025-01-26 23:57:35
v_000006393,u_001308,s_00033,2025-01-31 15:38:01,2025-01-31 15:44:01
v_000006394,u_000677,s_00066,2025-01-02 21:53:49,2025-01-02 22:00:49
v_000006395,u_001386,s_00114,2025-02-11 23:23:05,2025-02-11 23:37:05
v_000006396,u_000788,s_00090,2025-01-02 20:07:55,2025-01-02 20:08:55
v_000006397,u_000884,s_00024,2025-01-19 21:01:23,2025-01-19 21:08:23
v_000006398,u_000913,s_00058,2025-01-23 21:07:50,2025-01-23 21:32:50
v_000006399,u_000699,s_00121,2025-01-01 17:10:09,2025-01-01 18:39:09
v_000006400,u_001893,s_00050,2025-02-15 18:16:58,2025-02-15 19:24:58
v_000006401,u_001577,s_00029,2025-01-09 16:15:25,2025-01-09 16:28:25
v_000006402,u_001497,s_00037,2025-01-18 22:57:20,2025-01-18 23:02:20
v_000006403,u_000470,s_00100,2025-01-31 19:23:52,2025-01-31 19:28:52
v_000006404,u_001871,s_00010,2025-02-19 19:51:17,2025-02-19 19:55:17
v_000006405,u_000935,s_00050,2025-02-11 23:27:38,2025-02-11 23:31:38
v_000006406,u_000514,s_00011,2025-01-29 22:10:20,2025-01-29 22:23:20
v_000006407,u_000044,s_00038,2025-01-28 23:56:34,2025-01-28 23:57:34
v_000006408,u_001651,s_00015,2025-02-21 17:32:18,2025-02-21 17:55:18
v_000006409,u_000601,s_00116,2025-03-01 16:39:03,2025-03-01 16:46:03
v_000006410,u_000863,s_00109,2025-01-07 18:06:09,2025-01-07 18:17:09
v_000006411,u_000841,s_00118,2025-02-09 20:51:41,2025-02-09 21:03:41
v_000006412,u_000470,s_00093,2025-02-13 22:05:30,2025-02-13 22:14:30
v_000006413,u_001414,s_00075,2025-01-02 22:57:24,2025-01-02 23:47:24
v_000006414,u_001315,s_00036,2025-02-01 15:38:38,2025-02-01 16:29:38
v_000006415,u_001463,s_00125,2025-02-06 15:34:01,2025-02-06 15:49:01
v_000006416,u_001588,s_00136,2025-02-20 21:23:35,2025-02-20 21:38:35
v_000006417,u_000623,s_00056,2025-01-03 19:57:45,2025-01-03 20:24:45
v_000006418,u_000374,s_00000,2025-02-19 17:48:51,2025-02-19 17:50:51
v_000006419,u_000207,s_00045,2025-01-26 18:33:10,2025-01-26 18:34:10
v_000006420,u_001972,s_00032,2025-02-04 10:42:05,2025-02-04 11:00:05
v_000006421,u_000947,s_00115,2025-01-18 21:16:32,2025-01-18 21:17:32
v_000006422,u_000216,s_00084,2025-01-07 19:36:56,2025-01-07 19:37:56
v_000006423,u_000872,s_00055,2025-01-03 16:04:49,2025-01-03 16:11:49
v_000006424,u_000862,s_00018,2025-02-02 18:54:38,2025-02-02 18:58:38
v_000006425,u_001270,s_00046,2025-02-16 23:38:23,2025-02-17 00:26:23
v_000006426,u_001700,s_00002,2025-01-05 19:44:52,2025-01-05 20:00:52
v_000006427,u_000762,s_00003,2025-01-22 23:29:12,2025-01-22 23:49:12
v_000006428,u_000962,s_00112,2025-02-01 19:55:42,2025-02-01 19:57:42
v_000006429,u_000498,s_00043,2025-01-27 14:56:04,2025-01-27 15:21:04
v_000006430,u_001934,s_00029,2025-01-02 14:51:54,2025-01-02 15:02:54
v_000006431,u_000161,s_00107,2025-01-10 18:09:54,2025-01-10 18:39:54
v_000006432,u_000106,s_00000,2025-01-27 23:29:10,2025-01-27 23:56:10
v_000006433,u_000856,s_00110,2025-02-12 19:25:38,2025-02-12 19:27:38
v_000006434,u_001142,s_00115,2025-01-14 16:31:27,2025-01-14 16:44:27
v_000006435,u_000918,s_00088,2025-02-05 20:51:31,2025-02-05 21:26:31
v_000006436,u_001498,s_00110,2025-01-19 23:56:59,2025-01-20 00:12:59
v_000006437,u_001855,s_00090,2025-01-05 23:32:06,2025-01-05 23:33:06
v_000006438,u_000241,s_00080,2025-01-13 21:43:09,2025-01-13 21:55:09
v_000006439,u_000059,s_00033,2025-01-06 18:43:35,2025-01-06 19:04:35
v_000006440,u_001429,s_00106,2025-02-01 17:11:56,2025-02-01 17:40:56
v_000006441,u_001603,s_00025,2025-02-02 19:38:01,2025-02-02 19:45:01
v_000006442,u_001075,s_00021,2025-01-15 18:11:21,2025-01-15 18:19:21
v_000006443,u_000354,s_00135,2025-02-26 23:02:22,2025-02-26 23:07:22
v_000006444,u_001220,s_00137,2025-02-26 17:01:34,2025-02-26 17:26:34
v_000006445,u_001047,s_00129,2025-02-22 22:49:25,2025-02-22 22:50:25
v_000006446,u_000189,s_00101,2025-01-15 17:20:34,2025-01-15 17:39:34
v_000006447,u_001761,s_00048,2025-01-09 18:46:37,2025-01-09 18:47:37
v_000006448,u_001297,s_00054,2025-01-30 19:35:35,2025-01-30 19:45:35
v_000006449,u_000418,s_00133,2025-02-19 18:11:56,2025-02-19 18:24:56
v_000006450,u_001044,s_00107,2025-02-08 13:09:20,2025-02-08 13:37:20
v_000006451,u_000524,s_00011,2025-02-09 19:58:44,2025-02-09 20:18:44
v_000006452,u_001871,s_00021,2025-01-27 19:35:03,2025-01-27 20:00:03
v_000006453,u_001806,s_00000,2025-01-29 19:50:27,2025-01-29 21:28:27
v_000006454,u_001731,s_00038,2025-02-18 17:44:53,2025-02-18 17:47:53
v_000006455,u_001137,s_00055,2025-02-28 22:18:18,2025-02-28 22:23:18
v_000006456,u_000888,s_00063,2025-02-13 21:33:03,2025-02-13 22:10:03
v_000006457,u_001806,s_00042,2025-02-12 23:44:25,2025-02-13 00:30:25
v_000006458,u_001812,s_00065,2025-02-09 19:02:00,2025-02-09 20:01:00
v_000006459,u_001727,s_00029,2025-01-29 20:24:14,2025-01-29 20:28:14
v_000006460,u_001216,s_00037,2025-01-09 23:31:54,2025-01-09 23:40:54
v_000006461,u_001892,s_00075,2025-01-24 18:52:17,2025-01-24 18:58:17
v_000006462,u_000714,s_00024,2025-01-30 23:46:03,2025-01-31 00:17:03
v_000006463,u_000642,s_00145,2025-02-25 18:40:16,2025-02-25 18:44:16
v_000006464,u_001225,s_00145,2025-01-08 17:50:15,2025-01-08 17:53:15
v_000006465,u_000055,s_00077,2025-01-30 14:18:59,2025-01-30 14:24:59
v_000006466,u_001582,s_00131,2025-01-27 23:28:02,2025-01-27 23:58:02
v_000006467,u_001992,s_00027,2025-02-07 16:46:08,2025-02-07 16:48:08
v_000006468,u_000762,s_00092,2025-01-16 20:24:13,2025-01-16 21:33:13
v_000006469,u_000957,s_00058,2025-01-18 16:04:17,2025-01-18 16:23:17
v_000006470,u_001266,s_00137,2025-02-05 23:10:21,2025-02-05 23:22:21
v_000006471,u_000042,s_00123,2025-01-24 23:42:35,2025-01-25 00:08:35
v_000006472,u_000654,s_00054,2025-02-22 19:21:49,2025-02-22 19:23:49
v_000006473,u_001360,s_00084,2025-02-06 23:17:46,2025-02-06 23:53:46
v_000006474,u_000246,s_00022,2025-02-21 23:46:08,2025-02-22 00:23:08
v_000006475,u_000212,s_00078,2025-02-13 18:26:25,2025-02-13 19:09:25
v_000006476,u_000364,s_00124,2025-01-03 17:08:17,2025-01-03 18:00:17
v_000006477,u_001288,s_00124,2025-01-19 19:49:04,2025-01-19 20:08:04
v_000006478,u_000210,s_00075,2025-02-13 23:13:45,2025-02-13 23:37:45
v_000006479,u_001091,s_00079,2025-02-11 14:25:03,2025-02-11 14:27:03
v_000006480,u_000708,s_00002,2025-01-28 20:51:15,2025-01-28 21:21:15
v_000006481,u_001462,s_00043,2025-01-06 23:02:43,2025-01-06 23:12:43
v_000006482,u_000418,s_00032,2025-01-08 15:08:49,2025-01-08 15:42:49
v_000006483,u_000422,s_00065,2025-02-25 15:33:31,2025-02-25 15:36:31
v_000006484,u_001917,s_00018,2025-02-08 17:47:09,2025-02-08 17:52:09
v_000006485,u_000230,s_00066,2025-01-31 20:07:37,2025-01-31 20:32:37
v_000006486,u_001685,s_00054,2025-01-12 19:21:49,2025-01-12 20:15:49
v_000006487,u_001142,s_00032,2025-01-08 17:31:49,2025-01-08 17:37:49
v_000006488,u_000984,s_00084,2025-01-27 17:57:32,2025-01-27 18:15:32
v_000006489,u_001841,s_00081,2025-01-21 16:38:13,2025-01-21 17:15:13
v_000006490,u_000536,s_00116,2025-01-06 21:09:34,2025-01-06 21:29:34
v_000006491,u_001502,s_00017,2025-02-24 20:31:45,2025-02-24 20:43:45
v_000006492,u_001147,s_00013,2025-01-24 22:40:56,2025-01-24 23:10:56
v_000006493,u_000700,s_00145,2025-01-07 18:06:53,2025-01-07 18:19:53
v_000006494,u_000319,s_00140,2025-02-10 23:46:07,2025-02-10 23:47:07
v_000006495,u_000159,s_00137,2025-01-15 16:04:43,2025-01-15 16:50:43
v_000006496,u_000734,s_00027,2025-01-06 17:20:29,2025-01-06 17:44:29
v_000006497,u_000205,s_00022,2025-01-11 23:34:22,2025-01-11 23:57:22
v_000006498,u_001634,s_00060,2025-02-12 15:24:52,2025-02-12 16:05:52
v_000006499,u_000951,s_00090,2025-01-13 20:34:34,2025-01-13 21:21:34
v_000006500,u_001489,s_00018,2025-02-04 20:38:48,2025-02-04 20:47:48
v_000006501,u_000056,s_00029,2025-02-03 16:43:23,2025-02-03 17:14:23
v_000006502,u_000064,s_00135,2025-01-18 22:26:14,2025-01-18 22:32:14
v_000006503,u_001377,s_00089,2025-01-01 22:08:10,2025-01-01 22:16:10
v_000006504,u_000348,s_00006,2025-01-25 18:47:07,2025-01-25 19:04:07
v_000006505,u_001001,s_00021,2025-02-11 23:15:16,2025-02-11 23:32:16
v_000006506,u_000994,s_00006,2025-01-30 23:01:27,2025-01-30 23:02:27
v_000006507,u_000535,s_00107,2025-02-10 19:24:07,2025-02-10 19:29:07
v_000006508,u_000139,s_00042,2025-01-23 23:51:52,2025-01-24 00:21:52
v_000006509,u_001818,s_00107,2025-02-28 12:32:26,2025-02-28 12:44:26
v_000006510,u_000775,s_00140,2025-01-29 23:29:41,2025-01-29 23:32:41
v_000006511,u_000333,s_00005,2025-03-01 23:36:21,2025-03-02 00:09:21
v_000006512,u_001164,s_00031,2025-01-30 23:11:59,2025-01-30 23:20:59
v_000006513,u_000018,s_00128,2025-01-12 18:48:18,2025-01-12 18:49:18
v_000006514,u_000549,s_00013,2025-01-17 22:45:22,2025-01-17 22:53:22
v_000006515,u_000841,s_00143,2025-01-20 19:15:22,2025-01-20 19:27:22
v_000006516,u_000689,s_00129,2025-02-04 23:00:22,2025-02-04 23:25:22
v_000006517,u_000564,s_00132,2025-02-09 22:04:17,2025-02-09 22:28:17
v_000006518,u_001977,s_00053,2025-01-24 14:00:50,2025-01-24 14:01:50
v_000006519,u_000417,s_00009,2025-01-07 23:45:54,2025-01-08 00:05:54
v_000006520,u_001566,s_00028,2025-02-09 23:42:26,2025-02-10 00:11:26
v_000006521,u_000626,s_00073,2025-02-05 17:52:44,2025-02-05 18:11:44
v_000006522,u_001553,s_00031,2025-02-09 19:33:02,2025-02-09 19:34:02
v_000006523,u_000177,s_00128,2025-02-22 22:08:10,2025-02-22 22:25:10
v_000006524,u_000654,s_00054,2025-01-27 20:33:42,2025-01-27 21:15:42
v_000006525,u_001601,s_00077,2025-01-14 13:30:02,2025-01-14 14:44:02
v_000006526,u_000039,s_00119,2025-02-13 13:43:08,2025-02-13 13:44:08
v_000006527,u_001749,s_00095,2025-02-12 15:38:52,2025-02-12 15:55:52
v_000006528,u_000658,s_00103,2025-01-30 23:01:36,2025-01-30 23:09:36
v_000006529,u_000277,s_00059,2025-02-16 16:38:29,2025-02-16 17:18:29
v_000006530,u_001282,s_00029,2025-01-27 23:52:27,2025-01-28 00:11:27
v_000006531,u_001454,s_00064,2025-01-20 23:45:37,2025-01-21 00:15:37
v_000006532,u_000311,s_00099,2025-02-23 19:09:36,2025-02-23 19:57:36
v_000006533,u_000899,s_00113,2025-01-16 19:24:15,2025-01-16 19:46:15
v_000006534,u_000233,s_00100,2025-01-19 16:58:40,2025-01-19 17:20:40
v_000006535,u_000260,s_00064,2025-01-19 21:28:10,2025-01-19 21:29:10
v_000006536,u_000444,s_00052,2025-01-14 12:22:00,2025-01-14 12:24:00
v_000006537,u_000272,s_00007,2025-02-12 16:32:25,2025-02-12 16:54:25
v_000006538,u_001034,s_00131,2025-01-01 18:05:49,2025-01-01 18:11:49
v_000006539,u_000688,s_00140,2025-02-04 15:44:21,2025-02-04 15:45:21
v_000006540,u_000894,s_00055,2025-01-25 21:48:35,2025-01-25 23:30:35
v_000006541,u_000905,s_00050,2025-02-14 17:04:14,2025-02-14 19:57:14
v_000006542,u_001052,s_00021,2025-01-29 21:18:10,2025-01-29 21:20:10
v_000006543,u_001336,s_00088,2025-02-14 14:49:11,2025-02-14 15:08:11
v_000006544,u_001837,s_00039,2025-01-07 23:27:37,2025-01-08 00:05:37
v_000006545,u_001154,s_00056,2025-01-01 20:46:47,2025-01-01 20:49:47
v_000006546,u_001121,s_00111,2025-02-25 23:29:10,2025-02-25 23:44:10
v_000006547,u_001617,s_00018,2025-02-02 15:40:09,2025-02-02 16:00:09
v_000006548,u_001234,s_00111,2025-01-30 14:04:57,2025-01-30 14:22:57
v_000006549,u_000462,s_00147,2025-02-02 21:41:33,2025-02-02 22:05:33
v_000006550,u_000025,s_00145,2025-02-05 22:53:34,2025-02-05 23:13:34
v_000006551,u_001727,s_00114,2025-01-03 20:23:49,2025-01-03 20:24:49
v_000006552,u_000124,s_00061,2025-01-21 22:28:28,2025-01-21 22:42:28
v_000006553,u_001086,s_00095,2025-02-19 20:05:26,2025-02-19 20:53:26
v_000006554,u_000549,s_00006,2025-01-25 12:04:47,2025-01-25 12:31:47
v_000006555,u_001143,s_00016,2025-01-17 21:28:26,2025-01-17 21:37:26
v_000006556,u_000776,s_00074,2025-01-31 21:49:55,2025-01-31 21:50:55
v_000006557,u_001533,s_00148,2025-02-28 22:18:00,2025-02-28 22:49:00
v_000006558,u_001831,s_00068,2025-02-19 19:25:07,2025-02-19 19:26:07
v_000006559,u_001348,s_00085,2025-02-15 12:17:18,2025-02-15 12:42:18
v_000006560,u_001427,s_00099,2025-02-23 18:58:13,2025-02-23 19:52:13
v_000006561,u_000245,s_00118,2025-01-22 16:29:06,2025-01-22 16:45:06
v_000006562,u_001638,s_00103,2025-01-31 21:16:59,2025-01-31 21:17:59
v_000006563,u_001130,s_00063,2025-01-03 17:59:39,2025-01-03 18:00:39
v_000006564,u_001777,s_00064,2025-01-11 23:44:49,2025-01-11 23:59:49
v_000006565,u_000269,s_00004,2025-01-16 21:59:53,2025-01-16 22:06:53
v_000006566,u_000677,s_00010,2025-02-01 16:04:12,2025-02-01 17:04:12
v_000006567,u_000074,s_00047,2025-01-16 23:00:36,2025-01-16 23:07:36
v_000006568,u_001171,s_00088,2025-02-15 19:55:17,2025-02-15 20:10:17
v_000006569,u_001378,s_00096,2025-02-11 21:15:19,2025-02-11 21:32:19
v_000006570,u_000684,s_00021,2025-01-29 18:53:39,2025-01-29 19:01:39
v_000006571,u_001363,s_00114,2025-01-31 12:35:22,2025-01-31 13:00:22
v_000006572,u_001977,s_00063,2025-02-14 23:21:52,2025-02-14 23:26:52
v_000006573,u_001120,s_00049,2025-01-16 21:59:56,2025-01-16 22:02:56
v_000006574,u_000670,s_00106,2025-02-09 23:25:13,2025-02-10 00:08:13
v_000006575,u_001698,s_00101,2025-01-08 22:41:49,2025-01-08 23:32:49
v_000006576,u_000798,s_00096,2025-01-28 16:06:29,2025-01-28 16:07:29
v_000006577,u_000720,s_00109,2025-02-11 17:38:04,2025-02-11 18:36:04
v_000006578,u_000224,s_00094,2025-01-19 23:54:52,2025-01-20 00:06:52
v_000006579,u_000541,s_00018,2025-02-05 15:37:18,2025-02-05 15:40:18
v_000006580,u_001822,s_00068,2025-02-07 23:08:35,2025-02-08 00:39:35
v_000006581,u_001635,s_00071,2025-01-06 18:05:25,2025-01-06 18:06:25
v_000006582,u_001509,s_00033,2025-01-18 20:52:36,2025-01-18 21:04:36
v_000006583,u_000263,s_00023,2025-01-05 19:49:41,2025-01-05 20:10:41
v_000006584,u_001282,s_00078,2025-01-01 18:14:18,2025-01-01 18:35:18
v_000006585,u_001914,s_00100,2025-02-11 20:59:49,2025-02-11 21:07:49
v_000006586,u_001298,s_00028,2025-02-08 20:01:36,2025-02-08 21:04:36
v_000006587,u_000014,s_00107,2025-02-23 21:49:25,2025-02-23 22:20:25
v_000006588,u_000735,s_00140,2025-02-24 18:26:21,2025-02-24 18:47:21
v_000006589,u_001555,s_00073,2025-01-02 23:50:36,2025-01-03 00:57:36
v_000006590,u_001048,s_00020,2025-02-14 23:00:42,2025-02-14 23:49:42
v_000006591,u_000059,s_00110,2025-02-08 21:00:22,2025-02-08 21:09:22
v_000006592,u_001303,s_00024,2025-01-17 22:29:44,2025-01-17 22:51:44
v_000006593,u_001009,s_00145,2025-01-22 18:59:47,2025-01-22 19:20:47
v_000006594,u_000710,s_00086,2025-01-31 17:08:32,2025-01-31 17:25:32
v_000006595,u_001619,s_00048,2025-02-18 20:52:26,2025-02-18 21:33:26
v_000006596,u_000603,s_00108,2025-01-22 17:46:48,2025-01-22 17:56:48
v_000006597,u_001454,s_00011,2025-01-04 19:54:37,2025-01-04 20:22:37
v_000006598,u_001751,s_00036,2025-02-23 15:21:25,2025-02-23 15:34:25
v_000006599,u_000965,s_00092,2025-02-26 18:20:08,2025-02-26 18:21:08
v_000006600,u_000888,s_00055,2025-02-12 14:23:45,2025-02-12 14:26:45
v_000006601,u_000792,s_00051,2025-02-10 20:16:59,2025-02-10 20:39:59
v_000006602,u_000098,s_00115,2025-02-22 13:52:30,2025-02-22 13:59:30
v_000006603,u_000694,s_00049,2025-02-21 23:25:31,2025-02-21 23:30:31
v_000006604,u_001280,s_00072,2025-02-08 23:45:39,2025-02-09 00:06:39
v_000006605,u_001733,s_00099,2025-01-22 21:12:54,2025-01-22 21:28:54
v_000006606,u_000794,s_00003,2025-01-27 18:13:11,2025-01-27 18:16:11
v_000006607,u_000100,s_00042,2025-01-05 23:46:26,2025-01-05 23:47:26
v_000006608,u_000311,s_00099,2025-02-16 19:40:47,2025-02-16 19:41:47
v_000006609,u_000294,s_00097,2025-01-17 19:17:59,2025-01-17 19:55:59
v_000006610,u_000616,s_00023,2025-02-05 13:41:24,2025-02-05 13:42:24
v_000006611,u_001551,s_00079,2025-02-26 22:46:52,2025-02-27 00:03:52
v_000006612,u_001699,s_00064,2025-02-18 12:43:48,2025-02-18 12:57:48
v_000006613,u_000066,s_00001,2025-01-23 21:06:48,2025-01-23 21:19:48
v_000006614,u_000520,s_00024,2025-01-15 18:35:17,2025-01-15 19:18:17
v_000006615,u_001270,s_00046,2025-01-21 23:23:20,2025-01-21 23:28:20
v_000006616,u_001178,s_00115,2025-02-21 23:55:44,2025-02-22 00:12:44
v_000006617,u_000150,s_00082,2025-02-23 23:57:31,2025-02-23 23:58:31
v_000006618,u_001612,s_00043,2025-01-13 21:49:34,2025-01-13 21:55:34
v_000006619,u_001283,s_00056,2025-02-08 18:24:23,2025-02-08 19:00:23
v_000006620,u_001881,s_00126,2025-01-24 23:33:39,2025-01-24 23:37:39
v_000006621,u_000116,s_00070,2025-02-07 23:25:54,2025-02-07 23:28:54
v_000006622,u_000028,s_00052,2025-01-13 15:30:55,2025-01-13 15:31:55
v_000006623,u_001352,s_00075,2025-01-16 18:07:05,2025-01-16 18:43:05
v_000006624,u_001522,s_00025,2025-01-24 20:51:43,2025-01-24 21:22:43
v_000006625,u_001498,s_00108,2025-02-08 17:04:27,2025-02-08 17:29:27
v_000006626,u_000664,s_00111,2025-01-17 23:16:28,2025-01-17 23:30:28
v_000006627,u_000884,s_00012,2025-01-23 15:06:53,2025-01-23 15:53:53
v_000006628,u_000934,s_00086,2025-02-10 23:55:55,2025-02-10 23:56:55
v_000006629,u_001952,s_00081,2025-01-07 23:12:35,2025-01-07 23:21:35
v_000006630,u_001271,s_00099,2025-01-25 17:37:26,2025-01-25 18:20:26
v_000006631,u_001871,s_00076,2025-01-12 18:33:05,2025-01-12 19:04:05
v_000006632,u_001352,s_00075,2025-01-07 15:17:08,2025-01-07 16:11:08
v_000006633,u_000788,s_00021,2025-01-16 23:24:55,2025-01-16 23:25:55
v_000006634,u_001045,s_00116,2025-01-28 16:20:16,2025-01-28 16:28:16
v_000006635,u_000149,s_00060,2025-01-12 21:18:51,2025-01-12 21:24:51
v_000006636,u_000254,s_00030,2025-02-24 14:35:54,2025-02-24 14:58:54
v_000006637,u_000822,s_00056,2025-02-10 16:08:23,2025-02-10 16:16:23
v_000006638,u_000977,s_00118,2025-01-21 21:53:11,2025-01-21 21:57:11
v_000006639,u_000564,s_00049,2025-01-08 14:24:35,2025-01-08 16:15:35
v_000006640,u_000547,s_00063,2025-01-05 17:33:02,2025-01-05 17:39:02
v_000006641,u_001057,s_00114,2025-01-31 20:00:52,2025-01-31 20:29:52
v_000006642,u_001088,s_00034,2025-01-14 18:38:58,2025-01-14 18:43:58
v_000006643,u_001120,s_00034,2025-02-10 22:30:51,2025-02-10 22:33:51
v_000006644,u_000428,s_00043,2025-01-14 19:54:45,2025-01-14 20:11:45
v_000006645,u_001782,s_00095,2025-01-07 17:42:19,2025-01-07 18:11:19
v_000006646,u_001327,s_00059,2025-01-02 15:37:55,2025-01-02 15:39:55
v_000006647,u_001321,s_00039,2025-02-23 10:53:29,2025-02-23 11:04:29
v_000006648,u_001830,s_00015,2025-02-18 15:50:26,2025-02-18 16:32:26
v_000006649,u_000526,s_00058,2025-02-21 21:37:40,2025-02-21 22:00:40
v_000006650,u_001993,s_00112,2025-02-12 20:57:07,2025-02-12 23:01:07
v_000006651,u_001486,s_00000,2025-01-01 19:31:31,2025-01-01 19:48:31
v_000006652,u_000395,s_00039,2025-01-21 23:09:26,2025-01-21 23:53:26
v_000006653,u_001149,s_00073,2025-02-08 23:01:03,2025-02-08 23:38:03
v_000006654,u_000657,s_00042,2025-01-02 23:01:21,2025-01-02 23:03:21
v_000006655,u_000601,s_00031,2025-01-03 21:46:27,2025-01-03 21:49:27
v_000006656,u_001047,s_00119,2025-01-05 19:30:39,2025-01-05 19:43:39
v_000006657,u_000088,s_00053,2025-01-23 10:09:28,2025-01-23 10:41:28
v_000006658,u_000556,s_00039,2025-02-26 18:18:16,2025-02-26 18:31:16
v_000006659,u_000939,s_00141,2025-01-28 21:00:56,2025-01-28 21:36:56
v_000006660,u_000686,s_00086,2025-02-25 17:38:28,2025-02-25 18:33:28
v_000006661,u_001423,s_00022,2025-02-22 16:58:13,2025-02-22 17:00:13
v_000006662,u_001215,s_00059,2025-02-18 21:04:36,2025-02-18 21:13:36
v_000006663,u_001714,s_00113,2025-02-02 19:13:55,2025-02-02 19:25:55
v_000006664,u_001016,s_00128,2025-01-05 15:57:27,2025-01-05 17:06:27
v_000006665,u_001696,s_00108,2025-02-06 22:48:27,2025-02-06 23:09:27
v_000006666,u_001363,s_00136,2025-02-10 23:07:05,2025-02-10 23:12:05
v_000006667,u_000725,s_00086,2025-02-12 18:56:10,2025-02-12 19:10:10
v_000006668,u_000789,s_00054,2025-01-18 18:24:08,2025-01-18 18:48:08
v_000006669,u_000085,s_00016,2025-02-02 23:59:34,2025-02-03 00:00:34
v_000006670,u_001220,s_00137,2025-02-24 23:04:35,2025-02-24 23:06:35
v_000006671,u_000592,s_00043,2025-02-08 22:00:30,2025-02-08 22:12:30
v_000006672,u_001308,s_00058,2025-01-30 19:45:07,2025-01-30 19:50:07
v_000006673,u_001702,s_00084,2025-02-05 18:58:05,2025-02-05 19:13:05
v_000006674,u_000310,s_00004,2025-01-17 19:40:00,2025-01-17 20:17:00
v_000006675,u_001617,s_00042,2025-01-05 19:50:32,2025-01-05 20:14:32
v_000006676,u_001445,s_00116,2025-02-17 21:01:28,2025-02-17 21:02:28
v_000006677,u_000944,s_00140,2025-01-14 19:00:12,2025-01-14 19:33:12
v_000006678,u_001679,s_00065,2025-01-21 17:54:44,2025-01-21 18:03:44
v_000006679,u_001854,s_00097,2025-02-10 17:04:22,2025-02-10 17:08:22
v_000006680,u_001426,s_00008,2025-01-04 20:25:24,2025-01-04 20:55:24
v_000006681,u_000653,s_00029,2025-01-16 12:07:05,2025-01-16 12:40:05
v_000006682,u_001733,s_00099,2025-02-16 21:25:33,2025-02-16 21:37:33
v_000006683,u_000944,s_00086,2025-02-08 17:13:41,2025-02-08 17:22:41
v_000006684,u_000512,s_00125,2025-02-01 20:31:30,2025-02-01 20:45:30
v_000006685,u_001950,s_00046,2025-02-05 20:44:18,2025-02-05 21:31:18
v_000006686,u_001039,s_00087,2025-02-26 21:41:13,2025-02-26 21:43:13
v_000006687,u_000905,s_00050,2025-02-12 21:02:12,2025-02-12 21:25:12
v_000006688,u_001865,s_00094,2025-02-26 23:50:48,2025-02-27 00:23:48
v_000006689,u_001007,s_00140,2025-01-03 20:34:32,2025-01-03 20:39:32
v_000006690,u_000157,s_00020,2025-01-22 18:45:48,2025-01-22 19:08:48
v_000006691,u_001532,s_00022,2025-02-17 23:17:34,2025-02-17 23:21:34
v_000006692,u_001525,s_00072,2025-02-02 23:54:43,2025-02-02 23:59:43
v_000006693,u_001395,s_00040,2025-01-12 14:24:52,2025-01-12 15:04:52
v_000006694,u_000603,s_00108,2025-01-14 21:51:09,2025-01-14 21:59:09
v_000006695,u_000128,s_00065,2025-02-17 23:00:33,2025-02-17 23:07:33
v_000006696,u_001148,s_00054,2025-02-04 16:57:59,2025-02-04 17:15:59
v_000006697,u_000696,s_00063,2025-01-13 23:17:36,2025-01-13 23:24:36
v_000006698,u_000388,s_00022,2025-01-09 23:21:31,2025-01-09 23:52:31
v_000006699,u_000012,s_00086,2025-01-27 15:32:45,2025-01-27 15:36:45
v_000006700,u_001997,s_00037,2025-02-20 23:43:26,2025-02-21 00:07:26
v_000006701,u_001840,s_00003,2025-02-07 23:10:19,2025-02-07 23:31:19
v_000006702,u_001870,s_00130,2025-01-20 14:45:29,2025-01-20 15:12:29
v_000006703,u_000971,s_00022,2025-02-10 18:05:17,2025-02-10 18:49:17
v_000006704,u_001497,s_00065,2025-01-19 16:12:32,2025-01-19 16:47:32
v_000006705,u_001461,s_00140,2025-03-01 16:36:32,2025-03-01 16:43:32
v_000006706,u_001448,s_00146,2025-01-12 22:37:54,2025-01-12 22:51:54
v_000006707,u_001830,s_00113,2025-01-20 17:58:58,2025-01-20 18:08:58
v_000006708,u_000921,s_00134,2025-02-13 22:23:41,2025-02-13 22:33:41
v_000006709,u_000272,s_00007,2025-02-22 23:42:06,2025-02-22 23:45:06
v_000006710,u_001360,s_00090,2025-02-01 23:46:24,2025-02-02 00:51:24
v_000006711,u_001916,s_00003,2025-02-06 16:45:36,2025-02-06 16:49:36
v_000006712,u_000082,s_00052,2025-01-09 23:45:41,2025-01-09 23:47:41
v_000006713,u_000095,s_00112,2025-02-21 19:39:03,2025-02-21 20:01:03
v_000006714,u_000080,s_00021,2025-02-17 14:40:33,2025-02-17 15:17:33
v_000006715,u_001354,s_00089,2025-02-23 23:38:44,2025-02-24 01:03:44
v_000006716,u_001090,s_00145,2025-01-10 21:36:56,2025-01-10 21:39:56
v_000006717,u_000038,s_00088,2025-01-21 23:34:14,2025-01-21 23:38:14
v_000006718,u_000699,s_00127,2025-01-22 23:39:30,2025-01-23 00:15:30
v_000006719,u_001779,s_00035,2025-01-09 23:07:30,2025-01-09 23:14:30
v_000006720,u_000409,s_00127,2025-01-27 18:33:02,2025-01-27 18:41:02
v_000006721,u_001301,s_00129,2025-02-05 16:49:15,2025-02-05 17:10:15
v_000006722,u_001672,s_00127,2025-01-07 20:47:57,2025-01-07 20:54:57
v_000006723,u_001065,s_00097,2025-01-11 21:11:35,2025-01-11 21:30:35
v_000006724,u_000659,s_00029,2025-01-27 23:06:13,2025-01-27 23:28:13
v_000006725,u_000274,s_00029,2025-02-01 19:57:53,2025-02-01 20:03:53
v_000006726,u_001452,s_00068,2025-01-30 18:52:47,2025-01-30 19:29:47
v_000006727,u_000542,s_00140,2025-01-19 21:26:10,2025-01-19 21:52:10
v_000006728,u_001993,s_00109,2025-01-26 20:42:25,2025-01-26 21:20:25
v_000006729,u_000501,s_00120,2025-02-16 18:20:14,2025-02-16 18:22:14
v_000006730,u_001339,s_00015,2025-02-05 22:40:33,2025-02-05 22:54:33
v_000006731,u_000499,s_00006,2025-02-28 20:50:20,2025-02-28 21:08:20
v_000006732,u_000808,s_00065,2025-01-06 20:13:02,2025-01-06 20:26:02
v_000006733,u_001008,s_00017,2025-02-18 18:03:40,2025-02-18 18:07:40
v_000006734,u_001759,s_00028,2025-01-28 10:20:51,2025-01-28 10:50:51
v_000006735,u_001998,s_00078,2025-01-05 20:56:32,2025-01-05 21:06:32
v_000006736,u_001588,s_00090,2025-01-11 22:24:27,2025-01-11 22:39:27
v_000006737,u_000442,s_00048,2025-02-13 18:42:51,2025-02-13 18:46:51
v_000006738,u_000883,s_00032,2025-01-06 15:12:48,2025-01-06 15:38:48
v_000006739,u_001395,s_00040,2025-02-20 20:24:48,2025-02-20 21:39:48
v_000006740,u_001002,s_00009,2025-01-17 16:44:20,2025-01-17 17:10:20
v_000006741,u_000623,s_00118,2025-01-01 20:15:04,2025-01-01 20:17:04
v_000006742,u_000314,s_00076,2025-01-31 13:53:59,2025-01-31 13:54:59
v_000006743,u_000671,s_00049,2025-01-16 15:35:43,2025-01-16 16:02:43
v_000006744,u_001266,s_00077,2025-01-27 23:03:51,2025-01-27 23:07:51
v_000006745,u_000453,s_00038,2025-01-06 23:05:23,2025-01-06 23:30:23
v_000006746,u_001271,s_00099,2025-01-01 19:52:42,2025-01-01 19:55:42
v_000006747,u_000078,s_00098,2025-02-06 23:42:25,2025-02-06 23:44:25
v_000006748,u_000561,s_00131,2025-01-04 16:25:26,2025-01-04 16:44:26
v_000006749,u_000509,s_00114,2025-01-06 18:19:19,2025-01-06 18:24:19
v_000006750,u_001854,s_00057,2025-01-15 20:15:16,2025-01-15 20:27:16
v_000006751,u_001775,s_00020,2025-01-30 23:12:18,2025-01-30 23:14:18
v_000006752,u_001285,s_00009,2025-01-02 13:24:05,2025-01-02 13:39:05
v_000006753,u_000299,s_00052,2025-01-19 22:59:51,2025-01-19 23:00:51
v_000006754,u_000298,s_00063,2025-02-12 23:18:11,2025-02-12 23:33:11
v_000006755,u_001137,s_00115,2025-01-21 23:07:26,2025-01-21 23:18:26
v_000006756,u_000399,s_00100,2025-01-28 21:22:00,2025-01-28 21:38:00
v_000006757,u_001594,s_00120,2025-01-28 23:54:58,2025-01-29 00:04:58
v_000006758,u_000564,s_00035,2025-02-23 19:52:10,2025-02-23 20:14:10
v_000006759,u_001389,s_00044,2025-02-06 22:53:39,2025-02-06 23:06:39
v_000006760,u_000356,s_00095,2025-02-20 23:56:36,2025-02-21 00:15:36
v_000006761,u_000295,s_00143,2025-01-20 19:19:29,2025-01-20 19:24:29
v_000006762,u_000005,s_00030,2025-01-03 20:01:30,2025-01-03 20:12:30
v_000006763,u_001263,s_00045,2025-01-28 20:36:06,2025-01-28 20:38:06
v_000006764,u_001211,s_00063,2025-02-17 23:16:33,2025-02-17 23:27:33
v_000006765,u_000532,s_00055,2025-02-18 17:56:23,2025-02-18 18:04:23
v_000006766,u_000943,s_00108,2025-01-07 15:30:02,2025-01-07 15:52:02
v_000006767,u_001114,s_00005,2025-02-18 20:14:11,2025-02-18 20:21:11
v_000006768,u_000502,s_00072,2025-01-12 18:52:04,2025-01-12 19:47:04
v_000006769,u_001608,s_00142,2025-01-12 23:26:17,2025-01-12 23:30:17
v_000006770,u_000298,s_00057,2025-01-31 18:45:32,2025-01-31 19:22:32
v_000006771,u_000219,s_00127,2025-02-25 20:17:37,2025-02-25 20:27:37
v_000006772,u_000070,s_00122,2025-02-08 23:35:43,2025-02-08 23:52:43
v_000006773,u_000188,s_00069,2025-02-13 17:38:22,2025-02-13 17:41:22
v_000006774,u_001691,s_00002,2025-01-08 17:58:49,2025-01-08 18:46:49
v_000006775,u_000440,s_00089,2025-02-10 15:03:31,2025-02-10 15:19:31
v_000006776,u_000090,s_00090,2025-02-27 21:25:31,2025-02-27 22:07:31
v_000006777,u_000793,s_00133,2025-01-17 19:05:47,2025-01-17 19:47:47
v_000006778,u_000283,s_00141,2025-02-13 21:13:57,2025-02-13 21:31:57
v_000006779,u_001636,s_00097,2025-01-20 20:58:59,2025-01-20 21:40:59
v_000006780,u_000703,s_00061,2025-01-16 14:54:36,2025-01-16 15:24:36
v_000006781,u_001656,s_00083,2025-01-27 20:33:27,2025-01-27 20:37:27
v_000006782,u_001914,s_00100,2025-01-11 23:23:10,2025-01-11 23:33:10
v_000006783,u_001723,s_00032,2025-01-25 16:43:45,2025-01-25 17:33:45
v_000006784,u_000822,s_00000,2025-01-20 16:32:02,2025-01-20 16:35:02
v_000006785,u_000395,s_00039,2025-02-28 23:16:26,2025-02-28 23:31:26
v_000006786,u_001277,s_00087,2025-01-09 17:27:07,2025-01-09 17:40:07
v_000006787,u_001068,s_00076,2025-02-15 20:43:51,2025-02-15 21:02:51
v_000006788,u_000574,s_00148,2025-01-10 20:33:10,2025-01-10 20:34:10
v_000006789,u_001904,s_00061,2025-01-15 23:42:25,2025-01-15 23:45:25
v_000006790,u_000404,s_00131,2025-01-15 18:14:31,2025-01-15 18:47:31
v_000006791,u_000472,s_00131,2025-01-31 19:55:16,2025-01-31 20:25:16
v_000006792,u_001506,s_00042,2025-01-23 21:00:44,2025-01-23 21:01:44
v_000006793,u_001944,s_00035,2025-01-03 19:41:29,2025-01-03 19:55:29
v_000006794,u_000290,s_00076,2025-02-26 23:04:44,2025-02-26 23:19:44
v_000006795,u_001860,s_00069,2025-01-04 10:57:07,2025-01-04 11:03:07
v_000006796,u_000829,s_00103,2025-02-12 14:52:07,2025-02-12 15:20:07
v_000006797,u_000967,s_00126,2025-01-06 21:51:45,2025-01-06 22:27:45
v_000006798,u_001402,s_00017,2025-01-10 18:10:22,2025-01-10 18:13:22
v_000006799,u_001277,s_00078,2025-02-22 20:16:08,2025-02-22 22:06:08
v_000006800,u_001004,s_00006,2025-02-01 23:58:37,2025-02-02 00:06:37
v_000006801,u_000828,s_00136,2025-02-26 18:25:25,2025-02-26 18:26:25
v_000006802,u_001262,s_00054,2025-01-15 23:28:43,2025-01-15 23:39:43
v_000006803,u_000105,s_00107,2025-02-20 23:02:36,2025-02-20 23:07:36
v_000006804,u_001521,s_00062,2025-02-18 20:42:35,2025-02-18 21:17:35
v_000006805,u_000491,s_00031,2025-01-02 15:27:13,2025-01-02 15:28:13
v_000006806,u_000646,s_00139,2025-02-15 23:58:07,2025-02-16 00:01:07
v_000006807,u_001144,s_00033,2025-02-10 23:27:34,2025-02-10 23:33:34
v_000006808,u_000217,s_00083,2025-01-16 23:05:01,2025-01-16 23:33:01
v_000006809,u_000939,s_00141,2025-01-18 19:13:22,2025-01-18 19:22:22
v_000006810,u_000238,s_00089,2025-01-17 19:20:19,2025-01-17 19:49:19
v_000006811,u_000225,s_00082,2025-02-21 20:53:59,2025-02-21 21:27:59
v_000006812,u_000402,s_00069,2025-01-06 15:01:17,2025-01-06 15:12:17
v_000006813,u_000786,s_00024,2025-01-04 23:23:16,2025-01-04 23:36:16
v_000006814,u_001500,s_00121,2025-02-16 20:19:08,2025-02-16 20:52:08
v_000006815,u_001773,s_00073,2025-02-08 20:07:21,2025-02-08 20:29:21
v_000006816,u_001186,s_00128,2025-01-04 23:05:50,2025-01-04 23:09:50
v_000006817,u_001008,s_00111,2025-02-28 20:12:46,2025-02-28 20:19:46
v_000006818,u_001710,s_00057,2025-02-03 22:50:06,2025-02-03 23:21:06
v_000006819,u_001514,s_00109,2025-02-01 17:08:59,2025-02-01 17:49:59
v_000006820,u_001180,s_00051,2025-01-20 19:26:08,2025-01-20 19:36:08
v_000006821,u_000149,s_00066,2025-02-09 23:53:55,2025-02-10 00:06:55
v_000006822,u_001349,s_00129,2025-02-01 23:34:30,2025-02-01 23:54:30
v_000006823,u_001504,s_00032,2025-01-28 19:14:43,2025-01-28 19:15:43
v_000006824,u_001411,s_00023,2025-02-09 18:09:11,2025-02-09 18:16:11
v_000006825,u_000247,s_00014,2025-01-07 18:10:34,2025-01-07 18:15:34
v_000006826,u_000769,s_00110,2025-02-18 18:27:56,2025-02-18 18:57:56
v_000006827,u_001563,s_00069,2025-01-13 23:04:27,2025-01-13 23:30:27
v_000006828,u_001890,s_00142,2025-02-27 17:43:52,2025-02-27 17:44:52
v_000006829,u_000474,s_00132,2025-02-02 16:11:32,2025-02-02 16:12:32
v_000006830,u_001004,s_00041,2025-02-23 09:55:00,2025-02-23 10:15:00
v_000006831,u_000358,s_00134,2025-01-04 16:17:41,2025-01-04 16:36:41
v_000006832,u_000049,s_00042,2025-01-28 23:32:15,2025-01-28 23:35:15
v_000006833,u_001258,s_00077,2025-01-11 23:02:17,2025-01-11 23:33:17
v_000006834,u_001538,s_00052,2025-01-01 14:27:45,2025-01-01 14:38:45
v_000006835,u_000582,s_00075,2025-02-13 17:26:22,2025-02-13 17:33:22
v_000006836,u_000595,s_00001,2025-01-21 18:03:10,2025-01-21 18:09:10
v_000006837,u_001597,s_00103,2025-01-15 20:51:12,2025-01-15 21:01:12
v_000006838,u_001803,s_00016,2025-02-17 18:44:51,2025-02-17 19:58:51
v_000006839,u_001332,s_00105,2025-02-10 20:36:56,2025-02-10 20:53:56
v_000006840,u_000473,s_00052,2025-03-01 15:20:39,2025-03-01 15:36:39
v_000006841,u_001383,s_00020,2025-01-22 23:56:41,2025-01-22 23:58:41
v_000006842,u_000575,s_00057,2025-02-24 23:15:37,2025-02-24 23:57:37
v_000006843,u_000128,s_00128,2025-02-03 15:13:14,2025-02-03 15:20:14
v_000006844,u_001591,s_00000,2025-02-11 14:35:25,2025-02-11 14:46:25
v_000006845,u_000642,s_00059,2025-01-24 18:04:31,2025-01-24 19:17:31
v_000006846,u_000682,s_00066,2025-01-27 18:26:59,2025-01-27 18:34:59
v_000006847,u_000089,s_00026,2025-02-14 16:24:07,2025-02-14 17:05:07
v_000006848,u_000448,s_00011,2025-01-25 18:51:24,2025-01-25 19:18:24
v_000006849,u_001997,s_00037,2025-01-16 23:17:22,2025-01-16 23:24:22
v_000006850,u_000348,s_00103,2025-01-18 12:10:39,2025-01-18 12:28:39
v_000006851,u_001402,s_00017,2025-02-18 15:17:32,2025-02-18 16:05:32
v_000006852,u_001834,s_00004,2025-02-12 23:19:57,2025-02-12 23:31:57
v_000006853,u_000552,s_00080,2025-03-01 17:16:59,2025-03-01 18:15:59
v_000006854,u_000125,s_00025,2025-02-10 14:22:04,2025-02-10 14:39:04
v_000006855,u_001143,s_00016,2025-02-17 23:48:32,2025-02-17 23:58:32
v_000006856,u_000168,s_00037,2025-01-08 15:48:45,2025-01-08 15:54:45
v_000006857,u_000295,s_00051,2025-02-22 18:20:37,2025-02-22 18:33:37
v_000006858,u_000031,s_00023,2025-02-27 18:33:12,2025-02-27 18:41:12
v_000006859,u_000200,s_00095,2025-01-14 23:52:34,2025-01-15 01:28:34
v_000006860,u_001951,s_00035,2025-02-24 22:25:55,2025-02-24 22:58:55
v_000006861,u_000729,s_00003,2025-01-06 22:31:42,2025-01-07 00:09:42
v_000006862,u_001357,s_00058,2025-02-12 18:03:18,2025-02-12 18:04:18
v_000006863,u_001598,s_00026,2025-01-13 18:07:36,2025-01-13 18:10:36
v_000006864,u_000795,s_00098,2025-02-21 20:28:43,2025-02-21 21:00:43
v_000006865,u_001820,s_00046,2025-02-26 16:15:23,2025-02-26 16:19:23
v_000006866,u_000859,s_00002,2025-02-26 18:36:51,2025-02-26 18:42:51
v_000006867,u_000383,s_00078,2025-01-19 23:42:19,2025-01-19 23:44:19
v_000006868,u_001469,s_00045,2025-01-02 21:09:29,2025-01-02 21:15:29
v_000006869,u_001275,s_00119,2025-01-08 16:40:46,2025-01-08 16:53:46
v_000006870,u_001512,s_00049,2025-02-17 14:17:23,2025-02-17 14:24:23
v_000006871,u_001997,s_00037,2025-01-03 22:40:41,2025-01-03 23:00:41
v_000006872,u_000850,s_00137,2025-02-21 19:15:12,2025-02-21 19:23:12
v_000006873,u_001292,s_00086,2025-02-17 15:18:40,2025-02-17 15:30:40
v_000006874,u_000786,s_00065,2025-01-25 19:10:46,2025-01-25 21:04:46
v_000006875,u_000428,s_00053,2025-01-11 22:00:20,2025-01-11 22:43:20
v_000006876,u_000279,s_00046,2025-01-13 22:34:42,2025-01-13 22:46:42
v_000006877,u_001103,s_00141,2025-02-28 16:23:06,2025-02-28 17:17:06
v_000006878,u_001573,s_00073,2025-02-19 11:16:07,2025-02-19 11:44:07
v_000006879,u_000763,s_00032,2025-01-05 13:31:35,2025-01-05 14:06:35
v_000006880,u_000605,s_00011,2025-02-20 21:38:52,2025-02-20 21:39:52
v_000006881,u_001012,s_00045,2025-01-22 23:10:20,2025-01-22 23:23:20
v_000006882,u_000025,s_00143,2025-02-09 16:39:50,2025-02-09 16:47:50
v_000006883,u_000993,s_00113,2025-02-15 23:18:01,2025-02-15 23:27:01
v_000006884,u_001337,s_00060,2025-01-13 16:38:47,2025-01-13 17:00:47
v_000006885,u_001222,s_00101,2025-02-11 12:47:28,2025-02-11 13:56:28
v_000006886,u_001791,s_00062,2025-02-05 20:54:47,2025-02-05 22:09:47
v_000006887,u_001791,s_00033,2025-02-20 17:38:28,2025-02-20 18:32:28
v_000006888,u_000559,s_00108,2025-02-15 20:06:29,2025-02-15 20:10:29
v_000006889,u_000796,s_00075,2025-02-11 16:30:28,2025-02-11 16:45:28
v_000006890,u_000201,s_00069,2025-02-06 20:59:40,2025-02-06 21:03:40
v_000006891,u_000346,s_00128,2025-02-14 23:55:40,2025-02-14 23:56:40
v_000006892,u_000909,s_00080,2025-03-01 19:19:55,2025-03-01 19:21:55
v_000006893,u_001890,s_00144,2025-02-22 19:50:26,2025-02-22 20:00:26
v_000006894,u_001193,s_00022,2025-02-05 22:00:48,2025-02-05 22:12:48
v_000006895,u_001524,s_00146,2025-02-14 23:33:10,2025-02-14 23:44:10
v_000006896,u_001359,s_00148,2025-02-07 11:44:50,2025-02-07 12:42:50
v_000006897,u_001297,s_00008,2025-02-06 22:37:16,2025-02-06 22:38:16
v_000006898,u_000721,s_00096,2025-01-13 20:23:04,2025-01-13 20:29:04
v_000006899,u_001100,s_00101,2025-01-13 19:51:44,2025-01-13 19:53:44
v_000006900,u_000671,s_00050,2025-02-13 20:51:15,2025-02-13 20:56:15
v_000006901,u_000957,s_00023,2025-01-15 21:41:57,2025-01-15 21:44:57
v_000006902,u_000153,s_00143,2025-01-06 22:37:31,2025-01-06 22:42:31
v_000006903,u_000595,s_00025,2025-01-07 17:06:15,2025-01-07 17:22:15
v_000006904,u_000918,s_00088,2025-01-15 17:57:17,2025-01-15 18:17:17
v_000006905,u_000573,s_00000,2025-02-11 23:28:27,2025-02-11 23:29:27
v_000006906,u_001769,s_00009,2025-01-07 20:02:11,2025-01-07 20:47:11
v_000006907,u_001772,s_00054,2025-01-16 23:49:37,2025-01-17 01:31:37
v_000006908,u_001549,s_00058,2025-02-13 21:38:46,2025-02-13 22:23:46
v_000006909,u_001169,s_00075,2025-01-29 14:46:05,2025-01-29 15:17:05
v_000006910,u_001176,s_00044,2025-01-08 21:32:21,2025-01-08 22:00:21
v_000006911,u_000503,s_00057,2025-02-09 22:53:57,2025-02-09 23:14:57
v_000006912,u_001879,s_00122,2025-02-08 12:23:47,2025-02-08 12:28:47
v_000006913,u_001650,s_00146,2025-02-13 15:24:08,2025-02-13 16:13:08
v_000006914,u_000734,s_00066,2025-01-27 23:14:45,2025-01-27 23:46:45
v_000006915,u_000234,s_00146,2025-01-26 23:44:48,2025-01-26 23:50:48
v_000006916,u_001375,s_00130,2025-02-01 16:23:31,2025-02-01 16:24:31
v_000006917,u_001488,s_00098,2025-02-19 23:16:51,2025-02-19 23:30:51
v_000006918,u_000227,s_00101,2025-02-14 06:15:22,2025-02-14 06:18:22
v_000006919,u_000724,s_00001,2025-01-07 23:28:10,2025-01-07 23:29:10
v_000006920,u_000235,s_00045,2025-02-23 16:06:35,2025-02-23 16:57:35
v_000006921,u_001624,s_00012,2025-01-17 23:19:02,2025-01-17 23:36:02
v_000006922,u_001970,s_00089,2025-02-26 18:34:22,2025-02-26 19:07:22
v_000006923,u_000417,s_00009,2025-02-02 22:53:23,2025-02-02 22:56:23
v_000006924,u_001491,s_00035,2025-01-03 21:50:13,2025-01-03 21:55:13
v_000006925,u_001021,s_00124,2025-01-11 23:02:58,2025-01-11 23:06:58
v_000006926,u_000077,s_00030,2025-02-24 20:15:36,2025-02-24 20:16:36
v_000006927,u_001522,s_00070,2025-02-01 23:04:18,2025-02-01 23:26:18
v_000006928,u_001215,s_00059,2025-02-04 19:55:37,2025-02-04 20:27:37
v_000006929,u_000144,s_00081,2025-02-13 18:52:04,2025-02-13 19:16:04
v_000006930,u_001279,s_00057,2025-02-22 15:46:31,2025-02-22 15:59:31
v_000006931,u_001681,s_00051,2025-01-21 19:42:44,2025-01-21 20:01:44
v_000006932,u_001016,s_00032,2025-01-13 17:05:13,2025-01-13 17:33:13
v_000006933,u_000477,s_00067,2025-01-20 21:33:56,2025-01-20 21:39:56
v_000006934,u_001253,s_00091,2025-01-23 18:05:26,2025-01-23 18:22:26
v_000006935,u_001147,s_00068,2025-02-12 22:38:33,2025-02-12 23:06:33
v_000006936,u_001018,s_00013,2025-01-12 19:51:23,2025-01-12 19:59:23
v_000006937,u_000662,s_00089,2025-02-28 18:02:04,2025-02-28 18:42:04
v_000006938,u_001849,s_00107,2025-02-26 19:48:02,2025-02-26 20:52:02
v_000006939,u_000063,s_00000,2025-01-14 16:59:08,2025-01-14 17:07:08
v_000006940,u_001004,s_00041,2025-02-27 15:15:17,2025-02-27 15:24:17
v_000006941,u_000087,s_00086,2025-02-15 20:28:07,2025-02-15 20:32:07
v_000006942,u_001544,s_00095,2025-02-22 17:03:13,2025-02-22 17:35:13
v_000006943,u_000122,s_00091,2025-01-30 19:24:41,2025-01-30 19:44:41
v_000006944,u_001994,s_00016,2025-01-05 22:35:44,2025-01-05 23:04:44
v_000006945,u_001537,s_00122,2025-02-13 23:05:06,2025-02-13 23:08:06
v_000006946,u_000587,s_00039,2025-02-07 18:01:26,2025-02-07 18:49:26
v_000006947,u_000840,s_00111,2025-02-17 23:19:22,2025-02-17 23:28:22
v_000006948,u_000017,s_00046,2025-01-27 15:13:01,2025-01-27 15:59:01
v_000006949,u_000906,s_00019,2025-02-05 15:44:52,2025-02-05 16:17:52
v_000006950,u_000268,s_00128,2025-02-26 21:41:08,2025-02-26 21:53:08
v_000006951,u_000895,s_00134,2025-02-17 14:21:07,2025-02-17 14:49:07
v_000006952,u_001862,s_00048,2025-01-22 23:05:08,2025-01-22 23:36:08
v_000006953,u_001013,s_00129,2025-01-20 20:54:19,2025-01-20 21:45:19
v_000006954,u_001818,s_00099,2025-02-14 22:26:49,2025-02-14 22:31:49
v_000006955,u_001289,s_00126,2025-01-27 20:36:56,2025-01-27 20:38:56
v_000006956,u_001297,s_00008,2025-02-17 08:38:59,2025-02-17 10:08:59
v_000006957,u_001637,s_00041,2025-01-04 21:37:29,2025-01-04 22:13:29
v_000006958,u_000201,s_00018,2025-02-25 15:57:55,2025-02-25 16:24:55
v_000006959,u_000195,s_00138,2025-01-12 19:23:28,2025-01-12 20:27:28
v_000006960,u_001623,s_00119,2025-01-04 23:39:49,2025-01-05 00:20:49
v_000006961,u_000861,s_00079,2025-02-19 16:32:06,2025-02-19 17:13:06
v_000006962,u_000574,s_00134,2025-01-04 21:06:01,2025-01-04 22:19:01
v_000006963,u_001792,s_00004,2025-02-23 23:46:14,2025-02-24 00:38:14
v_000006964,u_000588,s_00118,2025-02-26 12:59:13,2025-02-26 13:08:13
v_000006965,u_001591,s_00072,2025-02-08 23:25:34,2025-02-08 23:43:34
v_000006966,u_000492,s_00001,2025-01-08 22:19:04,2025-01-08 22:26:04
v_000006967,u_000934,s_00025,2025-02-14 21:01:57,2025-02-14 21:05:57
v_000006968,u_000842,s_00082,2025-02-07 19:32:52,2025-02-07 20:06:52
v_000006969,u_001985,s_00037,2025-02-18 18:02:49,2025-02-18 18:11:49
v_000006970,u_000625,s_00066,2025-01-14 18:55:34,2025-01-14 18:56:34
v_000006971,u_001739,s_00067,2025-01-17 20:08:53,2025-01-17 20:31:53
v_000006972,u_000173,s_00032,2025-01-15 17:33:11,2025-01-15 17:37:11
v_000006973,u_000112,s_00137,2025-02-10 23:58:19,2025-02-11 01:10:19
v_000006974,u_001940,s_00071,2025-01-25 17:24:32,2025-01-25 17:40:32
v_000006975,u_001911,s_00115,2025-02-23 13:26:57,2025-02-23 13:30:57
v_000006976,u_000685,s_00063,2025-02-23 18:01:52,2025-02-23 20:38:52
v_000006977,u_000088,s_00053,2025-02-21 21:46:40,2025-02-21 22:09:40
v_000006978,u_000729,s_00038,2025-02-18 22:23:49,2025-02-18 22:28:49
v_000006979,u_001291,s_00110,2025-01-26 21:41:08,2025-01-26 21:51:08
v_000006980,u_000701,s_00030,2025-01-20 21:28:35,2025-01-20 21:36:35
v_000006981,u_001774,s_00122,2025-02-25 16:37:44,2025-02-25 16:48:44
v_000006982,u_000940,s_00083,2025-01-05 21:34:11,2025-01-05 21:35:11
v_000006983,u_001513,s_00059,2025-01-27 23:24:36,2025-01-27 23:30:36
v_000006984,u_000245,s_00122,2025-02-26 14:04:39,2025-02-26 14:13:39
v_000006985,u_001803,s_00070,2025-01-17 23:06:53,2025-01-17 23:17:53
v_000006986,u_000167,s_00073,2025-02-19 23:29:55,2025-02-19 23:30:55
v_000006987,u_001025,s_00017,2025-01-31 19:22:52,2025-01-31 19:30:52
v_000006988,u_001431,s_00090,2025-02-10 23:02:54,2025-02-10 23:19:54
v_000006989,u_001360,s_00084,2025-01-17 23:13:03,2025-01-18 00:02:03
v_000006990,u_000076,s_00055,2025-02-17 19:10:53,2025-02-17 19:11:53
v_000006991,u_000492,s_00149,2025-01-10 20:57:57,2025-01-10 21:11:57
v_000006992,u_001911,s_00115,2025-01-08 23:46:30,2025-01-09 00:11:30
v_000006993,u_001533,s_00136,2025-02-24 14:44:07,2025-02-24 15:32:07
v_000006994,u_001965,s_00121,2025-01-02 23:06:02,2025-01-02 23:17:02
v_000006995,u_000650,s_00035,2025-02-17 22:57:51,2025-02-17 23:02:51
v_000006996,u_001506,s_00042,2025-02-21 16:53:57,2025-02-21 16:58:57
v_000006997,u_000596,s_00107,2025-02-06 19:28:43,2025-02-06 19:45:43
v_000006998,u_001230,s_00097,2025-02-08 18:24:33,2025-02-08 19:09:33
v_000006999,u_000899,s_00113,2025-01-02 13:00:10,2025-01-02 13:10:10
v_000007000,u_000708,s_00120,2025-02-16 18:10:33,2025-02-16 18:39:33
v_000007001,u_000658,s_00103,2025-01-02 23:06:31,2025-01-02 23:16:31
v_000007002,u_000331,s_00092,2025-02-02 21:21:44,2025-02-02 21:22:44
v_000007003,u_000071,s_00064,2025-02-08 20:37:06,2025-02-08 20:50:06
v_000007004,u_000508,s_00105,2025-02-18 21:42:53,2025-02-18 21:44:53
v_000007005,u_001109,s_00064,2025-01-01 18:03:01,2025-01-01 19:03:01
v_000007006,u_000377,s_00113,2025-02-13 14:35:32,2025-02-13 15:03:32
v_000007007,u_000472,s_00020,2025-01-11 17:53:03,2025-01-11 17:56:03
v_000007008,u_000867,s_00134,2025-01-15 22:23:46,2025-01-15 22:37:46
v_000007009,u_001994,s_00086,2025-02-04 16:11:01,2025-02-04 18:19:01
v_000007010,u_000025,s_00042,2025-01-29 21:06:17,2025-01-29 21:09:17
v_000007011,u_000535,s_00057,2025-01-24 21:08:22,2025-01-24 21:33:22
v_000007012,u_001954,s_00049,2025-01-05 23:22:24,2025-01-05 23:25:24
v_000007013,u_001449,s_00043,2025-02-15 16:21:45,2025-02-15 16:44:45
v_000007014,u_000990,s_00019,2025-02-12 20:15:06,2025-02-12 20:52:06
v_000007015,u_001983,s_00055,2025-01-26 17:02:17,2025-01-26 17:07:17
v_000007016,u_000345,s_00013,2025-01-28 12:51:10,2025-01-28 13:02:10
v_000007017,u_000680,s_00018,2025-02-15 23:16:45,2025-02-15 23:35:45
v_000007018,u_000242,s_00098,2025-01-15 22:49:29,2025-01-15 22:55:29
v_000007019,u_001462,s_00133,2025-02-21 18:09:16,2025-02-21 18:10:16
v_000007020,u_001877,s_00119,2025-01-10 16:09:42,2025-01-10 16:31:42
v_000007021,u_001578,s_00082,2025-01-12 18:13:08,2025-01-12 19:26:08
v_000007022,u_001546,s_00003,2025-01-09 22:25:16,2025-01-09 22:26:16
v_000007023,u_000716,s_00013,2025-02-24 20:34:20,2025-02-24 21:10:20
v_000007024,u_001873,s_00053,2025-02-02 22:37:23,2025-02-02 23:07:23
v_000007025,u_000606,s_00121,2025-02-18 20:20:50,2025-02-18 20:48:50
v_000007026,u_001952,s_00034,2025-02-16 19:08:26,2025-02-16 19:28:26
v_000007027,u_000511,s_00141,2025-01-31 20:11:59,2025-01-31 20:12:59
v_000007028,u_000623,s_00056,2025-01-11 23:47:13,2025-01-12 00:03:13
v_000007029,u_001115,s_00107,2025-01-14 15:05:08,2025-01-14 15:11:08
v_000007030,u_001852,s_00091,2025-02-24 22:37:59,2025-02-24 22:38:59
v_000007031,u_001304,s_00101,2025-02-03 21:37:11,2025-02-03 22:12:11
v_000007032,u_000618,s_00021,2025-02-21 13:35:59,2025-02-21 13:53:59
v_000007033,u_000413,s_00037,2025-01-09 14:05:45,2025-01-09 14:21:45
v_000007034,u_001441,s_00062,2025-01-29 23:26:47,2025-01-30 00:25:47
v_000007035,u_000018,s_00080,2025-02-03 15:43:25,2025-02-03 15:44:25
v_000007036,u_000760,s_00085,2025-01-01 21:55:16,2025-01-01 21:59:16
v_000007037,u_000713,s_00077,2025-02-08 15:30:25,2025-02-08 16:11:25
v_000007038,u_001350,s_00148,2025-02-24 20:17:39,2025-02-24 21:26:39
v_000007039,u_001044,s_00097,2025-02-14 13:10:26,2025-02-14 13:50:26
v_000007040,u_001019,s_00044,2025-02-08 22:56:56,2025-02-08 22:59:56
v_000007041,u_001927,s_00023,2025-02-23 15:17:08,2025-02-23 15:24:08
v_000007042,u_001491,s_00035,2025-01-01 19:05:24,2025-01-01 19:15:24
v_000007043,u_000128,s_00128,2025-01-22 21:19:45,2025-01-22 22:29:45
v_000007044,u_001411,s_00087,2025-01-27 22:24:19,2025-01-27 22:46:19
v_000007045,u_000779,s_00008,2025-01-21 23:29:46,2025-01-21 23:34:46
v_000007046,u_000075,s_00140,2025-02-24 23:41:55,2025-02-25 00:14:55
v_000007047,u_001373,s_00031,2025-01-10 20:28:00,2025-01-10 21:03:00
v_000007048,u_001113,s_00112,2025-02-03 15:10:41,2025-02-03 15:18:41
v_000007049,u_000895,s_00134,2025-02-16 19:20:41,2025-02-16 19:28:41
v_000007050,u_001082,s_00015,2025-01-11 23:36:08,2025-01-11 23:50:08
v_000007051,u_000577,s_00008,2025-01-17 18:17:51,2025-01-17 19:05:51
v_000007052,u_001664,s_00034,2025-02-15 22:52:15,2025-02-15 23:13:15
v_000007053,u_000771,s_00075,2025-02-04 19:43:54,2025-02-04 19:44:54
v_000007054,u_001002,s_00147,2025-02-02 23:23:11,2025-02-03 00:00:11
v_000007055,u_000979,s_00039,2025-02-26 13:28:27,2025-02-26 13:52:27
v_000007056,u_001492,s_00056,2025-01-25 23:42:39,2025-01-25 23:56:39
v_000007057,u_000224,s_00144,2025-02-10 19:07:46,2025-02-10 19:08:46
v_000007058,u_001664,s_00015,2025-01-29 18:41:52,2025-01-29 19:40:52
v_000007059,u_000917,s_00062,2025-02-13 21:14:29,2025-02-13 21:15:29
v_000007060,u_001698,s_00101,2025-01-29 10:35:55,2025-01-29 10:46:55
v_000007061,u_001638,s_00013,2025-01-18 22:00:09,2025-01-18 22:01:09
v_000007062,u_000367,s_00126,2025-02-02 17:29:08,2025-02-02 18:13:08
v_000007063,u_000819,s_00017,2025-02-09 19:39:31,2025-02-09 20:06:31
v_000007064,u_000526,s_00086,2025-01-10 13:20:52,2025-01-10 13:22:52
v_000007065,u_000556,s_00038,2025-02-05 15:22:26,2025-02-05 15:33:26
v_000007066,u_000311,s_00023,2025-02-12 16:44:50,2025-02-12 17:23:50
v_000007067,u_000570,s_00104,2025-01-13 18:01:48,2025-01-13 18:15:48
v_000007068,u_000199,s_00037,2025-02-28 18:17:47,2025-02-28 18:25:47
v_000007069,u_001468,s_00051,2025-02-28 16:13:51,2025-02-28 17:19:51
v_000007070,u_000180,s_00134,2025-02-24 14:25:38,2025-02-24 15:05:38
v_000007071,u_001762,s_00076,2025-01-07 15:49:53,2025-01-07 16:13:53
v_000007072,u_000192,s_00029,2025-02-17 23:20:50,2025-02-17 23:46:50
v_000007073,u_001506,s_00042,2025-02-18 23:58:50,2025-02-19 00:19:50
v_000007074,u_000817,s_00066,2025-02-26 16:57:20,2025-02-26 17:02:20
v_000007075,u_000693,s_00022,2025-02-27 21:23:02,2025-02-27 21:43:02
v_000007076,u_000353,s_00055,2025-01-07 18:55:11,2025-01-07 19:42:11
v_000007077,u_000683,s_00135,2025-01-23 14:23:07,2025-01-23 15:21:07
v_000007078,u_000725,s_00086,2025-01-11 23:14:34,2025-01-11 23:22:34
v_000007079,u_000896,s_00118,2025-02-28 20:33:35,2025-02-28 20:39:35
v_000007080,u_000198,s_00099,2025-01-20 22:55:53,2025-01-20 23:02:53
v_000007081,u_000592,s_00072,2025-02-07 20:01:39,2025-02-07 20:05:39
v_000007082,u_001869,s_00049,2025-01-05 23:10:00,2025-01-05 23:39:00
v_000007083,u_000468,s_00120,2025-01-04 18:21:44,2025-01-04 18:22:44
v_000007084,u_001890,s_00042,2025-03-01 23:47:19,2025-03-02 00:04:19
v_000007085,u_001038,s_00050,2025-01-23 22:05:53,2025-01-23 22:51:53
v_000007086,u_000354,s_00148,2025-02-27 23:37:33,2025-02-28 00:00:33
v_000007087,u_001195,s_00027,2025-01-21 23:09:48,2025-01-21 23:36:48
v_000007088,u_001672,s_00051,2025-02-24 15:14:43,2025-02-24 15:32:43
v_000007089,u_000642,s_00059,2025-01-03 19:55:10,2025-01-03 20:43:10
v_000007090,u_001008,s_00068,2025-01-28 19:10:18,2025-01-28 19:14:18
v_000007091,u_001102,s_00052,2025-01-08 21:10:14,2025-01-08 21:13:14
v_000007092,u_000416,s_00051,2025-01-11 18:37:51,2025-01-11 18:39:51
v_000007093,u_000630,s_00020,2025-02-11 23:53:15,2025-02-11 23:59:15
v_000007094,u_000615,s_00068,2025-02-24 23:36:43,2025-02-24 23:48:43
v_000007095,u_001098,s_00045,2025-01-19 23:04:45,2025-01-19 23:11:45
v_000007096,u_001744,s_00122,2025-02-13 14:57:38,2025-02-13 14:58:38
v_000007097,u_000306,s_00021,2025-02-06 13:29:28,2025-02-06 13:55:28
v_000007098,u_000462,s_00147,2025-02-13 20:58:50,2025-02-13 20:59:50
v_000007099,u_001568,s_00015,2025-01-09 21:20:39,2025-01-09 22:09:39
v_000007100,u_001950,s_00033,2025-01-26 23:53:19,2025-01-27 00:28:19
v_000007101,u_001839,s_00079,2025-01-09 20:48:02,2025-01-09 20:56:02
v_000007102,u_001445,s_00108,2025-02-19 15:14:37,2025-02-19 15:21:37
v_000007103,u_000206,s_00026,2025-02-24 22:27:25,2025-02-24 22:34:25
v_000007104,u_000161,s_00107,2025-01-28 23:16:05,2025-01-28 23:17:05
v_000007105,u_001993,s_00112,2025-02-27 23:50:42,2025-02-27 23:55:42
v_000007106,u_001344,s_00031,2025-01-06 16:05:06,2025-01-06 16:25:06
v_000007107,u_000054,s_00014,2025-02-03 17:42:45,2025-02-03 18:02:45
v_000007108,u_000191,s_00092,2025-01-28 21:04:56,2025-01-28 21:19:56
v_000007109,u_000521,s_00094,2025-01-13 20:20:24,2025-01-13 20:26:24
v_000007110,u_001107,s_00046,2025-02-05 23:11:33,2025-02-05 23:29:33
v_000007111,u_001318,s_00002,2025-01-28 13:24:28,2025-01-28 14:12:28
v_000007112,u_001189,s_00084,2025-02-26 23:19:42,2025-02-26 23:32:42
v_000007113,u_001707,s_00112,2025-01-02 15:58:21,2025-01-02 16:17:21
v_000007114,u_001456,s_00092,2025-01-29 15:29:02,2025-01-29 16:40:02
v_000007115,u_000342,s_00137,2025-01-02 21:07:10,2025-01-02 21:17:10
v_000007116,u_000926,s_00034,2025-02-12 23:58:38,2025-02-13 00:42:38
v_000007117,u_000537,s_00009,2025-02-27 18:03:37,2025-02-27 18:52:37
v_000007118,u_000250,s_00142,2025-02-20 18:34:34,2025-02-20 18:42:34
v_000007119,u_001843,s_00092,2025-02-26 23:35:56,2025-02-26 23:36:56
v_000007120,u_001612,s_00063,2025-01-11 19:00:42,2025-01-11 19:15:42
v_000007121,u_001801,s_00076,2025-02-18 20:02:16,2025-02-18 20:46:16
v_000007122,u_000693,s_00103,2025-01-06 22:30:10,2025-01-06 23:03:10
v_000007123,u_000037,s_00096,2025-01-14 16:18:01,2025-01-14 16:39:01
v_000007124,u_000817,s_00120,2025-01-16 18:24:23,2025-01-16 18:28:23
v_000007125,u_000245,s_00122,2025-02-02 15:38:42,2025-02-02 16:01:42
v_000007126,u_001602,s_00024,2025-02-04 21:09:17,2025-02-04 21:47:17
v_000007127,u_000254,s_00030,2025-02-16 18:22:41,2025-02-16 18:25:41
v_000007128,u_000244,s_00114,2025-01-22 13:40:07,2025-01-22 13:59:07
v_000007129,u_001930,s_00049,2025-02-02 19:07:06,2025-02-02 19:35:06
v_000007130,u_000393,s_00076,2025-02-13 21:13:35,2025-02-13 21:39:35
v_000007131,u_001176,s_00048,2025-01-29 23:55:15,2025-01-30 00:09:15
v_000007132,u_001670,s_00027,2025-02-25 22:50:28,2025-02-25 23:52:28
v_000007133,u_000934,s_00031,2025-02-02 17:27:18,2025-02-02 17:41:18
v_000007134,u_001714,s_00113,2025-01-16 23:13:35,2025-01-16 23:22:35
v_000007135,u_000853,s_00100,2025-02-23 19:18:51,2025-02-23 19:58:51
v_000007136,u_000085,s_00093,2025-02-01 19:39:38,2025-02-01 19:40:38
v_000007137,u_001094,s_00052,2025-01-14 20:40:08,2025-01-14 21:28:08
v_000007138,u_000885,s_00037,2025-01-13 23:10:09,2025-01-13 23:17:09
v_000007139,u_001691,s_00148,2025-01-15 14:33:57,2025-01-15 15:11:57
v_000007140,u_000024,s_00043,2025-03-01 23:33:04,2025-03-02 00:12:04
v_000007141,u_000169,s_00051,2025-01-12 19:10:03,2025-01-12 19:22:03
v_000007142,u_001038,s_00087,2025-02-26 18:36:20,2025-02-26 18:55:20
v_000007143,u_001690,s_00066,2025-02-17 21:20:22,2025-02-17 21:43:22
v_000007144,u_001024,s_00016,2025-02-13 23:53:00,2025-02-14 00:25:00
v_000007145,u_000177,s_00121,2025-01-19 23:01:31,2025-01-19 23:31:31
v_000007146,u_000299,s_00052,2025-01-21 23:33:35,2025-01-21 23:41:35
v_000007147,u_001231,s_00053,2025-02-12 17:50:37,2025-02-12 18:18:37
v_000007148,u_000656,s_00056,2025-02-23 22:14:44,2025-02-23 22:41:44
v_000007149,u_000163,s_00076,2025-01-18 23:03:09,2025-01-18 23:04:09
v_000007150,u_001770,s_00133,2025-02-07 23:28:33,2025-02-07 23:59:33
v_000007151,u_000158,s_00022,2025-01-29 19:10:10,2025-01-29 19:11:10
v_000007152,u_001472,s_00074,2025-03-01 15:53:25,2025-03-01 17:07:25
v_000007153,u_001709,s_00100,2025-01-25 23:58:12,2025-01-26 00:40:12
v_000007154,u_001106,s_00092,2025-01-03 12:59:04,2025-01-03 13:40:04
v_000007155,u_001969,s_00063,2025-02-22 23:34:40,2025-02-23 00:21:40
v_000007156,u_000612,s_00046,2025-01-26 21:48:38,2025-01-26 22:07:38
v_000007157,u_000871,s_00091,2025-02-27 23:54:22,2025-02-28 00:17:22
v_000007158,u_001303,s_00108,2025-02-20 23:38:35,2025-02-20 23:50:35
v_000007159,u_001048,s_00148,2025-03-01 18:18:34,2025-03-01 19:02:34
v_000007160,u_001245,s_00144,2025-01-16 16:21:08,2025-01-16 16:30:08
v_000007161,u_000499,s_00006,2025-01-15 17:51:18,2025-01-15 18:08:18
v_000007162,u_001689,s_00005,2025-01-14 15:27:37,2025-01-14 15:36:37
v_000007163,u_001086,s_00088,2025-02-19 16:02:24,2025-02-19 16:05:24
v_000007164,u_001246,s_00021,2025-02-04 23:25:41,2025-02-04 23:30:41
v_000007165,u_000689,s_00053,2025-01-02 14:52:11,2025-01-02 15:08:11
v_000007166,u_001800,s_00043,2025-01-20 18:03:21,2025-01-20 18:41:21
v_000007167,u_000438,s_00029,2025-02-22 17:53:40,2025-02-22 18:16:40
v_000007168,u_000134,s_00019,2025-02-26 23:53:28,2025-02-27 00:03:28
v_000007169,u_000124,s_00061,2025-01-02 21:41:13,2025-01-02 23:46:13
v_000007170,u_000830,s_00100,2025-01-13 15:22:59,2025-01-13 15:46:59
v_000007171,u_000073,s_00100,2025-02-09 12:37:18,2025-02-09 13:26:18
v_000007172,u_001356,s_00007,2025-01-31 21:56:55,2025-01-31 22:05:55
v_000007173,u_001865,s_00021,2025-02-27 22:43:06,2025-02-27 22:52:06
v_000007174,u_001402,s_00037,2025-01-31 23:27:12,2025-01-31 23:46:12
v_000007175,u_000209,s_00125,2025-02-08 23:55:39,2025-02-09 00:08:39
v_000007176,u_001157,s_00050,2025-02-09 19:03:11,2025-02-09 19:56:11
v_000007177,u_001113,s_00059,2025-02-04 22:44:52,2025-02-04 22:51:52
v_000007178,u_000026,s_00011,2025-02-20 13:16:03,2025-02-20 13:32:03
v_000007179,u_000803,s_00033,2025-02-22 22:35:03,2025-02-22 22:38:03
v_000007180,u_001510,s_00005,2025-01-27 20:39:15,2025-01-27 20:45:15
v_000007181,u_001942,s_00126,2025-02-24 20:17:25,2025-02-24 20:31:25
v_000007182,u_001838,s_00009,2025-01-01 17:57:48,2025-01-01 18:15:48
v_000007183,u_001226,s_00106,2025-02-24 20:46:20,2025-02-24 21:35:20
v_000007184,u_001881,s_00126,2025-01-12 23:24:58,2025-01-13 00:07:58
v_000007185,u_001270,s_00040,2025-02-06 12:08:36,2025-02-06 12:14:36
v_000007186,u_000028,s_00006,2025-01-06 23:20:35,2025-01-06 23:21:35
v_000007187,u_000442,s_00124,2025-01-05 17:44:40,2025-01-05 18:07:40
v_000007188,u_000532,s_00065,2025-01-12 23:01:51,2025-01-12 23:36:51
v_000007189,u_000572,s_00112,2025-01-25 15:12:28,2025-01-25 15:15:28
v_000007190,u_000791,s_00139,2025-02-09 19:55:44,2025-02-09 19:56:44
v_000007191,u_000204,s_00086,2025-02-28 22:15:20,2025-02-28 22:18:20
v_000007192,u_001154,s_00056,2025-01-06 23:36:06,2025-01-06 23:40:06
v_000007193,u_000348,s_00130,2025-02-07 23:19:29,2025-02-08 00:05:29
v_000007194,u_001869,s_00049,2025-02-14 16:00:53,2025-02-14 16:01:53
v_000007195,u_000776,s_00140,2025-02-28 23:01:02,2025-02-28 23:19:02
v_000007196,u_001724,s_00056,2025-02-06 12:00:07,2025-02-06 12:06:07
v_000007197,u_000369,s_00093,2025-01-29 23:51:57,2025-01-30 00:05:57
v_000007198,u_000298,s_00057,2025-01-10 21:36:49,2025-01-10 22:20:49
v_000007199,u_000041,s_00058,2025-01-18 20:00:14,2025-01-18 20:15:14
v_000007200,u_001870,s_00126,2025-02-20 23:42:23,2025-02-20 23:51:23
v_000007201,u_001236,s_00113,2025-02-04 15:16:57,2025-02-04 15:40:57
v_000007202,u_000484,s_00093,2025-02-20 18:59:22,2025-02-20 19:01:22
v_000007203,u_000790,s_00026,2025-02-05 15:27:06,2025-02-05 15:54:06
v_000007204,u_000004,s_00069,2025-01-19 23:05:41,2025-01-19 23:33:41
v_000007205,u_001836,s_00055,2025-01-21 22:54:44,2025-01-21 23:07:44
v_000007206,u_001937,s_00016,2025-03-01 18:04:06,2025-03-01 18:31:06
v_000007207,u_001158,s_00116,2025-02-11 14:10:25,2025-02-11 14:42:25
v_000007208,u_000574,s_00010,2025-03-01 21:22:01,2025-03-01 22:11:01
v_000007209,u_001053,s_00084,2025-01-21 19:42:25,2025-01-21 19:47:25
v_000007210,u_001106,s_00092,2025-02-25 21:32:35,2025-02-25 21:41:35
v_000007211,u_000097,s_00088,2025-01-30 18:20:56,2025-01-30 18:21:56
v_000007212,u_000842,s_00081,2025-02-24 19:37:24,2025-02-24 20:04:24
v_000007213,u_000990,s_00120,2025-02-12 20:01:30,2025-02-12 20:06:30
v_000007214,u_000765,s_00076,2025-01-30 19:53:05,2025-01-30 20:18:05
v_000007215,u_000272,s_00026,2025-01-16 12:41:20,2025-01-16 12:47:20
v_000007216,u_001924,s_00010,2025-01-12 20:43:30,2025-01-12 20:51:30
v_000007217,u_000935,s_00050,2025-01-12 12:14:15,2025-01-12 12:25:15
v_000007218,u_001242,s_00054,2025-02-24 14:22:14,2025-02-24 14:30:14
v_000007219,u_000863,s_00013,2025-01-30 16:51:46,2025-01-30 16:54:46
v_000007220,u_001411,s_00023,2025-01-21 13:35:49,2025-01-21 13:43:49
v_000007221,u_001312,s_00102,2025-01-05 23:35:46,2025-01-05 23:40:46
v_000007222,u_000906,s_00071,2025-01-21 18:50:39,2025-01-21 19:17:39
v_000007223,u_001361,s_00084,2025-02-08 23:11:35,2025-02-09 00:20:35
v_000007224,u_000662,s_00078,2025-01-21 23:32:00,2025-01-21 23:43:00
v_000007225,u_000277,s_00057,2025-01-24 15:04:20,2025-01-24 15:05:20
v_000007226,u_001754,s_00036,2025-03-01 07:48:58,2025-03-01 07:52:58
v_000007227,u_001745,s_00005,2025-02-17 19:10:37,2025-02-17 20:36:37
v_000007228,u_001236,s_00126,2025-02-24 20:36:32,2025-02-24 21:16:32
v_000007229,u_000134,s_00018,2025-03-01 23:15:28,2025-03-01 23:35:28
v_000007230,u_000311,s_00099,2025-02-03 18:20:53,2025-02-03 18:21:53
v_000007231,u_001219,s_00070,2025-01-04 21:38:42,2025-01-04 21:45:42
v_000007232,u_001377,s_00044,2025-02-18 23:06:27,2025-02-18 23:28:27
v_000007233,u_001369,s_00130,2025-02-14 22:00:43,2025-02-14 22:51:43
v_000007234,u_000293,s_00133,2025-02-23 22:26:46,2025-02-23 22:53:46
v_000007235,u_000605,s_00069,2025-02-23 23:24:37,2025-02-23 23:34:37
v_000007236,u_000509,s_00099,2025-02-25 19:53:50,2025-02-25 19:54:50
v_000007237,u_000408,s_00097,2025-01-18 22:31:19,2025-01-18 23:01:19
v_000007238,u_000220,s_00083,2025-01-26 19:02:35,2025-01-26 19:14:35
v_000007239,u_000500,s_00143,2025-01-21 19:31:13,2025-01-21 21:40:13
v_000007240,u_000561,s_00089,2025-01-17 22:53:20,2025-01-17 23:10:20
v_000007241,u_001180,s_00051,2025-02-25 23:52:27,2025-02-26 00:17:27
v_000007242,u_001721,s_00090,2025-01-31 20:45:45,2025-01-31 21:27:45
v_000007243,u_000949,s_00061,2025-02-22 14:04:30,2025-02-22 14:08:30
v_000007244,u_000262,s_00085,2025-02-19 20:36:09,2025-02-19 21:35:09
v_000007245,u_000182,s_00133,2025-02-02 22:07:11,2025-02-02 23:03:11
v_000007246,u_000773,s_00020,2025-01-19 19:41:27,2025-01-19 19:45:27
v_000007247,u_000822,s_00107,2025-02-18 19:57:07,2025-02-18 20:35:07
v_000007248,u_000003,s_00064,2025-01-31 23:51:05,2025-01-31 23:59:05
v_000007249,u_001207,s_00025,2025-01-12 18:59:45,2025-01-12 19:01:45
v_000007250,u_001462,s_00090,2025-02-21 16:38:34,2025-02-21 19:41:34
v_000007251,u_001463,s_00068,2025-02-22 18:22:54,2025-02-22 18:23:54
v_000007252,u_001228,s_00036,2025-02-07 22:18:33,2025-02-07 22:25:33
v_000007253,u_000025,s_00051,2025-02-19 21:44:26,2025-02-19 22:01:26
v_000007254,u_000862,s_00018,2025-02-16 14:36:52,2025-02-16 14:42:52
v_000007255,u_000569,s_00141,2025-01-31 23:58:53,2025-01-31 23:59:53
v_000007256,u_000718,s_00089,2025-01-26 19:51:06,2025-01-26 20:12:06
v_000007257,u_001840,s_00003,2025-01-09 21:09:25,2025-01-09 21:11:25
v_000007258,u_000662,s_00047,2025-02-08 22:56:44,2025-02-08 22:57:44
v_000007259,u_000122,s_00089,2025-01-09 23:41:19,2025-01-10 00:28:19
v_000007260,u_001724,s_00148,2025-02-08 23:56:30,2025-02-08 23:59:30
v_000007261,u_000957,s_00058,2025-01-10 17:48:16,2025-01-10 17:49:16
v_000007262,u_001586,s_00132,2025-01-23 16:36:35,2025-01-23 16:38:35
v_000007263,u_000950,s_00024,2025-02-24 16:57:11,2025-02-24 17:46:11
v_000007264,u_001211,s_00105,2025-01-04 18:37:55,2025-01-04 18:45:55
v_000007265,u_001807,s_00085,2025-01-14 19:17:25,2025-01-14 19:34:25
v_000007266,u_001430,s_00090,2025-01-21 18:16:41,2025-01-21 18:40:41
v_000007267,u_001295,s_00007,2025-02-18 19:53:51,2025-02-18 20:03:51
v_000007268,u_000264,s_00033,2025-02-28 21:08:08,2025-02-28 21:17:08
v_000007269,u_000226,s_00003,2025-02-06 11:43:18,2025-02-06 11:54:18
v_000007270,u_001583,s_00138,2025-01-18 14:15:48,2025-01-18 14:17:48
v_000007271,u_001763,s_00101,2025-02-09 22:13:48,2025-02-09 22:21:48
v_000007272,u_001497,s_00008,2025-02-11 22:23:14,2025-02-11 22:34:14
v_000007273,u_001566,s_00129,2025-02-05 20:35:57,2025-02-05 21:25:57
v_000007274,u_001731,s_00069,2025-02-11 23:50:40,2025-02-11 23:52:40
v_000007275,u_000531,s_00006,2025-02-23 16:05:30,2025-02-23 16:39:30
v_000007276,u_000996,s_00108,2025-01-28 16:56:32,2025-01-28 17:15:32
v_000007277,u_001586,s_00132,2025-01-16 16:35:55,2025-01-16 17:06:55
v_000007278,u_000912,s_00038,2025-02-08 17:46:37,2025-02-08 17:52:37
v_000007279,u_001449,s_00043,2025-01-13 22:52:00,2025-01-13 23:40:00
v_000007280,u_000562,s_00094,2025-01-03 22:53:02,2025-01-03 23:04:02
v_000007281,u_001767,s_00021,2025-02-16 22:19:50,2025-02-16 22:29:50
v_000007282,u_001271,s_00020,2025-02-12 19:14:41,2025-02-12 19:22:41
v_000007283,u_000390,s_00137,2025-01-21 19:39:11,2025-01-21 19:52:11
v_000007284,u_001119,s_00050,2025-02-07 15:49:53,2025-02-07 15:59:53
v_000007285,u_001102,s_00052,2025-01-26 17:14:19,2025-01-26 17:15:19
v_000007286,u_001137,s_00091,2025-02-04 13:12:58,2025-02-04 13:18:58
v_000007287,u_001098,s_00045,2025-01-02 23:47:39,2025-01-03 00:06:39
v_000007288,u_000150,s_00048,2025-01-29 17:36:42,2025-01-29 17:49:42
v_000007289,u_001610,s_00051,2025-02-22 20:32:16,2025-02-22 20:48:16
v_000007290,u_001744,s_00051,2025-02-28 23:26:04,2025-02-28 23:53:04
v_000007291,u_000339,s_00055,2025-02-09 23:13:44,2025-02-09 23:37:44
v_000007292,u_001310,s_00043,2025-01-06 19:02:35,2025-01-06 19:06:35
v_000007293,u_001869,s_00018,2025-01-11 21:27:05,2025-01-11 21:28:05
v_000007294,u_000702,s_00078,2025-02-02 13:50:07,2025-02-02 13:51:07
v_000007295,u_000747,s_00039,2025-01-09 19:14:35,2025-01-09 19:37:35
v_000007296,u_000665,s_00091,2025-01-28 23:47:46,2025-01-28 23:51:46
v_000007297,u_001666,s_00023,2025-02-12 17:19:44,2025-02-12 17:42:44
v_000007298,u_000072,s_00077,2025-01-31 23:32:44,2025-01-31 23:36:44
v_000007299,u_001941,s_00104,2025-02-02 20:51:39,2025-02-02 20:55:39
v_000007300,u_000064,s_00135,2025-01-31 21:21:16,2025-01-31 21:50:16
v_000007301,u_001492,s_00047,2025-02-14 23:49:40,2025-02-15 00:38:40
v_000007302,u_001666,s_00044,2025-02-26 10:02:59,2025-02-26 10:10:59
v_000007303,u_000704,s_00019,2025-01-12 22:25:02,2025-01-12 22:27:02
v_000007304,u_000250,s_00075,2025-01-10 22:36:20,2025-01-10 22:59:20
v_000007305,u_001022,s_00001,2025-03-01 20:15:40,2025-03-01 20:25:40
v_000007306,u_001419,s_00126,2025-02-15 19:43:18,2025-02-15 20:27:18
v_000007307,u_001719,s_00069,2025-01-05 20:58:10,2025-01-05 21:29:10
v_000007308,u_001269,s_00027,2025-01-22 23:58:32,2025-01-23 00:31:32
v_000007309,u_000719,s_00046,2025-01-01 14:20:20,2025-01-01 14:32:20
v_000007310,u_001418,s_00125,2025-01-11 18:08:10,2025-01-11 18:19:10
v_000007311,u_000279,s_00074,2025-01-09 23:25:51,2025-01-09 23:52:51
v_000007312,u_000248,s_00104,2025-01-03 20:42:24,2025-01-03 21:53:24
v_000007313,u_001878,s_00049,2025-01-12 23:19:07,2025-01-12 23:28:07
v_000007314,u_000028,s_00127,2025-01-04 22:07:31,2025-01-04 22:14:31
v_000007315,u_000519,s_00073,2025-02-24 13:55:30,2025-02-24 17:23:30
v_000007316,u_000978,s_00016,2025-02-24 23:24:20,2025-02-24 23:57:20
v_000007317,u_001782,s_00095,2025-01-16 21:48:06,2025-01-16 22:06:06
v_000007318,u_000605,s_00041,2025-01-25 22:14:14,2025-01-25 22:15:14
v_000007319,u_000239,s_00026,2025-02-18 18:39:42,2025-02-18 18:52:42
v_000007320,u_001587,s_00148,2025-02-02 19:33:14,2025-02-02 20:40:14
v_000007321,u_000858,s_00111,2025-02-17 19:32:20,2025-02-17 19:34:20
v_000007322,u_000555,s_00002,2025-02-08 18:39:14,2025-02-08 18:48:14
v_000007323,u_000104,s_00137,2025-01-03 20:17:19,2025-01-03 20:19:19
v_000007324,u_001359,s_00074,2025-02-14 23:16:49,2025-02-14 23:22:49
v_000007325,u_001438,s_00103,2025-01-30 18:39:51,2025-01-30 19:57:51
v_000007326,u_000112,s_00083,2025-02-08 20:18:36,2025-02-08 20:19:36
v_000007327,u_000550,s_00024,2025-02-08 22:42:05,2025-02-08 22:56:05
v_000007328,u_000303,s_00093,2025-02-25 19:29:43,2025-02-25 19:59:43
v_000007329,u_000677,s_00066,2025-02-24 21:51:53,2025-02-24 22:36:53
v_000007330,u_000252,s_00124,2025-02-17 20:50:44,2025-02-17 21:05:44
v_000007331,u_000507,s_00084,2025-01-10 16:32:31,2025-01-10 16:33:31
v_000007332,u_000444,s_00114,2025-01-01 19:00:50,2025-01-01 19:06:50
v_000007333,u_001055,s_00001,2025-02-19 20:10:31,2025-02-19 20:44:31
v_000007334,u_000903,s_00014,2025-01-15 10:14:47,2025-01-15 10:25:47
v_000007335,u_001692,s_00006,2025-01-24 11:30:10,2025-01-24 11:37:10
v_000007336,u_000819,s_00079,2025-01-25 17:04:35,2025-01-25 17:46:35
v_000007337,u_001415,s_00074,2025-02-03 15:42:34,2025-02-03 15:45:34
v_000007338,u_000305,s_00070,2025-03-01 17:07:09,2025-03-01 17:56:09
v_000007339,u_000124,s_00039,2025-01-24 14:16:11,2025-01-24 15:10:11
v_000007340,u_001171,s_00060,2025-01-02 20:05:42,2025-01-02 20:40:42
v_000007341,u_001818,s_00107,2025-02-27 23:15:47,2025-02-27 23:20:47
v_000007342,u_000619,s_00088,2025-02-28 23:15:12,2025-02-28 23:23:12
v_000007343,u_001117,s_00130,2025-02-06 11:33:47,2025-02-06 12:08:47
v_000007344,u_000245,s_00126,2025-01-07 20:12:19,2025-01-07 20:27:19
v_000007345,u_001428,s_00017,2025-02-13 21:25:04,2025-02-13 21:58:04
v_000007346,u_000925,s_00084,2025-01-23 17:58:40,2025-01-23 18:04:40
v_000007347,u_000840,s_00111,2025-01-28 20:57:00,2025-01-28 21:47:00
v_000007348,u_000450,s_00074,2025-01-05 19:50:42,2025-01-05 19:57:42
v_000007349,u_000984,s_00112,2025-02-08 23:21:37,2025-02-08 23:23:37
v_000007350,u_000411,s_00035,2025-02-09 17:12:13,2025-02-09 17:17:13
v_000007351,u_000227,s_00092,2025-01-09 17:20:04,2025-01-09 17:30:04
v_000007352,u_001759,s_00119,2025-02-03 23:41:41,2025-02-03 23:54:41
v_000007353,u_000120,s_00145,2025-01-14 18:31:49,2025-01-14 18:49:49
v_000007354,u_000842,s_00082,2025-02-06 21:51:09,2025-02-06 22:46:09
v_000007355,u_000917,s_00072,2025-02-17 18:22:28,2025-02-17 18:24:28
v_000007356,u_000200,s_00095,2025-02-08 18:03:04,2025-02-08 18:04:04
v_000007357,u_001164,s_00031,2025-01-12 23:45:34,2025-01-12 23:51:34
v_000007358,u_001182,s_00144,2025-01-12 19:48:06,2025-01-12 20:04:06
v_000007359,u_001881,s_00000,2025-02-07 23:06:30,2025-02-07 23:32:30
v_000007360,u_001030,s_00127,2025-02-14 18:22:34,2025-02-14 18:38:34
v_000007361,u_000306,s_00068,2025-01-04 20:09:48,2025-01-04 20:59:48
v_000007362,u_001615,s_00013,2025-01-13 13:09:32,2025-01-13 13:24:32
v_000007363,u_001656,s_00083,2025-02-11 22:15:35,2025-02-11 22:17:35
v_000007364,u_001664,s_00034,2025-02-19 19:44:05,2025-02-19 20:11:05
v_000007365,u_001363,s_00030,2025-02-15 23:40:29,2025-02-16 00:10:29
v_000007366,u_001349,s_00116,2025-01-08 19:31:17,2025-01-08 19:32:17
v_000007367,u_000427,s_00141,2025-01-13 16:52:03,2025-01-13 17:09:03
v_000007368,u_000724,s_00001,2025-02-10 20:04:45,2025-02-10 20:09:45
v_000007369,u_000769,s_00130,2025-02-27 12:07:09,2025-02-27 13:00:09
v_000007370,u_001809,s_00102,2025-01-25 16:44:48,2025-01-25 16:47:48
v_000007371,u_000428,s_00128,2025-02-27 23:47:06,2025-02-27 23:59:06
v_000007372,u_001034,s_00038,2025-01-05 23:32:30,2025-01-05 23:44:30
v_000007373,u_001037,s_00125,2025-01-18 20:18:44,2025-01-18 20:19:44
v_000007374,u_000592,s_00043,2025-02-02 15:41:42,2025-02-02 16:27:42
v_000007375,u_000120,s_00089,2025-02-11 23:26:27,2025-02-11 23:40:27
v_000007376,u_001386,s_00114,2025-01-25 14:54:19,2025-01-25 15:20:19
v_000007377,u_000580,s_00087,2025-01-02 23:18:41,2025-01-02 23:55:41
v_000007378,u_000888,s_00055,2025-01-26 15:04:06,2025-01-26 15:05:06
v_000007379,u_001981,s_00013,2025-02-04 19:38:42,2025-02-04 20:21:42
v_000007380,u_001132,s_00097,2025-01-05 12:05:37,2025-01-05 12:14:37
v_000007381,u_001198,s_00057,2025-02-17 23:09:51,2025-02-17 23:15:51
v_000007382,u_001602,s_00025,2025-03-01 18:40:31,2025-03-01 19:10:31
v_000007383,u_000877,s_00059,2025-01-08 20:29:38,2025-01-08 20:30:38
v_000007384,u_001580,s_00013,2025-02-11 19:47:31,2025-02-11 20:36:31
v_000007385,u_001131,s_00148,2025-01-25 23:43:36,2025-01-25 23:50:36
v_000007386,u_000243,s_00148,2025-01-13 21:24:41,2025-01-13 21:46:41
v_000007387,u_000326,s_00084,2025-01-02 23:49:13,2025-01-02 23:53:13
v_000007388,u_000841,s_00049,2025-01-01 23:33:04,2025-01-01 23:49:04
v_000007389,u_001659,s_00046,2025-01-30 17:59:40,2025-01-30 18:23:40
v_000007390,u_001844,s_00142,2025-02-07 23:57:31,2025-02-07 23:59:31
v_000007391,u_000335,s_00104,2025-01-16 11:09:59,2025-01-16 11:19:59
v_000007392,u_001959,s_00021,2025-01-03 23:50:22,2025-01-03 23:51:22
v_000007393,u_000229,s_00078,2025-02-24 23:00:53,2025-02-24 23:01:53
v_000007394,u_000030,s_00050,2025-01-04 22:40:36,2025-01-04 22:56:36
v_000007395,u_000103,s_00038,2025-01-24 18:36:03,2025-01-24 18:37:03
v_000007396,u_001981,s_00054,2025-01-31 20:37:16,2025-01-31 20:47:16
v_000007397,u_001711,s_00075,2025-01-21 23:51:09,2025-01-21 23:56:09
v_000007398,u_000562,s_00064,2025-02-26 21:02:08,2025-02-26 21:12:08
v_000007399,u_000508,s_00112,2025-02-16 21:31:36,2025-02-16 22:17:36
v_000007400,u_000344,s_00077,2025-01-15 21:04:27,2025-01-15 21:11:27
v_000007401,u_001000,s_00087,2025-02-18 15:17:13,2025-02-18 15:38:13
v_000007402,u_001364,s_00143,2025-02-21 23:43:55,2025-02-21 23:54:55
v_000007403,u_001751,s_00105,2025-01-06 23:32:45,2025-01-07 00:21:45
v_000007404,u_000003,s_00041,2025-02-18 23:27:02,2025-02-18 23:35:02
v_000007405,u_001496,s_00073,2025-01-31 22:54:12,2025-01-31 23:04:12
v_000007406,u_000653,s_00096,2025-01-21 14:24:48,2025-01-21 15:33:48
v_000007407,u_001904,s_00078,2025-02-09 23:25:00,2025-02-09 23:36:00
v_000007408,u_001538,s_00041,2025-02-07 14:37:27,2025-02-07 14:38:27
v_000007409,u_001854,s_00114,2025-02-06 18:24:57,2025-02-06 18:29:57
v_000007410,u_000979,s_00061,2025-01-14 17:44:53,2025-01-14 18:49:53
v_000007411,u_000928,s_00144,2025-01-18 22:01:40,2025-01-18 22:12:40
v_000007412,u_000212,s_00009,2025-01-13 23:10:16,2025-01-13 23:11:16
v_000007413,u_001855,s_00062,2025-01-17 18:20:23,2025-01-17 18:27:23
v_000007414,u_000853,s_00027,2025-01-15 16:43:50,2025-01-15 18:43:50
v_000007415,u_001819,s_00136,2025-02-20 14:42:05,2025-02-20 15:05:05
v_000007416,u_000509,s_00099,2025-01-30 23:47:10,2025-01-31 00:15:10
v_000007417,u_000100,s_00052,2025-01-05 21:21:40,2025-01-05 21:42:40
v_000007418,u_001252,s_00033,2025-02-15 22:46:37,2025-02-15 22:47:37
v_000007419,u_001383,s_00115,2025-01-03 21:45:30,2025-01-03 22:32:30
v_000007420,u_001616,s_00034,2025-01-26 23:53:14,2025-01-27 00:04:14
v_000007421,u_001139,s_00117,2025-02-04 12:11:26,2025-02-04 12:32:26
v_000007422,u_000597,s_00097,2025-02-19 23:28:53,2025-02-20 00:50:53
v_000007423,u_001845,s_00042,2025-01-08 10:20:02,2025-01-08 10:44:02
v_000007424,u_000453,s_00118,2025-02-03 11:34:55,2025-02-03 11:58:55
v_000007425,u_000049,s_00031,2025-02-04 21:38:16,2025-02-04 21:39:16
v_000007426,u_001425,s_00078,2025-01-04 23:07:19,2025-01-04 23:08:19
v_000007427,u_000043,s_00004,2025-02-21 22:09:59,2025-02-21 22:16:59
v_000007428,u_000219,s_00127,2025-02-11 23:42:57,2025-02-12 00:07:57
v_000007429,u_001002,s_00009,2025-02-10 23:43:51,2025-02-11 00:25:51
v_000007430,u_001808,s_00028,2025-02-28 18:24:03,2025-02-28 18:28:03
v_000007431,u_000145,s_00081,2025-02-11 14:41:13,2025-02-11 15:04:13
v_000007432,u_000349,s_00129,2025-02-02 22:11:31,2025-02-02 22:12:31
v_000007433,u_001876,s_00036,2025-02-04 21:54:23,2025-02-04 22:51:23
v_000007434,u_000532,s_00099,2025-02-27 22:20:54,2025-02-27 22:49:54
v_000007435,u_000298,s_00149,2025-02-16 18:20:00,2025-02-16 18:42:00
v_000007436,u_001576,s_00105,2025-02-01 21:17:01,2025-02-01 21:33:01
v_000007437,u_000017,s_00089,2025-02-21 18:48:28,2025-02-21 18:51:28
v_000007438,u_000018,s_00065,2025-01-16 16:58:37,2025-01-16 16:59:37
v_000007439,u_001847,s_00068,2025-02-16 20:10:02,2025-02-16 20:28:02
v_000007440,u_000449,s_00001,2025-01-08 17:59:50,2025-01-08 18:05:50
v_000007441,u_000518,s_00096,2025-01-28 22:29:48,2025-01-28 22:35:48
v_000007442,u_001269,s_00027,2025-02-23 18:11:00,2025-02-23 18:39:00
v_000007443,u_000316,s_00046,2025-01-02 17:19:19,2025-01-02 17:36:19
v_000007444,u_001015,s_00138,2025-02-13 23:35:47,2025-02-13 23:36:47
v_000007445,u_001509,s_00029,2025-01-01 11:48:51,2025-01-01 11:56:51
v_000007446,u_001478,s_00055,2025-01-15 16:11:11,2025-01-15 16:17:11
v_000007447,u_001022,s_00001,2025-01-07 20:02:46,2025-01-07 20:07:46
v_000007448,u_001774,s_00030,2025-02-27 16:26:22,2025-02-27 16:34:22
v_000007449,u_000189,s_00101,2025-01-24 19:06:48,2025-01-24 19:45:48
v_000007450,u_000834,s_00129,2025-01-19 14:22:51,2025-01-19 14:34:51
v_000007451,u_000067,s_00013,2025-01-30 23:20:54,2025-01-30 23:49:54
v_000007452,u_001556,s_00001,2025-02-13 18:49:25,2025-02-13 18:50:25
v_000007453,u_000852,s_00042,2025-02-05 18:25:52,2025-02-05 19:21:52
v_000007454,u_000201,s_00018,2025-01-21 14:59:24,2025-01-21 15:38:24
v_000007455,u_001379,s_00083,2025-01-16 20:11:35,2025-01-16 20:18:35
v_000007456,u_001277,s_00121,2025-01-26 21:01:28,2025-01-26 21:21:28
v_000007457,u_001504,s_00032,2025-01-14 16:45:13,2025-01-14 16:58:13
v_000007458,u_000243,s_00144,2025-01-04 22:36:55,2025-01-04 22:48:55
v_000007459,u_000196,s_00125,2025-02-11 15:37:59,2025-02-11 16:43:59
v_000007460,u_001900,s_00053,2025-01-25 17:39:52,2025-01-25 17:56:52
v_000007461,u_000796,s_00012,2025-02-05 16:05:08,2025-02-05 16:21:08
v_000007462,u_000725,s_00121,2025-01-22 19:49:32,2025-01-22 20:02:32
v_000007463,u_001841,s_00081,2025-02-12 20:27:08,2025-02-12 20:42:08
v_000007464,u_000547,s_00108,2025-02-19 23:36:12,2025-02-20 00:09:12
v_000007465,u_000177,s_00117,2025-01-04 23:33:15,2025-01-04 23:34:15
v_000007466,u_001098,s_00148,2025-01-02 14:08:43,2025-01-02 14:52:43
v_000007467,u_001554,s_00111,2025-02-01 22:01:54,2025-02-01 22:08:54
v_000007468,u_000012,s_00121,2025-02-27 16:30:20,2025-02-27 16:48:20
v_000007469,u_001976,s_00133,2025-02-24 23:27:57,2025-02-24 23:28:57
v_000007470,u_001696,s_00081,2025-01-08 16:34:21,2025-01-08 17:07:21
v_000007471,u_001476,s_00001,2025-01-03 19:02:58,2025-01-03 19:26:58
v_000007472,u_001033,s_00081,2025-02-01 19:22:11,2025-02-01 19:23:11
v_000007473,u_001582,s_00015,2025-01-22 23:42:36,2025-01-22 23:56:36
v_000007474,u_001363,s_00030,2025-01-05 15:11:39,2025-01-05 16:18:39
v_000007475,u_000260,s_00075,2025-01-04 18:29:17,2025-01-04 18:39:17
v_000007476,u_000570,s_00104,2025-01-30 20:43:42,2025-01-30 20:57:42
v_000007477,u_000557,s_00088,2025-01-06 20:31:17,2025-01-06 21:08:17
v_000007478,u_001869,s_00049,2025-02-05 16:56:39,2025-02-05 17:15:39
v_000007479,u_000950,s_00024,2025-01-08 20:16:29,2025-01-08 20:39:29
v_000007480,u_001700,s_00081,2025-01-21 14:18:02,2025-01-21 14:42:02
v_000007481,u_001296,s_00068,2025-01-27 12:23:38,2025-01-27 12:38:38
v_000007482,u_001049,s_00141,2025-01-20 18:12:42,2025-01-20 18:21:42
v_000007483,u_001000,s_00087,2025-01-21 11:17:59,2025-01-21 12:11:59
v_000007484,u_000623,s_00110,2025-01-18 20:43:17,2025-01-18 21:06:17
v_000007485,u_000619,s_00031,2025-01-20 22:03:20,2025-01-20 22:22:20
v_000007486,u_000626,s_00105,2025-02-01 22:42:41,2025-02-01 22:59:41
v_000007487,u_000350,s_00016,2025-01-11 16:49:26,2025-01-11 16:56:26
v_000007488,u_001715,s_00101,2025-01-12 17:45:33,2025-01-12 17:46:33
v_000007489,u_000036,s_00062,2025-02-05 14:12:39,2025-02-05 15:05:39
v_000007490,u_001533,s_00104,2025-02-26 22:51:41,2025-02-26 22:57:41
v_000007491,u_000890,s_00102,2025-01-25 19:07:31,2025-01-25 19:09:31
v_000007492,u_001679,s_00026,2025-01-05 23:28:45,2025-01-06 00:13:45
v_000007493,u_001913,s_00101,2025-01-28 14:37:44,2025-01-28 14:48:44
v_000007494,u_001092,s_00135,2025-01-29 18:53:48,2025-01-29 19:03:48
v_000007495,u_001672,s_00124,2025-01-27 23:11:48,2025-01-27 23:19:48
v_000007496,u_001931,s_00113,2025-02-27 23:45:43,2025-02-28 00:05:43
v_000007497,u_001562,s_00120,2025-01-18 22:24:01,2025-01-18 22:25:01
v_000007498,u_001036,s_00098,2025-02-15 13:55:05,2025-02-15 14:21:05
v_000007499,u_001520,s_00142,2025-02-21 21:08:30,2025-02-21 21:13:30
v_000007500,u_000588,s_00014,2025-01-07 16:23:24,2025-01-07 16:40:24
v_000007501,u_001759,s_00028,2025-02-11 22:43:26,2025-02-11 23:12:26
v_000007502,u_001271,s_00099,2025-01-21 19:35:03,2025-01-21 20:13:03
v_000007503,u_001854,s_00103,2025-01-31 23:49:12,2025-01-31 23:59:12
v_000007504,u_000008,s_00063,2025-02-10 23:13:40,2025-02-10 23:14:40
v_000007505,u_001381,s_00064,2025-02-01 23:08:26,2025-02-01 23:24:26
v_000007506,u_000680,s_00060,2025-01-17 17:20:34,2025-01-17 17:42:34
v_000007507,u_001994,s_00086,2025-02-06 19:48:28,2025-02-06 20:00:28
v_000007508,u_001509,s_00038,2025-01-31 17:20:24,2025-01-31 17:58:24
v_000007509,u_000763,s_00120,2025-01-13 23:45:02,2025-01-13 23:50:02
v_000007510,u_000430,s_00020,2025-02-09 12:19:45,2025-02-09 12:42:45
v_000007511,u_001385,s_00073,2025-01-31 19:09:42,2025-01-31 20:04:42
v_000007512,u_000952,s_00076,2025-03-01 11:58:54,2025-03-01 12:18:54
v_000007513,u_001013,s_00135,2025-02-22 21:32:56,2025-02-22 21:48:56
v_000007514,u_001447,s_00047,2025-02-07 22:59:58,2025-02-08 00:54:58
v_000007515,u_001384,s_00054,2025-01-18 18:38:40,2025-01-18 18:50:40
v_000007516,u_000910,s_00100,2025-02-10 15:24:24,2025-02-10 15:43:24
v_000007517,u_000648,s_00020,2025-02-01 23:44:45,2025-02-02 00:07:45
v_000007518,u_000619,s_00083,2025-02-08 14:32:49,2025-02-08 15:01:49
v_000007519,u_001386,s_00137,2025-01-16 23:15:23,2025-01-16 23:32:23
v_000007520,u_001226,s_00032,2025-02-06 11:33:15,2025-02-06 12:01:15
v_000007521,u_001844,s_00102,2025-01-16 17:46:24,2025-01-16 18:30:24
v_000007522,u_000322,s_00037,2025-01-21 23:09:45,2025-01-21 23:10:45
v_000007523,u_001962,s_00030,2025-02-27 23:05:49,2025-02-27 23:53:49
v_000007524,u_000707,s_00025,2025-02-13 19:36:48,2025-02-13 19:54:48
v_000007525,u_000294,s_00125,2025-02-01 13:38:36,2025-02-01 13:45:36
v_000007526,u_001636,s_00087,2025-01-31 23:08:52,2025-01-31 23:26:52
v_000007527,u_000917,s_00006,2025-02-27 19:27:38,2025-02-27 19:32:38
v_000007528,u_001437,s_00030,2025-02-16 20:46:52,2025-02-16 20:50:52
v_000007529,u_000152,s_00033,2025-01-20 23:19:08,2025-01-20 23:34:08
v_000007530,u_000491,s_00116,2025-02-28 20:31:47,2025-02-28 20:39:47
v_000007531,u_000609,s_00120,2025-01-27 20:06:32,2025-01-27 20:30:32
v_000007532,u_000388,s_00124,2025-01-23 19:37:03,2025-01-23 20:10:03
v_000007533,u_001114,s_00005,2025-03-01 23:39:06,2025-03-02 00:01:06
v_000007534,u_000144,s_00037,2025-02-11 13:36:23,2025-02-11 13:40:23
v_000007535,u_000028,s_00006,2025-01-07 17:57:44,2025-01-07 18:00:44
v_000007536,u_000815,s_00117,2025-02-06 23:47:39,2025-02-06 23:49:39
v_000007537,u_000062,s_00066,2025-01-17 17:06:53,2025-01-17 17:12:53
v_000007538,u_001163,s_00039,2025-01-24 19:51:43,2025-01-24 21:56:43
v_000007539,u_001288,s_00124,2025-01-23 23:59:42,2025-01-24 00:07:42
v_000007540,u_000091,s_00065,2025-02-24 21:02:21,2025-02-24 21:06:21
v_000007541,u_001363,s_00118,2025-01-28 23:26:16,2025-01-28 23:35:16
v_000007542,u_000503,s_00013,2025-01-12 13:44:28,2025-01-12 13:56:28
v_000007543,u_001082,s_00081,2025-01-02 23:43:33,2025-01-02 23:50:33
v_000007544,u_001597,s_00103,2025-01-08 18:02:33,2025-01-08 18:11:33
v_000007545,u_000326,s_00084,2025-01-09 12:25:26,2025-01-09 12:44:26
v_000007546,u_000946,s_00006,2025-03-01 23:20:39,2025-03-01 23:24:39
v_000007547,u_000656,s_00071,2025-01-10 17:24:23,2025-01-10 17:47:23
v_000007548,u_001623,s_00119,2025-02-13 22:10:01,2025-02-13 22:23:01
v_000007549,u_001161,s_00124,2025-01-11 16:33:29,2025-01-11 17:29:29
v_000007550,u_001231,s_00024,2025-01-20 18:47:29,2025-01-20 19:18:29
v_000007551,u_000306,s_00068,2025-01-29 20:22:02,2025-01-29 20:39:02
v_000007552,u_001782,s_00095,2025-02-27 22:10:09,2025-02-27 22:35:09
v_000007553,u_000940,s_00089,2025-01-27 14:42:19,2025-01-27 15:07:19
v_000007554,u_001419,s_00035,2025-02-25 20:24:34,2025-02-25 21:19:34
v_000007555,u_001326,s_00056,2025-01-25 20:12:50,2025-01-25 20:22:50
v_000007556,u_001087,s_00138,2025-03-01 16:24:42,2025-03-01 16:29:42
v_000007557,u_001265,s_00085,2025-02-06 21:19:06,2025-02-06 21:23:06
v_000007558,u_001865,s_00021,2025-01-09 18:52:56,2025-01-09 19:05:56
v_000007559,u_001798,s_00123,2025-01-08 17:39:07,2025-01-08 17:41:07
v_000007560,u_000278,s_00103,2025-02-09 17:48:35,2025-02-09 17:53:35
v_000007561,u_001664,s_00034,2025-01-24 20:05:38,2025-01-24 20:18:38
v_000007562,u_000608,s_00022,2025-01-30 15:14:59,2025-01-30 15:19:59
v_000007563,u_001497,s_00078,2025-01-30 23:40:56,2025-01-30 23:47:56
v_000007564,u_001703,s_00002,2025-01-19 19:28:17,2025-01-19 19:55:17
v_000007565,u_000259,s_00124,2025-02-22 22:09:52,2025-02-22 22:17:52
v_000007566,u_001761,s_00139,2025-01-02 16:34:48,2025-01-02 16:44:48
v_000007567,u_000608,s_00022,2025-01-07 18:16:51,2025-01-07 18:24:51
v_000007568,u_001042,s_00017,2025-02-20 21:31:07,2025-02-20 21:34:07
v_000007569,u_000588,s_00118,2025-02-13 15:17:06,2025-02-13 16:00:06
v_000007570,u_000762,s_00147,2025-01-16 19:49:29,2025-01-16 20:04:29
v_000007571,u_001222,s_00007,2025-02-15 21:34:22,2025-02-15 22:09:22
v_000007572,u_001728,s_00093,2025-02-27 19:44:06,2025-02-27 20:01:06
v_000007573,u_000981,s_00141,2025-01-06 21:01:30,2025-01-06 21:24:30
v_000007574,u_000435,s_00051,2025-02-11 23:00:21,2025-02-11 23:07:21
v_000007575,u_000418,s_00015,2025-01-18 16:13:15,2025-01-18 17:10:15
v_000007576,u_000106,s_00019,2025-02-25 23:21:49,2025-02-25 23:29:49
v_000007577,u_001437,s_00030,2025-02-06 19:47:05,2025-02-06 19:59:05
v_000007578,u_000497,s_00065,2025-02-23 23:55:32,2025-02-24 00:46:32
v_000007579,u_000495,s_00064,2025-02-28 12:37:10,2025-02-28 13:02:10
v_000007580,u_001896,s_00059,2025-01-16 23:47:05,2025-01-17 00:53:05
v_000007581,u_001345,s_00117,2025-01-11 21:16:43,2025-01-11 21:22:43
v_000007582,u_001279,s_00057,2025-01-26 18:53:13,2025-01-26 19:00:13
v_000007583,u_001329,s_00112,2025-01-04 18:49:33,2025-01-04 18:59:33
v_000007584,u_001121,s_00096,2025-01-07 23:11:56,2025-01-07 23:14:56
v_000007585,u_001979,s_00019,2025-02-17 18:58:11,2025-02-17 19:16:11
v_000007586,u_000519,s_00087,2025-01-16 23:34:05,2025-01-17 00:11:05
v_000007587,u_000636,s_00051,2025-02-13 15:45:45,2025-02-13 15:57:45
v_000007588,u_001533,s_00008,2025-02-05 23:55:19,2025-02-06 00:30:19
v_000007589,u_000950,s_00024,2025-02-28 18:56:43,2025-02-28 19:37:43
v_000007590,u_001015,s_00009,2025-01-11 23:49:53,2025-01-12 00:38:53
v_000007591,u_001266,s_00095,2025-02-15 20:56:27,2025-02-15 21:12:27
v_000007592,u_001118,s_00026,2025-02-10 20:55:53,2025-02-10 21:02:53
v_000007593,u_000231,s_00011,2025-02-25 16:25:31,2025-02-25 17:16:31
v_000007594,u_001863,s_00032,2025-01-26 18:14:06,2025-01-26 18:24:06
v_000007595,u_001247,s_00004,2025-01-01 14:39:02,2025-01-01 15:20:02
v_000007596,u_000270,s_00076,2025-01-23 23:52:38,2025-01-24 00:00:38
v_000007597,u_001537,s_00122,2025-02-27 17:02:50,2025-02-27 17:17:50
v_000007598,u_001809,s_00049,2025-02-09 15:38:26,2025-02-09 16:12:26
v_000007599,u_000263,s_00041,2025-01-12 23:07:49,2025-01-12 23:22:49
v_000007600,u_001164,s_00031,2025-01-13 23:27:05,2025-01-13 23:39:05
v_000007601,u_001511,s_00046,2025-01-23 20:04:44,2025-01-23 20:05:44
v_000007602,u_000782,s_00144,2025-01-30 19:02:58,2025-01-30 19:46:58
v_000007603,u_001833,s_00129,2025-03-01 18:21:42,2025-03-01 18:28:42
v_000007604,u_000911,s_00034,2025-01-18 21:06:37,2025-01-18 21:08:37
v_000007605,u_001496,s_00073,2025-02-20 23:10:17,2025-02-20 23:15:17
v_000007606,u_000105,s_00131,2025-01-05 15:39:12,2025-01-05 16:08:12
v_000007607,u_000640,s_00055,2025-01-13 19:31:28,2025-01-13 19:56:28
v_000007608,u_001045,s_00116,2025-01-11 23:58:45,2025-01-12 00:14:45
v_000007609,u_001121,s_00038,2025-02-22 23:40:31,2025-02-23 00:00:31
v_000007610,u_001760,s_00125,2025-02-27 16:45:39,2025-02-27 16:59:39
v_000007611,u_000942,s_00033,2025-01-08 15:16:25,2025-01-08 15:27:25
v_000007612,u_001678,s_00063,2025-01-01 21:47:36,2025-01-01 22:16:36
v_000007613,u_001504,s_00057,2025-01-19 19:11:16,2025-01-19 19:44:16
v_000007614,u_000388,s_00037,2025-01-07 17:25:51,2025-01-07 17:47:51
v_000007615,u_001049,s_00141,2025-02-14 23:44:52,2025-02-15 00:02:52
v_000007616,u_000619,s_00012,2025-02-16 23:50:08,2025-02-17 00:11:08
v_000007617,u_001043,s_00009,2025-01-26 23:54:53,2025-01-27 00:44:53
v_000007618,u_000927,s_00064,2025-02-02 18:37:10,2025-02-02 19:20:10
v_000007619,u_000008,s_00063,2025-02-06 17:19:08,2025-02-06 17:34:08
v_000007620,u_000279,s_00046,2025-01-31 09:41:15,2025-01-31 09:51:15
v_000007621,u_001431,s_00010,2025-01-11 19:13:44,2025-01-11 19:27:44
v_000007622,u_000951,s_00096,2025-02-22 23:20:09,2025-02-22 23:36:09
v_000007623,u_000010,s_00125,2025-02-18 23:50:46,2025-02-19 00:34:46
v_000007624,u_001730,s_00108,2025-01-12 19:59:23,2025-01-12 20:10:23
v_000007625,u_000587,s_00018,2025-01-31 12:40:16,2025-01-31 12:54:16
v_000007626,u_001912,s_00076,2025-01-02 23:03:07,2025-01-03 00:16:07
v_000007627,u_001802,s_00010,2025-02-12 22:25:49,2025-02-12 22:41:49
v_000007628,u_001582,s_00093,2025-02-11 17:37:31,2025-02-11 18:13:31
v_000007629,u_000985,s_00008,2025-01-06 16:59:45,2025-01-06 17:13:45
v_000007630,u_000266,s_00001,2025-02-18 22:49:25,2025-02-18 22:50:25
v_000007631,u_001710,s_00089,2025-01-22 20:43:02,2025-01-22 20:59:02
v_000007632,u_000519,s_00089,2025-02-28 18:03:54,2025-02-28 18:15:54
v_000007633,u_001954,s_00049,2025-01-04 19:58:20,2025-01-04 19:59:20
v_000007634,u_000351,s_00060,2025-01-03 19:47:06,2025-01-03 19:56:06
v_000007635,u_000449,s_00001,2025-01-16 19:10:25,2025-01-16 20:02:25
v_000007636,u_001847,s_00020,2025-01-17 23:44:20,2025-01-18 00:04:20
v_000007637,u_000794,s_00076,2025-01-31 18:34:54,2025-01-31 18:42:54
v_000007638,u_001976,s_00071,2025-01-15 22:44:54,2025-01-15 23:31:54
v_000007639,u_001179,s_00148,2025-01-31 13:42:10,2025-01-31 15:29:10
v_000007640,u_001894,s_00119,2025-01-14 23:32:49,2025-01-14 23:33:49
v_000007641,u_000079,s_00132,2025-02-17 16:44:03,2025-02-17 17:25:03
v_000007642,u_001055,s_00026,2025-02-28 17:29:01,2025-02-28 17:33:01
v_000007643,u_000242,s_00056,2025-02-08 13:17:10,2025-02-08 13:25:10
v_000007644,u_001703,s_00002,2025-02-18 15:10:46,2025-02-18 15:46:46
v_000007645,u_001639,s_00149,2025-02-04 22:29:04,2025-02-04 23:06:04
v_000007646,u_000454,s_00147,2025-02-13 23:22:34,2025-02-13 23:53:34
v_000007647,u_001454,s_00064,2025-01-02 23:51:12,2025-01-02 23:52:12
v_000007648,u_000261,s_00063,2025-02-23 15:58:26,2025-02-23 16:28:26
v_000007649,u_001837,s_00044,2025-01-28 14:47:13,2025-01-28 15:10:13
v_000007650,u_000608,s_00022,2025-02-13 23:11:17,2025-02-13 23:23:17
v_000007651,u_001178,s_00003,2025-02-16 17:57:15,2025-02-16 18:29:15
v_000007652,u_001509,s_00008,2025-02-28 23:59:22,2025-03-01 00:24:22
v_000007653,u_001156,s_00041,2025-02-24 22:17:37,2025-02-24 22:35:37
v_000007654,u_001505,s_00125,2025-02-03 15:05:11,2025-02-03 15:06:11
v_000007655,u_000828,s_00136,2025-02-26 21:47:09,2025-02-26 22:27:09
v_000007656,u_001119,s_00050,2025-02-19 20:24:36,2025-02-19 21:26:36
v_000007657,u_000010,s_00022,2025-02-19 16:14:40,2025-02-19 16:15:40
v_000007658,u_001650,s_00066,2025-02-12 18:33:30,2025-02-12 19:24:30
v_000007659,u_001059,s_00047,2025-02-17 22:51:04,2025-02-17 23:38:04
v_000007660,u_000198,s_00120,2025-02-11 16:38:33,2025-02-11 17:29:33
v_000007661,u_000777,s_00105,2025-03-01 16:02:08,2025-03-01 16:29:08
v_000007662,u_000068,s_00056,2025-01-13 09:48:58,2025-01-13 09:56:58
v_000007663,u_000266,s_00004,2025-02-26 17:40:13,2025-02-26 17:41:13
v_000007664,u_001536,s_00053,2025-02-24 23:06:58,2025-02-24 23:24:58
v_000007665,u_001114,s_00005,2025-02-11 17:15:04,2025-02-11 17:49:04
v_000007666,u_001460,s_00023,2025-01-31 23:26:54,2025-01-31 23:36:54
v_000007667,u_001354,s_00024,2025-01-31 22:24:04,2025-01-31 22:28:04
v_000007668,u_001448,s_00084,2025-01-28 23:16:15,2025-01-28 23:36:15
v_000007669,u_001759,s_00119,2025-01-24 20:04:01,2025-01-24 20:09:01
v_000007670,u_000616,s_00118,2025-01-19 23:42:52,2025-01-20 00:12:52
v_000007671,u_001750,s_00123,2025-03-01 23:29:55,2025-03-01 23:57:55
v_000007672,u_000977,s_00118,2025-01-16 19:44:09,2025-01-16 20:29:09
v_000007673,u_000025,s_00042,2025-01-24 20:02:10,2025-01-24 20:16:10
v_000007674,u_000104,s_00014,2025-01-11 15:22:29,2025-01-11 15:40:29
v_000007675,u_000312,s_00060,2025-02-23 21:50:41,2025-02-23 21:54:41
v_000007676,u_001649,s_00038,2025-01-20 13:21:47,2025-01-20 14:12:47
v_000007677,u_000612,s_00068,2025-02-11 18:23:02,2025-02-11 18:25:02
v_000007678,u_001204,s_00039,2025-01-29 17:15:09,2025-01-29 17:19:09
v_000007679,u_000897,s_00133,2025-01-08 23:44:14,2025-01-08 23:47:14
v_000007680,u_001455,s_00081,2025-01-28 18:58:53,2025-01-28 19:28:53
v_000007681,u_001245,s_00118,2025-02-13 18:17:34,2025-02-13 18:18:34
v_000007682,u_001646,s_00008,2025-01-23 18:09:04,2025-01-23 18:47:04
v_000007683,u_000321,s_00005,2025-02-27 17:07:41,2025-02-27 17:09:41
v_000007684,u_001102,s_00052,2025-02-01 17:02:00,2025-02-01 17:25:00
v_000007685,u_000102,s_00083,2025-02-26 21:19:34,2025-02-26 21:20:34
v_000007686,u_001963,s_00037,2025-02-01 22:08:04,2025-02-01 22:27:04
v_000007687,u_001326,s_00004,2025-02-19 23:11:51,2025-02-19 23:13:51
v_000007688,u_000555,s_00134,2025-01-23 18:58:35,2025-01-23 19:03:35
v_000007689,u_001775,s_00056,2025-02-28 23:00:24,2025-02-28 23:10:24
v_000007690,u_000150,s_00131,2025-01-05 16:11:22,2025-01-05 16:34:22
v_000007691,u_000436,s_00104,2025-01-26 21:17:49,2025-01-26 21:26:49
v_000007692,u_000933,s_00133,2025-01-19 19:31:52,2025-01-19 19:32:52
v_000007693,u_000852,s_00042,2025-02-06 23:10:43,2025-02-06 23:11:43
v_000007694,u_000234,s_00011,2025-01-04 21:06:12,2025-01-04 22:09:12
v_000007695,u_000382,s_00069,2025-01-22 23:43:43,2025-01-22 23:57:43
v_000007696,u_001231,s_00062,2025-02-07 23:12:38,2025-02-07 23:23:38
v_000007697,u_001564,s_00067,2025-01-19 20:11:41,2025-01-19 20:21:41
v_000007698,u_000532,s_00076,2025-01-30 19:57:34,2025-01-30 21:02:34
v_000007699,u_000263,s_00041,2025-02-01 14:18:23,2025-02-01 14:53:23
v_000007700,u_000451,s_00060,2025-02-12 23:37:30,2025-02-12 23:39:30
v_000007701,u_000918,s_00125,2025-02-28 18:59:23,2025-02-28 19:24:23
v_000007702,u_001846,s_00046,2025-01-17 20:39:02,2025-01-17 20:47:02
v_000007703,u_000491,s_00086,2025-01-26 12:17:41,2025-01-26 12:32:41
v_000007704,u_001226,s_00106,2025-01-22 20:13:07,2025-01-22 20:35:07
v_000007705,u_000288,s_00107,2025-01-09 23:19:50,2025-01-10 00:31:50
v_000007706,u_001897,s_00032,2025-01-23 19:35:22,2025-01-23 19:45:22
v_000007707,u_001098,s_00133,2025-02-07 19:59:59,2025-02-07 20:04:59
v_000007708,u_000735,s_00125,2025-01-24 15:18:12,2025-01-24 15:22:12
v_000007709,u_000242,s_00056,2025-02-02 15:25:59,2025-02-02 15:44:59
v_000007710,u_000145,s_00015,2025-01-02 14:57:57,2025-01-02 15:33:57
v_000007711,u_001398,s_00054,2025-01-09 23:31:36,2025-01-09 23:38:36
v_000007712,u_001748,s_00109,2025-02-12 15:06:10,2025-02-12 15:09:10
v_000007713,u_000265,s_00020,2025-01-14 19:20:44,2025-01-14 21:25:44
v_000007714,u_000920,s_00112,2025-02-13 20:28:54,2025-02-13 20:39:54
v_000007715,u_001428,s_00097,2025-01-31 16:04:20,2025-01-31 16:07:20
v_000007716,u_000873,s_00103,2025-02-24 20:58:30,2025-02-24 22:00:30
v_000007717,u_001663,s_00125,2025-01-06 19:05:15,2025-01-06 19:06:15
v_000007718,u_000021,s_00110,2025-01-26 21:18:19,2025-01-26 21:21:19
v_000007719,u_000841,s_00004,2025-01-29 16:31:41,2025-01-29 16:59:41
v_000007720,u_001453,s_00130,2025-01-20 21:20:07,2025-01-20 21:28:07
v_000007721,u_001638,s_00110,2025-01-20 18:16:20,2025-01-20 18:52:20
v_000007722,u_000572,s_00112,2025-02-01 19:42:13,2025-02-01 19:48:13
v_000007723,u_000145,s_00079,2025-01-09 23:40:33,2025-01-10 00:31:33
v_000007724,u_001784,s_00123,2025-02-02 23:18:58,2025-02-02 23:49:58
v_000007725,u_001458,s_00074,2025-02-08 10:30:03,2025-02-08 10:55:03
v_000007726,u_000584,s_00118,2025-01-19 22:38:23,2025-01-19 22:50:23
v_000007727,u_001748,s_00109,2025-02-18 19:38:30,2025-02-18 19:44:30
v_000007728,u_001008,s_00110,2025-01-23 12:06:17,2025-01-23 12:07:17
v_000007729,u_000671,s_00117,2025-02-24 22:21:38,2025-02-24 22:54:38
v_000007730,u_001980,s_00011,2025-02-27 23:07:56,2025-02-27 23:27:56
v_000007731,u_000849,s_00111,2025-02-21 15:21:12,2025-02-21 15:25:12
v_000007732,u_000091,s_00127,2025-02-06 14:10:03,2025-02-06 14:31:03
v_000007733,u_000292,s_00043,2025-02-11 23:57:22,2025-02-12 00:11:22
v_000007734,u_001377,s_00102,2025-02-15 20:19:34,2025-02-15 20:32:34
v_000007735,u_001265,s_00077,2025-01-20 19:52:57,2025-01-20 20:01:57
v_000007736,u_000329,s_00054,2025-02-21 23:22:18,2025-02-21 23:35:18
v_000007737,u_001843,s_00092,2025-01-28 20:18:36,2025-01-28 20:38:36
v_000007738,u_001016,s_00128,2025-02-26 21:07:26,2025-02-26 21:18:26
v_000007739,u_000937,s_00116,2025-02-04 21:42:48,2025-02-04 21:53:48
v_000007740,u_000368,s_00136,2025-02-07 15:57:22,2025-02-07 15:58:22
v_000007741,u_000127,s_00123,2025-02-24 21:48:22,2025-02-24 21:55:22
v_000007742,u_000367,s_00053,2025-02-14 13:08:45,2025-02-14 13:16:45
v_000007743,u_001315,s_00036,2025-01-07 15:25:34,2025-01-07 15:58:34
v_000007744,u_001999,s_00115,2025-02-21 20:48:51,2025-02-21 21:04:51
v_000007745,u_001336,s_00088,2025-02-12 16:56:54,2025-02-12 16:57:54
v_000007746,u_000147,s_00125,2025-01-26 21:57:30,2025-01-26 22:02:30
v_000007747,u_000838,s_00029,2025-02-05 15:20:54,2025-02-05 15:56:54
v_000007748,u_001921,s_00024,2025-01-19 22:59:07,2025-01-19 23:24:07
v_000007749,u_000684,s_00021,2025-02-15 22:27:22,2025-02-15 22:36:22
v_000007750,u_000488,s_00080,2025-01-19 14:01:48,2025-01-19 14:02:48
v_000007751,u_000294,s_00097,2025-02-01 18:03:36,2025-02-01 18:27:36
v_000007752,u_001282,s_00050,2025-01-21 15:13:45,2025-01-21 15:26:45
v_000007753,u_000353,s_00063,2025-02-10 21:59:24,2025-02-10 22:09:24
v_000007754,u_001597,s_00103,2025-02-25 16:05:15,2025-02-25 16:14:15
v_000007755,u_000151,s_00059,2025-01-28 20:59:20,2025-01-28 22:06:20
v_000007756,u_001255,s_00063,2025-02-27 20:22:42,2025-02-27 20:23:42
v_000007757,u_000727,s_00065,2025-02-18 13:43:06,2025-02-18 14:22:06
v_000007758,u_001003,s_00109,2025-01-08 19:02:06,2025-01-08 19:07:06
v_000007759,u_001045,s_00075,2025-01-02 23:33:52,2025-01-02 23:53:52
v_000007760,u_000789,s_00062,2025-02-19 18:10:52,2025-02-19 18:29:52
v_000007761,u_000755,s_00017,2025-02-05 23:01:38,2025-02-05 23:12:38
v_000007762,u_000753,s_00092,2025-02-26 23:45:08,2025-02-26 23:47:08
v_000007763,u_000306,s_00144,2025-01-09 23:08:19,2025-01-09 23:32:19
v_000007764,u_001394,s_00057,2025-01-29 20:07:07,2025-01-29 20:13:07
v_000007765,u_001260,s_00013,2025-02-02 23:01:45,2025-02-03 00:14:45
v_000007766,u_000998,s_00123,2025-01-05 23:04:54,2025-01-05 23:11:54
v_000007767,u_000669,s_00090,2025-02-11 22:25:00,2025-02-12 00:29:00
v_000007768,u_001841,s_00093,2025-01-21 21:21:08,2025-01-21 21:28:08
v_000007769,u_000312,s_00079,2025-01-23 14:16:27,2025-01-23 14:29:27
v_000007770,u_001350,s_00049,2025-02-08 23:32:17,2025-02-08 23:40:17
v_000007771,u_001626,s_00066,2025-01-09 13:43:50,2025-01-09 14:06:50
v_000007772,u_001492,s_00047,2025-01-16 19:24:24,2025-01-16 19:48:24
v_000007773,u_000567,s_00119,2025-02-24 20:41:33,2025-02-24 22:15:33
v_000007774,u_001356,s_00007,2025-01-12 13:12:40,2025-01-12 13:21:40
v_000007775,u_000804,s_00038,2025-01-06 19:40:23,2025-01-06 19:43:23
v_000007776,u_000723,s_00141,2025-02-08 18:18:32,2025-02-08 18:42:32
v_000007777,u_000255,s_00055,2025-01-06 19:19:22,2025-01-06 19:21:22
v_000007778,u_001593,s_00002,2025-02-11 18:59:12,2025-02-11 19:13:12
v_000007779,u_001617,s_00042,2025-01-28 17:54:33,2025-01-28 18:33:33
v_000007780,u_001608,s_00142,2025-01-04 17:44:16,2025-01-04 18:03:16
v_000007781,u_000268,s_00015,2025-01-05 23:54:31,2025-01-06 00:01:31
v_000007782,u_001612,s_00129,2025-01-06 20:50:35,2025-01-06 21:09:35
v_000007783,u_001627,s_00061,2025-01-16 21:02:24,2025-01-16 21:03:24
v_000007784,u_000653,s_00096,2025-01-25 23:11:18,2025-01-25 23:20:18
v_000007785,u_000612,s_00128,2025-02-24 19:48:11,2025-02-24 19:55:11
v_000007786,u_001882,s_00027,2025-01-27 16:11:26,2025-01-27 16:17:26
v_000007787,u_001568,s_00062,2025-01-17 23:54:21,2025-01-18 00:13:21
v_000007788,u_000240,s_00125,2025-01-02 12:08:47,2025-01-02 12:18:47
v_000007789,u_001576,s_00072,2025-01-11 15:16:50,2025-01-11 15:20:50
v_000007790,u_000960,s_00011,2025-02-25 23:48:19,2025-02-26 00:17:19
v_000007791,u_001845,s_00042,2025-01-16 23:54:40,2025-01-17 00:29:40
v_000007792,u_001302,s_00059,2025-01-25 18:46:48,2025-01-25 18:50:48
v_000007793,u_001377,s_00073,2025-01-05 18:24:32,2025-01-05 19:00:32
v_000007794,u_000472,s_00131,2025-02-24 13:51:18,2025-02-24 14:32:18
v_000007795,u_001407,s_00031,2025-01-10 14:41:19,2025-01-10 14:59:19
v_000007796,u_000571,s_00006,2025-01-16 20:23:52,2025-01-16 20:38:52
v_000007797,u_001885,s_00090,2025-02-28 16:54:59,2025-02-28 17:10:59
v_000007798,u_000115,s_00079,2025-01-27 17:10:40,2025-01-27 17:28:40
v_000007799,u_000078,s_00014,2025-01-21 18:46:07,2025-01-21 19:25:07
v_000007800,u_001298,s_00028,2025-01-16 22:54:44,2025-01-16 23:05:44
v_000007801,u_001830,s_00015,2025-01-31 18:37:44,2025-01-31 18:43:44
v_000007802,u_001253,s_00105,2025-01-20 19:53:36,2025-01-20 21:06:36
v_000007803,u_001474,s_00097,2025-01-06 20:06:15,2025-01-06 20:18:15
v_000007804,u_000693,s_00017,2025-01-31 17:15:30,2025-01-31 18:09:30
v_000007805,u_001469,s_00040,2025-02-15 23:03:40,2025-02-15 23:54:40
v_000007806,u_001476,s_00125,2025-01-10 17:15:50,2025-01-10 17:23:50
v_000007807,u_001393,s_00026,2025-01-24 23:17:10,2025-01-24 23:32:10
v_000007808,u_000205,s_00069,2025-02-13 18:42:22,2025-02-13 19:00:22
v_000007809,u_000530,s_00054,2025-02-23 23:12:27,2025-02-23 23:31:27
v_000007810,u_001018,s_00111,2025-01-15 16:18:53,2025-01-15 16:48:53
v_000007811,u_001501,s_00076,2025-01-31 13:10:14,2025-01-31 13:22:14
v_000007812,u_000848,s_00052,2025-02-16 23:35:43,2025-02-17 00:04:43
v_000007813,u_001282,s_00050,2025-01-14 20:34:07,2025-01-14 20:37:07
v_000007814,u_000188,s_00069,2025-02-22 19:30:55,2025-02-22 19:43:55
v_000007815,u_000457,s_00048,2025-02-17 18:33:35,2025-02-17 19:02:35
v_000007816,u_000187,s_00047,2025-02-16 20:27:41,2025-02-16 20:28:41
v_000007817,u_000200,s_00082,2025-02-24 17:35:02,2025-02-24 17:42:02
v_000007818,u_001911,s_00042,2025-02-02 17:54:50,2025-02-02 18:17:50
v_000007819,u_001910,s_00085,2025-02-15 14:01:21,2025-02-15 14:11:21
v_000007820,u_001891,s_00067,2025-01-05 23:59:03,2025-01-06 00:00:03
v_000007821,u_000584,s_00143,2025-02-05 21:54:19,2025-02-05 21:56:19
v_000007822,u_000863,s_00004,2025-02-25 17:09:18,2025-02-25 17:11:18
v_000007823,u_001777,s_00135,2025-02-15 23:58:49,2025-02-16 00:31:49
v_000007824,u_001739,s_00037,2025-01-06 23:44:15,2025-01-07 00:15:15
v_000007825,u_001349,s_00118,2025-02-13 18:05:04,2025-02-13 18:17:04
v_000007826,u_000837,s_00040,2025-01-15 23:53:31,2025-01-15 23:56:31
v_000007827,u_000046,s_00023,2025-02-08 23:06:16,2025-02-08 23:32:16
v_000007828,u_001131,s_00041,2025-01-28 18:36:30,2025-01-28 18:38:30
v_000007829,u_001305,s_00023,2025-02-23 18:11:57,2025-02-23 18:52:57
v_000007830,u_000683,s_00120,2025-02-26 21:14:25,2025-02-26 21:30:25
v_000007831,u_000089,s_00145,2025-03-01 19:03:00,2025-03-01 19:35:00
v_000007832,u_001285,s_00070,2025-02-03 22:29:39,2025-02-03 23:09:39
v_000007833,u_000868,s_00011,2025-01-23 23:35:16,2025-01-23 23:39:16
v_000007834,u_001298,s_00077,2025-02-23 22:27:45,2025-02-23 22:28:45
v_000007835,u_001419,s_00126,2025-02-16 23:10:30,2025-02-16 23:15:30
v_000007836,u_001446,s_00098,2025-01-22 20:05:29,2025-01-22 20:46:29
v_000007837,u_000192,s_00128,2025-02-14 16:26:20,2025-02-14 16:47:20
v_000007838,u_000421,s_00062,2025-01-04 16:45:57,2025-01-04 16:54:57
v_000007839,u_000914,s_00108,2025-02-07 15:07:07,2025-02-07 16:59:07
v_000007840,u_000158,s_00141,2025-01-14 16:42:03,2025-01-14 17:00:03
v_000007841,u_000951,s_00049,2025-02-24 23:54:58,2025-02-24 23:55:58
v_000007842,u_000682,s_00098,2025-01-13 15:07:48,2025-01-13 15:12:48
v_000007843,u_001469,s_00047,2025-01-27 19:58:28,2025-01-27 20:23:28
v_000007844,u_001406,s_00011,2025-01-04 21:49:31,2025-01-04 22:00:31
v_000007845,u_001686,s_00008,2025-02-07 09:02:00,2025-02-07 09:21:00
v_000007846,u_001012,s_00148,2025-01-11 23:54:16,2025-01-12 00:20:16
v_000007847,u_001843,s_00101,2025-01-10 22:59:39,2025-01-10 23:09:39
v_000007848,u_001770,s_00133,2025-01-08 21:11:47,2025-01-08 21:33:47
v_000007849,u_001160,s_00114,2025-03-01 19:33:13,2025-03-01 19:42:13
v_000007850,u_000344,s_00077,2025-01-15 23:11:04,2025-01-15 23:33:04
v_000007851,u_001579,s_00075,2025-01-13 20:33:29,2025-01-13 22:35:29
v_000007852,u_001892,s_00145,2025-01-10 17:36:45,2025-01-10 17:43:45
v_000007853,u_001962,s_00027,2025-01-29 19:27:03,2025-01-29 20:08:03
v_000007854,u_000092,s_00142,2025-02-13 18:11:08,2025-02-13 18:49:08
v_000007855,u_001934,s_00112,2025-01-22 20:52:27,2025-01-22 20:58:27
v_000007856,u_000278,s_00073,2025-02-16 20:25:08,2025-02-16 20:33:08
v_000007857,u_000730,s_00038,2025-02-24 21:54:46,2025-02-24 22:34:46
v_000007858,u_001792,s_00004,2025-01-07 17:06:44,2025-01-07 18:19:44
v_000007859,u_000576,s_00000,2025-01-15 23:15:05,2025-01-15 23:19:05
v_000007860,u_001868,s_00029,2025-02-20 14:38:16,2025-02-20 15:06:16
v_000007861,u_001687,s_00001,2025-02-03 23:07:06,2025-02-03 23:17:06
v_000007862,u_001820,s_00072,2025-02-11 20:55:53,2025-02-11 21:44:53
v_000007863,u_001332,s_00022,2025-01-16 19:37:16,2025-01-16 19:41:16
v_000007864,u_000588,s_00026,2025-01-02 18:34:50,2025-01-02 18:39:50
v_000007865,u_000650,s_00035,2025-01-26 23:10:54,2025-01-26 23:36:54
v_000007866,u_000502,s_00072,2025-02-08 22:00:58,2025-02-08 22:10:58
v_000007867,u_000259,s_00124,2025-02-06 19:31:46,2025-02-06 19:44:46
v_000007868,u_001379,s_00120,2025-01-30 19:43:52,2025-01-30 19:48:52
v_000007869,u_000645,s_00134,2025-01-23 23:18:46,2025-01-23 23:43:46
v_000007870,u_001899,s_00022,2025-01-17 23:12:19,2025-01-18 00:20:19
v_000007871,u_001193,s_00022,2025-02-17 23:55:49,2025-02-18 00:06:49
v_000007872,u_000076,s_00055,2025-01-20 21:13:17,2025-01-20 21:18:17
v_000007873,u_001594,s_00139,2025-02-12 21:05:40,2025-02-12 21:15:40
v_000007874,u_000391,s_00040,2025-01-24 18:56:50,2025-01-24 19:35:50
v_000007875,u_001885,s_00015,2025-01-24 15:17:36,2025-01-24 15:22:36
v_000007876,u_001353,s_00146,2025-02-03 23:53:19,2025-02-03 23:55:19
v_000007877,u_000003,s_00064,2025-02-01 18:09:17,2025-02-01 18:14:17
v_000007878,u_000058,s_00023,2025-01-05 23:46:59,2025-01-06 00:26:59
v_000007879,u_001112,s_00149,2025-01-15 16:14:33,2025-01-15 16:19:33
v_000007880,u_001968,s_00118,2025-02-20 21:54:11,2025-02-20 22:07:11
v_000007881,u_001618,s_00114,2025-02-10 16:18:34,2025-02-10 16:27:34
v_000007882,u_000952,s_00013,2025-01-23 16:48:56,2025-01-23 17:01:56
v_000007883,u_001114,s_00142,2025-02-02 23:05:29,2025-02-02 23:10:29
v_000007884,u_000112,s_00132,2025-01-04 23:56:04,2025-01-05 00:21:04
v_000007885,u_001203,s_00003,2025-01-04 16:21:00,2025-01-04 16:36:00
v_000007886,u_000719,s_00039,2025-02-10 21:51:20,2025-02-10 23:05:20
v_000007887,u_001322,s_00116,2025-02-11 20:01:57,2025-02-11 20:24:57
v_000007888,u_001259,s_00069,2025-01-20 21:50:55,2025-01-20 23:01:55
v_000007889,u_000348,s_00006,2025-02-13 15:41:10,2025-02-13 16:08:10
v_000007890,u_001035,s_00084,2025-02-16 23:42:25,2025-02-16 23:44:25
v_000007891,u_001239,s_00057,2025-01-15 23:19:32,2025-01-15 23:45:32
v_000007892,u_000597,s_00102,2025-01-29 23:49:13,2025-01-30 00:22:13
v_000007893,u_000661,s_00076,2025-02-04 08:25:58,2025-02-04 08:54:58
v_000007894,u_001775,s_00020,2025-01-01 16:16:33,2025-01-01 16:21:33
v_000007895,u_001665,s_00102,2025-01-14 20:48:16,2025-01-14 20:58:16
v_000007896,u_000100,s_00142,2025-02-09 17:50:49,2025-02-09 18:39:49
v_000007897,u_000794,s_00003,2025-02-24 21:06:33,2025-02-24 21:13:33
v_000007898,u_001641,s_00139,2025-02-27 15:01:24,2025-02-27 15:55:24
v_000007899,u_000801,s_00064,2025-02-07 12:32:23,2025-02-07 12:47:23
v_000007900,u_001723,s_00034,2025-02-07 21:54:23,2025-02-07 21:55:23
v_000007901,u_000139,s_00085,2025-01-13 15:52:05,2025-01-13 16:18:05
v_000007902,u_001298,s_00051,2025-02-01 21:52:04,2025-02-01 22:01:04
v_000007903,u_001208,s_00107,2025-01-06 17:50:43,2025-01-06 18:47:43
v_000007904,u_000530,s_00120,2025-02-18 23:27:42,2025-02-19 00:21:42
v_000007905,u_001401,s_00053,2025-01-04 09:56:39,2025-01-04 10:07:39
v_000007906,u_001103,s_00120,2025-01-20 15:50:54,2025-01-20 15:57:54
v_000007907,u_000764,s_00075,2025-03-01 23:33:21,2025-03-01 23:54:21
v_000007908,u_001576,s_00024,2025-01-04 23:16:44,2025-01-04 23:33:44
v_000007909,u_000081,s_00125,2025-01-02 20:54:43,2025-01-02 21:11:43
v_000007910,u_001413,s_00149,2025-02-24 13:31:40,2025-02-24 13:36:40
v_000007911,u_001933,s_00063,2025-01-22 17:44:21,2025-01-22 17:55:21
v_000007912,u_001683,s_00000,2025-01-09 15:53:31,2025-01-09 16:01:31
v_000007913,u_001183,s_00141,2025-01-10 22:37:15,2025-01-10 22:51:15
v_000007914,u_001241,s_00124,2025-02-11 23:28:55,2025-02-11 23:59:55
v_000007915,u_001381,s_00146,2025-02-16 10:58:23,2025-02-16 11:26:23
v_000007916,u_000393,s_00013,2025-01-07 23:12:49,2025-01-07 23:13:49
v_000007917,u_000928,s_00144,2025-02-04 15:36:10,2025-02-04 15:37:10
v_000007918,u_000110,s_00138,2025-01-24 12:03:41,2025-01-24 12:12:41
v_000007919,u_000801,s_00055,2025-01-26 22:58:21,2025-01-26 23:34:21
v_000007920,u_001428,s_00017,2025-02-16 15:32:38,2025-02-16 15:40:38
v_000007921,u_000380,s_00103,2025-01-20 13:10:48,2025-01-20 13:24:48
v_000007922,u_000614,s_00098,2025-02-17 22:56:30,2025-02-17 22:59:30
v_000007923,u_001829,s_00063,2025-01-22 19:04:05,2025-01-22 19:14:05
v_000007924,u_000672,s_00122,2025-01-30 17:28:54,2025-01-30 18:14:54
v_000007925,u_001415,s_00005,2025-02-20 20:31:37,2025-02-20 20:33:37
v_000007926,u_000308,s_00043,2025-01-24 18:07:59,2025-01-24 18:20:59
v_000007927,u_001009,s_00014,2025-01-16 23:15:51,2025-01-16 23:59:51
v_000007928,u_001678,s_00063,2025-02-03 13:31:29,2025-02-03 13:46:29
v_000007929,u_001726,s_00135,2025-01-06 17:35:20,2025-01-06 17:43:20
v_000007930,u_000209,s_00037,2025-02-12 17:59:51,2025-02-12 18:03:51
v_000007931,u_000128,s_00128,2025-02-04 17:00:25,2025-02-04 17:01:25
v_000007932,u_001114,s_00061,2025-01-24 10:11:04,2025-01-24 10:48:04
v_000007933,u_000666,s_00051,2025-02-20 12:25:57,2025-02-20 13:16:57
v_000007934,u_000016,s_00117,2025-01-11 18:08:57,2025-01-11 18:09:57
v_000007935,u_001137,s_00091,2025-02-21 11:22:34,2025-02-21 11:23:34
v_000007936,u_000584,s_00049,2025-01-19 16:53:38,2025-01-19 17:06:38
v_000007937,u_001260,s_00013,2025-01-17 23:54:07,2025-01-18 00:02:07
v_000007938,u_001332,s_00058,2025-02-12 13:47:09,2025-02-12 14:31:09
v_000007939,u_001226,s_00099,2025-01-07 19:44:43,2025-01-07 19:46:43
v_000007940,u_000127,s_00086,2025-01-28 18:18:26,2025-01-28 18:44:26
v_000007941,u_001869,s_00018,2025-01-14 16:09:23,2025-01-14 16:14:23
v_000007942,u_001164,s_00028,2025-01-16 11:47:41,2025-01-16 11:56:41
v_000007943,u_000804,s_00127,2025-02-27 23:31:35,2025-02-28 00:39:35
v_000007944,u_001790,s_00070,2025-01-26 17:55:25,2025-01-26 18:04:25
v_000007945,u_001504,s_00055,2025-02-08 16:11:49,2025-02-08 16:41:49
v_000007946,u_000435,s_00017,2025-02-27 19:31:20,2025-02-27 19:42:20
v_000007947,u_001295,s_00007,2025-01-27 20:02:44,2025-01-27 20:44:44
v_000007948,u_001819,s_00086,2025-02-27 19:06:24,2025-02-27 20:30:24
v_000007949,u_000292,s_00000,2025-02-19 23:00:36,2025-02-19 23:25:36
v_000007950,u_000177,s_00142,2025-01-05 19:33:41,2025-01-05 20:57:41
v_000007951,u_001837,s_00008,2025-02-08 23:02:55,2025-02-08 23:06:55
v_000007952,u_000883,s_00045,2025-01-01 19:50:52,2025-01-01 19:51:52
v_000007953,u_001129,s_00050,2025-02-21 23:48:32,2025-02-22 00:32:32
v_000007954,u_000024,s_00086,2025-02-02 20:00:08,2025-02-02 21:45:08
v_000007955,u_000873,s_00064,2025-01-15 19:42:43,2025-01-15 19:52:43
v_000007956,u_000776,s_00104,2025-02-26 13:12:01,2025-02-26 13:58:01
v_000007957,u_000682,s_00066,2025-02-19 21:54:24,2025-02-19 22:34:24
v_000007958,u_000423,s_00136,2025-02-06 23:37:29,2025-02-06 23:45:29
v_000007959,u_001629,s_00120,2025-01-06 23:21:16,2025-01-06 23:37:16
v_000007960,u_000060,s_00086,2025-01-13 18:23:19,2025-01-13 19:01:19
v_000007961,u_000935,s_00050,2025-01-03 23:27:12,2025-01-03 23:28:12
v_000007962,u_001780,s_00109,2025-02-23 22:00:14,2025-02-23 22:52:14
v_000007963,u_000405,s_00003,2025-01-08 23:36:51,2025-01-08 23:46:51
v_000007964,u_001354,s_00124,2025-01-31 17:01:58,2025-01-31 17:39:58
v_000007965,u_001264,s_00013,2025-01-16 12:14:06,2025-01-16 12:31:06
v_000007966,u_000919,s_00030,2025-02-12 17:57:18,2025-02-12 18:15:18
v_000007967,u_000445,s_00060,2025-02-10 20:22:10,2025-02-10 20:26:10
v_000007968,u_000555,s_00134,2025-02-06 17:22:54,2025-02-06 17:52:54
v_000007969,u_000672,s_00038,2025-01-06 20:56:04,2025-01-06 22:28:04
v_000007970,u_001826,s_00056,2025-02-20 20:31:09,2025-02-20 20:32:09
v_000007971,u_000225,s_00082,2025-02-11 19:43:46,2025-02-11 20:06:46
v_000007972,u_000259,s_00114,2025-01-22 21:31:13,2025-01-22 21:46:13
v_000007973,u_001107,s_00046,2025-01-13 17:12:49,2025-01-13 17:30:49
v_000007974,u_000188,s_00069,2025-02-25 21:09:55,2025-02-25 21:31:55
v_000007975,u_000526,s_00058,2025-01-29 19:05:27,2025-01-29 19:50:27
v_000007976,u_000606,s_00121,2025-01-18 23:24:38,2025-01-18 23:55:38
v_000007977,u_000351,s_00060,2025-02-03 23:32:16,2025-02-04 01:18:16
v_000007978,u_000245,s_00118,2025-02-09 22:58:35,2025-02-09 23:23:35
v_000007979,u_001881,s_00126,2025-02-23 18:56:36,2025-02-23 19:02:36
v_000007980,u_000557,s_00088,2025-02-18 16:55:10,2025-02-18 16:56:10
v_000007981,u_001345,s_00043,2025-01-27 22:41:47,2025-01-27 22:45:47
v_000007982,u_001197,s_00142,2025-02-22 19:24:19,2025-02-22 20:02:19
v_000007983,u_001105,s_00003,2025-02-14 21:52:04,2025-02-14 23:09:04
v_000007984,u_000198,s_00086,2025-02-22 17:30:21,2025-02-22 17:49:21
v_000007985,u_001594,s_00139,2025-02-12 19:02:32,2025-02-12 19:39:32
v_000007986,u_001591,s_00095,2025-02-07 20:33:54,2025-02-07 20:59:54
v_000007987,u_001306,s_00085,2025-02-20 20:12:22,2025-02-20 20:35:22
v_000007988,u_001772,s_00054,2025-01-16 23:35:52,2025-01-16 23:44:52
v_000007989,u_000899,s_00089,2025-01-05 18:35:31,2025-01-05 18:53:31
v_000007990,u_001754,s_00036,2025-02-23 20:23:39,2025-02-23 20:24:39
v_000007991,u_000310,s_00076,2025-01-14 23:53:10,2025-01-15 00:24:10
v_000007992,u_001809,s_00017,2025-03-01 23:07:47,2025-03-01 23:24:47
v_000007993,u_001688,s_00097,2025-02-05 23:09:41,2025-02-05 23:21:41
v_000007994,u_001867,s_00083,2025-02-08 17:53:54,2025-02-08 18:30:54
v_000007995,u_001811,s_00062,2025-02-28 22:39:29,2025-02-28 22:50:29
v_000007996,u_000090,s_00084,2025-02-08 23:04:37,2025-02-08 23:13:37
v_000007997,u_001665,s_00149,2025-01-27 22:43:38,2025-01-27 22:44:38
v_000007998,u_000113,s_00070,2025-02-10 23:12:15,2025-02-10 23:21:15
v_000007999,u_000818,s_00039,2025-02-26 11:24:39,2025-02-26 12:55:39
v_000008000,u_000636,s_00040,2025-01-08 23:22:58,2025-01-08 23:30:58
v_000008001,u_000011,s_00130,2025-01-21 23:17:01,2025-01-21 23:21:01
v_000008002,u_001015,s_00138,2025-02-13 18:30:07,2025-02-13 18:31:07
v_000008003,u_001678,s_00063,2025-02-17 18:32:18,2025-02-17 18:51:18
v_000008004,u_001703,s_00002,2025-02-14 23:49:36,2025-02-15 00:07:36
v_000008005,u_000844,s_00037,2025-02-18 20:32:08,2025-02-18 20:39:08
v_000008006,u_000020,s_00041,2025-02-11 21:04:31,2025-02-11 21:43:31
v_000008007,u_001769,s_00062,2025-02-05 22:17:50,2025-02-05 22:23:50
v_000008008,u_000793,s_00030,2025-01-05 17:35:29,2025-01-05 17:47:29
v_000008009,u_001319,s_00128,2025-02-13 19:24:45,2025-02-13 19:38:45
v_000008010,u_001160,s_00114,2025-02-28 14:28:30,2025-02-28 14:48:30
v_000008011,u_000977,s_00123,2025-01-06 19:28:28,2025-01-06 19:31:28
v_000008012,u_000878,s_00121,2025-01-29 16:15:45,2025-01-29 16:16:45
v_000008013,u_000718,s_00054,2025-01-31 17:27:29,2025-01-31 17:44:29
v_000008014,u_000469,s_00123,2025-01-03 14:17:19,2025-01-03 15:37:19
v_000008015,u_001441,s_00034,2025-01-12 23:11:56,2025-01-12 23:23:56
v_000008016,u_000363,s_00103,2025-02-14 22:22:04,2025-02-14 22:32:04
v_000008017,u_000779,s_00008,2025-01-29 21:06:00,2025-01-29 21:09:00
v_000008018,u_000136,s_00102,2025-01-10 15:24:25,2025-01-10 15:34:25
v_000008019,u_001018,s_00028,2025-01-17 18:07:20,2025-01-17 18:21:20
v_000008020,u_000228,s_00131,2025-02-20 19:48:05,2025-02-20 19:56:05
v_000008021,u_001374,s_00051,2025-02-27 19:29:32,2025-02-27 20:20:32
v_000008022,u_001954,s_00114,2025-01-17 18:45:02,2025-01-17 19:17:02
v_000008023,u_000095,s_00124,2025-02-12 19:50:32,2025-02-12 20:10:32
v_000008024,u_000351,s_00109,2025-02-22 23:22:47,2025-02-22 23:56:47
v_000008025,u_001879,s_00136,2025-02-02 19:06:41,2025-02-02 19:12:41
v_000008026,u_000488,s_00096,2025-01-23 20:21:06,2025-01-23 20:36:06
v_000008027,u_001009,s_00145,2025-02-20 20:05:49,2025-02-20 20:11:49
v_000008028,u_000711,s_00088,2025-01-03 21:39:43,2025-01-03 21:40:43
v_000008029,u_001410,s_00084,2025-01-19 17:41:17,2025-01-19 17:59:17
v_000008030,u_001977,s_00017,2025-02-17 23:33:52,2025-02-18 00:04:52
v_000008031,u_001872,s_00003,2025-02-06 21:11:23,2025-02-06 21:40:23
v_000008032,u_001552,s_00149,2025-01-31 21:35:39,2025-01-31 21:43:39
v_000008033,u_000097,s_00063,2025-01-09 22:29:45,2025-01-09 22:37:45
v_000008034,u_001766,s_00059,2025-01-13 20:23:10,2025-01-13 20:30:10
v_000008035,u_001857,s_00102,2025-02-02 20:50:13,2025-02-02 20:56:13
v_000008036,u_000615,s_00100,2025-02-08 14:42:36,2025-02-08 15:43:36
v_000008037,u_000866,s_00069,2025-01-11 19:58:26,2025-01-11 20:12:26
v_000008038,u_001907,s_00112,2025-02-14 21:09:22,2025-02-14 21:12:22
v_000008039,u_000191,s_00049,2025-02-06 18:54:21,2025-02-06 19:14:21
v_000008040,u_000673,s_00004,2025-02-09 18:14:11,2025-02-09 18:40:11
v_000008041,u_001975,s_00044,2025-02-01 14:56:01,2025-02-01 15:14:01
v_000008042,u_000814,s_00087,2025-02-17 23:21:41,2025-02-17 23:36:41
v_000008043,u_001539,s_00063,2025-02-09 22:33:07,2025-02-09 23:11:07
v_000008044,u_001789,s_00103,2025-01-13 20:09:21,2025-01-13 20:15:21
v_000008045,u_001607,s_00122,2025-01-17 21:01:26,2025-01-17 22:04:26
v_000008046,u_000732,s_00100,2025-03-01 14:01:36,2025-03-01 14:13:36
v_000008047,u_000273,s_00003,2025-01-13 22:43:52,2025-01-13 22:50:52
v_000008048,u_001588,s_00090,2025-01-15 23:46:45,2025-01-16 00:17:45
v_000008049,u_001373,s_00025,2025-03-01 23:50:23,2025-03-01 23:53:23
v_000008050,u_000023,s_00024,2025-01-02 18:46:27,2025-01-02 18:53:27
v_000008051,u_001038,s_00025,2025-01-09 20:02:25,2025-01-09 20:27:25
v_000008052,u_001900,s_00053,2025-02-01 23:58:55,2025-02-02 00:32:55
v_000008053,u_001310,s_00068,2025-02-20 23:32:47,2025-02-20 23:52:47
v_000008054,u_000004,s_00038,2025-01-23 13:10:17,2025-01-23 13:32:17
v_000008055,u_001504,s_00055,2025-01-24 21:04:26,2025-01-24 21:12:26
v_000008056,u_000588,s_00026,2025-01-26 16:24:49,2025-01-26 16:43:49
v_000008057,u_001069,s_00057,2025-01-20 23:22:55,2025-01-20 23:34:55
v_000008058,u_001696,s_00102,2025-01-04 13:40:13,2025-01-04 13:49:13
v_000008059,u_000210,s_00075,2025-02-02 21:38:21,2025-02-02 21:46:21
v_000008060,u_001753,s_00122,2025-01-13 23:53:58,2025-01-14 00:15:58
v_000008061,u_000890,s_00147,2025-01-30 15:24:21,2025-01-30 15:53:21
v_000008062,u_000049,s_00031,2025-01-02 22:35:17,2025-01-02 22:46:17
v_000008063,u_000001,s_00002,2025-01-01 23:01:49,2025-01-01 23:24:49
v_000008064,u_000606,s_00117,2025-01-26 20:57:10,2025-01-26 21:39:10
v_000008065,u_001121,s_00010,2025-01-15 17:17:33,2025-01-15 18:15:33
v_000008066,u_001921,s_00067,2025-01-17 18:28:39,2025-01-17 19:18:39
v_000008067,u_001998,s_00086,2025-01-12 17:34:56,2025-01-12 17:54:56
v_000008068,u_000142,s_00112,2025-02-15 21:58:07,2025-02-15 21:59:07
v_000008069,u_001631,s_00132,2025-02-10 23:20:39,2025-02-11 00:00:39
v_000008070,u_000647,s_00032,2025-02-19 23:07:04,2025-02-19 23:18:04
v_000008071,u_001827,s_00076,2025-01-05 19:00:19,2025-01-05 19:02:19
v_000008072,u_000245,s_00122,2025-01-26 23:56:29,2025-01-27 00:49:29
v_000008073,u_000473,s_00032,2025-01-26 23:23:44,2025-01-27 00:07:44
v_000008074,u_000614,s_00063,2025-01-25 08:17:34,2025-01-25 08:26:34
v_000008075,u_000484,s_00093,2025-02-04 15:24:07,2025-02-04 15:37:07
v_000008076,u_000542,s_00140,2025-01-29 18:04:46,2025-01-29 18:05:46
v_000008077,u_000226,s_00084,2025-02-20 18:01:31,2025-02-20 18:11:31
v_000008078,u_000087,s_00080,2025-01-18 16:13:00,2025-01-18 16:40:00
v_000008079,u_001425,s_00025,2025-02-15 17:21:52,2025-02-15 17:32:52
v_000008080,u_001227,s_00000,2025-01-27 18:07:59,2025-01-27 18:17:59
v_000008081,u_001652,s_00112,2025-01-05 23:00:12,2025-01-05 23:15:12
v_000008082,u_000766,s_00131,2025-01-03 19:42:47,2025-01-03 20:01:47
v_000008083,u_000311,s_00036,2025-01-14 23:38:15,2025-01-15 00:05:15
v_000008084,u_000971,s_00038,2025-01-30 23:40:42,2025-01-31 00:25:42
v_000008085,u_001841,s_00081,2025-01-01 19:43:27,2025-01-01 20:04:27
v_000008086,u_000886,s_00132,2025-01-05 16:25:44,2025-01-05 17:06:44
v_000008087,u_000599,s_00058,2025-02-26 10:14:20,2025-02-26 10:30:20
v_000008088,u_000542,s_00087,2025-01-31 16:34:29,2025-01-31 16:44:29
v_000008089,u_001921,s_00076,2025-01-05 15:59:46,2025-01-05 16:03:46
v_000008090,u_000230,s_00122,2025-02-16 20:47:45,2025-02-16 21:29:45
v_000008091,u_001385,s_00073,2025-01-24 15:34:45,2025-01-24 16:03:45
v_000008092,u_000773,s_00020,2025-01-01 18:20:20,2025-01-01 18:33:20
v_000008093,u_000970,s_00066,2025-02-22 19:51:56,2025-02-22 20:45:56
v_000008094,u_000988,s_00073,2025-02-13 23:51:27,2025-02-14 00:06:27
v_000008095,u_001091,s_00079,2025-01-08 22:05:45,2025-01-08 22:12:45
v_000008096,u_000315,s_00016,2025-01-02 19:18:52,2025-01-02 19:43:52
v_000008097,u_000858,s_00073,2025-03-01 20:09:01,2025-03-01 21:14:01
v_000008098,u_001322,s_00113,2025-01-31 23:44:50,2025-01-31 23:45:50
v_000008099,u_001226,s_00099,2025-01-11 16:53:19,2025-01-11 17:41:19
v_000008100,u_000064,s_00019,2025-02-02 18:02:58,2025-02-02 18:24:58
v_000008101,u_000071,s_00000,2025-01-02 14:18:38,2025-01-02 14:34:38
v_000008102,u_000027,s_00074,2025-01-17 20:47:59,2025-01-17 20:55:59
v_000008103,u_000248,s_00143,2025-01-15 16:34:31,2025-01-15 17:07:31
v_000008104,u_000206,s_00065,2025-01-19 18:24:44,2025-01-19 18:37:44
v_000008105,u_000155,s_00129,2025-02-27 20:35:38,2025-02-27 20:44:38
v_000008106,u_000892,s_00076,2025-01-31 14:17:30,2025-01-31 14:25:30
v_000008107,u_000031,s_00036,2025-01-28 23:36:43,2025-01-28 23:43:43
v_000008108,u_001450,s_00074,2025-02-08 21:32:13,2025-02-08 21:36:13
v_000008109,u_001841,s_00139,2025-01-31 19:08:47,2025-01-31 19:21:47
v_000008110,u_001385,s_00030,2025-02-21 14:29:48,2025-02-21 14:43:48
v_000008111,u_000346,s_00105,2025-02-19 23:01:20,2025-02-19 23:51:20
v_000008112,u_001233,s_00126,2025-02-08 12:29:17,2025-02-08 12:59:17
v_000008113,u_001088,s_00034,2025-02-28 23:03:06,2025-02-28 23:10:06
v_000008114,u_000078,s_00014,2025-02-25 21:04:40,2025-02-25 21:23:40
v_000008115,u_001204,s_00113,2025-02-06 22:16:45,2025-02-06 22:20:45
v_000008116,u_000626,s_00105,2025-01-16 17:41:34,2025-01-16 17:42:34
v_000008117,u_001121,s_00111,2025-01-25 17:49:28,2025-01-25 18:01:28
v_000008118,u_001097,s_00052,2025-02-26 16:14:24,2025-02-26 16:35:24
v_000008119,u_000694,s_00038,2025-01-03 22:03:50,2025-01-03 22:04:50
v_000008120,u_001613,s_00066,2025-01-13 21:39:22,2025-01-13 22:22:22
v_000008121,u_000809,s_00049,2025-02-25 17:00:08,2025-02-25 17:07:08
v_000008122,u_000732,s_00100,2025-02-25 23:24:05,2025-02-26 00:18:05
v_000008123,u_001334,s_00037,2025-01-25 16:38:27,2025-01-25 16:56:27
v_000008124,u_000690,s_00071,2025-03-01 18:30:08,2025-03-01 18:55:08
v_000008125,u_001114,s_00142,2025-02-21 23:57:56,2025-02-22 00:05:56
v_000008126,u_000386,s_00125,2025-01-18 21:55:18,2025-01-18 22:05:18
v_000008127,u_001658,s_00118,2025-01-25 21:56:28,2025-01-25 22:44:28
v_000008128,u_000547,s_00063,2025-01-28 23:13:17,2025-01-28 23:29:17
v_000008129,u_001398,s_00136,2025-02-15 23:35:46,2025-02-15 23:38:46
v_000008130,u_000720,s_00041,2025-01-24 19:46:58,2025-01-24 19:47:58
v_000008131,u_001967,s_00106,2025-01-09 07:26:59,2025-01-09 07:53:59
v_000008132,u_001348,s_00116,2025-02-04 21:38:04,2025-02-04 21:41:04
v_000008133,u_000661,s_00090,2025-02-26 22:57:40,2025-02-27 00:43:40
v_000008134,u_000046,s_00031,2025-02-14 18:34:45,2025-02-14 18:40:45
v_000008135,u_000146,s_00025,2025-01-29 19:20:46,2025-01-29 20:35:46
v_000008136,u_000603,s_00027,2025-02-06 15:26:55,2025-02-06 15:31:55
v_000008137,u_001402,s_00037,2025-01-13 20:47:49,2025-01-13 21:15:49
v_000008138,u_001816,s_00079,2025-01-18 15:06:53,2025-01-18 15:33:53
v_000008139,u_001372,s_00037,2025-01-31 16:18:07,2025-01-31 16:44:07
v_000008140,u_001616,s_00055,2025-01-15 23:08:06,2025-01-15 23:30:06
v_000008141,u_000520,s_00039,2025-01-20 17:25:15,2025-01-20 17:39:15
v_000008142,u_000959,s_00088,2025-01-02 19:47:38,2025-01-02 19:49:38
v_000008143,u_000804,s_00038,2025-01-27 19:42:38,2025-01-27 20:32:38
v_000008144,u_000454,s_00096,2025-02-19 19:35:59,2025-02-19 20:01:59
v_000008145,u_000455,s_00099,2025-02-26 18:36:18,2025-02-26 18:39:18
v_000008146,u_000329,s_00027,2025-02-11 23:43:02,2025-02-11 23:54:02
v_000008147,u_000331,s_00092,2025-02-25 18:03:45,2025-02-25 18:16:45
v_000008148,u_001175,s_00071,2025-02-27 14:15:35,2025-02-27 14:26:35
v_000008149,u_001514,s_00121,2025-02-26 16:05:22,2025-02-26 17:11:22
v_000008150,u_001342,s_00120,2025-01-15 23:45:19,2025-01-15 23:54:19
v_000008151,u_000027,s_00074,2025-01-02 18:31:12,2025-01-02 18:36:12
v_000008152,u_000998,s_00123,2025-01-15 22:12:15,2025-01-15 23:19:15
v_000008153,u_001741,s_00047,2025-03-01 20:38:36,2025-03-01 20:42:36
v_000008154,u_001324,s_00032,2025-01-23 20:25:44,2025-01-23 20:54:44
v_000008155,u_001045,s_00092,2025-02-27 19:48:40,2025-02-27 20:40:40
v_000008156,u_001629,s_00120,2025-02-26 18:22:32,2025-02-26 18:27:32
v_000008157,u_000528,s_00003,2025-02-10 18:27:18,2025-02-10 18:55:18
v_000008158,u_000119,s_00136,2025-01-03 11:28:12,2025-01-03 12:17:12
v_000008159,u_000602,s_00025,2025-01-10 17:41:18,2025-01-10 17:44:18
v_000008160,u_001191,s_00101,2025-03-01 19:48:01,2025-03-01 20:04:01
v_000008161,u_000719,s_00035,2025-01-17 19:06:21,2025-01-17 19:17:21
v_000008162,u_001937,s_00046,2025-01-17 14:06:38,2025-01-17 14:09:38
v_000008163,u_000403,s_00000,2025-01-03 23:22:01,2025-01-04 00:02:01
v_000008164,u_001886,s_00117,2025-02-01 14:11:26,2025-02-01 14:49:26
v_000008165,u_000137,s_00091,2025-01-08 17:08:16,2025-01-08 17:15:16
v_000008166,u_000122,s_00023,2025-02-27 19:35:39,2025-02-27 19:47:39
v_000008167,u_000470,s_00020,2025-01-28 17:25:49,2025-01-28 17:41:49
v_000008168,u_001971,s_00034,2025-01-07 23:33:48,2025-01-07 23:37:48
v_000008169,u_001190,s_00052,2025-01-15 17:30:28,2025-01-15 17:39:28
v_000008170,u_001488,s_00098,2025-01-04 20:30:50,2025-01-04 20:39:50
v_000008171,u_000728,s_00054,2025-01-29 13:20:42,2025-01-29 13:55:42
v_000008172,u_000204,s_00086,2025-01-26 20:44:08,2025-01-26 21:46:08
v_000008173,u_001497,s_00008,2025-01-24 23:32:48,2025-01-24 23:58:48
v_000008174,u_001007,s_00103,2025-01-06 20:38:46,2025-01-06 20:40:46
v_000008175,u_001268,s_00128,2025-01-22 20:49:37,2025-01-22 22:18:37
v_000008176,u_000932,s_00097,2025-01-17 21:04:32,2025-01-17 21:58:32
v_000008177,u_000100,s_00142,2025-01-12 15:00:48,2025-01-12 15:08:48
v_000008178,u_001627,s_00070,2025-02-20 20:16:26,2025-02-20 21:07:26
v_000008179,u_000227,s_00092,2025-01-16 20:59:44,2025-01-16 21:00:44
v_000008180,u_000123,s_00093,2025-01-09 21:53:24,2025-01-09 21:58:24
v_000008181,u_000457,s_00008,2025-02-24 23:58:17,2025-02-25 00:02:17
v_000008182,u_000707,s_00048,2025-01-27 16:15:13,2025-01-27 16:35:13
v_000008183,u_001389,s_00072,2025-02-03 22:54:25,2025-02-03 23:04:25
v_000008184,u_001505,s_00125,2025-02-24 15:52:37,2025-02-24 15:54:37
v_000008185,u_000624,s_00018,2025-02-13 23:32:06,2025-02-13 23:42:06
v_000008186,u_001319,s_00000,2025-02-19 20:17:20,2025-02-19 20:38:20
v_000008187,u_000918,s_00132,2025-01-10 23:16:31,2025-01-10 23:44:31
v_000008188,u_000713,s_00029,2025-02-06 13:19:41,2025-02-06 13:25:41
v_000008189,u_000033,s_00126,2025-02-03 23:36:28,2025-02-04 00:12:28
v_000008190,u_001492,s_00119,2025-01-06 22:56:26,2025-01-06 22:57:26
v_000008191,u_001022,s_00027,2025-02-14 23:10:51,2025-02-14 23:16:51
v_000008192,u_000730,s_00057,2025-02-04 12:02:27,2025-02-04 12:05:27
v_000008193,u_000286,s_00110,2025-01-06 20:48:28,2025-01-06 20:53:28
v_000008194,u_001487,s_00027,2025-02-16 14:54:34,2025-02-16 14:55:34
v_000008195,u_001981,s_00054,2025-02-01 18:22:58,2025-02-01 18:30:58
v_000008196,u_000796,s_00061,2025-01-22 10:06:18,2025-01-22 10:09:18
v_000008197,u_001675,s_00091,2025-02-25 21:12:10,2025-02-25 21:53:10
v_000008198,u_001945,s_00009,2025-01-17 21:19:45,2025-01-17 22:07:45
v_000008199,u_001498,s_00012,2025-01-03 23:32:32,2025-01-03 23:38:32
v_000008200,u_000535,s_00109,2025-01-04 20:31:10,2025-01-04 20:51:10
v_000008201,u_001827,s_00037,2025-02-14 23:09:17,2025-02-14 23:15:17
v_000008202,u_001398,s_00136,2025-02-25 21:56:45,2025-02-25 22:11:45
v_000008203,u_000087,s_00014,2025-01-22 11:41:18,2025-01-22 12:05:18
v_000008204,u_000780,s_00089,2025-01-24 19:18:03,2025-01-24 20:29:03
v_000008205,u_000297,s_00063,2025-01-03 23:52:29,2025-01-03 23:55:29
v_000008206,u_000720,s_00041,2025-01-18 14:26:00,2025-01-18 14:41:00
v_000008207,u_000682,s_00098,2025-01-07 23:33:38,2025-01-07 23:38:38
v_000008208,u_001884,s_00020,2025-01-04 23:02:16,2025-01-04 23:08:16
v_000008209,u_001390,s_00079,2025-02-18 23:43:41,2025-02-19 00:09:41
v_000008210,u_001205,s_00012,2025-02-17 17:57:21,2025-02-17 17:58:21
v_000008211,u_000668,s_00012,2025-01-04 21:46:36,2025-01-04 22:16:36
v_000008212,u_000355,s_00067,2025-02-28 17:08:50,2025-02-28 17:09:50
v_000008213,u_001546,s_00003,2025-02-15 18:43:47,2025-02-15 18:46:47
v_000008214,u_001594,s_00139,2025-02-18 23:11:58,2025-02-18 23:35:58
v_000008215,u_001558,s_00131,2025-02-13 22:05:46,2025-02-13 22:15:46
v_000008216,u_001629,s_00129,2025-01-06 22:57:46,2025-01-06 23:31:46
v_000008217,u_001385,s_00039,2025-01-15 18:52:04,2025-01-15 18:58:04
v_000008218,u_001956,s_00102,2025-02-14 14:22:29,2025-02-14 14:38:29
v_000008219,u_000982,s_00030,2025-02-05 16:34:31,2025-02-05 16:53:31
v_000008220,u_000438,s_00113,2025-01-13 18:18:32,2025-01-13 19:06:32
v_000008221,u_000096,s_00054,2025-02-04 18:48:43,2025-02-04 18:59:43
v_000008222,u_001934,s_00033,2025-01-14 23:46:50,2025-01-15 00:01:50
v_000008223,u_001649,s_00008,2025-03-01 22:32:42,2025-03-01 23:30:42
v_000008224,u_000358,s_00134,2025-02-11 23:36:05,2025-02-11 23:38:05
v_000008225,u_000917,s_00062,2025-02-23 23:18:18,2025-02-23 23:20:18
v_000008226,u_000961,s_00080,2025-01-12 19:32:46,2025-01-12 19:51:46
v_000008227,u_001588,s_00090,2025-02-27 17:01:33,2025-02-27 17:13:33
v_000008228,u_001890,s_00144,2025-01-22 23:07:56,2025-01-23 00:11:56
v_000008229,u_000039,s_00004,2025-01-16 23:31:47,2025-01-16 23:46:47
v_000008230,u_001264,s_00013,2025-02-04 23:52:32,2025-02-05 00:06:32
v_000008231,u_001764,s_00008,2025-01-11 16:28:46,2025-01-11 16:29:46
v_000008232,u_001725,s_00005,2025-01-31 07:33:35,2025-01-31 08:06:35
v_000008233,u_001129,s_00044,2025-02-13 20:52:43,2025-02-13 21:01:43
v_000008234,u_000721,s_00081,2025-01-22 23:53:12,2025-01-23 00:28:12
v_000008235,u_001370,s_00146,2025-02-05 23:47:38,2025-02-05 23:56:38
v_000008236,u_001663,s_00125,2025-01-07 16:15:24,2025-01-07 16:45:24
v_000008237,u_000647,s_00028,2025-01-29 18:59:41,2025-01-29 19:12:41
v_000008238,u_000852,s_00067,2025-02-05 10:08:02,2025-02-05 10:10:02
v_000008239,u_000866,s_00103,2025-01-29 12:54:18,2025-01-29 13:04:18
v_000008240,u_000054,s_00014,2025-02-25 20:15:58,2025-02-25 20:18:58
v_000008241,u_000465,s_00049,2025-01-05 23:50:06,2025-01-06 01:05:06
v_000008242,u_000737,s_00046,2025-01-06 16:44:13,2025-01-06 17:26:13
v_000008243,u_000473,s_00032,2025-01-26 17:47:12,2025-01-26 18:06:12
v_000008244,u_000410,s_00084,2025-01-17 22:54:36,2025-01-17 22:57:36
v_000008245,u_001430,s_00013,2025-02-12 22:36:32,2025-02-12 23:27:32
v_000008246,u_001893,s_00147,2025-02-12 23:56:21,2025-02-13 00:00:21
v_000008247,u_000184,s_00050,2025-02-27 20:51:58,2025-02-27 21:09:58
v_000008248,u_000864,s_00054,2025-01-25 21:47:38,2025-01-25 22:18:38
v_000008249,u_000475,s_00070,2025-02-09 10:17:14,2025-02-09 10:24:14
v_000008250,u_000963,s_00059,2025-02-23 15:58:47,2025-02-23 16:00:47
v_000008251,u_001733,s_00099,2025-02-01 20:20:46,2025-02-01 20:21:46
v_000008252,u_001422,s_00040,2025-01-11 15:18:13,2025-01-11 15:24:13
v_000008253,u_001697,s_00099,2025-01-18 15:11:06,2025-01-18 15:18:06
v_000008254,u_001817,s_00054,2025-01-03 22:32:52,2025-01-03 22:35:52
v_000008255,u_001676,s_00052,2025-02-10 17:58:32,2025-02-10 18:38:32
v_000008256,u_001684,s_00069,2025-02-15 20:12:41,2025-02-15 20:48:41
v_000008257,u_001044,s_00107,2025-01-17 11:48:29,2025-01-17 12:10:29
v_000008258,u_001231,s_00024,2025-01-31 12:05:02,2025-01-31 12:23:02
v_000008259,u_001509,s_00008,2025-01-05 23:31:27,2025-01-05 23:33:27
v_000008260,u_000305,s_00070,2025-01-05 21:35:57,2025-01-05 21:42:57
v_000008261,u_000216,s_00015,2025-02-09 21:56:38,2025-02-09 22:39:38
v_000008262,u_001291,s_00110,2025-02-10 15:52:55,2025-02-10 16:02:55
v_000008263,u_001718,s_00025,2025-01-05 23:48:50,2025-01-06 00:00:50
v_000008264,u_001522,s_00070,2025-01-21 18:42:18,2025-01-21 20:47:18
v_000008265,u_001693,s_00004,2025-02-01 14:53:47,2025-02-01 15:37:47
v_000008266,u_000527,s_00055,2025-02-06 12:05:46,2025-02-06 12:36:46
v_000008267,u_000008,s_00063,2025-01-16 09:28:05,2025-01-16 09:43:05
v_000008268,u_001691,s_00148,2025-02-15 21:29:04,2025-02-15 22:14:04
v_000008269,u_000106,s_00125,2025-01-11 19:33:26,2025-01-11 19:45:26
v_000008270,u_000731,s_00148,2025-01-09 23:58:25,2025-01-10 00:29:25
v_000008271,u_001245,s_00144,2025-01-21 23:38:30,2025-01-21 23:44:30
v_000008272,u_001840,s_00043,2025-02-08 20:46:51,2025-02-08 21:10:51
v_000008273,u_000836,s_00131,2025-02-25 20:52:51,2025-02-25 21:09:51
v_000008274,u_001908,s_00083,2025-01-11 21:08:39,2025-01-11 21:11:39
v_000008275,u_001231,s_00024,2025-01-10 15:23:49,2025-01-10 15:33:49
v_000008276,u_000174,s_00013,2025-02-20 19:34:42,2025-02-20 19:39:42
v_000008277,u_000068,s_00022,2025-01-10 21:18:30,2025-01-10 21:59:30
v_000008278,u_001215,s_00097,2025-01-11 21:24:25,2025-01-11 21:50:25
v_000008279,u_000450,s_00074,2025-02-07 16:43:26,2025-02-07 16:44:26
v_000008280,u_000071,s_00064,2025-02-06 23:53:28,2025-02-07 00:03:28
v_000008281,u_001088,s_00121,2025-02-06 21:25:25,2025-02-06 21:47:25
v_000008282,u_001683,s_00000,2025-02-15 18:09:50,2025-02-15 18:11:50
v_000008283,u_001749,s_00139,2025-01-15 22:51:07,2025-01-15 23:12:07
v_000008284,u_001356,s_00007,2025-02-09 20:38:27,2025-02-09 21:09:27
v_000008285,u_001009,s_00014,2025-01-04 15:38:19,2025-01-04 16:14:19
v_000008286,u_000449,s_00001,2025-01-21 23:07:20,2025-01-21 23:52:20
v_000008287,u_001119,s_00007,2025-02-13 18:52:45,2025-02-13 19:13:45
v_000008288,u_000115,s_00131,2025-02-11 21:38:54,2025-02-11 22:53:54
v_000008289,u_001987,s_00100,2025-02-20 23:27:15,2025-02-20 23:30:15
v_000008290,u_000284,s_00112,2025-01-30 20:43:02,2025-01-30 20:45:02
v_000008291,u_000229,s_00078,2025-01-18 23:03:05,2025-01-18 23:15:05
v_000008292,u_001843,s_00101,2025-02-21 15:01:22,2025-02-21 15:13:22
v_000008293,u_001512,s_00029,2025-01-17 19:24:59,2025-01-17 19:41:59
v_000008294,u_000996,s_00108,2025-02-23 19:54:15,2025-02-23 20:01:15
v_000008295,u_000255,s_00003,2025-02-05 17:52:04,2025-02-05 18:14:04
v_000008296,u_000801,s_00001,2025-01-16 13:59:10,2025-01-16 14:00:10
v_000008297,u_001809,s_00090,2025-01-05 17:34:41,2025-01-05 18:01:41
v_000008298,u_000713,s_00015,2025-01-22 23:29:24,2025-01-22 23:50:24
v_000008299,u_000442,s_00048,2025-03-01 22:06:04,2025-03-01 22:36:04
v_000008300,u_001692,s_00145,2025-01-29 17:50:41,2025-01-29 20:11:41
v_000008301,u_000095,s_00056,2025-01-19 13:53:31,2025-01-19 14:14:31
v_000008302,u_000391,s_00040,2025-01-23 14:31:10,2025-01-23 14:40:10
v_000008303,u_001904,s_00127,2025-02-12 18:55:10,2025-02-12 19:47:10
v_000008304,u_000276,s_00076,2025-02-28 19:44:59,2025-02-28 20:56:59
v_000008305,u_000298,s_00149,2025-02-27 22:53:35,2025-02-27 22:55:35
v_000008306,u_000955,s_00084,2025-02-27 23:26:17,2025-02-28 00:22:17
v_000008307,u_000587,s_00033,2025-02-28 11:45:30,2025-02-28 11:53:30
v_000008308,u_000729,s_00038,2025-02-15 19:15:10,2025-02-15 19:18:10
v_000008309,u_000948,s_00133,2025-02-16 17:07:15,2025-02-16 17:37:15
v_000008310,u_001506,s_00005,2025-01-16 18:43:09,2025-01-16 18:44:09
v_000008311,u_001576,s_00023,2025-02-23 23:59:13,2025-02-24 00:16:13
v_000008312,u_000917,s_00072,2025-02-04 21:22:38,2025-02-04 21:23:38
v_000008313,u_001080,s_00113,2025-01-20 14:52:43,2025-01-20 15:21:43
v_000008314,u_001418,s_00012,2025-01-09 17:45:01,2025-01-09 17:58:01
v_000008315,u_001198,s_00149,2025-01-18 15:10:47,2025-01-18 15:17:47
v_000008316,u_000381,s_00060,2025-01-24 11:25:37,2025-01-24 11:27:37
v_000008317,u_001200,s_00003,2025-02-01 17:00:59,2025-02-01 17:28:59
v_000008318,u_001699,s_00053,2025-02-12 20:15:36,2025-02-12 21:07:36
v_000008319,u_000437,s_00133,2025-02-01 23:20:08,2025-02-01 23:42:08
v_000008320,u_000727,s_00076,2025-01-25 19:43:05,2025-01-25 19:53:05
v_000008321,u_001149,s_00118,2025-01-13 23:55:51,2025-01-14 00:20:51
v_000008322,u_000780,s_00104,2025-01-16 18:21:14,2025-01-16 18:38:14
v_000008323,u_000354,s_00129,2025-02-03 20:16:33,2025-02-03 20:21:33
v_000008324,u_001710,s_00120,2025-02-11 23:37:40,2025-02-12 00:18:40
v_000008325,u_000728,s_00054,2025-02-22 19:14:30,2025-02-22 19:15:30
v_000008326,u_000301,s_00120,2025-01-07 13:39:00,2025-01-07 13:48:00
v_000008327,u_001344,s_00114,2025-02-21 19:30:50,2025-02-21 19:32:50
v_000008328,u_001089,s_00010,2025-02-21 22:41:18,2025-02-21 22:49:18
v_000008329,u_001165,s_00124,2025-02-07 23:55:17,2025-02-07 23:56:17
v_000008330,u_000927,s_00064,2025-01-15 11:40:09,2025-01-15 12:48:09
v_000008331,u_001121,s_00015,2025-02-23 19:08:00,2025-02-23 19:28:00
v_000008332,u_001822,s_00068,2025-02-19 20:07:22,2025-02-19 20:11:22
v_000008333,u_001106,s_00001,2025-02-07 22:02:30,2025-02-07 22:45:30
v_000008334,u_000040,s_00064,2025-01-15 23:24:08,2025-01-15 23:28:08
v_000008335,u_001812,s_00025,2025-01-05 22:18:34,2025-01-05 23:32:34
v_000008336,u_000742,s_00018,2025-01-01 18:00:22,2025-01-01 18:08:22
v_000008337,u_000367,s_00053,2025-02-04 21:55:06,2025-02-04 21:58:06
v_000008338,u_001748,s_00024,2025-02-05 23:12:06,2025-02-06 00:05:06
v_000008339,u_000451,s_00037,2025-01-02 14:17:28,2025-01-02 14:41:28
v_000008340,u_000440,s_00090,2025-01-10 23:26:53,2025-01-10 23:39:53
v_000008341,u_001463,s_00107,2025-01-24 14:56:44,2025-01-24 14:57:44
v_000008342,u_000760,s_00038,2025-02-28 22:42:02,2025-02-28 23:18:02
v_000008343,u_001048,s_00020,2025-02-17 13:53:16,2025-02-17 14:16:16
v_000008344,u_000820,s_00052,2025-02-26 20:42:45,2025-02-26 20:45:45
v_000008345,u_000167,s_00021,2025-02-08 17:26:03,2025-02-08 17:36:03
v_000008346,u_001636,s_00087,2025-01-10 18:41:16,2025-01-10 19:27:16
v_000008347,u_000049,s_00066,2025-02-15 18:44:18,2025-02-15 19:26:18
v_000008348,u_000807,s_00117,2025-02-03 23:09:00,2025-02-04 00:26:00
v_000008349,u_000740,s_00070,2025-02-17 18:24:56,2025-02-17 19:06:56
v_000008350,u_000502,s_00053,2025-01-11 12:59:52,2025-01-11 13:28:52
v_000008351,u_000147,s_00125,2025-01-29 18:16:59,2025-01-29 18:30:59
v_000008352,u_001076,s_00117,2025-01-26 20:55:27,2025-01-26 21:02:27
v_000008353,u_001053,s_00081,2025-02-10 20:55:16,2025-02-10 21:44:16
v_000008354,u_001332,s_00105,2025-01-16 15:47:04,2025-01-16 16:09:04
v_000008355,u_001971,s_00091,2025-01-29 23:38:04,2025-01-30 00:37:04
v_000008356,u_001702,s_00109,2025-01-30 14:21:45,2025-01-30 14:22:45
v_000008357,u_001459,s_00059,2025-01-12 17:56:27,2025-01-12 18:06:27
v_000008358,u_000085,s_00093,2025-01-23 20:21:45,2025-01-23 21:16:45
v_000008359,u_000542,s_00054,2025-01-06 10:10:13,2025-01-06 10:39:13
v_000008360,u_001022,s_00003,2025-01-21 19:16:47,2025-01-21 19:17:47
v_000008361,u_000887,s_00042,2025-02-01 23:36:32,2025-02-01 23:46:32
v_000008362,u_001180,s_00051,2025-02-11 14:19:42,2025-02-11 14:32:42
v_000008363,u_001305,s_00133,2025-02-03 21:12:09,2025-02-03 21:31:09
v_000008364,u_001584,s_00025,2025-02-11 23:19:55,2025-02-11 23:25:55
v_000008365,u_000512,s_00096,2025-02-18 18:29:53,2025-02-18 19:44:53
v_000008366,u_001667,s_00034,2025-01-06 22:20:55,2025-01-06 22:42:55
v_000008367,u_000758,s_00001,2025-02-13 23:37:24,2025-02-13 23:52:24
v_000008368,u_001312,s_00102,2025-01-27 20:07:25,2025-01-27 20:09:25
v_000008369,u_000745,s_00058,2025-02-08 18:45:22,2025-02-08 19:45:22
v_000008370,u_000358,s_00134,2025-02-13 23:17:10,2025-02-13 23:22:10
v_000008371,u_001909,s_00117,2025-02-24 13:45:42,2025-02-24 13:46:42
v_000008372,u_000815,s_00117,2025-02-02 23:37:59,2025-02-02 23:38:59
v_000008373,u_000696,s_00063,2025-01-26 16:36:10,2025-01-26 16:41:10
v_000008374,u_000165,s_00143,2025-01-16 10:08:41,2025-01-16 10:13:41
v_000008375,u_001729,s_00002,2025-01-13 18:05:52,2025-01-13 18:29:52
v_000008376,u_001002,s_00037,2025-01-05 23:14:38,2025-01-05 23:30:38
v_000008377,u_001851,s_00036,2025-01-09 23:26:14,2025-01-10 00:07:14
v_000008378,u_001576,s_00024,2025-02-24 15:38:52,2025-02-24 15:40:52
v_000008379,u_001056,s_00067,2025-01-06 23:05:30,2025-01-06 23:31:30
v_000008380,u_001857,s_00122,2025-01-11 15:50:32,2025-01-11 15:59:32
v_000008381,u_001167,s_00015,2025-01-29 23:42:06,2025-01-29 23:49:06
v_000008382,u_000851,s_00067,2025-01-06 23:15:17,2025-01-07 00:18:17
v_000008383,u_000042,s_00006,2025-01-22 17:36:19,2025-01-22 18:08:19
v_000008384,u_000716,s_00053,2025-02-08 15:55:05,2025-02-08 16:10:05
v_000008385,u_000425,s_00144,2025-01-04 23:41:08,2025-01-04 23:47:08
v_000008386,u_001076,s_00117,2025-02-20 20:10:25,2025-02-20 20:11:25
v_000008387,u_000417,s_00145,2025-01-15 22:05:18,2025-01-15 23:10:18
v_000008388,u_000292,s_00135,2025-01-31 23:58:30,2025-02-01 00:12:30
v_000008389,u_000911,s_00034,2025-02-27 23:28:36,2025-02-27 23:50:36
v_000008390,u_000547,s_00034,2025-02-26 11:18:32,2025-02-26 11:25:32
v_000008391,u_000384,s_00128,2025-02-24 21:19:55,2025-02-24 21:51:55
v_000008392,u_000396,s_00128,2025-01-11 18:45:41,2025-01-11 18:53:41
v_000008393,u_001426,s_00078,2025-02-20 21:44:39,2025-02-20 22:24:39
v_000008394,u_000536,s_00041,2025-02-13 22:21:04,2025-02-13 22:28:04
v_000008395,u_000080,s_00119,2025-02-14 22:35:20,2025-02-14 22:53:20
v_000008396,u_000335,s_00104,2025-02-06 22:32:15,2025-02-07 01:03:15
v_000008397,u_001977,s_00063,2025-01-02 13:41:16,2025-01-02 13:46:16
v_000008398,u_000513,s_00141,2025-02-26 19:01:53,2025-02-26 20:10:53
v_000008399,u_000982,s_00033,2025-02-10 14:32:34,2025-02-10 14:35:34
v_000008400,u_000047,s_00028,2025-01-06 20:15:47,2025-01-06 22:23:47
v_000008401,u_001770,s_00037,2025-01-25 23:25:24,2025-01-25 23:37:24
v_000008402,u_001258,s_00049,2025-01-25 23:00:59,2025-01-25 23:23:59
v_000008403,u_001294,s_00021,2025-02-17 21:10:58,2025-02-17 21:18:58
v_000008404,u_000195,s_00032,2025-01-14 17:52:57,2025-01-14 18:44:57
v_000008405,u_001184,s_00126,2025-02-16 15:58:17,2025-02-16 16:15:17
v_000008406,u_000805,s_00135,2025-02-02 23:47:28,2025-02-02 23:50:28
v_000008407,u_000909,s_00101,2025-01-18 18:12:47,2025-01-18 18:16:47
v_000008408,u_000494,s_00027,2025-02-02 20:09:48,2025-02-02 20:12:48
v_000008409,u_001058,s_00118,2025-01-05 18:23:28,2025-01-05 18:27:28
v_000008410,u_000172,s_00023,2025-02-02 17:35:11,2025-02-02 17:46:11
v_000008411,u_000805,s_00058,2025-02-09 14:34:38,2025-02-09 15:17:38
v_000008412,u_001850,s_00062,2025-01-13 21:47:25,2025-01-13 21:53:25
v_000008413,u_000020,s_00096,2025-01-11 14:31:10,2025-01-11 15:06:10
v_000008414,u_000798,s_00145,2025-02-18 23:41:04,2025-02-18 23:49:04
v_000008415,u_000033,s_00086,2025-01-17 15:10:26,2025-01-17 15:26:26
v_000008416,u_001251,s_00032,2025-01-30 23:38:14,2025-01-30 23:42:14
v_000008417,u_001822,s_00075,2025-02-08 18:08:09,2025-02-08 18:10:09
v_000008418,u_001612,s_00129,2025-01-19 22:41:59,2025-01-19 22:50:59
v_000008419,u_001109,s_00072,2025-02-14 20:38:06,2025-02-14 20:43:06
v_000008420,u_000048,s_00098,2025-01-12 19:35:36,2025-01-12 19:36:36
v_000008421,u_001892,s_00110,2025-01-22 18:50:30,2025-01-22 18:51:30
v_000008422,u_001255,s_00071,2025-02-22 20:43:43,2025-02-22 21:01:43
v_000008423,u_000145,s_00015,2025-01-19 16:16:51,2025-01-19 16:59:51
v_000008424,u_000547,s_00063,2025-02-23 17:21:47,2025-02-23 18:22:47
v_000008425,u_000447,s_00056,2025-02-15 19:04:52,2025-02-15 19:08:52
v_000008426,u_000504,s_00142,2025-01-07 17:55:33,2025-01-07 18:58:33
v_000008427,u_000486,s_00123,2025-02-26 23:14:23,2025-02-26 23:27:23
v_000008428,u_000348,s_00138,2025-02-09 19:26:01,2025-02-09 19:34:01
v_000008429,u_000830,s_00100,2025-01-09 20:35:49,2025-01-09 20:38:49
v_000008430,u_000986,s_00004,2025-01-26 17:09:16,2025-01-26 17:23:16
v_000008431,u_000798,s_00081,2025-02-11 16:47:19,2025-02-11 17:02:19
v_000008432,u_000360,s_00015,2025-02-04 16:58:55,2025-02-04 17:16:55
v_000008433,u_000357,s_00075,2025-02-25 18:25:13,2025-02-25 18:31:13
v_000008434,u_000566,s_00080,2025-01-30 23:39:47,2025-01-30 23:49:47
v_000008435,u_000513,s_00141,2025-02-10 19:17:40,2025-02-10 20:19:40
v_000008436,u_001427,s_00120,2025-02-11 22:07:31,2025-02-11 22:51:31
v_000008437,u_001924,s_00041,2025-01-18 23:08:40,2025-01-18 23:29:40
v_000008438,u_001938,s_00076,2025-02-10 17:04:27,2025-02-10 17:05:27
v_000008439,u_000897,s_00067,2025-01-14 15:21:51,2025-01-14 15:47:51
v_000008440,u_001255,s_00123,2025-01-31 17:53:17,2025-01-31 17:57:17
v_000008441,u_001981,s_00054,2025-02-02 18:38:12,2025-02-02 18:39:12
v_000008442,u_000317,s_00065,2025-01-03 11:01:28,2025-01-03 11:17:28
v_000008443,u_000520,s_00024,2025-02-12 16:00:03,2025-02-12 16:05:03
v_000008444,u_001253,s_00057,2025-02-14 17:30:27,2025-02-14 17:33:27
v_000008445,u_001201,s_00045,2025-02-16 08:58:57,2025-02-16 09:18:57
v_000008446,u_000493,s_00067,2025-01-11 18:48:50,2025-01-11 19:12:50
v_000008447,u_000074,s_00021,2025-02-13 22:32:49,2025-02-13 22:56:49
v_000008448,u_000594,s_00047,2025-02-18 19:25:35,2025-02-18 19:52:35
v_000008449,u_001665,s_00035,2025-02-04 16:30:55,2025-02-04 17:05:55
v_000008450,u_001837,s_00039,2025-01-10 16:28:03,2025-01-10 16:48:03
v_000008451,u_001072,s_00141,2025-02-27 20:31:54,2025-02-27 20:33:54
v_000008452,u_000275,s_00000,2025-01-15 21:05:54,2025-01-15 21:10:54
v_000008453,u_001917,s_00051,2025-01-07 20:22:05,2025-01-07 21:58:05
v_000008454,u_000982,s_00033,2025-01-06 19:08:41,2025-01-06 19:30:41
v_000008455,u_001937,s_00131,2025-01-18 23:20:33,2025-01-18 23:40:33
v_000008456,u_001158,s_00060,2025-01-29 18:01:49,2025-01-29 18:19:49
v_000008457,u_001860,s_00058,2025-02-21 15:49:48,2025-02-21 15:52:48
v_000008458,u_001420,s_00024,2025-01-14 23:33:44,2025-01-15 00:09:44
v_000008459,u_001319,s_00000,2025-01-29 18:50:40,2025-01-29 18:53:40
v_000008460,u_000280,s_00015,2025-02-09 19:17:08,2025-02-09 19:39:08
v_000008461,u_001228,s_00146,2025-01-13 16:45:02,2025-01-13 17:00:02
v_000008462,u_000320,s_00012,2025-01-28 23:57:10,2025-01-29 00:03:10
v_000008463,u_001255,s_00132,2025-02-13 20:57:39,2025-02-13 20:58:39
v_000008464,u_000266,s_00004,2025-02-22 22:16:13,2025-02-22 23:04:13
v_000008465,u_001173,s_00106,2025-01-17 19:20:09,2025-01-17 19:38:09
v_000008466,u_000333,s_00005,2025-01-01 23:41:02,2025-01-01 23:56:02
v_000008467,u_000914,s_00049,2025-01-26 21:52:46,2025-01-26 21:53:46
v_000008468,u_001696,s_00124,2025-02-13 16:28:46,2025-02-13 16:35:46
v_000008469,u_001774,s_00142,2025-02-02 17:02:00,2025-02-02 17:04:00
v_000008470,u_001178,s_00148,2025-01-01 23:31:30,2025-01-01 23:42:30
v_000008471,u_000107,s_00126,2025-02-26 13:25:17,2025-02-26 13:57:17
v_000008472,u_000575,s_00128,2025-02-11 23:09:16,2025-02-11 23:25:16
v_000008473,u_000194,s_00105,2025-01-16 20:45:05,2025-01-16 21:08:05
v_000008474,u_000441,s_00038,2025-01-27 13:34:28,2025-01-27 14:41:28
v_000008475,u_000787,s_00098,2025-02-13 20:00:19,2025-02-13 20:30:19
v_000008476,u_000158,s_00022,2025-02-26 15:24:23,2025-02-26 15:25:23
v_000008477,u_000024,s_00144,2025-01-02 12:49:47,2025-01-02 13:17:47
v_000008478,u_000013,s_00086,2025-01-25 21:42:20,2025-01-25 21:50:20
v_000008479,u_000180,s_00134,2025-02-09 22:02:09,2025-02-09 23:01:09
v_000008480,u_000108,s_00103,2025-02-04 21:24:05,2025-02-04 21:50:05
v_000008481,u_001330,s_00064,2025-01-23 23:53:34,2025-01-24 00:06:34
v_000008482,u_001061,s_00099,2025-01-26 20:28:57,2025-01-26 20:46:57
v_000008483,u_001972,s_00032,2025-02-19 15:48:01,2025-02-19 15:59:01
v_000008484,u_001347,s_00082,2025-02-18 23:25:14,2025-02-18 23:46:14
v_000008485,u_000458,s_00122,2025-01-22 23:02:50,2025-01-22 23:03:50
v_000008486,u_000275,s_00142,2025-02-14 23:54:43,2025-02-15 00:34:43
v_000008487,u_001329,s_00053,2025-01-18 18:44:21,2025-01-18 18:45:21
v_000008488,u_001396,s_00144,2025-02-25 23:27:07,2025-02-26 00:08:07
v_000008489,u_000634,s_00056,2025-02-03 22:46:48,2025-02-03 22:55:48
v_000008490,u_001457,s_00038,2025-01-06 23:11:25,2025-01-06 23:51:25
v_000008491,u_001390,s_00079,2025-03-01 16:47:58,2025-03-01 16:52:58
v_000008492,u_000824,s_00101,2025-01-14 23:56:52,2025-01-15 00:05:52
v_000008493,u_001136,s_00034,2025-01-17 18:33:09,2025-01-17 18:43:09
v_000008494,u_001175,s_00088,2025-03-01 16:34:37,2025-03-01 16:49:37
v_000008495,u_000301,s_00092,2025-02-10 18:08:01,2025-02-10 19:07:01
v_000008496,u_001844,s_00144,2025-01-01 20:10:22,2025-01-01 20:13:22
v_000008497,u_001535,s_00123,2025-01-04 16:47:56,2025-01-04 17:08:56
v_000008498,u_000597,s_00091,2025-01-31 17:47:17,2025-01-31 17:52:17
v_000008499,u_000205,s_00024,2025-02-19 23:57:18,2025-02-20 00:29:18
v_000008500,u_000205,s_00011,2025-02-22 14:13:41,2025-02-22 14:26:41
v_000008501,u_001321,s_00148,2025-01-02 17:39:39,2025-01-02 18:00:39
v_000008502,u_000169,s_00110,2025-01-23 16:37:45,2025-01-23 16:45:45
v_000008503,u_001024,s_00016,2025-01-05 14:17:43,2025-01-05 14:29:43
v_000008504,u_000686,s_00012,2025-02-05 14:39:36,2025-02-05 15:03:36
v_000008505,u_000342,s_00113,2025-01-15 17:20:46,2025-01-15 17:30:46
v_000008506,u_000122,s_00023,2025-01-31 23:47:43,2025-01-31 23:54:43
v_000008507,u_000033,s_00126,2025-01-30 21:38:14,2025-01-30 21:55:14
v_000008508,u_001165,s_00059,2025-02-21 17:39:24,2025-02-21 18:19:24
v_000008509,u_001071,s_00025,2025-02-22 17:16:32,2025-02-22 18:13:32
v_000008510,u_001379,s_00083,2025-02-03 15:58:42,2025-02-03 16:06:42
v_000008511,u_001586,s_00111,2025-02-03 15:42:21,2025-02-03 15:48:21
v_000008512,u_000172,s_00108,2025-01-14 18:25:41,2025-01-14 18:27:41
v_000008513,u_000146,s_00018,2025-02-28 21:44:16,2025-02-28 21:48:16
v_000008514,u_000994,s_00123,2025-02-17 23:51:34,2025-02-18 00:49:34
v_000008515,u_000531,s_00103,2025-01-28 22:40:49,2025-01-28 22:48:49
v_000008516,u_001491,s_00019,2025-01-22 11:33:44,2025-01-22 12:22:44
v_000008517,u_001368,s_00069,2025-02-08 16:30:48,2025-02-08 16:44:48
v_000008518,u_001372,s_00037,2025-02-22 18:20:31,2025-02-22 18:43:31
v_000008519,u_000001,s_00013,2025-02-23 17:10:45,2025-02-23 17:17:45
v_000008520,u_000246,s_00022,2025-01-20 23:26:09,2025-01-20 23:36:09
v_000008521,u_000012,s_00061,2025-01-14 23:21:49,2025-01-14 23:29:49
v_000008522,u_000998,s_00111,2025-02-15 23:09:01,2025-02-15 23:21:01
v_000008523,u_001521,s_00062,2025-01-11 12:49:18,2025-01-11 12:50:18
v_000008524,u_000340,s_00136,2025-01-08 23:43:30,2025-01-08 23:59:30
v_000008525,u_000327,s_00020,2025-02-01 15:33:00,2025-02-01 15:37:00
v_000008526,u_001073,s_00104,2025-02-15 13:05:59,2025-02-15 13:23:59
v_000008527,u_000603,s_00108,2025-01-21 16:06:10,2025-01-21 16:44:10
v_000008528,u_000514,s_00093,2025-02-20 16:09:36,2025-02-20 16:15:36
v_000008529,u_001204,s_00039,2025-02-18 22:08:56,2025-02-18 22:16:56
v_000008530,u_001326,s_00112,2025-02-24 18:42:22,2025-02-24 19:26:22
v_000008531,u_000919,s_00030,2025-02-26 17:47:16,2025-02-26 17:50:16
v_000008532,u_000192,s_00128,2025-01-21 16:21:32,2025-01-21 17:31:32
v_000008533,u_000491,s_00031,2025-02-28 16:09:14,2025-02-28 17:09:14
v_000008534,u_000894,s_00030,2025-02-20 23:57:33,2025-02-21 00:00:33
v_000008535,u_001075,s_00136,2025-01-21 23:09:01,2025-01-21 23:11:01
v_000008536,u_001271,s_00020,2025-03-01 15:32:02,2025-03-01 18:43:02
v_000008537,u_000710,s_00031,2025-02-21 23:14:13,2025-02-21 23:38:13
v_000008538,u_001578,s_00143,2025-01-10 19:03:36,2025-01-10 19:12:36
v_000008539,u_001231,s_00022,2025-01-16 23:31:24,2025-01-16 23:39:24
v_000008540,u_001744,s_00113,2025-02-16 19:49:52,2025-02-16 19:51:52
v_000008541,u_000103,s_00038,2025-01-10 21:10:41,2025-01-10 21:33:41
v_000008542,u_000119,s_00103,2025-01-09 18:03:20,2025-01-09 18:04:20
v_000008543,u_001202,s_00025,2025-02-24 10:14:43,2025-02-24 10:22:43
v_000008544,u_000934,s_00086,2025-02-13 23:53:11,2025-02-13 23:55:11
v_000008545,u_000029,s_00037,2025-02-14 22:50:42,2025-02-14 23:30:42
v_000008546,u_001149,s_00067,2025-01-21 16:38:20,2025-01-21 17:01:20
v_000008547,u_001733,s_00113,2025-02-21 13:50:12,2025-02-21 14:17:12
v_000008548,u_000549,s_00042,2025-01-20 22:06:17,2025-01-20 22:07:17
v_000008549,u_000397,s_00142,2025-02-03 19:13:30,2025-02-03 19:56:30
v_000008550,u_001560,s_00097,2025-02-16 22:20:26,2025-02-16 22:26:26
v_000008551,u_001102,s_00052,2025-01-16 23:41:10,2025-01-17 00:09:10
v_000008552,u_001481,s_00091,2025-03-01 14:34:53,2025-03-01 14:35:53
v_000008553,u_000795,s_00147,2025-01-06 20:04:28,2025-01-06 20:25:28
v_000008554,u_001867,s_00083,2025-02-11 21:52:49,2025-02-11 21:57:49
v_000008555,u_001357,s_00045,2025-02-17 23:38:00,2025-02-18 00:53:00
v_000008556,u_000793,s_00133,2025-01-05 13:02:08,2025-01-05 13:16:08
v_000008557,u_001134,s_00130,2025-01-22 19:26:28,2025-01-22 19:28:28
v_000008558,u_001913,s_00101,2025-01-14 15:47:20,2025-01-14 15:51:20
v_000008559,u_000359,s_00116,2025-02-01 18:31:25,2025-02-01 18:43:25
v_000008560,u_001629,s_00022,2025-01-18 16:33:34,2025-01-18 17:09:34
v_000008561,u_001345,s_00013,2025-01-21 15:38:19,2025-01-21 15:42:19
v_000008562,u_000613,s_00045,2025-01-05 18:17:47,2025-01-05 18:46:47
v_000008563,u_000487,s_00047,2025-01-15 22:16:15,2025-01-15 22:19:15
v_000008564,u_001905,s_00052,2025-01-01 18:05:40,2025-01-01 18:07:40
v_000008565,u_001656,s_00117,2025-02-24 20:37:46,2025-02-24 20:42:46
v_000008566,u_000597,s_00102,2025-02-26 20:32:44,2025-02-26 20:53:44
v_000008567,u_000671,s_00017,2025-01-22 23:57:12,2025-01-23 00:57:12
v_000008568,u_001654,s_00053,2025-01-03 20:34:28,2025-01-03 20:42:28
v_000008569,u_001753,s_00122,2025-01-24 17:25:48,2025-01-24 18:07:48
v_000008570,u_000444,s_00117,2025-02-03 17:29:28,2025-02-03 17:36:28
v_000008571,u_000259,s_00068,2025-01-12 13:42:19,2025-01-12 14:39:19
v_000008572,u_001120,s_00077,2025-02-23 17:28:00,2025-02-23 17:50:00
v_000008573,u_001661,s_00016,2025-01-04 23:25:50,2025-01-05 00:17:50
v_000008574,u_000604,s_00083,2025-01-26 20:00:50,2025-01-26 20:40:50
v_000008575,u_000822,s_00056,2025-01-02 15:30:54,2025-01-02 15:48:54
v_000008576,u_001918,s_00128,2025-01-28 13:51:30,2025-01-28 14:07:30
v_000008577,u_000764,s_00075,2025-02-01 21:35:40,2025-02-01 21:36:40
v_000008578,u_000691,s_00019,2025-01-15 23:53:16,2025-01-16 00:11:16
v_000008579,u_000176,s_00129,2025-02-25 19:09:29,2025-02-25 19:15:29
v_000008580,u_001198,s_00070,2025-02-19 23:05:27,2025-02-19 23:12:27
v_000008581,u_000389,s_00053,2025-01-07 20:38:39,2025-01-07 20:51:39
v_000008582,u_000077,s_00030,2025-02-03 18:36:18,2025-02-03 18:47:18
v_000008583,u_000280,s_00015,2025-01-28 21:01:54,2025-01-28 21:02:54
v_000008584,u_001017,s_00084,2025-01-04 21:25:07,2025-01-04 21:28:07
v_000008585,u_001728,s_00133,2025-02-26 20:31:51,2025-02-26 20:49:51
v_000008586,u_001117,s_00123,2025-01-13 19:52:58,2025-01-13 20:17:58
v_000008587,u_000112,s_00083,2025-02-09 14:06:16,2025-02-09 14:28:16
v_000008588,u_001244,s_00043,2025-01-07 19:23:49,2025-01-07 19:28:49
v_000008589,u_001962,s_00030,2025-02-20 22:19:33,2025-02-20 22:27:33
v_000008590,u_001870,s_00130,2025-01-11 23:40:34,2025-01-12 00:13:34
v_000008591,u_000682,s_00098,2025-01-17 23:49:21,2025-01-18 00:18:21
v_000008592,u_000960,s_00134,2025-02-06 23:46:33,2025-02-06 23:48:33
v_000008593,u_000081,s_00131,2025-01-22 20:27:34,2025-01-22 22:17:34
v_000008594,u_000243,s_00148,2025-01-06 22:56:37,2025-01-06 23:05:37
v_000008595,u_001702,s_00055,2025-01-18 20:10:18,2025-01-18 20:22:18
v_000008596,u_000079,s_00132,2025-01-19 22:34:08,2025-01-19 22:51:08
v_000008597,u_000543,s_00010,2025-01-15 17:11:27,2025-01-15 18:04:27
v_000008598,u_000195,s_00138,2025-01-23 15:36:41,2025-01-23 15:39:41
v_000008599,u_001715,s_00077,2025-02-27 15:53:07,2025-02-27 16:30:07
v_000008600,u_000003,s_00064,2025-01-05 22:11:52,2025-01-05 22:24:52
v_000008601,u_001033,s_00081,2025-02-27 21:15:01,2025-02-27 21:26:01
v_000008602,u_001958,s_00102,2025-01-02 13:05:06,2025-01-02 13:25:06
v_000008603,u_001414,s_00120,2025-02-02 18:00:14,2025-02-02 18:01:14
v_000008604,u_000368,s_00020,2025-02-07 23:21:28,2025-02-07 23:27:28
v_000008605,u_001160,s_00126,2025-01-02 19:22:41,2025-01-02 19:46:41
v_000008606,u_001566,s_00114,2025-01-28 22:46:56,2025-01-28 22:58:56
v_000008607,u_001465,s_00081,2025-01-18 21:20:13,2025-01-18 21:59:13
v_000008608,u_000571,s_00144,2025-01-25 18:11:33,2025-01-25 18:25:33
v_000008609,u_000804,s_00127,2025-02-15 18:01:17,2025-02-15 18:25:17
v_000008610,u_001219,s_00070,2025-02-23 16:39:08,2025-02-23 16:44:08
v_000008611,u_000122,s_00091,2025-02-10 14:17:12,2025-02-10 14:38:12
v_000008612,u_000159,s_00137,2025-02-06 14:31:57,2025-02-06 14:43:57
v_000008613,u_000763,s_00148,2025-01-19 23:13:07,2025-01-19 23:18:07
v_000008614,u_001851,s_00093,2025-01-12 21:23:18,2025-01-12 21:24:18
v_000008615,u_001498,s_00012,2025-02-19 19:16:42,2025-02-19 19:22:42
v_000008616,u_000499,s_00039,2025-01-18 22:42:06,2025-01-18 23:02:06
v_000008617,u_001816,s_00038,2025-01-01 19:12:49,2025-01-01 19:24:49
v_000008618,u_001497,s_00037,2025-01-19 20:47:39,2025-01-19 21:10:39
v_000008619,u_001699,s_00064,2025-01-13 21:55:54,2025-01-13 22:32:54
v_000008620,u_000542,s_00054,2025-01-09 16:25:27,2025-01-09 16:26:27
v_000008621,u_000234,s_00011,2025-01-01 19:19:24,2025-01-01 19:32:24
v_000008622,u_000490,s_00137,2025-02-27 17:32:36,2025-02-27 17:50:36
v_000008623,u_000071,s_00085,2025-01-11 11:37:29,2025-01-11 11:54:29
v_000008624,u_000358,s_00107,2025-01-16 20:22:36,2025-01-16 21:14:36
v_000008625,u_000419,s_00003,2025-02-02 16:17:00,2025-02-02 16:20:00
v_000008626,u_000335,s_00104,2025-01-09 11:41:31,2025-01-09 12:24:31
v_000008627,u_001880,s_00120,2025-02-04 14:21:43,2025-02-04 14:49:43
v_000008628,u_001098,s_00148,2025-01-08 23:09:18,2025-01-08 23:30:18
v_000008629,u_000564,s_00049,2025-02-25 20:38:24,2025-02-25 20:39:24
v_000008630,u_000201,s_00018,2025-02-10 22:02:37,2025-02-10 22:20:37
v_000008631,u_000453,s_00040,2025-03-01 20:42:19,2025-03-01 20:49:19
v_000008632,u_000635,s_00005,2025-02-03 17:15:47,2025-02-03 17:46:47
v_000008633,u_001558,s_00033,2025-01-01 17:19:23,2025-01-01 17:36:23
v_000008634,u_001696,s_00108,2025-02-05 18:00:22,2025-02-05 18:07:22
v_000008635,u_001033,s_00081,2025-02-13 23:38:42,2025-02-14 00:03:42
v_000008636,u_001012,s_00148,2025-02-18 23:24:15,2025-02-19 00:07:15
v_000008637,u_001808,s_00122,2025-02-11 19:02:14,2025-02-11 19:11:14
v_000008638,u_001027,s_00025,2025-02-26 18:28:12,2025-02-26 19:25:12
v_000008639,u_001604,s_00045,2025-02-04 23:03:37,2025-02-04 23:16:37
v_000008640,u_000066,s_00066,2025-02-10 18:17:18,2025-02-10 18:50:18
v_000008641,u_001119,s_00098,2025-02-19 17:30:34,2025-02-19 18:03:34
v_000008642,u_001754,s_00113,2025-02-22 18:00:01,2025-02-22 19:16:01
v_000008643,u_000648,s_00117,2025-02-18 17:06:45,2025-02-18 17:31:45
v_000008644,u_000207,s_00045,2025-02-03 23:59:11,2025-02-04 00:01:11
v_000008645,u_001844,s_00144,2025-02-20 19:32:38,2025-02-20 19:33:38
v_000008646,u_001471,s_00091,2025-01-24 23:35:32,2025-01-24 23:39:32
v_000008647,u_000815,s_00117,2025-02-25 16:04:52,2025-02-25 16:06:52
v_000008648,u_000973,s_00049,2025-02-23 21:46:35,2025-02-23 22:04:35
v_000008649,u_000091,s_00065,2025-02-03 22:52:01,2025-02-03 22:53:01
v_000008650,u_000367,s_00126,2025-02-17 23:38:12,2025-02-18 00:00:12
v_000008651,u_001261,s_00041,2025-02-08 21:21:34,2025-02-08 21:31:34
v_000008652,u_001277,s_00121,2025-01-11 15:09:01,2025-01-11 15:34:01
v_000008653,u_000007,s_00149,2025-01-10 22:37:03,2025-01-10 23:23:03
v_000008654,u_000455,s_00055,2025-02-28 14:10:02,2025-02-28 14:18:02
v_000008655,u_000890,s_00102,2025-01-09 22:48:01,2025-01-09 22:59:01
v_000008656,u_001710,s_00120,2025-02-27 20:45:49,2025-02-27 21:02:49
v_000008657,u_001085,s_00122,2025-01-26 20:12:54,2025-01-26 20:44:54
v_000008658,u_001539,s_00051,2025-02-26 19:29:17,2025-02-26 20:08:17
v_000008659,u_000259,s_00057,2025-01-30 19:10:09,2025-01-30 19:22:09
v_000008660,u_001401,s_00142,2025-01-31 23:58:22,2025-02-01 00:35:22
v_000008661,u_001871,s_00033,2025-01-29 12:06:37,2025-01-29 12:19:37
v_000008662,u_001476,s_00001,2025-01-03 16:48:01,2025-01-03 16:57:01
v_000008663,u_000922,s_00001,2025-02-18 13:15:10,2025-02-18 13:22:10
v_000008664,u_000085,s_00089,2025-02-15 17:16:15,2025-02-15 17:20:15
v_000008665,u_000422,s_00069,2025-01-12 19:23:48,2025-01-12 19:56:48
v_000008666,u_001013,s_00111,2025-02-01 23:13:11,2025-02-01 23:37:11
v_000008667,u_000244,s_00013,2025-02-10 23:55:37,2025-02-11 00:51:37
v_000008668,u_001363,s_00114,2025-02-12 14:22:45,2025-02-12 15:54:45
v_000008669,u_000505,s_00052,2025-02-11 11:45:06,2025-02-11 11:55:06
v_000008670,u_001628,s_00000,2025-02-15 14:25:32,2025-02-15 14:26:32
v_000008671,u_000985,s_00142,2025-02-21 13:51:09,2025-02-21 13:57:09
v_000008672,u_000509,s_00106,2025-01-29 20:06:44,2025-01-29 20:16:44
v_000008673,u_000281,s_00039,2025-01-12 23:51:07,2025-01-12 23:52:07
v_000008674,u_000635,s_00005,2025-01-08 13:11:44,2025-01-08 13:37:44
v_000008675,u_001560,s_00036,2025-02-10 14:13:40,2025-02-10 14:25:40
v_000008676,u_000216,s_00019,2025-01-20 18:59:32,2025-01-20 19:05:32
v_000008677,u_001949,s_00100,2025-01-15 23:22:04,2025-01-15 23:23:04
v_000008678,u_001627,s_00061,2025-01-15 19:50:00,2025-01-15 20:25:00
v_000008679,u_001268,s_00128,2025-02-23 19:15:43,2025-02-23 19:25:43
v_000008680,u_001242,s_00064,2025-02-04 23:51:24,2025-02-05 00:00:24
v_000008681,u_001117,s_00130,2025-02-21 20:07:13,2025-02-21 20:14:13
v_000008682,u_000447,s_00147,2025-02-13 23:37:40,2025-02-14 00:49:40
v_000008683,u_000071,s_00077,2025-01-11 23:48:19,2025-01-11 23:58:19
v_000008684,u_000070,s_00035,2025-01-02 13:45:08,2025-01-02 14:03:08
v_000008685,u_001476,s_00001,2025-01-31 18:36:49,2025-01-31 18:43:49
v_000008686,u_000943,s_00108,2025-01-26 20:59:42,2025-01-26 21:18:42
v_000008687,u_001130,s_00063,2025-02-23 19:56:04,2025-02-23 20:12:04
v_000008688,u_000043,s_00071,2025-02-06 17:32:02,2025-02-06 18:04:02
v_000008689,u_000868,s_00011,2025-02-25 21:05:48,2025-02-25 21:09:48
v_000008690,u_001874,s_00139,2025-02-06 23:01:19,2025-02-06 23:25:19
v_000008691,u_001413,s_00149,2025-02-01 16:29:59,2025-02-01 17:18:59
v_000008692,u_000625,s_00066,2025-02-05 17:54:15,2025-02-05 17:57:15
v_000008693,u_001448,s_00084,2025-02-22 20:08:43,2025-02-22 20:24:43
v_000008694,u_001379,s_00083,2025-01-24 08:59:56,2025-01-24 09:11:56
v_000008695,u_001209,s_00065,2025-02-20 23:15:22,2025-02-20 23:40:22
v_000008696,u_000423,s_00136,2025-02-11 20:52:36,2025-02-11 20:58:36
v_000008697,u_001000,s_00087,2025-02-25 19:09:32,2025-02-25 20:00:32
v_000008698,u_000562,s_00064,2025-01-11 17:13:47,2025-01-11 17:20:47
v_000008699,u_001263,s_00009,2025-01-23 17:18:56,2025-01-23 17:34:56
v_000008700,u_001487,s_00027,2025-02-24 23:15:34,2025-02-24 23:18:34
v_000008701,u_001598,s_00026,2025-01-23 23:57:19,2025-01-24 01:18:19
v_000008702,u_000952,s_00089,2025-01-16 23:41:54,2025-01-16 23:58:54
v_000008703,u_000096,s_00054,2025-02-01 16:46:00,2025-02-01 16:52:00
v_000008704,u_000096,s_00000,2025-01-28 19:10:31,2025-01-28 19:20:31
v_000008705,u_000116,s_00009,2025-01-19 23:59:17,2025-01-20 00:47:17
v_000008706,u_001316,s_00056,2025-01-12 19:46:25,2025-01-12 20:03:25
v_000008707,u_001620,s_00046,2025-01-19 15:40:38,2025-01-19 15:51:38
v_000008708,u_000587,s_00039,2025-02-22 21:20:07,2025-02-22 22:09:07
v_000008709,u_001149,s_00073,2025-02-03 21:54:16,2025-02-03 22:17:16
v_000008710,u_000626,s_00049,2025-02-18 18:15:44,2025-02-18 18:19:44
v_000008711,u_000206,s_00065,2025-01-16 16:09:23,2025-01-16 18:30:23
v_000008712,u_001515,s_00066,2025-02-07 21:21:48,2025-02-07 22:14:48
v_000008713,u_000762,s_00021,2025-02-27 16:30:14,2025-02-27 16:33:14
v_000008714,u_000514,s_00050,2025-01-22 18:49:48,2025-01-22 19:50:48
v_000008715,u_000426,s_00083,2025-02-15 17:33:05,2025-02-15 17:36:05
v_000008716,u_000385,s_00136,2025-01-28 17:45:17,2025-01-28 19:10:17
v_000008717,u_000869,s_00045,2025-01-23 18:21:45,2025-01-23 18:26:45
v_000008718,u_000402,s_00102,2025-02-28 23:07:23,2025-03-01 00:07:23
v_000008719,u_000919,s_00105,2025-02-01 23:53:15,2025-02-01 23:59:15
v_000008720,u_000133,s_00079,2025-01-19 20:20:48,2025-01-19 20:51:48
v_000008721,u_001895,s_00138,2025-02-22 16:34:51,2025-02-22 16:42:51
v_000008722,u_000492,s_00001,2025-02-14 23:24:29,2025-02-14 23:47:29
v_000008723,u_000213,s_00115,2025-02-06 13:43:48,2025-02-06 13:50:48
v_000008724,u_000381,s_00115,2025-02-18 17:22:52,2025-02-18 17:24:52
v_000008725,u_001856,s_00132,2025-02-27 16:13:35,2025-02-27 16:20:35
v_000008726,u_000413,s_00005,2025-01-09 19:08:00,2025-01-09 19:28:00
v_000008727,u_001551,s_00079,2025-01-31 08:02:01,2025-01-31 08:07:01
v_000008728,u_000360,s_00015,2025-01-11 18:48:03,2025-01-11 19:16:03
v_000008729,u_001445,s_00108,2025-02-17 19:28:42,2025-02-17 19:58:42
v_000008730,u_000612,s_00119,2025-01-08 23:43:06,2025-01-08 23:47:06
v_000008731,u_001211,s_00039,2025-01-31 14:48:44,2025-01-31 15:30:44
v_000008732,u_000615,s_00045,2025-03-01 19:54:09,2025-03-01 19:58:09
v_000008733,u_001184,s_00081,2025-01-29 20:25:58,2025-01-29 21:52:58
v_000008734,u_001949,s_00100,2025-01-11 23:14:57,2025-01-12 00:08:57
v_000008735,u_000921,s_00105,2025-01-16 23:12:35,2025-01-16 23:35:35
v_000008736,u_001706,s_00062,2025-03-01 16:08:17,2025-03-01 18:21:17
v_000008737,u_000312,s_00028,2025-01-25 16:49:17,2025-01-25 17:03:17
v_000008738,u_001877,s_00139,2025-02-20 18:24:30,2025-02-20 18:47:30
v_000008739,u_001728,s_00058,2025-01-17 23:28:28,2025-01-17 23:49:28
v_000008740,u_001438,s_00103,2025-02-10 18:10:41,2025-02-10 18:29:41
v_000008741,u_001075,s_00023,2025-01-08 23:46:20,2025-01-09 00:10:20
v_000008742,u_000224,s_00046,2025-01-21 17:28:43,2025-01-21 18:15:43
v_000008743,u_000670,s_00023,2025-01-19 15:15:40,2025-01-19 15:33:40
v_000008744,u_001809,s_00044,2025-02-02 14:50:59,2025-02-02 15:12:59
v_000008745,u_001810,s_00084,2025-02-05 20:23:48,2025-02-05 20:26:48
v_000008746,u_001394,s_00056,2025-01-29 23:55:16,2025-01-30 00:07:16
v_000008747,u_000625,s_00063,2025-01-10 13:16:37,2025-01-10 14:27:37
v_000008748,u_000627,s_00075,2025-02-04 18:02:30,2025-02-04 18:20:30
v_000008749,u_001120,s_00075,2025-01-15 23:53:01,2025-01-15 23:57:01
v_000008750,u_000519,s_00087,2025-01-07 21:13:52,2025-01-07 21:34:52
v_000008751,u_000139,s_00145,2025-02-19 19:46:04,2025-02-19 20:20:04
v_000008752,u_000744,s_00114,2025-01-27 19:25:57,2025-01-27 19:41:57
v_000008753,u_001768,s_00009,2025-02-11 18:57:12,2025-02-11 19:14:12
v_000008754,u_001712,s_00019,2025-02-13 13:13:25,2025-02-13 13:41:25
v_000008755,u_000036,s_00062,2025-02-18 23:12:43,2025-02-18 23:26:43
v_000008756,u_001408,s_00032,2025-01-12 23:36:57,2025-01-12 23:55:57
v_000008757,u_001468,s_00091,2025-01-27 17:23:19,2025-01-27 17:38:19
v_000008758,u_001695,s_00073,2025-01-07 23:15:37,2025-01-07 23:34:37
v_000008759,u_001367,s_00025,2025-02-28 23:01:52,2025-02-28 23:35:52
v_000008760,u_000477,s_00129,2025-01-02 21:57:43,2025-01-02 22:12:43
v_000008761,u_000454,s_00096,2025-02-06 22:38:31,2025-02-06 23:17:31
v_000008762,u_000370,s_00145,2025-01-14 17:31:51,2025-01-14 17:37:51
v_000008763,u_000445,s_00039,2025-01-31 20:06:35,2025-01-31 20:09:35
v_000008764,u_000122,s_00136,2025-01-30 14:56:32,2025-01-30 14:58:32
v_000008765,u_000298,s_00057,2025-01-02 15:52:07,2025-01-02 16:08:07
v_000008766,u_001016,s_00032,2025-02-12 23:36:26,2025-02-12 23:40:26
v_000008767,u_000169,s_00051,2025-02-05 23:09:48,2025-02-05 23:28:48
v_000008768,u_001681,s_00124,2025-01-09 17:00:23,2025-01-09 17:01:23
v_000008769,u_001681,s_00053,2025-01-20 13:08:19,2025-01-20 13:09:19
v_000008770,u_001498,s_00054,2025-01-03 23:37:30,2025-01-04 00:39:30
v_000008771,u_000882,s_00116,2025-02-22 19:17:35,2025-02-22 19:24:35
v_000008772,u_000241,s_00073,2025-02-18 18:12:08,2025-02-18 18:13:08
v_000008773,u_001447,s_00049,2025-02-06 23:46:25,2025-02-06 23:51:25
v_000008774,u_000616,s_00089,2025-01-03 19:36:27,2025-01-03 20:29:27
v_000008775,u_001012,s_00025,2025-01-31 17:21:11,2025-01-31 17:43:11
v_000008776,u_001523,s_00068,2025-02-13 23:51:40,2025-02-13 23:52:40
v_000008777,u_001573,s_00055,2025-02-01 17:29:45,2025-02-01 19:34:45
v_000008778,u_001015,s_00009,2025-02-21 17:14:27,2025-02-21 17:38:27
v_000008779,u_000662,s_00047,2025-02-22 23:54:32,2025-02-23 00:19:32
v_000008780,u_001594,s_00067,2025-01-24 22:33:17,2025-01-24 22:55:17
v_000008781,u_001160,s_00145,2025-02-15 21:37:43,2025-02-15 21:55:43
v_000008782,u_001376,s_00094,2025-02-17 16:17:25,2025-02-17 16:18:25
v_000008783,u_001632,s_00032,2025-02-04 23:18:51,2025-02-04 23:43:51
v_000008784,u_000662,s_00078,2025-01-24 17:48:24,2025-01-24 19:02:24
v_000008785,u_000856,s_00006,2025-02-18 19:27:18,2025-02-18 19:32:18
v_000008786,u_001389,s_00106,2025-02-05 17:30:20,2025-02-05 17:45:20
v_000008787,u_000786,s_00024,2025-01-25 22:04:59,2025-01-25 22:06:59
v_000008788,u_001576,s_00024,2025-02-27 16:05:01,2025-02-27 16:15:01
v_000008789,u_001873,s_00053,2025-02-01 16:47:40,2025-02-01 17:04:40
v_000008790,u_000432,s_00021,2025-02-06 17:00:05,2025-02-06 17:34:05
v_000008791,u_001392,s_00020,2025-02-02 23:03:36,2025-02-02 23:13:36
v_000008792,u_000272,s_00019,2025-01-30 18:29:14,2025-01-30 18:35:14
v_000008793,u_001350,s_00041,2025-01-31 23:00:24,2025-01-31 23:35:24
v_000008794,u_001120,s_00126,2025-02-21 19:25:52,2025-02-21 19:54:52
v_000008795,u_001962,s_00039,2025-01-10 21:58:33,2025-01-10 22:31:33
v_000008796,u_001588,s_00080,2025-01-22 18:18:54,2025-01-22 18:22:54
v_000008797,u_001131,s_00148,2025-01-04 23:14:38,2025-01-04 23:46:38
v_000008798,u_001409,s_00086,2025-01-05 23:14:02,2025-01-05 23:19:02
v_000008799,u_000158,s_00022,2025-02-04 18:27:08,2025-02-04 18:35:08
v_000008800,u_000764,s_00060,2025-02-15 23:02:15,2025-02-15 23:23:15
v_000008801,u_000971,s_00145,2025-02-03 23:18:41,2025-02-03 23:33:41
v_000008802,u_001637,s_00007,2025-02-26 14:31:02,2025-02-26 14:46:02
v_000008803,u_001939,s_00125,2025-02-22 17:45:47,2025-02-22 18:23:47
v_000008804,u_001334,s_00037,2025-02-11 21:05:32,2025-02-11 21:08:32
v_000008805,u_000172,s_00023,2025-02-24 19:02:36,2025-02-24 19:07:36
v_000008806,u_001888,s_00055,2025-01-31 19:18:14,2025-01-31 19:32:14
v_000008807,u_000955,s_00084,2025-01-10 15:28:49,2025-01-10 15:29:49
v_000008808,u_000896,s_00118,2025-02-16 17:08:14,2025-02-16 17:23:14
v_000008809,u_001820,s_00072,2025-01-07 17:11:09,2025-01-07 17:12:09
v_000008810,u_000582,s_00075,2025-02-02 12:47:21,2025-02-02 13:13:21
v_000008811,u_000551,s_00076,2025-01-21 15:20:48,2025-01-21 15:26:48
v_000008812,u_000671,s_00017,2025-01-07 19:07:57,2025-01-07 19:43:57
v_000008813,u_000584,s_00118,2025-01-05 19:53:42,2025-01-05 20:11:42
v_000008814,u_001942,s_00133,2025-02-18 23:14:22,2025-02-19 00:41:22
v_000008815,u_000482,s_00022,2025-01-24 23:49:33,2025-01-25 00:35:33
v_000008816,u_001424,s_00015,2025-01-16 14:04:03,2025-01-16 14:12:03
v_000008817,u_001340,s_00143,2025-01-16 23:38:30,2025-01-16 23:50:30
v_000008818,u_000190,s_00076,2025-02-23 15:22:39,2025-02-23 15:35:39
v_000008819,u_000888,s_00053,2025-01-19 23:09:42,2025-01-19 23:19:42
v_000008820,u_001650,s_00146,2025-01-18 23:43:04,2025-01-19 00:14:04
v_000008821,u_001376,s_00098,2025-01-15 23:29:13,2025-01-15 23:57:13
v_000008822,u_000793,s_00133,2025-01-14 23:44:25,2025-01-14 23:45:25
v_000008823,u_000848,s_00060,2025-02-11 16:45:38,2025-02-11 17:18:38
v_000008824,u_001544,s_00078,2025-02-01 18:35:22,2025-02-01 18:49:22
v_000008825,u_001831,s_00092,2025-02-05 19:06:17,2025-02-05 19:27:17
v_000008826,u_001962,s_00046,2025-01-10 20:29:23,2025-01-10 20:42:23
v_000008827,u_001106,s_00038,2025-01-04 18:16:35,2025-01-04 18:24:35
v_000008828,u_001965,s_00001,2025-01-13 23:59:16,2025-01-14 00:04:16
v_000008829,u_000122,s_00136,2025-01-14 23:01:53,2025-01-14 23:44:53
v_000008830,u_000122,s_00001,2025-01-16 22:04:22,2025-01-16 22:05:22
v_000008831,u_000410,s_00013,2025-02-10 17:00:49,2025-02-10 17:12:49
v_000008832,u_001310,s_00043,2025-02-04 20:57:36,2025-02-04 21:23:36
v_000008833,u_000150,s_00048,2025-01-31 21:54:01,2025-01-31 22:07:01
v_000008834,u_000822,s_00018,2025-02-13 23:37:42,2025-02-14 00:27:42
v_000008835,u_001980,s_00054,2025-02-16 17:20:52,2025-02-16 17:24:52
v_000008836,u_000478,s_00085,2025-01-31 21:53:41,2025-01-31 22:26:41
v_000008837,u_001728,s_00133,2025-02-28 19:01:10,2025-02-28 19:02:10
v_000008838,u_000018,s_00080,2025-02-14 15:29:27,2025-02-14 15:56:27
v_000008839,u_000629,s_00080,2025-02-17 13:36:11,2025-02-17 14:09:11
v_000008840,u_000603,s_00031,2025-02-04 23:18:52,2025-02-04 23:40:52
v_000008841,u_001952,s_00026,2025-01-31 21:40:12,2025-01-31 21:54:12
v_000008842,u_000572,s_00149,2025-02-16 13:36:26,2025-02-16 13:50:26
v_000008843,u_001114,s_00142,2025-02-21 20:44:08,2025-02-21 21:02:08
v_000008844,u_000720,s_00109,2025-03-01 19:37:19,2025-03-01 19:40:19
v_000008845,u_000780,s_00104,2025-02-14 17:36:23,2025-02-14 17:47:23
v_000008846,u_000803,s_00003,2025-01-25 22:41:16,2025-01-25 22:52:16
v_000008847,u_001123,s_00077,2025-02-13 18:42:22,2025-02-13 19:03:22
v_000008848,u_000482,s_00149,2025-02-28 18:44:58,2025-02-28 18:47:58
v_000008849,u_001348,s_00037,2025-01-19 18:15:33,2025-01-19 18:23:33
v_000008850,u_001926,s_00034,2025-02-09 16:41:28,2025-02-09 16:58:28
v_000008851,u_001491,s_00091,2025-02-21 20:22:26,2025-02-21 20:27:26
v_000008852,u_000302,s_00101,2025-01-13 19:24:05,2025-01-13 19:28:05
v_000008853,u_001830,s_00130,2025-01-14 22:57:44,2025-01-15 00:01:44
v_000008854,u_000749,s_00056,2025-01-28 12:13:39,2025-01-28 12:29:39
v_000008855,u_001011,s_00047,2025-02-20 17:45:31,2025-02-20 18:06:31
v_000008856,u_000511,s_00082,2025-02-16 18:01:32,2025-02-16 18:56:32
v_000008857,u_000580,s_00000,2025-01-06 23:06:37,2025-01-06 23:38:37
v_000008858,u_001407,s_00112,2025-01-19 18:50:40,2025-01-19 18:51:40
v_000008859,u_001395,s_00040,2025-01-22 20:38:47,2025-01-22 20:41:47
v_000008860,u_000884,s_00108,2025-01-27 17:07:19,2025-01-27 17:26:19
v_000008861,u_000249,s_00107,2025-02-06 17:51:01,2025-02-06 17:55:01
v_000008862,u_000586,s_00134,2025-02-11 23:32:41,2025-02-11 23:40:41
v_000008863,u_001882,s_00043,2025-01-30 20:00:41,2025-01-30 20:04:41
v_000008864,u_001569,s_00089,2025-02-25 23:36:15,2025-02-25 23:48:15
v_000008865,u_001745,s_00062,2025-02-24 19:33:44,2025-02-24 19:45:44
v_000008866,u_000777,s_00105,2025-02-10 22:39:55,2025-02-10 22:40:55
v_000008867,u_000413,s_00133,2025-02-28 14:59:24,2025-02-28 15:02:24
v_000008868,u_000717,s_00106,2025-02-16 12:28:34,2025-02-16 12:40:34
v_000008869,u_000443,s_00045,2025-01-27 16:15:10,2025-01-27 16:25:10
v_000008870,u_000350,s_00016,2025-01-25 18:48:25,2025-01-25 19:52:25
v_000008871,u_001739,s_00103,2025-02-09 17:52:18,2025-02-09 17:53:18
v_000008872,u_000112,s_00132,2025-02-07 23:24:50,2025-02-07 23:55:50
v_000008873,u_000035,s_00018,2025-01-01 23:30:13,2025-01-01 23:43:13
v_000008874,u_001879,s_00017,2025-02-09 23:16:54,2025-02-09 23:17:54
v_000008875,u_001765,s_00130,2025-01-28 12:14:02,2025-01-28 12:20:02
v_000008876,u_001504,s_00087,2025-01-08 16:24:38,2025-01-08 16:47:38
v_000008877,u_001437,s_00027,2025-01-13 12:57:07,2025-01-13 14:11:07
v_000008878,u_001325,s_00144,2025-02-08 23:00:28,2025-02-08 23:35:28
v_000008879,u_000325,s_00136,2025-02-04 21:48:42,2025-02-04 22:20:42
v_000008880,u_001663,s_00036,2025-01-11 23:55:58,2025-01-12 00:04:58
v_000008881,u_001200,s_00003,2025-02-20 19:58:14,2025-02-20 20:14:14
v_000008882,u_001348,s_00085,2025-01-11 20:24:09,2025-01-11 20:25:09
v_000008883,u_001792,s_00004,2025-01-31 18:35:40,2025-01-31 18:41:40
v_000008884,u_000927,s_00064,2025-02-27 20:01:48,2025-02-27 20:11:48
v_000008885,u_001474,s_00097,2025-02-18 21:35:50,2025-02-18 21:55:50
v_000008886,u_001740,s_00117,2025-01-08 22:51:28,2025-01-08 22:56:28
v_000008887,u_000757,s_00019,2025-01-25 22:14:19,2025-01-25 22:17:19
v_000008888,u_000073,s_00006,2025-01-11 23:13:56,2025-01-11 23:32:56
v_000008889,u_001314,s_00004,2025-01-30 13:33:43,2025-01-30 14:08:43
v_000008890,u_000723,s_00084,2025-01-13 18:23:23,2025-01-13 18:26:23
v_000008891,u_000974,s_00043,2025-03-01 22:41:42,2025-03-01 22:42:42
v_000008892,u_001422,s_00003,2025-01-13 14:36:48,2025-01-13 15:01:48
v_000008893,u_000566,s_00080,2025-01-28 23:21:10,2025-01-29 00:13:10
v_000008894,u_001876,s_00032,2025-02-13 23:22:55,2025-02-13 23:29:55
v_000008895,u_001908,s_00145,2025-01-03 21:43:16,2025-01-03 21:55:16
v_000008896,u_000601,s_00031,2025-01-25 13:52:03,2025-01-25 14:10:03
v_000008897,u_001236,s_00048,2025-01-13 14:58:12,2025-01-13 15:03:12
v_000008898,u_000848,s_00049,2025-03-01 23:10:08,2025-03-01 23:20:08
v_000008899,u_001496,s_00005,2025-01-14 22:24:24,2025-01-14 23:05:24
v_000008900,u_001316,s_00114,2025-02-14 21:19:36,2025-02-14 21:20:36
v_000008901,u_001399,s_00132,2025-01-03 19:43:06,2025-01-03 21:14:06
v_000008902,u_000433,s_00099,2025-01-17 13:31:25,2025-01-17 13:39:25
v_000008903,u_000145,s_00079,2025-02-18 23:26:53,2025-02-18 23:43:53
v_000008904,u_000952,s_00120,2025-01-05 23:36:38,2025-01-06 00:01:38
v_000008905,u_000074,s_00021,2025-02-08 12:50:16,2025-02-08 12:57:16
v_000008906,u_000936,s_00006,2025-02-08 19:35:21,2025-02-08 19:56:21
v_000008907,u_001975,s_00095,2025-01-11 23:07:18,2025-01-11 23:12:18
v_000008908,u_001814,s_00071,2025-01-18 22:57:47,2025-01-18 23:19:47
v_000008909,u_001977,s_00129,2025-01-13 23:08:27,2025-01-13 23:16:27
v_000008910,u_000321,s_00003,2025-01-10 20:44:30,2025-01-10 20:51:30
v_000008911,u_001349,s_00118,2025-02-12 18:44:44,2025-02-12 19:05:44
v_000008912,u_000003,s_00064,2025-01-23 23:05:22,2025-01-23 23:20:22
v_000008913,u_001104,s_00141,2025-01-22 15:22:21,2025-01-22 15:53:21
v_000008914,u_000112,s_00035,2025-01-23 16:13:51,2025-01-23 16:20:51
v_000008915,u_000983,s_00016,2025-02-20 23:29:09,2025-02-20 23:40:09
v_000008916,u_001230,s_00097,2025-01-29 20:57:25,2025-01-29 21:17:25
v_000008917,u_001441,s_00042,2025-01-14 22:19:04,2025-01-14 22:49:04
v_000008918,u_000351,s_00060,2025-01-17 20:09:24,2025-01-17 20:23:24
v_000008919,u_000786,s_00021,2025-02-21 18:56:53,2025-02-21 19:06:53
v_000008920,u_000635,s_00009,2025-02-08 20:23:09,2025-02-08 20:40:09
v_000008921,u_000852,s_00135,2025-02-12 23:15:00,2025-02-12 23:20:00
v_000008922,u_001975,s_00095,2025-02-19 22:05:02,2025-02-19 22:59:02
v_000008923,u_001478,s_00007,2025-02-20 22:32:37,2025-02-20 22:34:37
v_000008924,u_001933,s_00091,2025-02-18 23:22:36,2025-02-18 23:45:36
v_000008925,u_001972,s_00046,2025-02-09 21:10:59,2025-02-09 21:15:59
v_000008926,u_001019,s_00030,2025-01-13 20:54:11,2025-01-13 21:04:11
v_000008927,u_001504,s_00057,2025-01-12 16:46:15,2025-01-12 17:12:15
v_000008928,u_000352,s_00039,2025-01-23 20:08:08,2025-01-23 20:20:08
v_000008929,u_000999,s_00070,2025-02-24 17:15:47,2025-02-24 17:50:47
v_000008930,u_000295,s_00067,2025-02-16 19:50:32,2025-02-16 20:38:32
v_000008931,u_001019,s_00044,2025-01-27 17:58:17,2025-01-27 18:01:17
v_000008932,u_000235,s_00143,2025-02-12 21:08:19,2025-02-12 21:10:19
v_000008933,u_000112,s_00093,2025-01-20 13:57:05,2025-01-20 14:09:05
v_000008934,u_001719,s_00142,2025-01-26 21:41:17,2025-01-26 22:11:17
v_000008935,u_001977,s_00129,2025-01-10 15:52:21,2025-01-10 15:58:21
v_000008936,u_000430,s_00020,2025-01-11 23:16:18,2025-01-11 23:41:18
v_000008937,u_001881,s_00000,2025-01-13 23:25:47,2025-01-14 00:50:47
v_000008938,u_000776,s_00140,2025-01-12 23:35:05,2025-01-13 00:03:05
v_000008939,u_001584,s_00085,2025-01-19 22:12:54,2025-01-19 22:13:54
v_000008940,u_001948,s_00135,2025-02-17 19:41:25,2025-02-17 19:56:25
v_000008941,u_000465,s_00107,2025-01-25 18:32:07,2025-01-25 18:34:07
v_000008942,u_001101,s_00104,2025-01-05 12:31:01,2025-01-05 13:11:01
v_000008943,u_001739,s_00142,2025-02-08 23:21:19,2025-02-08 23:41:19
v_000008944,u_001191,s_00002,2025-01-13 21:11:37,2025-01-13 21:12:37
v_000008945,u_000827,s_00105,2025-01-26 21:23:08,2025-01-26 21:54:08
v_000008946,u_000652,s_00147,2025-01-05 18:20:54,2025-01-05 18:22:54
v_000008947,u_001289,s_00104,2025-02-12 19:02:34,2025-02-12 19:18:34
v_000008948,u_000608,s_00138,2025-01-05 18:00:46,2025-01-05 18:02:46
v_000008949,u_001346,s_00064,2025-02-21 11:14:38,2025-02-21 11:28:38
v_000008950,u_000404,s_00038,2025-01-02 16:55:07,2025-01-02 16:56:07
v_000008951,u_000126,s_00117,2025-01-16 19:14:48,2025-01-16 19:20:48
v_000008952,u_001589,s_00098,2025-02-08 21:45:21,2025-02-08 23:13:21
v_000008953,u_001355,s_00096,2025-01-27 23:12:03,2025-01-27 23:20:03
v_000008954,u_001211,s_00105,2025-02-18 19:22:08,2025-02-18 19:25:08
v_000008955,u_001730,s_00108,2025-01-10 23:12:21,2025-01-10 23:41:21
v_000008956,u_001012,s_00045,2025-02-25 18:40:33,2025-02-25 19:40:33
v_000008957,u_001263,s_00045,2025-01-11 19:57:55,2025-01-11 20:05:55
v_000008958,u_001079,s_00127,2025-02-13 21:10:24,2025-02-13 21:12:24
v_000008959,u_000536,s_00116,2025-01-10 22:41:24,2025-01-10 22:46:24
v_000008960,u_000550,s_00117,2025-02-27 18:12:09,2025-02-27 18:35:09
v_000008961,u_001921,s_00067,2025-02-16 16:28:06,2025-02-16 16:31:06
v_000008962,u_000684,s_00021,2025-02-20 23:34:20,2025-02-20 23:38:20
v_000008963,u_001983,s_00078,2025-02-25 21:14:43,2025-02-25 21:27:43
v_000008964,u_001593,s_00130,2025-02-08 22:07:25,2025-02-08 22:13:25
v_000008965,u_000312,s_00054,2025-01-16 21:15:36,2025-01-16 21:16:36
v_000008966,u_000344,s_00090,2025-01-16 13:32:13,2025-01-16 13:35:13
v_000008967,u_001360,s_00090,2025-01-04 23:18:03,2025-01-04 23:44:03
v_000008968,u_001652,s_00063,2025-01-10 18:03:20,2025-01-10 18:05:20
v_000008969,u_001381,s_00146,2025-01-29 20:32:40,2025-01-29 20:43:40
v_000008970,u_000535,s_00139,2025-01-23 19:31:46,2025-01-23 19:34:46
v_000008971,u_001693,s_00080,2025-02-22 23:57:10,2025-02-22 23:58:10
v_000008972,u_001301,s_00047,2025-01-04 14:22:47,2025-01-04 14:41:47
v_000008973,u_000389,s_00113,2025-02-13 21:10:23,2025-02-13 21:48:23
v_000008974,u_000288,s_00111,2025-02-25 15:24:43,2025-02-25 15:43:43
v_000008975,u_000860,s_00100,2025-01-15 21:55:01,2025-01-15 22:20:01
v_000008976,u_000860,s_00004,2025-01-10 16:33:45,2025-01-10 17:00:45
v_000008977,u_001784,s_00046,2025-02-27 16:38:27,2025-02-27 17:21:27
v_000008978,u_000612,s_00128,2025-01-05 23:35:36,2025-01-06 00:06:36
v_000008979,u_000345,s_00105,2025-02-12 23:32:37,2025-02-13 00:11:37
v_000008980,u_000384,s_00127,2025-01-07 15:50:16,2025-01-07 15:58:16
v_000008981,u_000960,s_00028,2025-02-05 18:24:07,2025-02-05 18:34:07
v_000008982,u_000730,s_00069,2025-01-14 23:07:35,2025-01-15 00:12:35
v_000008983,u_000270,s_00016,2025-01-04 23:53:17,2025-01-05 00:05:17
v_000008984,u_000438,s_00113,2025-01-01 13:25:50,2025-01-01 13:50:50
v_000008985,u_001222,s_00007,2025-02-14 23:43:39,2025-02-15 00:39:39
v_000008986,u_001469,s_00073,2025-01-31 23:02:41,2025-01-31 23:16:41
v_000008987,u_001312,s_00021,2025-01-05 15:14:48,2025-01-05 15:32:48
v_000008988,u_000342,s_00113,2025-02-24 22:30:41,2025-02-24 23:11:41
v_000008989,u_001611,s_00055,2025-02-05 23:12:06,2025-02-05 23:57:06
v_000008990,u_001722,s_00074,2025-02-24 19:03:40,2025-02-24 19:49:40
v_000008991,u_001198,s_00013,2025-01-04 19:19:47,2025-01-04 19:24:47
v_000008992,u_001129,s_00030,2025-02-04 22:01:13,2025-02-04 22:21:13
v_000008993,u_000652,s_00147,2025-02-06 21:28:46,2025-02-06 21:29:46
v_000008994,u_000333,s_00003,2025-02-07 18:04:05,2025-02-07 18:09:05
v_000008995,u_001114,s_00093,2025-01-25 20:53:46,2025-01-25 21:06:46
v_000008996,u_000456,s_00085,2025-01-07 17:20:25,2025-01-07 17:36:25
v_000008997,u_001076,s_00124,2025-01-17 14:42:05,2025-01-17 15:15:05
v_000008998,u_000764,s_00102,2025-02-18 14:18:42,2025-02-18 14:42:42
v_000008999,u_000608,s_00021,2025-02-07 20:27:09,2025-02-07 20:33:09
v_000009000,u_000636,s_00070,2025-02-18 22:03:15,2025-02-18 22:04:15
v_000009001,u_000719,s_00093,2025-01-12 23:38:59,2025-01-12 23:48:59
v_000009002,u_000646,s_00139,2025-02-05 21:59:12,2025-02-05 22:19:12
v_000009003,u_001195,s_00131,2025-01-04 23:13:23,2025-01-04 23:18:23
v_000009004,u_001441,s_00042,2025-01-05 17:34:13,2025-01-05 17:59:13
v_000009005,u_001798,s_00067,2025-02-14 18:09:15,2025-02-14 18:16:15
v_000009006,u_000272,s_00148,2025-01-02 18:38:51,2025-01-02 18:49:51
v_000009007,u_000574,s_00077,2025-01-15 20:48:33,2025-01-15 21:17:33
v_000009008,u_001207,s_00025,2025-01-24 22:30:09,2025-01-24 22:58:09
v_000009009,u_001986,s_00125,2025-03-01 20:23:24,2025-03-01 20:45:24
v_000009010,u_001174,s_00125,2025-02-24 19:44:16,2025-02-24 20:05:16
v_000009011,u_001288,s_00144,2025-02-05 21:58:36,2025-02-05 22:22:36
v_000009012,u_001634,s_00060,2025-02-03 20:26:24,2025-02-03 20:55:24
v_000009013,u_001947,s_00062,2025-01-04 23:52:53,2025-01-05 00:37:53
v_000009014,u_001071,s_00002,2025-02-22 19:36:29,2025-02-22 20:09:29
v_000009015,u_000661,s_00087,2025-01-25 20:03:30,2025-01-25 20:34:30
v_000009016,u_000229,s_00097,2025-02-08 21:19:41,2025-02-08 21:22:41
v_000009017,u_000320,s_00125,2025-01-11 22:20:41,2025-01-11 22:21:41
v_000009018,u_000944,s_00140,2025-02-04 18:44:31,2025-02-04 19:13:31
v_000009019,u_001729,s_00081,2025-01-31 19:39:43,2025-01-31 19:55:43
v_000009020,u_000693,s_00085,2025-01-09 18:15:49,2025-01-09 19:19:49
v_000009021,u_000280,s_00049,2025-02-04 21:03:48,2025-02-04 21:36:48
v_000009022,u_001156,s_00011,2025-01-08 23:59:53,2025-01-09 00:43:53
v_000009023,u_000218,s_00132,2025-02-03 19:24:55,2025-02-03 19:48:55
v_000009024,u_001242,s_00006,2025-03-01 21:02:36,2025-03-01 21:14:36
v_000009025,u_000342,s_00137,2025-02-12 20:27:31,2025-02-12 20:30:31
v_000009026,u_001073,s_00080,2025-02-05 23:41:29,2025-02-05 23:48:29
v_000009027,u_001718,s_00050,2025-01-25 14:50:49,2025-01-25 14:52:49
v_000009028,u_000595,s_00001,2025-01-05 21:43:51,2025-01-05 21:48:51
v_000009029,u_000367,s_00126,2025-01-05 17:44:01,2025-01-05 17:45:01
v_000009030,u_000785,s_00149,2025-02-26 17:44:39,2025-02-26 18:07:39
v_000009031,u_000262,s_00005,2025-01-22 20:39:38,2025-01-22 21:15:38
v_000009032,u_000208,s_00056,2025-01-18 23:24:27,2025-01-18 23:39:27
v_000009033,u_001445,s_00105,2025-01-05 17:23:12,2025-01-05 17:24:12
v_000009034,u_000763,s_00120,2025-01-15 22:06:33,2025-01-15 23:01:33
v_000009035,u_000852,s_00042,2025-02-11 23:26:23,2025-02-11 23:53:23
v_000009036,u_001326,s_00056,2025-02-12 21:14:19,2025-02-12 21:54:19
v_000009037,u_000513,s_00141,2025-01-23 15:21:58,2025-01-23 15:23:58
v_000009038,u_000731,s_00040,2025-02-04 19:16:18,2025-02-04 19:27:18
v_000009039,u_001602,s_00130,2025-01-23 23:03:51,2025-01-23 23:41:51
v_000009040,u_000122,s_00023,2025-01-18 16:25:53,2025-01-18 16:26:53
v_000009041,u_001032,s_00062,2025-01-02 16:34:25,2025-01-02 16:46:25
v_000009042,u_001120,s_00075,2025-01-17 20:26:50,2025-01-17 21:04:50
v_000009043,u_000326,s_00135,2025-01-28 23:39:07,2025-01-28 23:50:07
v_000009044,u_001765,s_00115,2025-01-20 18:39:46,2025-01-20 18:50:46
v_000009045,u_000123,s_00062,2025-02-25 23:08:30,2025-02-25 23:27:30
v_000009046,u_001792,s_00017,2025-01-12 17:47:23,2025-01-12 17:50:23
v_000009047,u_001344,s_00023,2025-01-19 14:54:01,2025-01-19 15:16:01
v_000009048,u_001744,s_00075,2025-01-21 21:18:23,2025-01-21 21:54:23
v_000009049,u_000568,s_00126,2025-02-18 19:57:35,2025-02-18 20:13:35
v_000009050,u_000255,s_00148,2025-01-02 16:09:56,2025-01-02 16:41:56
v_000009051,u_001059,s_00047,2025-02-11 22:51:04,2025-02-11 23:37:04
v_000009052,u_001343,s_00012,2025-01-28 23:45:47,2025-01-29 00:07:47
v_000009053,u_001946,s_00112,2025-02-15 18:35:36,2025-02-15 19:17:36
v_000009054,u_001048,s_00020,2025-01-10 21:39:15,2025-01-10 21:56:15
v_000009055,u_001221,s_00045,2025-01-14 08:38:19,2025-01-14 08:41:19
v_000009056,u_001425,s_00041,2025-01-06 21:55:32,2025-01-06 22:02:32
v_000009057,u_001066,s_00003,2025-01-12 18:32:53,2025-01-12 18:33:53
v_000009058,u_001830,s_00113,2025-01-17 17:56:04,2025-01-17 18:25:04
v_000009059,u_000337,s_00123,2025-02-10 13:06:58,2025-02-10 13:07:58
v_000009060,u_001374,s_00051,2025-01-29 21:30:39,2025-01-29 21:35:39
v_000009061,u_001713,s_00149,2025-02-07 20:54:22,2025-02-07 21:00:22
v_000009062,u_000442,s_00126,2025-02-02 23:42:03,2025-02-03 00:02:03
v_000009063,u_000382,s_00033,2025-02-26 21:32:37,2025-02-26 21:34:37
v_000009064,u_000003,s_00041,2025-02-19 16:10:25,2025-02-19 16:18:25
v_000009065,u_000400,s_00134,2025-02-20 17:20:14,2025-02-20 17:56:14
v_000009066,u_000823,s_00013,2025-01-08 23:37:55,2025-01-09 00:23:55
v_000009067,u_000951,s_00096,2025-01-14 23:19:12,2025-01-14 23:21:12
v_000009068,u_001798,s_00073,2025-02-17 18:16:40,2025-02-17 18:24:40
v_000009069,u_001750,s_00051,2025-02-24 21:23:30,2025-02-24 21:47:30
v_000009070,u_001749,s_00103,2025-01-07 17:54:45,2025-01-07 17:57:45
v_000009071,u_001278,s_00056,2025-02-02 21:50:21,2025-02-02 21:54:21
v_000009072,u_000503,s_00051,2025-01-30 20:57:56,2025-01-30 22:35:56
v_000009073,u_001206,s_00058,2025-02-08 19:05:41,2025-02-08 19:17:41
v_000009074,u_001508,s_00080,2025-02-09 12:18:44,2025-02-09 12:40:44
v_000009075,u_001481,s_00091,2025-02-27 21:15:20,2025-02-27 21:23:20
v_000009076,u_000355,s_00067,2025-01-25 17:19:34,2025-01-25 17:45:34
v_000009077,u_001500,s_00121,2025-02-08 22:19:50,2025-02-08 22:26:50
v_000009078,u_000479,s_00092,2025-02-27 20:43:03,2025-02-27 21:26:03
v_000009079,u_001762,s_00083,2025-02-28 23:50:50,2025-03-01 00:08:50
v_000009080,u_000808,s_00127,2025-01-03 20:45:17,2025-01-03 20:51:17
v_000009081,u_001949,s_00047,2025-01-15 16:05:52,2025-01-15 16:15:52
v_000009082,u_001269,s_00027,2025-02-22 21:47:35,2025-02-22 21:53:35
v_000009083,u_001395,s_00027,2025-01-22 22:13:43,2025-01-22 22:30:43
v_000009084,u_001233,s_00122,2025-01-09 20:29:50,2025-01-09 21:04:50
v_000009085,u_001550,s_00116,2025-02-15 18:51:06,2025-02-15 18:53:06
v_000009086,u_000363,s_00131,2025-01-20 22:51:51,2025-01-20 22:52:51
v_000009087,u_000845,s_00147,2025-01-27 22:30:53,2025-01-27 22:51:53
v_000009088,u_000904,s_00078,2025-02-24 21:59:16,2025-02-24 23:15:16
v_000009089,u_000216,s_00142,2025-02-01 21:12:40,2025-02-01 21:54:40
v_000009090,u_000032,s_00041,2025-02-14 23:01:33,2025-02-14 23:27:33
v_000009091,u_001701,s_00133,2025-01-02 23:38:34,2025-01-03 00:17:34
v_000009092,u_000245,s_00052,2025-01-08 19:14:13,2025-01-08 19:27:13
v_000009093,u_001047,s_00119,2025-01-22 23:59:51,2025-01-23 00:13:51
v_000009094,u_001514,s_00139,2025-02-03 13:46:06,2025-02-03 14:23:06
v_000009095,u_001064,s_00044,2025-01-12 20:52:53,2025-01-12 21:03:53
v_000009096,u_001553,s_00005,2025-02-26 23:01:13,2025-02-26 23:02:13
v_000009097,u_000612,s_00046,2025-02-17 23:36:22,2025-02-18 00:34:22
v_000009098,u_001842,s_00005,2025-01-23 19:13:20,2025-01-23 19:19:20
v_000009099,u_000950,s_00024,2025-02-05 23:29:29,2025-02-05 23:35:29
v_000009100,u_000274,s_00080,2025-02-20 16:03:07,2025-02-20 16:06:07
v_000009101,u_001613,s_00019,2025-02-21 16:45:47,2025-02-21 16:55:47
v_000009102,u_000151,s_00015,2025-01-05 19:28:55,2025-01-05 19:29:55
v_000009103,u_000113,s_00070,2025-01-28 13:44:10,2025-01-28 13:47:10
v_000009104,u_000350,s_00041,2025-02-20 23:05:14,2025-02-20 23:23:14
v_000009105,u_000183,s_00092,2025-01-13 21:07:56,2025-01-13 21:20:56
v_000009106,u_000059,s_00110,2025-02-17 14:56:37,2025-02-17 15:04:37
v_000009107,u_001701,s_00108,2025-01-09 23:32:04,2025-01-10 00:18:04
v_000009108,u_000564,s_00042,2025-01-14 21:53:38,2025-01-14 22:07:38
v_000009109,u_000103,s_00022,2025-01-07 23:57:08,2025-01-07 23:58:08
v_000009110,u_001264,s_00066,2025-02-06 20:10:56,2025-02-06 20:33:56
v_000009111,u_001270,s_00040,2025-01-23 17:12:06,2025-01-23 17:35:06
v_000009112,u_000241,s_00080,2025-02-06 13:47:47,2025-02-06 13:49:47
v_000009113,u_001186,s_00128,2025-02-13 11:21:30,2025-02-13 11:29:30
v_000009114,u_000409,s_00127,2025-02-04 18:30:18,2025-02-04 18:44:18
v_000009115,u_001881,s_00097,2025-03-01 20:28:20,2025-03-01 20:42:20
v_000009116,u_000949,s_00081,2025-01-23 18:48:40,2025-01-23 19:41:40
v_000009117,u_001248,s_00001,2025-01-11 23:30:24,2025-01-11 23:31:24
v_000009118,u_001712,s_00019,2025-02-27 20:51:31,2025-02-27 21:56:31
v_000009119,u_000071,s_00077,2025-01-23 23:31:30,2025-01-24 00:13:30
v_000009120,u_001502,s_00017,2025-01-29 17:36:08,2025-01-29 17:50:08
v_000009121,u_000356,s_00130,2025-02-19 16:37:28,2025-02-19 17:19:28
v_000009122,u_001249,s_00004,2025-01-18 17:00:22,2025-01-18 17:10:22
v_000009123,u_001245,s_00144,2025-02-12 20:54:26,2025-02-12 21:17:26
v_000009124,u_001860,s_00078,2025-02-27 13:21:22,2025-02-27 13:51:22
v_000009125,u_000030,s_00114,2025-02-12 17:08:42,2025-02-12 18:25:42
v_000009126,u_001108,s_00000,2025-02-07 18:50:21,2025-02-07 19:17:21
v_000009127,u_001820,s_00015,2025-01-13 16:36:07,2025-01-13 16:56:07
v_000009128,u_001166,s_00136,2025-02-08 23:14:37,2025-02-08 23:34:37
v_000009129,u_000637,s_00143,2025-02-23 21:21:14,2025-02-23 22:15:14
v_000009130,u_001950,s_00033,2025-02-07 23:24:39,2025-02-07 23:40:39
v_000009131,u_000671,s_00050,2025-01-09 22:22:27,2025-01-09 22:51:27
v_000009132,u_000750,s_00082,2025-02-15 20:27:07,2025-02-15 20:54:07
v_000009133,u_001169,s_00099,2025-02-10 22:01:44,2025-02-10 22:03:44
v_000009134,u_000794,s_00125,2025-02-16 23:58:59,2025-02-17 00:02:59
v_000009135,u_000549,s_00013,2025-02-23 23:49:34,2025-02-23 23:53:34
v_000009136,u_001977,s_00129,2025-02-01 15:36:09,2025-02-01 16:05:09
v_000009137,u_001939,s_00086,2025-02-23 17:32:25,2025-02-23 17:33:25
v_000009138,u_001668,s_00141,2025-02-12 23:27:32,2025-02-12 23:56:32
v_000009139,u_001847,s_00148,2025-02-28 15:37:31,2025-02-28 15:53:31
v_000009140,u_001471,s_00091,2025-01-07 23:49:35,2025-01-07 23:55:35
v_000009141,u_000264,s_00045,2025-01-24 17:32:21,2025-01-24 17:51:21
v_000009142,u_001875,s_00060,2025-02-09 22:11:25,2025-02-09 22:16:25
v_000009143,u_001260,s_00013,2025-01-04 12:02:01,2025-01-04 12:16:01
v_000009144,u_001305,s_00143,2025-01-19 23:23:55,2025-01-19 23:42:55
v_000009145,u_000576,s_00000,2025-01-28 18:24:39,2025-01-28 19:19:39
v_000009146,u_000107,s_00108,2025-01-21 15:05:17,2025-01-21 15:48:17
v_000009147,u_000603,s_00017,2025-01-30 20:29:00,2025-01-30 20:41:00
v_000009148,u_001030,s_00127,2025-02-15 19:43:33,2025-02-15 19:51:33
v_000009149,u_001328,s_00033,2025-01-28 15:30:50,2025-01-28 16:19:50
v_000009150,u_000334,s_00112,2025-01-10 22:31:15,2025-01-10 22:42:15
v_000009151,u_001843,s_00149,2025-02-01 23:30:34,2025-02-02 00:55:34
v_000009152,u_000056,s_00038,2025-01-23 12:10:25,2025-01-23 12:23:25
v_000009153,u_000668,s_00012,2025-01-28 14:25:36,2025-01-28 14:49:36
v_000009154,u_001937,s_00016,2025-01-26 14:02:56,2025-01-26 14:12:56
v_000009155,u_001591,s_00000,2025-01-29 18:22:47,2025-01-29 18:31:47
v_000009156,u_001439,s_00023,2025-01-06 23:09:09,2025-01-06 23:46:09
v_000009157,u_001710,s_00089,2025-01-13 16:22:17,2025-01-13 16:43:17
v_000009158,u_001538,s_00140,2025-01-29 19:24:29,2025-01-29 19:56:29
v_000009159,u_000037,s_00092,2025-01-22 21:50:55,2025-01-22 22:26:55
v_000009160,u_001574,s_00144,2025-01-20 22:21:03,2025-01-20 22:42:03
v_000009161,u_001518,s_00119,2025-02-15 23:23:45,2025-02-16 00:24:45
v_000009162,u_001912,s_00144,2025-02-04 18:58:24,2025-02-04 19:01:24
v_000009163,u_000529,s_00048,2025-02-23 20:09:16,2025-02-23 20:22:16
v_000009164,u_000849,s_00111,2025-02-19 18:51:29,2025-02-19 19:03:29
v_000009165,u_000785,s_00113,2025-02-15 23:08:20,2025-02-15 23:16:20
v_000009166,u_000147,s_00121,2025-01-17 23:49:22,2025-01-18 00:16:22
v_000009167,u_001552,s_00006,2025-01-09 19:36:56,2025-01-09 19:42:56
v_000009168,u_001403,s_00114,2025-02-19 15:29:33,2025-02-19 15:51:33
v_000009169,u_001709,s_00061,2025-02-23 23:31:28,2025-02-24 00:06:28
v_000009170,u_001360,s_00143,2025-02-19 23:31:15,2025-02-20 00:46:15
v_000009171,u_000575,s_00077,2025-01-28 17:12:52,2025-01-28 17:40:52
v_000009172,u_000513,s_00012,2025-03-01 23:15:23,2025-03-01 23:18:23
v_000009173,u_001728,s_00058,2025-01-06 19:26:36,2025-01-06 19:28:36
v_000009174,u_001135,s_00055,2025-02-13 23:04:59,2025-02-13 23:05:59
v_000009175,u_000658,s_00103,2025-01-02 12:09:55,2025-01-02 12:35:55
v_000009176,u_000353,s_00055,2025-01-12 20:17:49,2025-01-12 20:33:49
v_000009177,u_000610,s_00101,2025-02-14 16:14:10,2025-02-14 16:16:10
v_000009178,u_000541,s_00018,2025-02-03 23:02:07,2025-02-03 23:53:07
v_000009179,u_001627,s_00116,2025-02-01 23:37:31,2025-02-01 23:50:31
v_000009180,u_000715,s_00083,2025-02-11 20:06:05,2025-02-11 20:50:05
v_000009181,u_001942,s_00105,2025-01-13 15:12:16,2025-01-13 15:45:16
v_000009182,u_000371,s_00009,2025-01-12 23:13:01,2025-01-12 23:14:01
v_000009183,u_001456,s_00039,2025-01-21 13:48:43,2025-01-21 13:53:43
v_000009184,u_001326,s_00056,2025-02-02 18:07:41,2025-02-02 18:22:41
v_000009185,u_001798,s_00098,2025-01-03 16:53:14,2025-01-03 16:58:14
v_000009186,u_000188,s_00068,2025-01-21 13:56:21,2025-01-21 14:34:21
v_000009187,u_000311,s_00040,2025-02-22 15:07:22,2025-02-22 15:08:22
v_000009188,u_001588,s_00047,2025-01-06 15:10:36,2025-01-06 15:23:36
v_000009189,u_000942,s_00033,2025-02-18 23:05:00,2025-02-18 23:51:00
v_000009190,u_001022,s_00001,2025-02-17 21:03:40,2025-02-17 21:27:40
v_000009191,u_001583,s_00042,2025-02-23 22:47:01,2025-02-23 22:49:01
v_000009192,u_000241,s_00037,2025-02-25 23:39:16,2025-02-26 00:21:16
v_000009193,u_001558,s_00089,2025-01-19 23:58:21,2025-01-20 01:18:21
v_000009194,u_001548,s_00131,2025-01-26 16:01:21,2025-01-26 16:11:21
v_000009195,u_000707,s_00025,2025-02-05 19:07:54,2025-02-05 20:03:54
v_000009196,u_000284,s_00028,2025-02-06 20:48:44,2025-02-06 21:26:44
v_000009197,u_000970,s_00067,2025-02-07 15:23:24,2025-02-07 15:31:24
v_000009198,u_001858,s_00020,2025-01-18 23:05:52,2025-01-19 00:33:52
v_000009199,u_000712,s_00069,2025-01-25 19:26:52,2025-01-25 19:58:52
v_000009200,u_001583,s_00042,2025-02-23 18:58:17,2025-02-23 19:02:17
v_000009201,u_001147,s_00057,2025-02-18 13:01:21,2025-02-18 13:16:21
v_000009202,u_001178,s_00118,2025-02-04 23:57:52,2025-02-05 00:12:52
v_000009203,u_000011,s_00130,2025-01-08 20:42:29,2025-01-08 21:03:29
v_000009204,u_000598,s_00058,2025-01-29 13:46:08,2025-01-29 14:05:08
v_000009205,u_000926,s_00027,2025-02-22 15:53:52,2025-02-22 16:14:52
v_000009206,u_000470,s_00006,2025-02-24 23:31:25,2025-02-24 23:38:25
v_000009207,u_000936,s_00064,2025-01-12 22:43:50,2025-01-12 22:58:50
v_000009208,u_001296,s_00035,2025-01-11 12:15:24,2025-01-11 12:37:24
v_000009209,u_001929,s_00085,2025-02-05 23:55:48,2025-02-06 00:08:48
v_000009210,u_000746,s_00037,2025-01-20 12:25:10,2025-01-20 13:02:10
v_000009211,u_000127,s_00123,2025-02-27 19:18:19,2025-02-27 20:33:19
v_000009212,u_001562,s_00049,2025-01-19 19:19:02,2025-01-19 19:39:02
v_000009213,u_000656,s_00071,2025-02-03 23:21:00,2025-02-03 23:30:00
v_000009214,u_001215,s_00001,2025-02-26 13:44:11,2025-02-26 14:14:11
v_000009215,u_000874,s_00106,2025-02-09 21:02:52,2025-02-09 21:03:52
v_000009216,u_001659,s_00132,2025-01-25 15:21:21,2025-01-25 15:24:21
v_000009217,u_000887,s_00091,2025-02-12 21:22:36,2025-02-12 21:30:36
v_000009218,u_001031,s_00049,2025-02-25 23:37:26,2025-02-26 00:06:26
v_000009219,u_001275,s_00119,2025-01-08 23:56:56,2025-01-08 23:58:56
v_000009220,u_001218,s_00079,2025-03-01 12:34:46,2025-03-01 12:49:46
v_000009221,u_000189,s_00108,2025-01-20 19:05:49,2025-01-20 19:06:49
v_000009222,u_001289,s_00142,2025-02-16 17:21:33,2025-02-16 17:42:33
v_000009223,u_001543,s_00140,2025-02-09 20:15:05,2025-02-09 21:04:05
v_000009224,u_001843,s_00101,2025-01-08 21:30:44,2025-01-08 22:26:44
v_000009225,u_000926,s_00034,2025-02-14 21:12:35,2025-02-14 21:48:35
v_000009226,u_001497,s_00008,2025-01-16 17:40:23,2025-01-16 17:50:23
v_000009227,u_000133,s_00079,2025-02-14 18:47:01,2025-02-14 18:48:01
v_000009228,u_001616,s_00055,2025-01-30 15:56:58,2025-01-30 15:57:58
v_000009229,u_001581,s_00052,2025-01-20 17:07:40,2025-01-20 18:36:40
v_000009230,u_000363,s_00041,2025-01-16 20:11:57,2025-01-16 21:19:57
v_000009231,u_000163,s_00101,2025-01-11 17:43:00,2025-01-11 18:22:00
v_000009232,u_000695,s_00115,2025-01-20 18:31:59,2025-01-20 21:36:59
v_000009233,u_001613,s_00042,2025-01-24 21:45:17,2025-01-24 21:49:17
v_000009234,u_001189,s_00084,2025-01-24 16:31:28,2025-01-24 16:36:28
v_000009235,u_001699,s_00130,2025-02-12 22:26:11,2025-02-12 22:33:11
v_000009236,u_001138,s_00038,2025-02-11 23:45:24,2025-02-11 23:50:24
v_000009237,u_000745,s_00058,2025-02-10 17:39:20,2025-02-10 17:40:20
v_000009238,u_000510,s_00075,2025-01-10 17:16:36,2025-01-10 17:18:36
v_000009239,u_000542,s_00125,2025-02-09 23:58:50,2025-02-10 00:04:50
v_000009240,u_001402,s_00110,2025-01-31 16:36:40,2025-01-31 17:02:40
v_000009241,u_001344,s_00114,2025-01-22 18:11:44,2025-01-22 18:27:44
v_000009242,u_001647,s_00105,2025-02-08 22:51:52,2025-02-08 22:58:52
v_000009243,u_001325,s_00016,2025-02-06 15:31:21,2025-02-06 16:21:21
v_000009244,u_001185,s_00113,2025-02-21 23:07:32,2025-02-21 23:34:32
v_000009245,u_001968,s_00142,2025-01-30 17:31:46,2025-01-30 18:15:46
v_000009246,u_000982,s_00021,2025-02-25 18:22:28,2025-02-25 18:55:28
v_000009247,u_000611,s_00130,2025-01-02 17:44:26,2025-01-02 17:47:26
v_000009248,u_001548,s_00131,2025-02-12 19:33:42,2025-02-12 20:02:42
v_000009249,u_001178,s_00118,2025-02-20 15:17:04,2025-02-20 15:22:04
v_000009250,u_001053,s_00084,2025-01-23 20:33:20,2025-01-23 21:25:20
v_000009251,u_001208,s_00107,2025-01-02 22:02:37,2025-01-02 22:25:37
v_000009252,u_001137,s_00055,2025-01-10 23:38:36,2025-01-10 23:39:36
v_000009253,u_000516,s_00053,2025-01-14 23:33:37,2025-01-14 23:40:37
v_000009254,u_000763,s_00032,2025-01-30 23:48:48,2025-01-30 23:54:48
v_000009255,u_001933,s_00091,2025-02-23 18:10:22,2025-02-23 18:11:22
v_000009256,u_001426,s_00020,2025-02-11 22:17:01,2025-02-11 22:18:01
v_000009257,u_001895,s_00089,2025-01-01 23:00:25,2025-01-01 23:17:25
v_000009258,u_001630,s_00124,2025-02-14 20:22:57,2025-02-14 21:44:57
v_000009259,u_001552,s_00105,2025-02-07 12:56:05,2025-02-07 12:57:05
v_000009260,u_001856,s_00132,2025-03-01 19:07:12,2025-03-01 19:36:12
v_000009261,u_000703,s_00081,2025-01-20 17:14:21,2025-01-20 17:32:21
v_000009262,u_000671,s_00050,2025-02-27 23:37:47,2025-02-28 00:41:47
v_000009263,u_001761,s_00139,2025-01-01 21:55:02,2025-01-01 22:41:02
v_000009264,u_001177,s_00145,2025-01-06 23:01:04,2025-01-06 23:04:04
v_000009265,u_000176,s_00019,2025-02-26 20:22:45,2025-02-26 20:55:45
v_000009266,u_001977,s_00063,2025-02-18 22:04:21,2025-02-18 22:56:21
v_000009267,u_000399,s_00100,2025-02-04 19:43:48,2025-02-04 20:04:48
v_000009268,u_000330,s_00005,2025-01-11 14:44:51,2025-01-11 15:12:51
v_000009269,u_001789,s_00127,2025-02-20 18:23:33,2025-02-20 18:24:33
v_000009270,u_001741,s_00051,2025-02-10 23:37:50,2025-02-10 23:38:50
v_000009271,u_001513,s_00059,2025-01-12 21:35:56,2025-01-12 22:07:56
v_000009272,u_001429,s_00106,2025-02-04 23:05:31,2025-02-05 00:58:31
v_000009273,u_000224,s_00127,2025-01-23 14:46:54,2025-01-23 15:31:54
v_000009274,u_001147,s_00104,2025-02-20 23:04:29,2025-02-20 23:05:29
v_000009275,u_000528,s_00020,2025-02-12 23:16:10,2025-02-12 23:33:10
v_000009276,u_001895,s_00082,2025-02-05 22:28:33,2025-02-05 22:42:33
v_000009277,u_001332,s_00022,2025-01-08 18:13:49,2025-01-08 18:14:49
v_000009278,u_001811,s_00025,2025-02-18 14:36:24,2025-02-18 14:37:24
v_000009279,u_001497,s_00037,2025-02-09 20:16:03,2025-02-09 20:20:03
v_000009280,u_001994,s_00086,2025-02-18 19:47:09,2025-02-18 20:05:09
v_000009281,u_000930,s_00077,2025-01-26 23:12:42,2025-01-26 23:25:42
v_000009282,u_001361,s_00065,2025-01-26 23:34:34,2025-01-27 00:03:34
v_000009283,u_000320,s_00012,2025-02-09 23:55:20,2025-02-10 00:16:20
v_000009284,u_001810,s_00084,2025-01-03 16:27:51,2025-01-03 16:41:51
v_000009285,u_000322,s_00138,2025-01-31 21:46:07,2025-01-31 22:16:07
v_000009286,u_001357,s_00146,2025-02-23 10:06:27,2025-02-23 10:28:27
v_000009287,u_001023,s_00107,2025-01-13 14:10:13,2025-01-13 14:13:13
v_000009288,u_001805,s_00130,2025-01-03 14:30:36,2025-01-03 14:46:36
v_000009289,u_001136,s_00100,2025-01-12 17:28:27,2025-01-12 17:46:27
v_000009290,u_001769,s_00062,2025-01-20 20:50:27,2025-01-20 21:05:27
v_000009291,u_001516,s_00006,2025-01-22 21:00:36,2025-01-22 21:04:36
v_000009292,u_001236,s_00113,2025-01-11 19:05:39,2025-01-11 19:34:39
v_000009293,u_000418,s_00052,2025-01-01 18:42:38,2025-01-01 20:00:38
v_000009294,u_001148,s_00008,2025-01-01 23:51:37,2025-01-01 23:54:37
v_000009295,u_001723,s_00034,2025-02-27 22:51:06,2025-02-27 22:52:06
v_000009296,u_000009,s_00096,2025-01-06 15:55:30,2025-01-06 15:56:30
v_000009297,u_001462,s_00043,2025-02-01 11:26:54,2025-02-01 11:48:54
v_000009298,u_001134,s_00009,2025-02-27 19:54:08,2025-02-27 19:56:08
v_000009299,u_000018,s_00080,2025-01-24 22:15:21,2025-01-24 22:39:21
v_000009300,u_000605,s_00011,2025-02-12 15:18:55,2025-02-12 15:29:55
v_000009301,u_000664,s_00022,2025-02-06 18:36:21,2025-02-06 18:37:21
v_000009302,u_000040,s_00071,2025-01-13 23:10:01,2025-01-13 23:34:01
v_000009303,u_001547,s_00016,2025-01-16 21:47:33,2025-01-16 22:23:33
v_000009304,u_001376,s_00027,2025-01-25 23:15:04,2025-01-25 23:37:04
v_000009305,u_000757,s_00096,2025-01-13 20:01:31,2025-01-13 20:03:31
v_000009306,u_001694,s_00045,2025-01-12 20:56:24,2025-01-12 21:02:24
v_000009307,u_000326,s_00084,2025-01-12 22:01:17,2025-01-12 23:25:17
v_000009308,u_000411,s_00035,2025-02-15 20:10:59,2025-02-15 20:28:59
v_000009309,u_001555,s_00011,2025-02-26 23:33:59,2025-02-26 23:50:59
v_000009310,u_001280,s_00076,2025-01-02 20:06:35,2025-01-02 20:36:35
v_000009311,u_000890,s_00147,2025-02-05 18:21:53,2025-02-05 18:57:53
v_000009312,u_000280,s_00049,2025-01-11 20:03:28,2025-01-11 20:06:28
v_000009313,u_001874,s_00139,2025-02-16 18:56:07,2025-02-16 18:59:07
v_000009314,u_000234,s_00146,2025-01-22 19:14:27,2025-01-22 19:20:27
v_000009315,u_001501,s_00055,2025-02-20 12:05:36,2025-02-20 12:09:36
v_000009316,u_000167,s_00021,2025-02-21 19:03:20,2025-02-21 19:04:20
v_000009317,u_000771,s_00043,2025-02-04 12:03:33,2025-02-04 12:39:33
v_000009318,u_000226,s_00095,2025-01-14 23:06:45,2025-01-14 23:08:45
v_000009319,u_001236,s_00113,2025-01-29 22:39:57,2025-01-29 22:47:57
v_000009320,u_001115,s_00095,2025-01-16 13:30:26,2025-01-16 14:24:26
v_000009321,u_001028,s_00135,2025-02-15 22:21:46,2025-02-15 22:27:46
v_000009322,u_000333,s_00058,2025-01-27 23:24:11,2025-01-27 23:29:11
v_000009323,u_001860,s_00058,2025-01-06 18:34:22,2025-01-06 18:36:22
v_000009324,u_000788,s_00021,2025-01-11 16:54:53,2025-01-11 16:56:53
v_000009325,u_001791,s_00142,2025-02-16 23:06:42,2025-02-16 23:16:42
v_000009326,u_000668,s_00034,2025-02-19 23:01:28,2025-02-19 23:02:28
v_000009327,u_001777,s_00088,2025-02-18 16:57:26,2025-02-18 18:05:26
v_000009328,u_000623,s_00110,2025-02-06 22:09:39,2025-02-06 22:19:39
v_000009329,u_001506,s_00005,2025-01-27 23:07:09,2025-01-27 23:12:09
v_000009330,u_001543,s_00140,2025-02-17 22:50:56,2025-02-17 22:59:56
v_000009331,u_000723,s_00141,2025-02-07 17:10:08,2025-02-07 17:41:08
v_000009332,u_001314,s_00051,2025-03-01 17:10:34,2025-03-01 17:28:34
v_000009333,u_000501,s_00047,2025-01-19 23:55:47,2025-01-20 00:13:47
v_000009334,u_001475,s_00072,2025-01-06 23:05:52,2025-01-06 23:06:52
v_000009335,u_001030,s_00045,2025-01-04 23:37:51,2025-01-04 23:47:51
v_000009336,u_000124,s_00016,2025-02-03 23:18:11,2025-02-04 00:12:11
v_000009337,u_000956,s_00032,2025-01-14 23:58:48,2025-01-15 00:09:48
v_000009338,u_001449,s_00107,2025-01-12 13:41:25,2025-01-12 13:50:25
v_000009339,u_001841,s_00139,2025-02-24 17:06:54,2025-02-24 17:07:54
v_000009340,u_001321,s_00144,2025-01-01 19:14:22,2025-01-01 19:38:22
v_000009341,u_001846,s_00102,2025-02-06 18:07:50,2025-02-06 18:21:50
v_000009342,u_000040,s_00131,2025-02-11 19:24:46,2025-02-11 19:39:46
v_000009343,u_001134,s_00035,2025-01-10 21:35:26,2025-01-10 21:58:26
v_000009344,u_001285,s_00070,2025-02-12 23:57:37,2025-02-13 00:01:37
v_000009345,u_000070,s_00052,2025-02-22 14:18:42,2025-02-22 14:46:42
v_000009346,u_000283,s_00097,2025-01-01 19:56:15,2025-01-01 20:34:15
v_000009347,u_000763,s_00131,2025-01-15 13:35:00,2025-01-15 14:01:00
v_000009348,u_000079,s_00004,2025-02-17 23:18:15,2025-02-17 23:33:15
v_000009349,u_000125,s_00083,2025-01-11 23:08:25,2025-01-11 23:19:25
v_000009350,u_000635,s_00005,2025-02-04 23:02:47,2025-02-04 23:40:47
v_000009351,u_000116,s_00008,2025-01-13 17:24:09,2025-01-13 18:02:09
v_000009352,u_001644,s_00113,2025-02-01 23:03:39,2025-02-01 23:21:39
v_000009353,u_000397,s_00117,2025-02-02 13:36:55,2025-02-02 14:37:55
v_000009354,u_000282,s_00125,2025-01-08 17:23:02,2025-01-08 17:32:02
v_000009355,u_001737,s_00019,2025-01-06 16:29:25,2025-01-06 17:00:25
v_000009356,u_001121,s_00096,2025-02-26 23:47:02,2025-02-26 23:49:02
v_000009357,u_000236,s_00020,2025-02-08 18:54:47,2025-02-08 18:55:47
v_000009358,u_000352,s_00011,2025-01-08 20:49:05,2025-01-08 20:57:05
v_000009359,u_001447,s_00034,2025-01-07 16:46:24,2025-01-07 18:10:24
v_000009360,u_000441,s_00000,2025-02-25 17:46:05,2025-02-25 17:53:05
v_000009361,u_000809,s_00093,2025-01-29 23:34:15,2025-01-30 00:06:15
v_000009362,u_000440,s_00089,2025-02-10 20:51:37,2025-02-10 21:10:37
v_000009363,u_000253,s_00138,2025-01-31 23:47:48,2025-02-01 00:01:48
v_000009364,u_001851,s_00036,2025-02-17 20:14:46,2025-02-17 20:30:46
v_000009365,u_000329,s_00027,2025-01-25 19:57:23,2025-01-25 19:58:23
v_000009366,u_000271,s_00007,2025-01-27 16:19:44,2025-01-27 17:33:44
v_000009367,u_000775,s_00008,2025-01-09 17:18:20,2025-01-09 18:15:20
v_000009368,u_001173,s_00092,2025-02-20 17:12:27,2025-02-20 17:16:27
v_000009369,u_000279,s_00074,2025-01-19 21:32:34,2025-01-19 22:03:34
v_000009370,u_001591,s_00000,2025-02-27 21:28:52,2025-02-27 21:39:52
v_000009371,u_001069,s_00003,2025-02-07 19:47:19,2025-02-07 19:58:19
v_000009372,u_000418,s_00133,2025-01-07 20:38:31,2025-01-07 21:23:31
v_000009373,u_001768,s_00139,2025-02-22 20:38:28,2025-02-22 21:31:28
v_000009374,u_000310,s_00004,2025-02-14 23:23:18,2025-02-14 23:34:18
v_000009375,u_001042,s_00017,2025-01-21 19:21:12,2025-01-21 19:37:12
v_000009376,u_001301,s_00128,2025-02-05 15:20:09,2025-02-05 15:49:09
v_000009377,u_000207,s_00031,2025-02-27 23:15:53,2025-02-27 23:16:53
v_000009378,u_000325,s_00136,2025-02-09 23:20:43,2025-02-10 00:41:43
v_000009379,u_001604,s_00129,2025-01-25 19:02:00,2025-01-25 19:11:00
v_000009380,u_000713,s_00042,2025-01-17 21:53:06,2025-01-17 22:08:06
v_000009381,u_000561,s_00146,2025-02-05 18:22:20,2025-02-05 18:54:20
v_000009382,u_001199,s_00042,2025-01-26 19:14:02,2025-01-26 19:47:02
v_000009383,u_000604,s_00073,2025-02-14 23:48:01,2025-02-15 00:07:01
v_000009384,u_000451,s_00075,2025-01-21 22:56:43,2025-01-21 23:09:43
v_000009385,u_000313,s_00007,2025-02-27 14:51:19,2025-02-27 14:59:19
v_000009386,u_001513,s_00014,2025-01-31 16:34:37,2025-01-31 16:36:37
v_000009387,u_001292,s_00005,2025-01-24 23:56:19,2025-01-25 00:36:19
v_000009388,u_001005,s_00016,2025-02-20 20:35:49,2025-02-20 20:38:49
v_000009389,u_000043,s_00071,2025-01-18 16:57:18,2025-01-18 17:05:18
v_000009390,u_000701,s_00140,2025-01-30 19:40:14,2025-01-30 19:52:14
v_000009391,u_000351,s_00085,2025-02-12 16:27:25,2025-02-12 17:38:25
v_000009392,u_000293,s_00133,2025-01-04 20:52:38,2025-01-04 21:13:38
v_000009393,u_000592,s_00061,2025-02-24 12:48:33,2025-02-24 14:06:33
v_000009394,u_001418,s_00125,2025-01-24 18:48:21,2025-01-24 18:56:21
v_000009395,u_000413,s_00112,2025-01-25 19:38:58,2025-01-25 20:14:58
v_000009396,u_000128,s_00065,2025-01-25 23:32:34,2025-01-25 23:33:34
v_000009397,u_000372,s_00003,2025-02-11 20:01:40,2025-02-11 20:50:40
v_000009398,u_001058,s_00040,2025-01-08 16:36:42,2025-01-08 16:54:42
v_000009399,u_000459,s_00110,2025-01-16 13:03:12,2025-01-16 13:08:12
v_000009400,u_000529,s_00088,2025-02-20 21:31:29,2025-02-20 21:33:29
v_000009401,u_001689,s_00088,2025-01-05 23:24:01,2025-01-05 23:47:01
v_000009402,u_000937,s_00110,2025-01-27 22:33:11,2025-01-27 22:53:11
v_000009403,u_000468,s_00116,2025-01-20 20:32:12,2025-01-20 20:43:12
v_000009404,u_000444,s_00052,2025-01-27 21:41:23,2025-01-27 22:06:23
v_000009405,u_000100,s_00052,2025-01-10 17:32:26,2025-01-10 17:33:26
v_000009406,u_000466,s_00127,2025-01-04 23:55:48,2025-01-04 23:58:48
v_000009407,u_000908,s_00140,2025-02-06 15:27:58,2025-02-06 15:32:58
v_000009408,u_001274,s_00004,2025-02-05 17:54:21,2025-02-05 17:56:21
v_000009409,u_001605,s_00005,2025-01-31 22:55:02,2025-01-31 23:13:02
v_000009410,u_000721,s_00052,2025-01-17 20:51:30,2025-01-17 22:00:30
v_000009411,u_001797,s_00071,2025-02-23 23:12:58,2025-02-23 23:18:58
v_000009412,u_000816,s_00096,2025-01-04 15:08:15,2025-01-04 15:24:15
v_000009413,u_000830,s_00100,2025-01-15 10:49:47,2025-01-15 10:51:47
v_000009414,u_001736,s_00038,2025-01-19 20:19:45,2025-01-19 20:22:45
v_000009415,u_000241,s_00080,2025-02-14 11:36:14,2025-02-14 11:47:14
v_000009416,u_000124,s_00098,2025-01-20 23:25:11,2025-01-20 23:34:11
v_000009417,u_000146,s_00042,2025-02-21 21:14:17,2025-02-21 21:23:17
v_000009418,u_001841,s_00081,2025-02-19 18:46:50,2025-02-19 19:22:50
v_000009419,u_001994,s_00115,2025-02-10 23:23:27,2025-02-10 23:35:27
v_000009420,u_000900,s_00125,2025-01-10 23:49:07,2025-01-10 23:54:07
v_000009421,u_001790,s_00090,2025-02-18 22:22:17,2025-02-18 23:08:17
v_000009422,u_000586,s_00090,2025-01-15 23:05:33,2025-01-15 23:07:33
v_000009423,u_000773,s_00020,2025-01-21 19:06:32,2025-01-21 20:02:32
v_000009424,u_001437,s_00071,2025-01-23 20:20:11,2025-01-23 20:43:11
v_000009425,u_000491,s_00086,2025-01-28 09:37:34,2025-01-28 11:00:34
v_000009426,u_001990,s_00148,2025-02-17 12:47:18,2025-02-17 13:14:18
v_000009427,u_001216,s_00037,2025-02-02 23:13:34,2025-02-02 23:17:34
v_000009428,u_000637,s_00045,2025-01-15 15:42:10,2025-01-15 15:45:10
v_000009429,u_000079,s_00132,2025-01-07 19:20:03,2025-01-07 19:48:03
v_000009430,u_001181,s_00087,2025-01-03 19:04:38,2025-01-03 19:09:38
v_000009431,u_000298,s_00063,2025-02-25 23:24:44,2025-02-25 23:35:44
v_000009432,u_000254,s_00062,2025-01-06 23:09:59,2025-01-06 23:32:59
v_000009433,u_000301,s_00120,2025-02-20 14:35:23,2025-02-20 14:47:23
v_000009434,u_000799,s_00076,2025-01-24 14:40:40,2025-01-24 14:41:40
v_000009435,u_000499,s_00039,2025-02-27 22:46:13,2025-02-28 00:01:13
v_000009436,u_001642,s_00014,2025-01-31 16:23:30,2025-01-31 16:26:30
v_000009437,u_001156,s_00011,2025-01-17 23:12:39,2025-01-17 23:59:39
v_000009438,u_001168,s_00101,2025-01-11 23:53:22,2025-01-12 00:39:22
v_000009439,u_000863,s_00048,2025-01-10 14:55:22,2025-01-10 15:02:22
v_000009440,u_000894,s_00030,2025-02-10 23:29:58,2025-02-10 23:47:58
v_000009441,u_000296,s_00059,2025-02-06 18:52:00,2025-02-06 19:11:00
v_000009442,u_000850,s_00131,2025-02-23 23:53:31,2025-02-23 23:57:31
v_000009443,u_000306,s_00149,2025-01-13 17:33:47,2025-01-13 18:26:47
v_000009444,u_000721,s_00096,2025-02-13 22:43:56,2025-02-13 22:55:56
v_000009445,u_001038,s_00025,2025-01-22 18:18:05,2025-01-22 18:26:05
v_000009446,u_000559,s_00108,2025-01-02 19:52:12,2025-01-02 20:14:12
v_000009447,u_000001,s_00144,2025-02-15 16:54:22,2025-02-15 17:03:22
v_000009448,u_000209,s_00069,2025-02-12 19:48:28,2025-02-12 20:08:28
v_000009449,u_001467,s_00068,2025-02-26 16:39:36,2025-02-26 16:59:36
v_000009450,u_001326,s_00004,2025-02-22 15:05:10,2025-02-22 15:09:10
v_000009451,u_001361,s_00003,2025-02-03 20:56:34,2025-02-03 21:19:34
v_000009452,u_001496,s_00003,2025-02-05 19:09:38,2025-02-05 19:24:38
v_000009453,u_000890,s_00147,2025-02-04 17:20:05,2025-02-04 17:34:05
v_000009454,u_000778,s_00085,2025-01-01 10:27:49,2025-01-01 10:32:49
v_000009455,u_000282,s_00125,2025-01-09 18:03:39,2025-01-09 18:15:39
v_000009456,u_000516,s_00145,2025-01-01 13:41:46,2025-01-01 15:32:46
v_000009457,u_001420,s_00024,2025-01-16 20:14:19,2025-01-16 20:43:19
v_000009458,u_001075,s_00136,2025-01-01 23:08:36,2025-01-01 23:12:36
v_000009459,u_000776,s_00074,2025-01-16 13:33:36,2025-01-16 13:40:36
v_000009460,u_000701,s_00030,2025-02-19 17:45:37,2025-02-19 17:54:37
v_000009461,u_001460,s_00103,2025-02-05 18:02:15,2025-02-05 18:18:15
v_000009462,u_000782,s_00144,2025-02-06 23:43:16,2025-02-07 00:01:16
v_000009463,u_000462,s_00086,2025-02-10 19:38:52,2025-02-10 19:42:52
v_000009464,u_001762,s_00067,2025-01-24 22:25:48,2025-01-24 22:40:48
v_000009465,u_000861,s_00141,2025-01-28 23:13:20,2025-01-28 23:24:20
v_000009466,u_001399,s_00080,2025-02-22 19:59:02,2025-02-22 20:43:02
v_000009467,u_001147,s_00019,2025-02-08 20:42:12,2025-02-08 20:49:12
v_000009468,u_000123,s_00044,2025-01-28 21:56:33,2025-01-28 22:05:33
v_000009469,u_000682,s_00007,2025-01-12 23:39:31,2025-01-13 00:15:31
v_000009470,u_000350,s_00091,2025-01-18 23:37:52,2025-01-18 23:55:52
v_000009471,u_000222,s_00095,2025-02-15 18:43:11,2025-02-15 18:50:11
v_000009472,u_000002,s_00109,2025-01-12 17:54:03,2025-01-12 17:55:03
v_000009473,u_000285,s_00103,2025-02-07 11:38:34,2025-02-07 12:22:34
v_000009474,u_001280,s_00054,2025-02-03 15:25:05,2025-02-03 15:28:05
v_000009475,u_000733,s_00070,2025-02-12 18:19:44,2025-02-12 18:59:44
v_000009476,u_001449,s_00043,2025-02-10 19:57:39,2025-02-10 20:03:39
v_000009477,u_001210,s_00060,2025-01-13 13:48:37,2025-01-13 14:01:37
v_000009478,u_000626,s_00049,2025-01-08 23:25:00,2025-01-08 23:52:00
v_000009479,u_001927,s_00135,2025-01-16 20:47:41,2025-01-16 21:37:41
v_000009480,u_000789,s_00094,2025-02-21 23:46:20,2025-02-22 00:23:20
v_000009481,u_001231,s_00062,2025-02-11 16:37:04,2025-02-11 16:41:04
v_000009482,u_001715,s_00077,2025-02-28 23:50:32,2025-03-01 00:21:32
v_000009483,u_001098,s_00045,2025-01-22 23:26:29,2025-01-23 00:07:29
v_000009484,u_000171,s_00125,2025-01-18 21:35:00,2025-01-18 21:37:00
v_000009485,u_000894,s_00022,2025-02-04 15:45:01,2025-02-04 16:54:01
v_000009486,u_001952,s_00034,2025-01-19 18:15:24,2025-01-19 18:50:24
v_000009487,u_000706,s_00056,2025-02-26 18:03:54,2025-02-26 18:06:54
v_000009488,u_000171,s_00053,2025-02-26 18:12:20,2025-02-26 19:09:20
v_000009489,u_000822,s_00000,2025-02-16 23:00:12,2025-02-16 23:41:12
v_000009490,u_001114,s_00032,2025-02-23 19:06:35,2025-02-23 19:12:35
v_000009491,u_000277,s_00112,2025-01-07 16:30:26,2025-01-07 17:22:26
v_000009492,u_000793,s_00133,2025-02-20 23:37:14,2025-02-21 00:10:14
v_000009493,u_000066,s_00001,2025-01-02 20:58:06,2025-01-02 21:10:06
v_000009494,u_001774,s_00030,2025-01-25 23:45:11,2025-01-25 23:46:11
v_000009495,u_000644,s_00129,2025-01-27 22:24:46,2025-01-27 23:04:46
v_000009496,u_001202,s_00021,2025-01-07 21:33:28,2025-01-07 22:08:28
v_000009497,u_000488,s_00080,2025-02-13 23:16:32,2025-02-13 23:30:32
v_000009498,u_001418,s_00012,2025-02-07 18:29:22,2025-02-07 19:14:22
v_000009499,u_000728,s_00054,2025-01-21 23:12:54,2025-01-21 23:13:54
v_000009500,u_000402,s_00069,2025-01-08 16:22:26,2025-01-08 16:43:26
v_000009501,u_000216,s_00015,2025-01-28 23:20:08,2025-01-28 23:47:08
v_000009502,u_001870,s_00115,2025-02-02 19:17:43,2025-02-02 19:27:43
v_000009503,u_001870,s_00126,2025-01-04 21:53:23,2025-01-04 22:04:23
v_000009504,u_001147,s_00104,2025-01-18 12:23:37,2025-01-18 12:36:37
v_000009505,u_001921,s_00024,2025-02-03 16:54:40,2025-02-03 17:11:40
v_000009506,u_001645,s_00084,2025-02-09 22:10:50,2025-02-09 22:19:50
v_000009507,u_001755,s_00059,2025-01-24 23:33:49,2025-01-24 23:36:49
v_000009508,u_000241,s_00073,2025-02-03 22:09:42,2025-02-03 22:19:42
v_000009509,u_000226,s_00058,2025-01-31 15:21:17,2025-01-31 15:56:17
v_000009510,u_000351,s_00109,2025-01-19 17:17:56,2025-01-19 17:26:56
v_000009511,u_000326,s_00096,2025-01-15 22:10:03,2025-01-15 23:08:03
v_000009512,u_001202,s_00087,2025-02-19 15:47:20,2025-02-19 16:13:20
v_000009513,u_001106,s_00041,2025-02-23 18:36:02,2025-02-23 18:57:02
v_000009514,u_001806,s_00112,2025-01-09 17:39:53,2025-01-09 18:29:53
v_000009515,u_000492,s_00149,2025-02-26 19:18:47,2025-02-26 19:37:47
v_000009516,u_001100,s_00054,2025-02-18 23:41:03,2025-02-19 00:01:03
v_000009517,u_001409,s_00086,2025-02-01 22:38:05,2025-02-01 23:29:05
v_000009518,u_000743,s_00056,2025-02-02 21:00:23,2025-02-02 21:14:23
v_000009519,u_001772,s_00124,2025-02-15 22:46:15,2025-02-15 23:27:15
v_000009520,u_000322,s_00037,2025-02-19 17:30:58,2025-02-19 17:38:58
v_000009521,u_001092,s_00135,2025-01-28 22:10:14,2025-01-28 22:50:14
v_000009522,u_001845,s_00111,2025-01-10 21:36:12,2025-01-10 21:37:12
v_000009523,u_000954,s_00113,2025-02-11 18:35:54,2025-02-11 18:46:54
v_000009524,u_001422,s_00087,2025-01-16 19:49:26,2025-01-16 20:39:26
v_000009525,u_000132,s_00002,2025-02-06 14:01:48,2025-02-06 14:59:48
v_000009526,u_001297,s_00054,2025-01-15 21:51:28,2025-01-15 22:17:28
v_000009527,u_001616,s_00024,2025-02-07 22:18:20,2025-02-07 22:21:20
v_000009528,u_001316,s_00114,2025-02-04 16:02:37,2025-02-04 16:27:37
v_000009529,u_001930,s_00053,2025-01-28 19:25:08,2025-01-28 19:28:08
v_000009530,u_001718,s_00025,2025-01-26 21:35:15,2025-01-26 21:57:15
v_000009531,u_000424,s_00100,2025-02-01 13:15:16,2025-02-01 13:53:16
v_000009532,u_000514,s_00110,2025-02-14 23:12:14,2025-02-14 23:53:14
v_000009533,u_001664,s_00043,2025-01-28 17:30:23,2025-01-28 17:35:23
v_000009534,u_000582,s_00120,2025-02-27 18:41:51,2025-02-27 18:42:51
v_000009535,u_001188,s_00012,2025-02-25 18:31:13,2025-02-25 19:01:13
v_000009536,u_000374,s_00000,2025-02-24 21:36:06,2025-02-24 21:40:06
v_000009537,u_000341,s_00019,2025-01-12 20:29:51,2025-01-12 20:30:51
v_000009538,u_001504,s_00057,2025-01-29 20:24:36,2025-01-29 20:39:36
v_000009539,u_001430,s_00082,2025-01-03 23:22:11,2025-01-03 23:24:11
v_000009540,u_000437,s_00133,2025-01-20 20:04:17,2025-01-20 20:09:17
v_000009541,u_001836,s_00148,2025-02-20 20:41:25,2025-02-20 20:42:25
v_000009542,u_000276,s_00012,2025-02-07 17:36:40,2025-02-07 18:05:40
v_000009543,u_001199,s_00002,2025-01-23 22:51:56,2025-01-23 23:30:56
v_000009544,u_000608,s_00021,2025-02-13 23:18:35,2025-02-14 00:18:35
v_000009545,u_000601,s_00031,2025-02-27 22:12:28,2025-02-27 22:17:28
v_000009546,u_001076,s_00132,2025-03-01 23:50:13,2025-03-02 00:26:13
v_000009547,u_000175,s_00129,2025-01-27 21:55:20,2025-01-27 22:23:20
v_000009548,u_000564,s_00132,2025-01-30 20:18:20,2025-01-30 20:45:20
v_000009549,u_000927,s_00138,2025-02-23 16:56:43,2025-02-23 16:58:43
v_000009550,u_000504,s_00142,2025-02-26 13:40:49,2025-02-26 14:05:49
v_000009551,u_000856,s_00006,2025-02-25 21:28:17,2025-02-25 21:37:17
v_000009552,u_000174,s_00013,2025-01-21 23:04:35,2025-01-21 23:07:35
v_000009553,u_001786,s_00119,2025-02-25 18:25:09,2025-02-25 18:33:09
v_000009554,u_001746,s_00072,2025-01-18 19:21:02,2025-01-18 19:25:02
v_000009555,u_000983,s_00016,2025-01-30 23:36:20,2025-01-30 23:39:20
v_000009556,u_000960,s_00144,2025-02-18 23:35:57,2025-02-18 23:37:57
v_000009557,u_001526,s_00057,2025-01-04 23:01:00,2025-01-04 23:09:00
v_000009558,u_001318,s_00147,2025-02-16 19:38:58,2025-02-16 19:39:58
v_000009559,u_000838,s_00029,2025-01-29 23:22:10,2025-01-30 00:13:10
v_000009560,u_001468,s_00045,2025-01-11 23:59:02,2025-01-12 01:43:02
v_000009561,u_000244,s_00056,2025-01-24 14:15:46,2025-01-24 14:54:46
v_000009562,u_001612,s_00129,2025-02-10 23:18:51,2025-02-10 23:36:51
v_000009563,u_001539,s_00095,2025-02-17 20:18:57,2025-02-17 20:42:57
v_000009564,u_000412,s_00098,2025-01-06 17:53:45,2025-01-06 18:03:45
v_000009565,u_000263,s_00092,2025-01-29 17:35:51,2025-01-29 17:42:51
v_000009566,u_000196,s_00015,2025-01-18 17:58:28,2025-01-18 18:11:28
v_000009567,u_000806,s_00055,2025-02-13 22:43:25,2025-02-13 22:53:25
v_000009568,u_001659,s_00061,2025-02-27 23:51:20,2025-02-28 00:22:20
v_000009569,u_001781,s_00046,2025-01-24 17:42:16,2025-01-24 17:43:16
v_000009570,u_000717,s_00126,2025-01-27 21:09:22,2025-01-27 21:14:22
v_000009571,u_001186,s_00086,2025-01-30 17:06:06,2025-01-30 17:08:06
v_000009572,u_001069,s_00041,2025-01-09 23:44:06,2025-01-10 00:55:06
v_000009573,u_000482,s_00063,2025-01-01 18:12:58,2025-01-01 19:00:58
v_000009574,u_001984,s_00011,2025-02-01 20:02:59,2025-02-01 20:19:59
v_000009575,u_000350,s_00107,2025-01-31 13:28:08,2025-01-31 14:20:08
v_000009576,u_000267,s_00093,2025-01-29 20:45:23,2025-01-29 20:55:23
v_000009577,u_000072,s_00089,2025-01-27 22:43:15,2025-01-27 22:49:15
v_000009578,u_001534,s_00024,2025-02-07 15:28:06,2025-02-07 15:43:06
v_000009579,u_000108,s_00103,2025-02-06 20:50:58,2025-02-06 20:53:58
v_000009580,u_001805,s_00130,2025-01-03 21:27:27,2025-01-03 21:41:27
v_000009581,u_001284,s_00054,2025-02-13 17:53:53,2025-02-13 18:05:53
v_000009582,u_000503,s_00013,2025-01-26 23:59:06,2025-01-27 00:02:06
v_000009583,u_001067,s_00075,2025-01-02 17:58:25,2025-01-02 18:24:25
v_000009584,u_000991,s_00123,2025-01-05 19:19:29,2025-01-05 19:37:29
v_000009585,u_001345,s_00130,2025-02-04 20:57:46,2025-02-04 21:06:46
v_000009586,u_001907,s_00000,2025-02-22 23:05:35,2025-02-22 23:08:35
v_000009587,u_001494,s_00078,2025-01-08 23:07:19,2025-01-08 23:30:19
v_000009588,u_000830,s_00080,2025-02-21 20:23:00,2025-02-21 20:50:00
v_000009589,u_001793,s_00101,2025-02-16 13:51:33,2025-02-16 14:05:33
v_000009590,u_000392,s_00070,2025-01-27 18:52:49,2025-01-27 18:58:49
v_000009591,u_000555,s_00002,2025-02-10 18:54:19,2025-02-10 19:14:19
v_000009592,u_001806,s_00042,2025-01-06 22:15:08,2025-01-06 23:16:08
v_000009593,u_000402,s_00014,2025-01-16 20:44:06,2025-01-16 20:46:06
v_000009594,u_000441,s_00000,2025-02-19 23:12:08,2025-02-19 23:53:08
v_000009595,u_000969,s_00076,2025-02-18 18:37:56,2025-02-18 18:53:56
v_000009596,u_000451,s_00062,2025-01-31 19:32:20,2025-01-31 21:28:20
v_000009597,u_001088,s_00034,2025-01-08 18:54:55,2025-01-08 19:10:55
v_000009598,u_001158,s_00116,2025-01-06 20:12:57,2025-01-06 20:18:57
v_000009599,u_000668,s_00034,2025-01-23 10:34:37,2025-01-23 10:37:37
v_000009600,u_001376,s_00027,2025-01-20 21:12:20,2025-01-20 21:20:20
v_000009601,u_000292,s_00022,2025-01-10 17:30:27,2025-01-10 17:31:27
v_000009602,u_000296,s_00059,2025-01-18 22:11:48,2025-01-18 22:13:48
v_000009603,u_000720,s_00041,2025-02-14 23:27:29,2025-02-14 23:35:29
v_000009604,u_001060,s_00018,2025-01-23 23:19:28,2025-01-23 23:28:28
v_000009605,u_000979,s_00039,2025-01-24 20:03:44,2025-01-24 20:44:44
v_000009606,u_001638,s_00103,2025-02-15 23:29:49,2025-02-15 23:44:49
v_000009607,u_000467,s_00038,2025-02-06 16:48:30,2025-02-06 16:55:30
v_000009608,u_000418,s_00006,2025-02-08 14:34:11,2025-02-08 14:35:11
v_000009609,u_000899,s_00143,2025-01-24 17:40:03,2025-01-24 17:58:03
v_000009610,u_000262,s_00098,2025-01-16 20:53:00,2025-01-16 21:54:00
v_000009611,u_000346,s_00005,2025-01-10 23:55:23,2025-01-11 00:14:23
v_000009612,u_000675,s_00135,2025-01-22 23:09:05,2025-01-22 23:11:05
v_000009613,u_001875,s_00060,2025-01-23 16:58:44,2025-01-23 17:11:44
v_000009614,u_000401,s_00037,2025-02-26 14:07:26,2025-02-26 14:17:26
v_000009615,u_000363,s_00017,2025-02-25 21:24:12,2025-02-25 21:26:12
v_000009616,u_001741,s_00034,2025-02-20 17:50:53,2025-02-20 18:16:53
v_000009617,u_001749,s_00016,2025-02-27 16:25:55,2025-02-27 17:13:55
v_000009618,u_001747,s_00096,2025-01-05 23:11:51,2025-01-05 23:14:51
v_000009619,u_001974,s_00116,2025-01-10 21:39:17,2025-01-10 21:43:17
v_000009620,u_000856,s_00108,2025-01-13 23:06:23,2025-01-13 23:14:23
v_000009621,u_000138,s_00077,2025-02-08 23:33:46,2025-02-08 23:41:46
v_000009622,u_001688,s_00139,2025-01-28 23:23:46,2025-01-28 23:52:46
v_000009623,u_001917,s_00018,2025-02-10 23:16:58,2025-02-10 23:51:58
v_000009624,u_001674,s_00148,2025-02-18 14:09:45,2025-02-18 14:10:45
v_000009625,u_000410,s_00013,2025-02-23 20:55:28,2025-02-23 21:04:28
v_000009626,u_000910,s_00012,2025-02-19 20:48:13,2025-02-19 21:49:13
v_000009627,u_000785,s_00031,2025-02-16 23:20:47,2025-02-16 23:44:47
v_000009628,u_001587,s_00080,2025-01-09 18:24:26,2025-01-09 18:59:26
v_000009629,u_000238,s_00118,2025-01-26 23:33:26,2025-01-27 00:22:26
v_000009630,u_001435,s_00149,2025-02-11 18:27:31,2025-02-11 18:39:31
v_000009631,u_001159,s_00096,2025-02-27 20:32:48,2025-02-27 20:37:48
v_000009632,u_000453,s_00038,2025-01-18 18:02:25,2025-01-18 20:40:25
v_000009633,u_001054,s_00086,2025-02-02 16:34:53,2025-02-02 16:42:53
v_000009634,u_000590,s_00143,2025-01-12 19:46:14,2025-01-12 19:54:14
v_000009635,u_000311,s_00023,2025-01-27 15:57:41,2025-01-27 16:34:41
v_000009636,u_000389,s_00016,2025-01-23 20:59:56,2025-01-23 21:25:56
v_000009637,u_001036,s_00019,2025-01-20 18:47:04,2025-01-20 18:48:04
v_000009638,u_001498,s_00012,2025-01-10 23:00:47,2025-01-11 00:14:47
v_000009639,u_001412,s_00025,2025-01-19 22:04:56,2025-01-19 22:42:56
v_000009640,u_001822,s_00075,2025-02-09 13:38:06,2025-02-09 14:36:06
v_000009641,u_000003,s_00041,2025-01-24 20:42:57,2025-01-24 21:42:57
v_000009642,u_001318,s_00130,2025-01-11 12:45:14,2025-01-11 12:59:14
v_000009643,u_000562,s_00055,2025-01-30 23:49:01,2025-01-31 01:09:01
v_000009644,u_000936,s_00127,2025-02-22 13:05:06,2025-02-22 13:25:06
v_000009645,u_000367,s_00063,2025-01-25 18:07:14,2025-01-25 18:14:14
v_000009646,u_000538,s_00113,2025-01-27 23:29:03,2025-01-28 00:12:03
v_000009647,u_001508,s_00080,2025-02-10 17:13:03,2025-02-10 18:14:03
v_000009648,u_000310,s_00112,2025-01-09 19:13:53,2025-01-09 19:28:53
v_000009649,u_001351,s_00078,2025-02-25 19:46:40,2025-02-25 19:56:40
v_000009650,u_000547,s_00034,2025-02-12 22:34:24,2025-02-12 22:52:24
v_000009651,u_001831,s_00089,2025-01-17 22:33:52,2025-01-17 22:57:52
v_000009652,u_001600,s_00019,2025-03-01 19:21:48,2025-03-01 19:53:48
v_000009653,u_000841,s_00143,2025-02-08 19:32:59,2025-02-08 19:56:59
v_000009654,u_001109,s_00144,2025-03-01 17:21:47,2025-03-01 18:13:47
v_000009655,u_000865,s_00032,2025-02-09 19:07:44,2025-02-09 19:46:44
v_000009656,u_001164,s_00088,2025-02-13 13:55:37,2025-02-13 14:24:37
v_000009657,u_001463,s_00074,2025-03-01 18:24:33,2025-03-01 18:27:33
v_000009658,u_000861,s_00079,2025-01-08 19:55:07,2025-01-08 20:20:07
v_000009659,u_001686,s_00104,2025-02-09 23:05:45,2025-02-09 23:19:45
v_000009660,u_001263,s_00045,2025-02-23 22:48:05,2025-02-23 23:44:05
v_000009661,u_000905,s_00050,2025-02-20 20:09:32,2025-02-20 20:21:32
v_000009662,u_000545,s_00121,2025-02-09 22:52:30,2025-02-09 22:58:30
v_000009663,u_000734,s_00106,2025-01-30 17:42:43,2025-01-30 18:05:43
v_000009664,u_000537,s_00009,2025-02-18 23:33:46,2025-02-18 23:50:46
v_000009665,u_000206,s_00026,2025-02-12 17:45:31,2025-02-12 17:56:31
v_000009666,u_000585,s_00089,2025-02-01 10:07:25,2025-02-01 10:25:25
v_000009667,u_001364,s_00143,2025-02-15 23:40:47,2025-02-15 23:48:47
v_000009668,u_000900,s_00139,2025-02-02 18:30:46,2025-02-02 18:36:46
v_000009669,u_000689,s_00008,2025-01-26 23:31:24,2025-01-26 23:47:24
v_000009670,u_000077,s_00030,2025-01-16 18:28:26,2025-01-16 18:31:26
v_000009671,u_000420,s_00043,2025-01-12 16:36:18,2025-01-12 17:46:18
v_000009672,u_000435,s_00068,2025-01-04 19:10:19,2025-01-04 19:49:19
v_000009673,u_000071,s_00009,2025-01-04 23:53:17,2025-01-04 23:56:17
v_000009674,u_000487,s_00047,2025-01-04 13:05:00,2025-01-04 14:06:00
v_000009675,u_001427,s_00036,2025-02-10 18:11:19,2025-02-10 19:11:19
v_000009676,u_001029,s_00063,2025-01-20 16:30:12,2025-01-20 16:42:12
v_000009677,u_001624,s_00008,2025-01-08 20:00:22,2025-01-08 20:23:22
v_000009678,u_001446,s_00098,2025-02-09 20:30:27,2025-02-09 20:46:27
v_000009679,u_000436,s_00084,2025-01-08 21:31:46,2025-01-08 21:32:46
v_000009680,u_001820,s_00115,2025-01-27 19:26:40,2025-01-27 19:37:40
v_000009681,u_000016,s_00117,2025-01-16 23:24:02,2025-01-16 23:35:02
v_000009682,u_000254,s_00062,2025-02-05 14:20:16,2025-02-05 14:46:16
v_000009683,u_001521,s_00062,2025-01-08 23:46:29,2025-01-08 23:54:29
v_000009684,u_000242,s_00006,2025-02-28 23:25:37,2025-02-28 23:59:37
v_000009685,u_000298,s_00063,2025-01-13 20:43:24,2025-01-13 20:44:24
v_000009686,u_001533,s_00061,2025-02-28 23:27:32,2025-02-28 23:30:32
v_000009687,u_001871,s_00112,2025-01-21 22:06:18,2025-01-21 22:13:18
v_000009688,u_000556,s_00038,2025-01-09 14:19:22,2025-01-09 14:20:22
v_000009689,u_001631,s_00132,2025-02-25 20:22:20,2025-02-25 21:00:20
v_000009690,u_000952,s_00089,2025-02-24 18:49:54,2025-02-24 19:15:54
v_000009691,u_000664,s_00008,2025-02-02 21:05:50,2025-02-02 21:07:50
v_000009692,u_001159,s_00025,2025-01-26 17:34:01,2025-01-26 17:39:01
v_000009693,u_000272,s_00007,2025-02-06 23:55:40,2025-02-06 23:56:40
v_000009694,u_000668,s_00112,2025-02-08 19:38:23,2025-02-08 19:44:23
v_000009695,u_000182,s_00084,2025-02-16 23:58:31,2025-02-16 23:59:31
v_000009696,u_001703,s_00084,2025-01-01 15:25:22,2025-01-01 15:44:22
v_000009697,u_001119,s_00007,2025-02-27 16:20:15,2025-02-27 16:59:15
v_000009698,u_000516,s_00139,2025-02-03 17:14:43,2025-02-03 18:07:43
v_000009699,u_001728,s_00058,2025-01-03 19:47:10,2025-01-03 19:49:10
v_000009700,u_001287,s_00022,2025-01-18 17:03:29,2025-01-18 17:49:29
v_000009701,u_000324,s_00069,2025-02-04 23:58:36,2025-02-05 00:05:36
v_000009702,u_000029,s_00037,2025-01-05 22:58:09,2025-01-05 23:12:09
v_000009703,u_000205,s_00017,2025-02-18 16:35:37,2025-02-18 16:36:37
v_000009704,u_000372,s_00083,2025-02-28 17:12:37,2025-02-28 18:48:37
v_000009705,u_001030,s_00045,2025-01-23 19:20:50,2025-01-23 19:38:50
v_000009706,u_000294,s_00097,2025-02-12 21:57:38,2025-02-12 22:26:38
v_000009707,u_001774,s_00030,2025-01-20 17:21:45,2025-01-20 17:55:45
v_000009708,u_001441,s_00007,2025-02-19 22:55:36,2025-02-19 23:12:36
v_000009709,u_001539,s_00053,2025-02-13 21:31:04,2025-02-13 21:53:04
v_000009710,u_000183,s_00092,2025-01-30 14:14:51,2025-01-30 14:46:51
v_000009711,u_001310,s_00043,2025-02-18 23:18:54,2025-02-18 23:46:54
v_000009712,u_001424,s_00016,2025-02-26 22:33:52,2025-02-26 22:58:52
v_000009713,u_001903,s_00106,2025-01-22 21:19:57,2025-01-22 21:29:57
v_000009714,u_001391,s_00120,2025-02-20 22:05:37,2025-02-20 22:30:37
v_000009715,u_001398,s_00116,2025-01-08 16:54:06,2025-01-08 16:56:06
v_000009716,u_000687,s_00096,2025-01-21 23:22:43,2025-01-21 23:47:43
v_000009717,u_000270,s_00035,2025-01-22 23:31:42,2025-01-22 23:37:42
v_000009718,u_000597,s_00115,2025-01-15 16:49:56,2025-01-15 17:00:56
v_000009719,u_001739,s_00042,2025-02-26 23:18:33,2025-02-26 23:41:33
v_000009720,u_000875,s_00137,2025-01-03 23:45:11,2025-01-04 00:02:11
v_000009721,u_001725,s_00103,2025-02-12 15:44:13,2025-02-12 15:53:13
v_000009722,u_000710,s_00031,2025-02-22 18:30:35,2025-02-22 18:36:35
v_000009723,u_001871,s_00033,2025-02-21 22:13:11,2025-02-21 22:22:11
v_000009724,u_000087,s_00066,2025-01-14 20:32:51,2025-01-14 20:35:51
v_000009725,u_001457,s_00056,2025-01-09 23:47:28,2025-01-09 23:58:28
v_000009726,u_001984,s_00011,2025-01-18 16:31:26,2025-01-18 16:39:26
v_000009727,u_001664,s_00069,2025-01-15 18:44:57,2025-01-15 19:04:57
v_000009728,u_000970,s_00066,2025-01-19 19:51:30,2025-01-19 19:59:30
v_000009729,u_001854,s_00119,2025-02-07 21:03:03,2025-02-07 21:04:03
v_000009730,u_000828,s_00061,2025-02-23 18:41:31,2025-02-23 18:42:31
v_000009731,u_000853,s_00027,2025-01-03 20:12:32,2025-01-03 20:40:32
v_000009732,u_000764,s_00060,2025-02-16 22:50:56,2025-02-16 22:54:56
v_000009733,u_000161,s_00107,2025-01-27 20:16:17,2025-01-27 21:10:17
v_000009734,u_001192,s_00041,2025-02-15 16:12:26,2025-02-15 17:20:26
v_000009735,u_001777,s_00079,2025-02-21 14:13:42,2025-02-21 14:21:42
v_000009736,u_000398,s_00059,2025-01-12 15:57:35,2025-01-12 16:00:35
v_000009737,u_001422,s_00003,2025-01-28 18:10:37,2025-01-28 19:12:37
v_000009738,u_001086,s_00063,2025-01-18 16:28:10,2025-01-18 16:29:10
v_000009739,u_001171,s_00043,2025-02-07 21:14:10,2025-02-07 21:25:10
v_000009740,u_001507,s_00042,2025-02-05 14:48:52,2025-02-05 14:58:52
v_000009741,u_000294,s_00125,2025-02-22 18:46:01,2025-02-22 19:10:01
v_000009742,u_001231,s_00139,2025-01-15 23:38:33,2025-01-15 23:42:33
v_000009743,u_000953,s_00093,2025-02-19 23:38:12,2025-02-19 23:53:12
v_000009744,u_000055,s_00006,2025-02-22 18:28:11,2025-02-22 18:36:11
v_000009745,u_000077,s_00102,2025-02-19 22:48:03,2025-02-19 23:05:03
v_000009746,u_000306,s_00068,2025-01-01 20:17:34,2025-01-01 20:34:34
v_000009747,u_000704,s_00002,2025-02-12 17:54:44,2025-02-12 18:02:44
v_000009748,u_000388,s_00124,2025-01-05 20:26:28,2025-01-05 20:40:28
v_000009749,u_001908,s_00130,2025-01-26 23:05:33,2025-01-26 23:34:33
v_000009750,u_001558,s_00033,2025-01-20 18:42:21,2025-01-20 18:47:21
v_000009751,u_001601,s_00140,2025-01-12 21:47:56,2025-01-12 22:01:56
v_000009752,u_001097,s_00021,2025-02-22 13:00:35,2025-02-22 14:43:35
v_000009753,u_001873,s_00115,2025-02-14 21:32:20,2025-02-14 21:44:20
v_000009754,u_000279,s_00074,2025-02-19 23:42:14,2025-02-20 00:03:14
v_000009755,u_000865,s_00032,2025-02-28 17:56:58,2025-02-28 18:06:58
v_000009756,u_000124,s_00016,2025-02-19 19:17:37,2025-02-19 19:28:37
v_000009757,u_001912,s_00060,2025-01-18 20:30:01,2025-01-18 21:15:01
v_000009758,u_001367,s_00127,2025-01-03 20:02:50,2025-01-03 20:12:50
v_000009759,u_001356,s_00124,2025-01-19 17:17:47,2025-01-19 17:24:47
v_000009760,u_001988,s_00037,2025-02-22 23:05:53,2025-02-22 23:11:53
v_000009761,u_001888,s_00055,2025-01-20 16:02:59,2025-01-20 16:17:59
v_000009762,u_001736,s_00131,2025-01-16 19:53:15,2025-01-16 20:19:15
v_000009763,u_001404,s_00142,2025-01-26 17:50:20,2025-01-26 18:01:20
v_000009764,u_000695,s_00115,2025-01-01 19:08:33,2025-01-01 19:18:33
v_000009765,u_000092,s_00142,2025-02-27 23:46:44,2025-02-28 01:34:44
v_000009766,u_000059,s_00134,2025-02-12 18:40:09,2025-02-12 19:05:09
v_000009767,u_000499,s_00039,2025-02-07 14:29:42,2025-02-07 15:18:42
v_000009768,u_001824,s_00048,2025-02-09 17:54:31,2025-02-09 18:22:31
v_000009769,u_000150,s_00131,2025-01-16 22:47:53,2025-01-16 22:59:53
v_000009770,u_001391,s_00037,2025-03-01 14:16:44,2025-03-01 15:10:44
v_000009771,u_000845,s_00091,2025-02-01 23:32:30,2025-02-01 23:34:30
v_000009772,u_001137,s_00091,2025-01-07 20:48:07,2025-01-07 21:12:07
v_000009773,u_001129,s_00030,2025-02-22 23:57:06,2025-02-23 00:21:06
v_000009774,u_001248,s_00096,2025-01-29 18:34:48,2025-01-29 18:41:48
v_000009775,u_000339,s_00055,2025-01-13 11:29:07,2025-01-13 12:39:07
v_000009776,u_001799,s_00079,2025-02-22 22:45:54,2025-02-22 23:07:54
v_000009777,u_001589,s_00098,2025-02-04 14:33:04,2025-02-04 14:42:04
v_000009778,u_000368,s_00018,2025-01-03 18:03:45,2025-01-03 18:10:45
v_000009779,u_001144,s_00074,2025-02-05 23:18:46,2025-02-05 23:40:46
v_000009780,u_001337,s_00060,2025-01-02 18:33:15,2025-01-02 18:51:15
v_000009781,u_000671,s_00117,2025-01-27 20:31:37,2025-01-27 20:49:37
v_000009782,u_001941,s_00006,2025-01-17 21:28:44,2025-01-17 21:53:44
v_000009783,u_001865,s_00133,2025-01-04 22:33:47,2025-01-04 22:39:47
v_000009784,u_000814,s_00115,2025-02-24 21:03:23,2025-02-24 21:16:23
v_000009785,u_000509,s_00114,2025-02-04 16:22:43,2025-02-04 16:24:43
v_000009786,u_000488,s_00113,2025-01-30 16:53:45,2025-01-30 17:19:45
v_000009787,u_000841,s_00118,2025-02-03 22:52:04,2025-02-03 23:18:04
v_000009788,u_001621,s_00101,2025-01-24 23:07:10,2025-01-24 23:11:10
v_000009789,u_000636,s_00070,2025-01-19 21:38:30,2025-01-19 21:44:30
v_000009790,u_000001,s_00002,2025-02-24 20:23:18,2025-02-24 20:40:18
v_000009791,u_000775,s_00140,2025-02-12 20:02:51,2025-02-12 20:08:51
v_000009792,u_000611,s_00130,2025-02-06 08:52:49,2025-02-06 09:50:49
v_000009793,u_000878,s_00126,2025-02-11 14:38:32,2025-02-11 14:57:32
v_000009794,u_001759,s_00028,2025-02-27 20:06:55,2025-02-27 20:28:55
v_000009795,u_000113,s_00070,2025-01-07 17:52:39,2025-01-07 17:53:39
v_000009796,u_001080,s_00113,2025-02-03 16:29:17,2025-02-03 16:59:17
v_000009797,u_000005,s_00082,2025-01-28 14:49:29,2025-01-28 15:01:29
v_000009798,u_000295,s_00143,2025-01-14 22:14:23,2025-01-14 22:30:23
v_000009799,u_001728,s_00113,2025-02-26 14:55:53,2025-02-26 15:07:53
v_000009800,u_001818,s_00099,2025-01-02 16:07:09,2025-01-02 16:12:09
v_000009801,u_001583,s_00138,2025-01-08 17:51:24,2025-01-08 17:56:24
v_000009802,u_000255,s_00148,2025-01-05 23:32:16,2025-01-06 00:28:16
v_000009803,u_001478,s_00007,2025-02-12 21:49:30,2025-02-12 22:59:30
v_000009804,u_000476,s_00115,2025-02-18 23:04:15,2025-02-18 23:22:15
v_000009805,u_001878,s_00088,2025-02-19 13:16:05,2025-02-19 14:16:05
v_000009806,u_000159,s_00137,2025-02-07 16:10:30,2025-02-07 16:37:30
v_000009807,u_001539,s_00095,2025-01-14 23:15:22,2025-01-15 00:27:22
v_000009808,u_001947,s_00141,2025-01-31 20:23:42,2025-01-31 20:34:42
v_000009809,u_000311,s_00099,2025-02-17 21:22:49,2025-02-17 21:31:49
v_000009810,u_000200,s_00103,2025-01-24 23:12:04,2025-01-24 23:15:04
v_000009811,u_000356,s_00095,2025-02-09 22:31:40,2025-02-09 22:47:40
v_000009812,u_001977,s_00096,2025-01-19 15:35:51,2025-01-19 15:36:51
v_000009813,u_000149,s_00060,2025-01-17 19:45:34,2025-01-17 19:50:34
v_000009814,u_001820,s_00115,2025-02-11 23:26:01,2025-02-11 23:50:01
v_000009815,u_001306,s_00085,2025-01-22 18:02:00,2025-01-22 18:32:00
v_000009816,u_000924,s_00058,2025-02-09 17:22:32,2025-02-09 17:41:32
v_000009817,u_001311,s_00038,2025-02-14 20:44:12,2025-02-14 20:58:12
v_000009818,u_001654,s_00076,2025-01-14 21:29:38,2025-01-14 21:39:38
v_000009819,u_001795,s_00113,2025-01-29 21:46:35,2025-01-29 21:59:35
v_000009820,u_001866,s_00149,2025-01-21 23:00:17,2025-01-21 23:07:17
v_000009821,u_000048,s_00115,2025-01-09 23:25:36,2025-01-10 00:07:36
v_000009822,u_000459,s_00030,2025-01-01 17:13:08,2025-01-01 17:44:08
v_000009823,u_001313,s_00073,2025-02-11 20:54:33,2025-02-11 21:40:33
v_000009824,u_001775,s_00086,2025-01-14 18:14:08,2025-01-14 18:31:08
v_000009825,u_001079,s_00127,2025-01-05 21:48:20,2025-01-05 21:49:20
v_000009826,u_001308,s_00088,2025-02-24 23:42:53,2025-02-24 23:44:53
v_000009827,u_000683,s_00052,2025-02-25 15:06:33,2025-02-25 15:41:33
v_000009828,u_001075,s_00007,2025-02-19 22:10:29,2025-02-19 22:11:29
v_000009829,u_001217,s_00051,2025-01-08 18:57:36,2025-01-08 18:59:36
v_000009830,u_001855,s_00019,2025-02-21 17:05:28,2025-02-21 17:47:28
v_000009831,u_001741,s_00127,2025-02-26 20:01:58,2025-02-26 20:02:58
v_000009832,u_001665,s_00149,2025-01-04 18:22:54,2025-01-04 18:56:54
v_000009833,u_000440,s_00139,2025-01-02 23:55:53,2025-01-02 23:56:53
v_000009834,u_001057,s_00095,2025-02-07 19:07:08,2025-02-07 19:17:08
v_000009835,u_000689,s_00035,2025-02-09 19:40:37,2025-02-09 19:43:37
v_000009836,u_000320,s_00012,2025-02-06 21:05:13,2025-02-06 21:09:13
v_000009837,u_001486,s_00011,2025-01-09 15:09:04,2025-01-09 15:23:04
v_000009838,u_001069,s_00034,2025-02-09 20:11:31,2025-02-09 20:12:31
v_000009839,u_001921,s_00057,2025-01-17 23:57:02,2025-01-18 00:17:02
v_000009840,u_000090,s_00090,2025-01-16 16:41:59,2025-01-16 16:58:59
v_000009841,u_000943,s_00049,2025-02-24 23:59:22,2025-02-25 00:00:22
v_000009842,u_000542,s_00140,2025-02-28 17:46:00,2025-02-28 17:49:00
v_000009843,u_000549,s_00051,2025-02-28 22:59:53,2025-02-28 23:25:53
v_000009844,u_000887,s_00141,2025-01-28 12:52:56,2025-01-28 12:54:56
v_000009845,u_001803,s_00070,2025-02-15 17:40:42,2025-02-15 17:44:42
v_000009846,u_001328,s_00051,2025-01-05 23:08:22,2025-01-05 23:09:22
v_000009847,u_001492,s_00003,2025-02-06 22:24:47,2025-02-06 22:37:47
v_000009848,u_001440,s_00096,2025-02-09 17:32:49,2025-02-09 17:39:49
v_000009849,u_000285,s_00091,2025-02-12 20:09:47,2025-02-12 20:10:47
v_000009850,u_000732,s_00133,2025-01-02 18:40:04,2025-01-02 19:31:04
v_000009851,u_000844,s_00064,2025-02-27 15:37:44,2025-02-27 15:41:44
v_000009852,u_000292,s_00022,2025-02-08 17:02:13,2025-02-08 17:11:13
v_000009853,u_001356,s_00125,2025-01-11 18:41:12,2025-01-11 19:25:12
v_000009854,u_001809,s_00102,2025-01-03 14:57:52,2025-01-03 15:24:52
v_000009855,u_000764,s_00060,2025-02-10 18:43:21,2025-02-10 18:50:21
v_000009856,u_000998,s_00126,2025-01-06 12:25:46,2025-01-06 12:27:46
v_000009857,u_000036,s_00070,2025-02-12 18:29:17,2025-02-12 18:49:17
v_000009858,u_000183,s_00111,2025-01-23 18:39:27,2025-01-23 19:00:27
v_000009859,u_000613,s_00146,2025-01-28 23:42:07,2025-01-28 23:48:07
v_000009860,u_000721,s_00016,2025-01-21 21:46:30,2025-01-21 21:49:30
v_000009861,u_001339,s_00148,2025-02-12 23:56:18,2025-02-13 00:33:18
v_000009862,u_001943,s_00025,2025-01-10 18:09:50,2025-01-10 18:34:50
v_000009863,u_001551,s_00082,2025-02-03 19:36:16,2025-02-03 20:12:16
v_000009864,u_001208,s_00107,2025-02-02 17:01:39,2025-02-02 17:07:39
v_000009865,u_001881,s_00036,2025-02-04 18:56:25,2025-02-04 19:00:25
v_000009866,u_000590,s_00034,2025-01-31 16:05:16,2025-01-31 16:12:16
v_000009867,u_000004,s_00038,2025-02-19 13:50:18,2025-02-19 14:27:18
v_000009868,u_000989,s_00059,2025-02-09 15:19:44,2025-02-09 16:12:44
v_000009869,u_001125,s_00061,2025-02-02 17:52:09,2025-02-02 17:54:09
v_000009870,u_000971,s_00022,2025-02-04 16:06:43,2025-02-04 16:12:43
v_000009871,u_000238,s_00057,2025-02-05 18:55:08,2025-02-05 18:58:08
v_000009872,u_001580,s_00013,2025-02-10 23:14:38,2025-02-10 23:17:38
v_000009873,u_001556,s_00040,2025-01-02 14:57:03,2025-01-02 15:01:03
v_000009874,u_000842,s_00081,2025-02-26 23:07:27,2025-02-26 23:18:27
v_000009875,u_001221,s_00020,2025-01-02 14:29:41,2025-01-02 14:51:41
v_000009876,u_001908,s_00130,2025-01-06 18:49:39,2025-01-06 19:18:39
v_000009877,u_000356,s_00042,2025-02-06 17:55:36,2025-02-06 18:51:36
v_000009878,u_000310,s_00112,2025-02-13 20:22:28,2025-02-13 20:48:28
v_000009879,u_000469,s_00036,2025-02-14 22:39:38,2025-02-14 23:17:38
v_000009880,u_000440,s_00089,2025-01-31 21:51:55,2025-01-31 22:00:55
v_000009881,u_001865,s_00094,2025-01-25 22:37:58,2025-01-25 23:45:58
v_000009882,u_000139,s_00024,2025-01-21 18:45:33,2025-01-21 19:00:33
v_000009883,u_001585,s_00031,2025-02-06 17:42:34,2025-02-06 18:22:34
v_000009884,u_000457,s_00118,2025-01-07 16:57:56,2025-01-07 17:26:56
v_000009885,u_000603,s_00017,2025-02-08 13:04:33,2025-02-08 13:33:33
v_000009886,u_001615,s_00013,2025-02-13 22:23:39,2025-02-13 22:27:39
v_000009887,u_000637,s_00143,2025-01-11 21:02:34,2025-01-11 21:03:34
v_000009888,u_000565,s_00139,2025-01-08 19:38:33,2025-01-08 19:50:33
v_000009889,u_000492,s_00110,2025-02-19 07:13:00,2025-02-19 07:16:00
v_000009890,u_000811,s_00110,2025-02-04 15:45:50,2025-02-04 15:51:50
v_000009891,u_000081,s_00035,2025-02-13 17:38:19,2025-02-13 17:40:19
v_000009892,u_000276,s_00135,2025-01-19 20:30:48,2025-01-19 20:53:48
v_000009893,u_000351,s_00123,2025-01-22 22:46:43,2025-01-22 22:47:43
v_000009894,u_001049,s_00141,2025-01-17 22:34:51,2025-01-17 22:48:51
v_000009895,u_001527,s_00037,2025-01-07 13:03:07,2025-01-07 13:12:07
v_000009896,u_001575,s_00066,2025-01-08 21:13:01,2025-01-08 21:22:01
v_000009897,u_000474,s_00053,2025-02-12 23:20:51,2025-02-12 23:29:51
v_000009898,u_001862,s_00060,2025-02-22 13:50:49,2025-02-22 13:57:49
v_000009899,u_000834,s_00129,2025-02-26 20:13:43,2025-02-26 20:24:43
v_000009900,u_001613,s_00079,2025-01-29 20:27:18,2025-01-29 20:36:18
v_000009901,u_000304,s_00029,2025-01-06 18:17:45,2025-01-06 18:25:45
v_000009902,u_000380,s_00129,2025-02-07 22:11:00,2025-02-07 22:20:00
v_000009903,u_000620,s_00125,2025-02-15 19:20:02,2025-02-15 19:42:02
v_000009904,u_001405,s_00087,2025-01-19 23:20:34,2025-01-19 23:22:34
v_000009905,u_000000,s_00139,2025-02-22 23:13:45,2025-02-22 23:30:45
v_000009906,u_001397,s_00135,2025-01-24 21:39:50,2025-01-24 21:56:50
v_000009907,u_000209,s_00125,2025-02-28 16:19:12,2025-02-28 16:20:12
v_000009908,u_001472,s_00119,2025-01-08 21:56:53,2025-01-08 22:10:53
v_000009909,u_000272,s_00007,2025-01-26 19:54:51,2025-01-26 19:59:51
v_000009910,u_001436,s_00067,2025-02-11 17:09:24,2025-02-11 17:10:24
v_000009911,u_000057,s_00021,2025-02-06 22:53:19,2025-02-06 22:54:19
v_000009912,u_001070,s_00121,2025-02-25 16:55:02,2025-02-25 17:03:02
v_000009913,u_000351,s_00060,2025-01-26 21:30:07,2025-01-26 21:42:07
v_000009914,u_001456,s_00092,2025-02-09 18:15:50,2025-02-09 19:16:50
v_000009915,u_001016,s_00032,2025-02-02 23:52:41,2025-02-03 00:35:41
v_000009916,u_001412,s_00025,2025-02-23 23:14:41,2025-02-24 00:05:41
v_000009917,u_001233,s_00122,2025-01-13 12:09:33,2025-01-13 12:30:33
v_000009918,u_000486,s_00058,2025-01-01 17:20:13,2025-01-01 18:44:13
v_000009919,u_001119,s_00007,2025-01-13 23:24:22,2025-01-13 23:48:22
v_000009920,u_001906,s_00017,2025-02-06 16:23:02,2025-02-06 16:25:02
v_000009921,u_000615,s_00084,2025-02-01 19:35:15,2025-02-01 19:47:15
v_000009922,u_000119,s_00136,2025-01-06 23:48:54,2025-01-06 23:56:54
v_000009923,u_000443,s_00064,2025-02-13 19:23:52,2025-02-13 19:37:52
v_000009924,u_000835,s_00023,2025-01-05 22:47:07,2025-01-05 22:48:07
v_000009925,u_001491,s_00035,2025-02-25 23:19:08,2025-02-25 23:21:08
v_000009926,u_001616,s_00018,2025-02-27 22:38:33,2025-02-27 22:55:33
v_000009927,u_001002,s_00051,2025-02-25 21:47:25,2025-02-25 22:04:25
v_000009928,u_000122,s_00089,2025-02-25 11:13:57,2025-02-25 11:14:57
v_000009929,u_001060,s_00065,2025-01-08 18:42:56,2025-01-08 19:08:56
v_000009930,u_000469,s_00054,2025-02-19 19:44:57,2025-02-19 19:58:57
v_000009931,u_000626,s_00097,2025-02-07 23:57:54,2025-02-08 01:26:54
v_000009932,u_000307,s_00082,2025-01-31 23:59:16,2025-02-01 00:27:16
v_000009933,u_000952,s_00013,2025-02-09 17:35:44,2025-02-09 18:33:44
v_000009934,u_001098,s_00129,2025-02-03 20:43:13,2025-02-03 20:44:13
v_000009935,u_001074,s_00000,2025-02-14 20:32:01,2025-02-14 20:41:01
v_000009936,u_001967,s_00106,2025-02-11 23:53:11,2025-02-11 23:55:11
v_000009937,u_000975,s_00113,2025-01-18 23:34:16,2025-01-18 23:46:16
v_000009938,u_001824,s_00135,2025-02-19 18:36:10,2025-02-19 18:37:10
v_000009939,u_000029,s_00037,2025-01-19 16:59:45,2025-01-19 17:08:45
v_000009940,u_000962,s_00133,2025-02-11 12:20:27,2025-02-11 12:21:27
v_000009941,u_000716,s_00145,2025-01-21 17:08:05,2025-01-21 17:09:05
v_000009942,u_000193,s_00039,2025-01-04 20:35:14,2025-01-04 21:24:14
v_000009943,u_000464,s_00055,2025-02-15 18:30:12,2025-02-15 18:33:12
v_000009944,u_001348,s_00015,2025-01-12 23:03:34,2025-01-12 23:24:34
v_000009945,u_000510,s_00115,2025-01-13 21:22:48,2025-01-13 21:29:48
v_000009946,u_001892,s_00075,2025-02-10 16:37:04,2025-02-10 17:01:04
v_000009947,u_001666,s_00019,2025-01-19 23:27:17,2025-01-19 23:46:17
v_000009948,u_000272,s_00007,2025-02-01 17:25:48,2025-02-01 18:07:48
v_000009949,u_001765,s_00130,2025-01-24 20:53:22,2025-01-24 21:50:22
v_000009950,u_001386,s_00028,2025-01-07 21:19:37,2025-01-07 21:27:37
v_000009951,u_001354,s_00124,2025-01-07 19:36:45,2025-01-07 19:45:45
v_000009952,u_001266,s_00053,2025-02-01 21:34:17,2025-02-01 22:09:17
v_000009953,u_000852,s_00042,2025-02-21 19:44:13,2025-02-21 20:11:13
v_000009954,u_000207,s_00029,2025-02-12 23:16:25,2025-02-12 23:23:25
v_000009955,u_000281,s_00039,2025-02-06 17:36:59,2025-02-06 18:15:59
v_000009956,u_000935,s_00014,2025-02-01 17:50:37,2025-02-01 18:58:37
v_000009957,u_001106,s_00038,2025-02-07 16:59:50,2025-02-07 17:58:50
v_000009958,u_000182,s_00059,2025-01-10 23:11:22,2025-01-10 23:36:22
v_000009959,u_000549,s_00042,2025-02-26 21:24:22,2025-02-26 21:31:22
v_000009960,u_001073,s_00080,2025-01-29 20:03:35,2025-01-29 20:15:35
v_000009961,u_000732,s_00100,2025-02-11 21:51:27,2025-02-11 22:13:27
v_000009962,u_000249,s_00091,2025-01-20 20:41:19,2025-01-20 21:00:19
v_000009963,u_000641,s_00146,2025-01-03 17:58:04,2025-01-03 18:31:04
v_000009964,u_000653,s_00096,2025-02-13 19:35:23,2025-02-13 20:06:23
v_000009965,u_001137,s_00019,2025-01-24 12:44:20,2025-01-24 13:01:20
v_000009966,u_001076,s_00024,2025-01-17 19:40:54,2025-01-17 19:52:54
v_000009967,u_001155,s_00114,2025-02-01 23:08:57,2025-02-01 23:16:57
v_000009968,u_000967,s_00137,2025-01-09 15:06:19,2025-01-09 15:28:19
v_000009969,u_001968,s_00149,2025-01-25 19:57:37,2025-01-25 20:17:37
v_000009970,u_001993,s_00112,2025-02-07 23:24:30,2025-02-08 00:09:30
v_000009971,u_001228,s_00061,2025-03-01 17:40:08,2025-03-01 18:00:08
v_000009972,u_000984,s_00112,2025-02-08 18:47:50,2025-02-08 19:45:50
v_000009973,u_000912,s_00084,2025-01-01 10:19:13,2025-01-01 10:35:13
v_000009974,u_001527,s_00109,2025-01-10 11:17:02,2025-01-10 12:39:02
v_000009975,u_001970,s_00120,2025-02-12 14:44:07,2025-02-12 14:53:07
v_000009976,u_000715,s_00083,2025-01-21 19:19:28,2025-01-21 19:20:28
v_000009977,u_000076,s_00094,2025-01-14 17:19:47,2025-01-14 17:27:47
v_000009978,u_000533,s_00048,2025-01-01 19:32:11,2025-01-01 19:35:11
v_000009979,u_000144,s_00081,2025-02-10 23:14:22,2025-02-10 23:17:22
v_000009980,u_000979,s_00039,2025-01-26 17:49:36,2025-01-26 19:22:36
v_000009981,u_001546,s_00082,2025-01-13 23:21:09,2025-01-13 23:29:09
v_000009982,u_001777,s_00070,2025-01-29 20:53:42,2025-01-29 20:54:42
v_000009983,u_000342,s_00095,2025-01-20 23:32:34,2025-01-20 23:45:34
v_000009984,u_001818,s_00099,2025-01-24 23:20:48,2025-01-24 23:28:48
v_000009985,u_000078,s_00084,2025-01-23 23:02:18,2025-01-23 23:38:18
v_000009986,u_000797,s_00016,2025-01-11 17:38:23,2025-01-11 17:57:23
v_000009987,u_001264,s_00060,2025-02-28 23:20:55,2025-02-28 23:31:55
v_000009988,u_000884,s_00054,2025-03-01 15:27:38,2025-03-01 15:40:38
v_000009989,u_000656,s_00056,2025-01-31 23:42:56,2025-01-31 23:45:56
v_000009990,u_001731,s_00038,2025-02-09 20:39:17,2025-02-09 20:53:17
v_000009991,u_001623,s_00131,2025-03-01 23:53:57,2025-03-01 23:59:57
v_000009992,u_001916,s_00077,2025-02-01 16:06:42,2025-02-01 16:39:42
v_000009993,u_000835,s_00023,2025-02-11 21:16:38,2025-02-11 21:54:38
v_000009994,u_000835,s_00023,2025-02-20 20:06:39,2025-02-20 20:25:39
v_000009995,u_000276,s_00012,2025-01-30 23:43:46,2025-01-30 23:56:46
v_000009996,u_000117,s_00007,2025-01-16 15:00:58,2025-01-16 15:03:58
v_000009997,u_001777,s_00088,2025-01-25 15:16:56,2025-01-25 15:17:56
v_000009998,u_001263,s_00000,2025-01-10 17:18:08,2025-01-10 17:28:08
v_000009999,u_001563,s_00069,2025-01-29 23:58:25,2025-01-30 00:19:25
v_000010000,u_000968,s_00022,2025-01-27 21:34:41,2025-01-27 22:41:41
v_000010001,u_000560,s_00136,2025-01-12 16:18:14,2025-01-12 16:41:14
v_000010002,u_001775,s_00006,2025-02-17 12:47:45,2025-02-17 12:51:45
v_000010003,u_000936,s_00001,2025-01-25 22:30:10,2025-01-25 22:40:10
v_000010004,u_001160,s_00101,2025-02-11 20:38:38,2025-02-11 20:53:38
v_000010005,u_001739,s_00037,2025-02-03 14:12:40,2025-02-03 14:24:40
v_000010006,u_000941,s_00140,2025-01-16 21:16:49,2025-01-16 21:32:49
v_000010007,u_000676,s_00131,2025-02-14 14:56:26,2025-02-14 16:05:26
v_000010008,u_001741,s_00051,2025-01-22 20:07:50,2025-01-22 20:20:50
v_000010009,u_001781,s_00090,2025-01-14 23:59:19,2025-01-15 00:08:19
v_000010010,u_001018,s_00111,2025-02-08 16:03:20,2025-02-08 16:04:20
v_000010011,u_000828,s_00029,2025-01-06 22:56:34,2025-01-06 23:02:34
v_000010012,u_001753,s_00070,2025-02-22 17:49:44,2025-02-22 17:58:44
v_000010013,u_000825,s_00101,2025-02-18 12:17:13,2025-02-18 12:34:13
v_000010014,u_001144,s_00074,2025-02-12 19:42:55,2025-02-12 20:28:55
v_000010015,u_001552,s_00149,2025-01-30 21:45:01,2025-01-30 22:10:01
v_000010016,u_001221,s_00020,2025-01-26 16:45:31,2025-01-26 17:16:31
v_000010017,u_000740,s_00070,2025-02-21 15:35:16,2025-02-21 15:51:16
v_000010018,u_000873,s_00103,2025-01-15 21:23:20,2025-01-15 21:34:20
v_000010019,u_000971,s_00022,2025-01-08 20:04:23,2025-01-08 20:05:23
v_000010020,u_000755,s_00042,2025-01-29 16:24:13,2025-01-29 16:29:13
v_000010021,u_001287,s_00022,2025-01-26 23:12:48,2025-01-26 23:42:48
v_000010022,u_000095,s_00060,2025-01-03 21:56:26,2025-01-03 22:17:26
v_000010023,u_000212,s_00143,2025-01-25 17:41:40,2025-01-25 18:33:40
v_000010024,u_000988,s_00005,2025-01-10 23:22:49,2025-01-10 23:49:49
v_000010025,u_000918,s_00132,2025-01-29 21:46:31,2025-01-29 21:54:31
v_000010026,u_001276,s_00031,2025-01-23 23:14:34,2025-01-23 23:43:34
v_000010027,u_000822,s_00018,2025-02-24 20:09:54,2025-02-24 20:13:54
v_000010028,u_001957,s_00018,2025-02-11 17:35:03,2025-02-11 17:54:03
v_000010029,u_001308,s_00145,2025-02-24 18:03:18,2025-02-24 18:15:18
v_000010030,u_000677,s_00010,2025-02-25 17:33:26,2025-02-25 17:42:26
v_000010031,u_001206,s_00078,2025-02-03 23:09:50,2025-02-03 23:26:50
v_000010032,u_001031,s_00049,2025-01-14 18:57:02,2025-01-14 19:52:02
v_000010033,u_001264,s_00099,2025-02-07 22:52:48,2025-02-07 23:22:48
v_000010034,u_000630,s_00121,2025-01-25 20:22:06,2025-01-25 20:26:06
v_000010035,u_000575,s_00057,2025-01-11 19:57:50,2025-01-11 20:40:50
v_000010036,u_000511,s_00082,2025-02-08 20:29:46,2025-02-08 22:27:46
v_000010037,u_001536,s_00030,2025-01-08 19:40:19,2025-01-08 19:46:19
v_000010038,u_001171,s_00060,2025-01-23 22:55:42,2025-01-23 23:48:42
v_000010039,u_000389,s_00016,2025-02-25 16:51:31,2025-02-25 16:56:31
v_000010040,u_001480,s_00035,2025-02-23 22:21:40,2025-02-23 22:27:40
v_000010041,u_000089,s_00016,2025-02-01 16:41:33,2025-02-01 16:57:33
v_000010042,u_001053,s_00081,2025-01-24 16:23:36,2025-01-24 17:00:36
v_000010043,u_001093,s_00110,2025-02-13 19:15:51,2025-02-13 19:25:51
v_000010044,u_000352,s_00140,2025-02-19 20:27:33,2025-02-19 20:37:33
v_000010045,u_000927,s_00023,2025-01-12 18:25:13,2025-01-12 20:03:13
v_000010046,u_000195,s_00138,2025-03-01 18:45:59,2025-03-01 19:11:59
v_000010047,u_000251,s_00133,2025-02-15 23:29:00,2025-02-15 23:38:00
v_000010048,u_001411,s_00023,2025-01-06 19:28:42,2025-01-06 20:00:42
v_000010049,u_001007,s_00140,2025-02-14 21:31:50,2025-02-14 21:41:50
v_000010050,u_000021,s_00110,2025-01-10 23:06:12,2025-01-10 23:13:12
v_000010051,u_000234,s_00127,2025-02-06 12:30:37,2025-02-06 13:29:37
v_000010052,u_001286,s_00126,2025-01-07 19:47:32,2025-01-07 19:49:32
v_000010053,u_001867,s_00034,2025-01-27 18:29:27,2025-01-27 18:58:27
v_000010054,u_000143,s_00115,2025-01-20 23:52:39,2025-01-21 00:12:39
v_000010055,u_000576,s_00074,2025-01-26 20:02:17,2025-01-26 20:08:17
v_000010056,u_001572,s_00149,2025-01-27 20:29:37,2025-01-27 20:47:37
v_000010057,u_001846,s_00102,2025-01-24 20:56:17,2025-01-24 21:10:17
v_000010058,u_000526,s_00061,2025-01-25 13:37:41,2025-01-25 13:41:41
v_000010059,u_001908,s_00145,2025-01-30 21:35:49,2025-01-30 21:56:49
v_000010060,u_000454,s_00147,2025-02-14 17:08:32,2025-02-14 18:14:32
v_000010061,u_001218,s_00079,2025-02-13 20:51:51,2025-02-13 21:17:51
v_000010062,u_001679,s_00026,2025-02-25 19:25:38,2025-02-25 19:51:38
v_000010063,u_001792,s_00004,2025-01-31 23:49:41,2025-02-01 01:07:41
v_000010064,u_000549,s_00042,2025-02-19 23:22:43,2025-02-19 23:25:43
v_000010065,u_001934,s_00033,2025-01-10 16:46:38,2025-01-10 16:50:38
v_000010066,u_001564,s_00067,2025-02-15 23:53:42,2025-02-16 00:24:42
v_000010067,u_001731,s_00102,2025-02-03 20:19:02,2025-02-03 20:48:02
v_000010068,u_001098,s_00068,2025-02-06 23:11:09,2025-02-06 23:24:09
v_000010069,u_001707,s_00112,2025-02-01 23:52:20,2025-02-02 00:03:20
v_000010070,u_000852,s_00032,2025-02-13 23:51:37,2025-02-14 00:33:37
v_000010071,u_000703,s_00148,2025-01-23 18:28:16,2025-01-23 19:15:16
v_000010072,u_001488,s_00092,2025-02-14 22:28:45,2025-02-14 22:51:45
v_000010073,u_000607,s_00147,2025-01-22 17:41:41,2025-01-22 18:13:41
v_000010074,u_001115,s_00027,2025-01-04 10:40:30,2025-01-04 10:41:30
v_000010075,u_001754,s_00036,2025-02-13 23:27:07,2025-02-13 23:55:07
v_000010076,u_001826,s_00140,2025-03-01 23:21:48,2025-03-01 23:38:48
v_000010077,u_001202,s_00025,2025-01-10 17:29:07,2025-01-10 17:32:07
v_000010078,u_000132,s_00077,2025-02-08 16:52:30,2025-02-08 16:54:30
v_000010079,u_001648,s_00083,2025-02-19 16:28:29,2025-02-19 16:42:29
v_000010080,u_001738,s_00036,2025-01-25 13:23:08,2025-01-25 13:51:08
v_000010081,u_000299,s_00052,2025-02-08 23:48:21,2025-02-08 23:58:21
v_000010082,u_001516,s_00062,2025-01-06 23:54:55,2025-01-06 23:55:55
v_000010083,u_001370,s_00146,2025-02-07 09:55:02,2025-02-07 11:02:02
v_000010084,u_001168,s_00082,2025-02-26 23:48:05,2025-02-26 23:50:05
v_000010085,u_000965,s_00120,2025-02-10 20:18:24,2025-02-10 20:19:24
v_000010086,u_001708,s_00028,2025-01-05 16:34:55,2025-01-05 16:44:55
v_000010087,u_000042,s_00003,2025-02-27 19:09:46,2025-02-27 19:25:46
v_000010088,u_001048,s_00073,2025-02-15 13:37:08,2025-02-15 14:10:08
v_000010089,u_001826,s_00140,2025-02-02 20:19:13,2025-02-02 20:37:13
v_000010090,u_000110,s_00090,2025-01-24 23:30:40,2025-01-24 23:59:40
v_000010091,u_000888,s_00053,2025-02-26 20:18:33,2025-02-26 20:24:33
v_000010092,u_000070,s_00122,2025-02-11 23:48:40,2025-02-11 23:52:40
v_000010093,u_000703,s_00115,2025-01-29 23:31:03,2025-01-29 23:35:03
v_000010094,u_001164,s_00002,2025-02-08 18:51:14,2025-02-08 19:14:14
v_000010095,u_000766,s_00002,2025-01-28 18:27:49,2025-01-28 18:33:49
v_000010096,u_001933,s_00091,2025-01-17 18:40:25,2025-01-17 18:50:25
v_000010097,u_001072,s_00076,2025-01-19 21:57:48,2025-01-19 22:32:48
v_000010098,u_000288,s_00111,2025-02-27 19:17:26,2025-02-27 19:20:26
v_000010099,u_000469,s_00001,2025-02-12 19:12:19,2025-02-12 19:16:19
v_000010100,u_000898,s_00059,2025-01-07 18:23:01,2025-01-07 18:47:01
v_000010101,u_000487,s_00047,2025-01-20 16:08:35,2025-01-20 16:46:35
v_000010102,u_001397,s_00086,2025-01-04 19:57:43,2025-01-04 20:10:43
v_000010103,u_001658,s_00137,2025-02-11 10:18:35,2025-02-11 10:34:35
v_000010104,u_000871,s_00139,2025-02-20 14:05:49,2025-02-20 14:28:49
v_000010105,u_001860,s_00058,2025-02-27 16:56:06,2025-02-27 17:04:06
v_000010106,u_000611,s_00042,2025-01-31 23:15:59,2025-01-31 23:45:59
v_000010107,u_001100,s_00101,2025-02-10 23:12:36,2025-02-10 23:13:36
v_000010108,u_001991,s_00123,2025-01-27 18:10:57,2025-01-27 18:19:57
v_000010109,u_001835,s_00121,2025-02-11 23:30:46,2025-02-11 23:53:46
v_000010110,u_000113,s_00070,2025-01-20 16:06:23,2025-01-20 16:16:23
v_000010111,u_000072,s_00026,2025-01-26 22:25:03,2025-01-26 23:45:03
v_000010112,u_001618,s_00015,2025-01-04 21:37:42,2025-01-04 22:14:42
v_000010113,u_000597,s_00115,2025-01-25 23:42:28,2025-01-26 00:19:28
v_000010114,u_000115,s_00135,2025-01-03 21:54:58,2025-01-03 22:19:58
v_000010115,u_001848,s_00016,2025-02-21 18:50:57,2025-02-21 19:35:57
v_000010116,u_001203,s_00003,2025-01-05 21:00:44,2025-01-05 21:34:44
v_000010117,u_000734,s_00054,2025-01-27 17:02:18,2025-01-27 17:29:18
v_000010118,u_001700,s_00081,2025-01-03 19:00:13,2025-01-03 19:02:13
v_000010119,u_001718,s_00050,2025-01-07 23:12:00,2025-01-07 23:51:00
v_000010120,u_001604,s_00045,2025-01-13 16:52:38,2025-01-13 16:56:38
v_000010121,u_000653,s_00113,2025-01-30 15:35:08,2025-01-30 15:45:08
v_000010122,u_000855,s_00036,2025-01-06 21:57:50,2025-01-06 22:02:50
v_000010123,u_000950,s_00042,2025-01-06 16:18:45,2025-01-06 16:20:45
v_000010124,u_000261,s_00008,2025-01-15 15:44:31,2025-01-15 16:04:31
v_000010125,u_001831,s_00068,2025-01-11 21:14:58,2025-01-11 21:36:58
v_000010126,u_001808,s_00128,2025-01-11 17:17:03,2025-01-11 17:41:03
v_000010127,u_001862,s_00048,2025-02-20 20:43:50,2025-02-20 20:46:50
v_000010128,u_001925,s_00065,2025-02-03 20:31:56,2025-02-03 21:09:56
v_000010129,u_000303,s_00019,2025-01-08 21:23:17,2025-01-08 21:27:17
v_000010130,u_001161,s_00118,2025-01-14 19:08:37,2025-01-14 19:13:37
v_000010131,u_000523,s_00102,2025-02-11 18:36:36,2025-02-11 20:05:36
v_000010132,u_000529,s_00048,2025-01-29 21:51:45,2025-01-29 21:56:45
v_000010133,u_000322,s_00037,2025-02-21 16:09:50,2025-02-21 16:23:50
v_000010134,u_001645,s_00102,2025-01-06 15:20:32,2025-01-06 15:44:32
v_000010135,u_001527,s_00104,2025-01-03 23:13:18,2025-01-03 23:21:18
v_000010136,u_000462,s_00086,2025-01-17 20:38:20,2025-01-17 20:45:20
v_000010137,u_000942,s_00033,2025-01-11 23:08:37,2025-01-12 00:22:37
v_000010138,u_000704,s_00032,2025-02-09 18:43:50,2025-02-09 18:44:50
v_000010139,u_000208,s_00056,2025-01-23 17:49:05,2025-01-23 17:53:05
v_000010140,u_001885,s_00075,2025-01-10 17:32:18,2025-01-10 17:45:18
v_000010141,u_000152,s_00149,2025-01-01 23:40:51,2025-01-02 00:25:51
v_000010142,u_001329,s_00112,2025-01-29 17:03:17,2025-01-29 17:19:17
v_000010143,u_000012,s_00128,2025-01-28 20:32:36,2025-01-28 20:38:36
v_000010144,u_000341,s_00119,2025-02-08 18:13:27,2025-02-08 19:41:27
v_000010145,u_000244,s_00056,2025-02-13 20:22:43,2025-02-13 20:23:43
v_000010146,u_001072,s_00076,2025-01-26 16:06:36,2025-01-26 16:15:36
v_000010147,u_000027,s_00059,2025-01-20 18:27:13,2025-01-20 18:29:13
v_000010148,u_001843,s_00014,2025-03-01 10:58:38,2025-03-01 11:05:38
v_000010149,u_001271,s_00097,2025-02-04 23:01:15,2025-02-04 23:03:15
v_000010150,u_001968,s_00134,2025-01-10 16:08:25,2025-01-10 16:19:25
v_000010151,u_001413,s_00149,2025-01-22 21:55:32,2025-01-22 22:10:32
v_000010152,u_000775,s_00080,2025-01-22 14:32:26,2025-01-22 14:46:26
v_000010153,u_000100,s_00128,2025-01-02 14:49:37,2025-01-02 16:19:37
v_000010154,u_001509,s_00029,2025-01-24 11:55:18,2025-01-24 12:18:18
v_000010155,u_001873,s_00067,2025-01-16 14:58:27,2025-01-16 15:01:27
v_000010156,u_000694,s_00049,2025-01-27 18:42:51,2025-01-27 18:47:51
v_000010157,u_001611,s_00055,2025-02-04 18:02:26,2025-02-04 18:03:26
v_000010158,u_000280,s_00015,2025-01-07 23:21:41,2025-01-07 23:48:41
v_000010159,u_000725,s_00026,2025-02-10 19:02:32,2025-02-10 19:17:32
v_000010160,u_000030,s_00114,2025-02-08 13:00:09,2025-02-08 13:56:09
v_000010161,u_001316,s_00114,2025-01-06 18:16:56,2025-01-06 18:49:56
v_000010162,u_001670,s_00074,2025-02-20 23:03:55,2025-02-21 00:01:55
v_000010163,u_000026,s_00005,2025-01-08 23:53:25,2025-01-09 00:54:25
v_000010164,u_001745,s_00114,2025-03-01 22:52:58,2025-03-01 23:12:58
v_000010165,u_001578,s_00032,2025-01-14 15:35:17,2025-01-14 15:50:17
v_000010166,u_001568,s_00117,2025-02-04 15:19:57,2025-02-04 15:24:57
v_000010167,u_001207,s_00012,2025-02-02 12:27:57,2025-02-02 12:28:57
v_000010168,u_001925,s_00105,2025-01-10 18:55:45,2025-01-10 19:24:45
v_000010169,u_000977,s_00023,2025-02-27 17:25:04,2025-02-27 17:37:04
v_000010170,u_000945,s_00029,2025-01-06 17:56:22,2025-01-06 17:57:22
v_000010171,u_000972,s_00055,2025-02-13 16:32:30,2025-02-13 16:46:30
v_000010172,u_000278,s_00053,2025-01-25 20:22:01,2025-01-25 20:24:01
v_000010173,u_000430,s_00020,2025-02-07 18:21:21,2025-02-07 18:45:21
v_000010174,u_001271,s_00097,2025-01-06 20:52:26,2025-01-06 21:13:26
v_000010175,u_001454,s_00121,2025-01-31 19:26:33,2025-01-31 19:40:33
v_000010176,u_000803,s_00003,2025-01-23 21:05:01,2025-01-23 21:06:01
v_000010177,u_000666,s_00134,2025-01-22 15:27:34,2025-01-22 15:34:34
v_000010178,u_001519,s_00103,2025-03-01 22:56:18,2025-03-01 23:10:18
v_000010179,u_001344,s_00031,2025-02-12 15:05:14,2025-02-12 15:32:14
v_000010180,u_001777,s_00102,2025-01-25 16:49:30,2025-01-25 17:31:30
v_000010181,u_001582,s_00145,2025-01-07 15:04:32,2025-01-07 15:14:32
v_000010182,u_001269,s_00071,2025-01-16 09:24:44,2025-01-16 10:22:44
v_000010183,u_000779,s_00008,2025-01-19 23:21:40,2025-01-19 23:55:40
v_000010184,u_000329,s_00027,2025-01-25 17:18:39,2025-01-25 17:46:39
v_000010185,u_000255,s_00148,2025-01-23 20:43:54,2025-01-23 22:24:54
v_000010186,u_000089,s_00030,2025-02-04 21:48:37,2025-02-04 21:58:37
v_000010187,u_001037,s_00016,2025-02-03 17:08:51,2025-02-03 17:41:51
v_000010188,u_001255,s_00071,2025-01-16 13:47:38,2025-01-16 13:53:38
v_000010189,u_001695,s_00039,2025-02-12 20:40:40,2025-02-12 21:14:40
v_000010190,u_000680,s_00041,2025-01-31 19:43:14,2025-01-31 20:52:14
v_000010191,u_001972,s_00058,2025-01-05 23:33:14,2025-01-05 23:39:14
v_000010192,u_000962,s_00037,2025-02-28 18:31:51,2025-02-28 18:33:51
v_000010193,u_001734,s_00064,2025-02-25 19:36:50,2025-02-25 20:40:50
v_000010194,u_000285,s_00039,2025-01-17 23:43:04,2025-01-17 23:47:04
v_000010195,u_000812,s_00038,2025-02-12 23:29:54,2025-02-12 23:52:54
v_000010196,u_001441,s_00034,2025-01-25 23:18:11,2025-01-25 23:31:11
v_000010197,u_001202,s_00087,2025-01-21 20:23:27,2025-01-21 20:31:27
v_000010198,u_001904,s_00127,2025-01-26 22:51:19,2025-01-26 23:06:19
v_000010199,u_000025,s_00036,2025-02-24 15:54:02,2025-02-24 16:14:02
v_000010200,u_000272,s_00148,2025-02-19 19:01:53,2025-02-19 19:24:53
v_000010201,u_001006,s_00149,2025-01-01 23:44:32,2025-01-01 23:55:32
v_000010202,u_000715,s_00095,2025-02-01 21:32:03,2025-02-01 22:23:03
v_000010203,u_001325,s_00116,2025-01-08 18:22:45,2025-01-08 18:30:45
v_000010204,u_001445,s_00108,2025-02-23 23:19:15,2025-02-23 23:25:15
v_000010205,u_000662,s_00047,2025-02-03 23:09:22,2025-02-03 23:12:22
v_000010206,u_000262,s_00098,2025-02-16 23:40:53,2025-02-16 23:44:53
v_000010207,u_001870,s_00126,2025-01-19 15:38:59,2025-01-19 16:02:59
v_000010208,u_001263,s_00000,2025-02-09 18:08:01,2025-02-09 19:27:01
v_000010209,u_000213,s_00003,2025-01-14 23:11:15,2025-01-14 23:47:15
v_000010210,u_001314,s_00003,2025-01-01 22:15:06,2025-01-01 22:24:06
v_000010211,u_001592,s_00119,2025-01-05 14:32:52,2025-01-05 15:08:52
v_000010212,u_001066,s_00003,2025-01-28 19:02:42,2025-01-28 20:28:42
v_000010213,u_001189,s_00103,2025-01-05 11:07:14,2025-01-05 11:09:14
v_000010214,u_000331,s_00092,2025-02-20 18:11:09,2025-02-20 18:20:09
v_000010215,u_000448,s_00090,2025-02-26 19:05:21,2025-02-26 19:32:21
v_000010216,u_001297,s_00032,2025-02-28 23:47:10,2025-03-01 00:03:10
v_000010217,u_001972,s_00046,2025-02-07 23:27:16,2025-02-07 23:40:16
v_000010218,u_001645,s_00084,2025-02-24 13:45:11,2025-02-24 13:47:11
v_000010219,u_000374,s_00015,2025-01-22 20:54:50,2025-01-22 21:15:50
v_000010220,u_000270,s_00127,2025-02-22 18:00:23,2025-02-22 18:19:23
v_000010221,u_001487,s_00027,2025-01-23 17:09:40,2025-01-23 17:18:40
v_000010222,u_000335,s_00008,2025-02-07 22:55:15,2025-02-07 22:56:15
v_000010223,u_000032,s_00039,2025-01-23 23:04:26,2025-01-23 23:13:26
v_000010224,u_001028,s_00104,2025-01-16 21:27:35,2025-01-16 22:08:35
v_000010225,u_000367,s_00053,2025-02-01 21:48:25,2025-02-01 21:51:25
v_000010226,u_001465,s_00081,2025-02-02 20:43:52,2025-02-02 20:54:52
v_000010227,u_000289,s_00014,2025-02-10 18:02:02,2025-02-10 18:54:02
v_000010228,u_001313,s_00069,2025-02-08 16:40:35,2025-02-08 17:00:35
v_000010229,u_001572,s_00149,2025-01-18 12:19:30,2025-01-18 14:05:30
v_000010230,u_000434,s_00019,2025-02-18 14:21:52,2025-02-18 15:43:52
v_000010231,u_000119,s_00114,2025-02-24 15:48:08,2025-02-24 15:53:08
v_000010232,u_000002,s_00104,2025-01-07 22:28:27,2025-01-07 23:24:27
v_000010233,u_001819,s_00136,2025-01-02 10:05:27,2025-01-02 10:26:27
v_000010234,u_000881,s_00032,2025-01-02 19:19:30,2025-01-02 19:23:30
v_000010235,u_000648,s_00076,2025-03-01 23:08:26,2025-03-01 23:18:26
v_000010236,u_000958,s_00104,2025-01-09 18:28:21,2025-01-09 19:11:21
v_000010237,u_001569,s_00089,2025-02-19 16:31:36,2025-02-19 17:05:36
v_000010238,u_000863,s_00013,2025-02-15 19:07:22,2025-02-15 20:11:22
v_000010239,u_000624,s_00066,2025-01-18 17:35:05,2025-01-18 17:36:05
v_000010240,u_000846,s_00060,2025-02-14 20:23:54,2025-02-14 20:34:54
v_000010241,u_000158,s_00141,2025-02-16 23:57:30,2025-02-17 00:00:30
v_000010242,u_001003,s_00109,2025-02-19 22:20:03,2025-02-19 23:02:03
v_000010243,u_001069,s_00034,2025-01-29 18:03:41,2025-01-29 18:26:41
v_000010244,u_001752,s_00060,2025-01-22 23:22:12,2025-01-22 23:37:12
v_000010245,u_001142,s_00022,2025-02-07 15:23:56,2025-02-07 15:24:56
v_000010246,u_001195,s_00027,2025-02-25 23:15:38,2025-02-25 23:58:38
v_000010247,u_001167,s_00015,2025-01-08 19:25:18,2025-01-08 19:26:18
v_000010248,u_000388,s_00022,2025-01-08 18:43:15,2025-01-08 19:49:15
v_000010249,u_001806,s_00060,2025-02-27 17:06:07,2025-02-27 17:08:07
v_000010250,u_001785,s_00082,2025-01-20 14:15:22,2025-01-20 14:55:22
v_000010251,u_000598,s_00122,2025-01-05 20:29:09,2025-01-05 20:37:09
v_000010252,u_001726,s_00135,2025-02-15 21:37:28,2025-02-15 21:54:28
v_000010253,u_000552,s_00080,2025-01-25 18:43:03,2025-01-25 18:51:03
v_000010254,u_001741,s_00034,2025-02-09 23:33:14,2025-02-09 23:43:14
v_000010255,u_000134,s_00018,2025-02-07 23:52:09,2025-02-07 23:56:09
v_000010256,u_001623,s_00131,2025-01-17 22:35:18,2025-01-17 22:54:18
v_000010257,u_000092,s_00142,2025-02-15 18:06:51,2025-02-15 18:21:51
v_000010258,u_001723,s_00032,2025-02-08 23:43:08,2025-02-09 00:44:08
v_000010259,u_001774,s_00122,2025-02-10 23:50:56,2025-02-11 00:22:56
v_000010260,u_000647,s_00032,2025-02-16 19:53:49,2025-02-16 20:02:49
v_000010261,u_001658,s_00118,2025-01-23 16:12:57,2025-01-23 16:13:57
v_000010262,u_001724,s_00000,2025-01-27 17:02:13,2025-01-27 17:22:13
v_000010263,u_000155,s_00129,2025-02-07 19:24:55,2025-02-07 19:25:55
v_000010264,u_001573,s_00050,2025-01-14 21:14:27,2025-01-14 21:15:27
v_000010265,u_000078,s_00084,2025-01-09 22:42:38,2025-01-09 23:00:38
v_000010266,u_001198,s_00057,2025-02-22 11:58:12,2025-02-22 12:00:12
v_000010267,u_000738,s_00104,2025-01-23 15:13:03,2025-01-23 15:20:03
v_000010268,u_001920,s_00038,2025-01-21 15:13:02,2025-01-21 15:21:02
v_000010269,u_001193,s_00022,2025-02-14 17:27:57,2025-02-14 18:01:57
v_000010270,u_001217,s_00051,2025-02-26 14:30:10,2025-02-26 14:44:10
v_000010271,u_001092,s_00082,2025-02-06 15:16:53,2025-02-06 15:24:53
v_000010272,u_001682,s_00060,2025-02-22 12:39:25,2025-02-22 13:08:25
v_000010273,u_000453,s_00037,2025-01-04 23:35:52,2025-01-04 23:48:52
v_000010274,u_000185,s_00010,2025-01-15 18:13:50,2025-01-15 18:44:50
v_000010275,u_001469,s_00019,2025-02-08 10:37:00,2025-02-08 10:42:00
v_000010276,u_000547,s_00034,2025-02-01 23:16:15,2025-02-01 23:46:15
v_000010277,u_001469,s_00019,2025-01-06 16:57:05,2025-01-06 17:33:05
v_000010278,u_000263,s_00092,2025-02-04 18:38:33,2025-02-04 19:23:33
v_000010279,u_000146,s_00025,2025-02-10 23:35:57,2025-02-10 23:58:57
v_000010280,u_000911,s_00112,2025-01-04 14:34:46,2025-01-04 14:56:46
v_000010281,u_000049,s_00084,2025-01-30 23:20:45,2025-01-30 23:34:45
v_000010282,u_000711,s_00092,2025-01-23 23:36:59,2025-01-23 23:51:59
v_000010283,u_001564,s_00083,2025-02-18 21:28:24,2025-02-18 21:36:24
v_000010284,u_001079,s_00127,2025-02-06 10:12:21,2025-02-06 10:16:21
v_000010285,u_000731,s_00148,2025-01-16 21:58:49,2025-01-16 23:00:49
v_000010286,u_001837,s_00039,2025-01-26 19:20:31,2025-01-26 19:22:31
v_000010287,u_001558,s_00131,2025-01-27 23:42:59,2025-01-27 23:50:59
v_000010288,u_000873,s_00142,2025-02-21 20:49:37,2025-02-21 21:30:37
v_000010289,u_001517,s_00077,2025-02-16 18:31:37,2025-02-16 18:44:37
v_000010290,u_001744,s_00051,2025-01-24 23:03:46,2025-01-24 23:10:46
v_000010291,u_000491,s_00116,2025-01-28 22:52:42,2025-01-28 23:25:42
v_000010292,u_001191,s_00121,2025-01-17 13:54:34,2025-01-17 14:12:34
v_000010293,u_001713,s_00073,2025-01-13 17:33:43,2025-01-13 17:43:43
v_000010294,u_000976,s_00011,2025-02-27 12:50:37,2025-02-27 13:04:37
v_000010295,u_000649,s_00015,2025-02-10 18:15:04,2025-02-10 19:13:04
v_000010296,u_000430,s_00020,2025-02-21 16:50:42,2025-02-21 16:51:42
v_000010297,u_000382,s_00057,2025-02-13 23:29:34,2025-02-13 23:31:34
v_000010298,u_000180,s_00025,2025-02-17 12:28:08,2025-02-17 12:37:08
v_000010299,u_000703,s_00019,2025-01-06 18:16:06,2025-01-06 18:17:06
v_000010300,u_000384,s_00017,2025-01-09 15:19:52,2025-01-09 15:20:52
v_000010301,u_000127,s_00119,2025-01-23 14:31:43,2025-01-23 14:51:43
v_000010302,u_001837,s_00008,2025-01-26 19:40:46,2025-01-26 19:55:46
v_000010303,u_000263,s_00041,2025-01-22 17:16:56,2025-01-22 17:32:56
v_000010304,u_001264,s_00013,2025-01-07 19:44:56,2025-01-07 20:01:56
v_000010305,u_000482,s_00023,2025-02-05 23:23:41,2025-02-05 23:54:41
v_000010306,u_000262,s_00005,2025-01-10 20:21:29,2025-01-10 20:35:29
v_000010307,u_001629,s_00149,2025-02-07 23:30:31,2025-02-07 23:33:31
v_000010308,u_000186,s_00037,2025-02-21 18:33:25,2025-02-21 19:15:25
v_000010309,u_001192,s_00041,2025-02-15 19:57:19,2025-02-15 20:24:19
v_000010310,u_000991,s_00010,2025-01-16 23:34:05,2025-01-17 00:35:05
v_000010311,u_000316,s_00023,2025-02-23 23:55:26,2025-02-24 00:01:26
v_000010312,u_000348,s_00103,2025-02-01 10:26:36,2025-02-01 10:42:36
v_000010313,u_000461,s_00003,2025-01-22 22:52:25,2025-01-22 23:08:25
v_000010314,u_001600,s_00019,2025-02-10 17:21:40,2025-02-10 17:22:40
v_000010315,u_001364,s_00021,2025-02-11 14:27:13,2025-02-11 14:33:13
v_000010316,u_001438,s_00034,2025-01-03 23:09:03,2025-01-03 23:25:03
v_000010317,u_000796,s_00075,2025-01-18 17:23:57,2025-01-18 17:40:57
v_000010318,u_001439,s_00023,2025-01-22 19:14:19,2025-01-22 20:11:19
v_000010319,u_001619,s_00048,2025-01-30 19:09:03,2025-01-30 19:30:03
v_000010320,u_001319,s_00141,2025-02-12 13:44:08,2025-02-12 14:03:08
v_000010321,u_001325,s_00098,2025-02-01 13:07:00,2025-02-01 15:34:00
v_000010322,u_001722,s_00074,2025-01-28 20:37:26,2025-01-28 21:11:26
v_000010323,u_000227,s_00101,2025-02-15 17:00:12,2025-02-15 17:19:12
v_000010324,u_000535,s_00107,2025-02-06 20:35:44,2025-02-06 20:54:44
v_000010325,u_001591,s_00095,2025-02-18 18:38:01,2025-02-18 18:56:01
v_000010326,u_001820,s_00063,2025-01-03 23:17:03,2025-01-03 23:23:03
v_000010327,u_000576,s_00000,2025-02-15 17:58:35,2025-02-15 18:02:35
v_000010328,u_000435,s_00051,2025-01-27 23:01:42,2025-01-28 00:00:42
v_000010329,u_001364,s_00021,2025-01-20 17:11:55,2025-01-20 17:16:55
v_000010330,u_001563,s_00110,2025-02-20 23:42:27,2025-02-20 23:43:27
v_000010331,u_001754,s_00122,2025-01-17 18:02:22,2025-01-17 18:23:22
v_000010332,u_001235,s_00106,2025-02-09 23:00:12,2025-02-09 23:25:12
v_000010333,u_000078,s_00065,2025-01-24 17:22:14,2025-01-24 17:35:14
v_000010334,u_001686,s_00125,2025-02-22 13:49:44,2025-02-22 14:49:44
v_000010335,u_001126,s_00129,2025-01-19 16:05:18,2025-01-19 16:46:18
v_000010336,u_001414,s_00142,2025-01-04 21:44:44,2025-01-04 21:57:44
v_000010337,u_000399,s_00084,2025-01-31 14:21:39,2025-01-31 14:35:39
v_000010338,u_000011,s_00047,2025-02-03 21:23:14,2025-02-03 21:40:14
v_000010339,u_001495,s_00011,2025-01-09 17:43:10,2025-01-09 17:49:10
v_000010340,u_000335,s_00008,2025-01-23 21:50:26,2025-01-23 21:52:26
v_000010341,u_000550,s_00117,2025-02-12 22:56:02,2025-02-12 23:00:02
v_000010342,u_000541,s_00124,2025-01-11 18:28:59,2025-01-11 19:09:59
v_000010343,u_001410,s_00103,2025-01-07 15:59:04,2025-01-07 16:05:04
v_000010344,u_000364,s_00096,2025-02-06 19:08:21,2025-02-06 19:20:21
v_000010345,u_000336,s_00068,2025-01-01 18:59:21,2025-01-01 19:00:21
v_000010346,u_001326,s_00081,2025-02-21 18:04:04,2025-02-21 18:11:04
v_000010347,u_000921,s_00134,2025-01-26 23:33:51,2025-01-26 23:50:51
v_000010348,u_001624,s_00108,2025-01-12 17:55:00,2025-01-12 17:56:00
v_000010349,u_000797,s_00046,2025-02-10 23:29:22,2025-02-11 00:05:22
v_000010350,u_000940,s_00053,2025-02-05 15:25:08,2025-02-05 15:26:08
v_000010351,u_001413,s_00020,2025-02-05 19:46:30,2025-02-05 20:13:30
v_000010352,u_001266,s_00137,2025-02-24 20:15:09,2025-02-24 20:33:09
v_000010353,u_000264,s_00072,2025-01-24 23:22:58,2025-01-24 23:23:58
v_000010354,u_000798,s_00096,2025-01-13 18:05:13,2025-01-13 18:11:13
v_000010355,u_000501,s_00047,2025-01-25 14:01:04,2025-01-25 14:09:04
v_000010356,u_001725,s_00005,2025-02-21 22:32:27,2025-02-21 23:26:27
v_000010357,u_000477,s_00129,2025-02-08 20:44:14,2025-02-08 20:45:14
v_000010358,u_000900,s_00125,2025-01-03 15:06:26,2025-01-03 15:43:26
v_000010359,u_000224,s_00144,2025-02-27 23:04:34,2025-02-27 23:37:34
v_000010360,u_001870,s_00034,2025-01-05 17:21:41,2025-01-05 17:44:41
v_000010361,u_000208,s_00006,2025-01-08 20:42:36,2025-01-08 20:50:36
v_000010362,u_001000,s_00058,2025-02-16 20:29:34,2025-02-16 20:55:34
v_000010363,u_001770,s_00033,2025-01-05 23:27:03,2025-01-05 23:47:03
v_000010364,u_000597,s_00097,2025-01-16 23:59:05,2025-01-17 01:24:05
v_000010365,u_000017,s_00127,2025-01-08 18:57:12,2025-01-08 19:46:12
v_000010366,u_000312,s_00054,2025-02-08 18:09:09,2025-02-08 18:46:09
v_000010367,u_001142,s_00032,2025-02-01 17:59:46,2025-02-01 18:05:46
v_000010368,u_000078,s_00084,2025-02-19 23:51:59,2025-02-20 00:03:59
v_000010369,u_000514,s_00110,2025-02-27 21:10:29,2025-02-27 21:15:29
v_000010370,u_000972,s_00055,2025-01-31 19:57:52,2025-01-31 20:27:52
v_000010371,u_000654,s_00054,2025-02-07 23:33:09,2025-02-07 23:44:09
v_000010372,u_001781,s_00091,2025-01-27 17:53:43,2025-01-27 18:04:43
v_000010373,u_001033,s_00040,2025-02-07 17:08:14,2025-02-07 17:12:14
v_000010374,u_000380,s_00017,2025-01-05 23:37:10,2025-01-05 23:43:10
v_000010375,u_000717,s_00106,2025-01-21 18:53:21,2025-01-21 19:04:21
v_000010376,u_000536,s_00093,2025-02-09 23:28:16,2025-02-09 23:50:16
v_000010377,u_000226,s_00058,2025-02-20 14:59:29,2025-02-20 15:11:29
v_000010378,u_001819,s_00076,2025-02-06 13:58:10,2025-02-06 14:37:10
v_000010379,u_001595,s_00134,2025-03-01 22:57:18,2025-03-01 23:01:18
v_000010380,u_001268,s_00064,2025-01-15 15:12:51,2025-01-15 15:22:51
v_000010381,u_001102,s_00052,2025-02-11 23:08:32,2025-02-11 23:13:32
v_000010382,u_000904,s_00078,2025-01-08 10:12:22,2025-01-08 10:38:22
v_000010383,u_001664,s_00077,2025-01-19 23:26:29,2025-01-19 23:29:29
v_000010384,u_000564,s_00049,2025-02-08 23:16:36,2025-02-08 23:25:36
v_000010385,u_001568,s_00009,2025-02-08 15:50:03,2025-02-08 15:54:03
v_000010386,u_000785,s_00031,2025-02-21 20:31:29,2025-02-21 20:56:29
v_000010387,u_000742,s_00034,2025-02-22 21:31:08,2025-02-22 21:41:08
v_000010388,u_001415,s_00005,2025-02-17 23:51:30,2025-02-18 00:34:30
v_000010389,u_000630,s_00053,2025-01-26 21:52:20,2025-01-26 22:14:20
v_000010390,u_001458,s_00074,2025-01-08 19:17:12,2025-01-08 19:18:12
v_000010391,u_000437,s_00096,2025-01-06 18:26:38,2025-01-06 19:03:38
v_000010392,u_001780,s_00109,2025-01-13 18:40:37,2025-01-13 19:11:37
v_000010393,u_000193,s_00022,2025-02-20 20:46:16,2025-02-20 21:09:16
v_000010394,u_000604,s_00123,2025-01-01 21:00:56,2025-01-01 21:23:56
v_000010395,u_001402,s_00017,2025-01-23 23:00:38,2025-01-23 23:08:38
v_000010396,u_001261,s_00131,2025-02-06 23:54:01,2025-02-07 00:17:01
v_000010397,u_001225,s_00145,2025-02-17 18:50:33,2025-02-17 18:52:33
v_000010398,u_001676,s_00065,2025-02-17 16:51:08,2025-02-17 17:32:08
v_000010399,u_000261,s_00080,2025-01-24 22:56:28,2025-01-24 23:05:28
v_000010400,u_001310,s_00090,2025-01-13 10:55:39,2025-01-13 11:10:39
v_000010401,u_001820,s_00046,2025-01-28 23:46:56,2025-01-29 00:17:56
v_000010402,u_000751,s_00078,2025-02-27 23:40:54,2025-02-27 23:42:54
v_000010403,u_001807,s_00026,2025-02-28 23:58:27,2025-03-01 00:01:27
v_000010404,u_000750,s_00082,2025-02-14 23:20:05,2025-02-14 23:43:05
v_000010405,u_001770,s_00033,2025-01-30 11:11:47,2025-01-30 11:31:47
v_000010406,u_000270,s_00016,2025-01-19 20:36:09,2025-01-19 20:37:09
v_000010407,u_001357,s_00124,2025-01-20 23:31:05,2025-01-20 23:32:05
v_000010408,u_000421,s_00046,2025-01-21 21:23:29,2025-01-21 21:25:29
v_000010409,u_001931,s_00113,2025-02-10 23:52:18,2025-02-10 23:53:18
v_000010410,u_000126,s_00117,2025-01-10 23:44:07,2025-01-11 00:10:07
v_000010411,u_001024,s_00101,2025-02-04 23:16:20,2025-02-04 23:32:20
v_000010412,u_001356,s_00086,2025-02-06 20:31:44,2025-02-06 20:35:44
v_000010413,u_000382,s_00019,2025-01-20 21:26:45,2025-01-20 21:40:45
v_000010414,u_001843,s_00149,2025-02-06 19:19:31,2025-02-06 20:16:31
v_000010415,u_000661,s_00090,2025-01-21 23:12:57,2025-01-21 23:16:57
v_000010416,u_001679,s_00019,2025-01-03 20:55:04,2025-01-03 21:55:04
v_000010417,u_000593,s_00079,2025-02-10 20:52:34,2025-02-10 21:12:34
v_000010418,u_000914,s_00132,2025-01-29 21:48:33,2025-01-29 22:12:33
v_000010419,u_001271,s_00020,2025-01-13 20:37:33,2025-01-13 20:38:33
v_000010420,u_001299,s_00068,2025-02-24 20:32:11,2025-02-24 20:34:11
v_000010421,u_000778,s_00073,2025-02-27 19:14:34,2025-02-27 19:17:34
v_000010422,u_000469,s_00054,2025-02-18 12:27:51,2025-02-18 12:28:51
v_000010423,u_000142,s_00112,2025-02-24 18:01:35,2025-02-24 18:14:35
v_000010424,u_000355,s_00067,2025-02-22 18:24:18,2025-02-22 18:26:18
v_000010425,u_001516,s_00062,2025-02-19 22:34:01,2025-02-19 22:36:01
v_000010426,u_000389,s_00053,2025-01-13 23:29:06,2025-01-13 23:35:06
v_000010427,u_000349,s_00095,2025-01-21 15:24:24,2025-01-21 16:13:24
v_000010428,u_001356,s_00086,2025-01-22 19:37:43,2025-01-22 20:49:43
v_000010429,u_001210,s_00111,2025-02-28 20:09:33,2025-02-28 20:28:33
v_000010430,u_000741,s_00053,2025-02-20 23:09:13,2025-02-20 23:19:13
v_000010431,u_000717,s_00106,2025-02-14 18:22:07,2025-02-14 18:48:07
v_000010432,u_001108,s_00000,2025-02-07 17:47:15,2025-02-07 17:51:15
v_000010433,u_000543,s_00046,2025-01-01 17:10:40,2025-01-01 17:37:40
v_000010434,u_001499,s_00015,2025-01-22 23:34:18,2025-01-22 23:36:18
v_000010435,u_001003,s_00103,2025-02-19 15:57:27,2025-02-19 16:40:27
v_000010436,u_000748,s_00097,2025-01-10 17:21:38,2025-01-10 17:28:38
v_000010437,u_000358,s_00134,2025-02-23 20:02:06,2025-02-23 20:14:06
v_000010438,u_001538,s_00035,2025-02-21 19:33:48,2025-02-21 19:36:48
v_000010439,u_000545,s_00121,2025-01-22 17:34:08,2025-01-22 17:46:08
v_000010440,u_000140,s_00077,2025-01-01 12:54:57,2025-01-01 13:12:57
v_000010441,u_000000,s_00139,2025-01-01 12:30:20,2025-01-01 14:04:20
v_000010442,u_001841,s_00033,2025-01-06 22:49:13,2025-01-06 23:06:13
v_000010443,u_001586,s_00132,2025-01-20 23:24:35,2025-01-20 23:43:35
v_000010444,u_000138,s_00077,2025-01-10 12:59:56,2025-01-10 13:54:56
v_000010445,u_001591,s_00000,2025-02-05 15:46:12,2025-02-05 16:24:12
v_000010446,u_001889,s_00067,2025-02-05 15:52:02,2025-02-05 16:03:02
v_000010447,u_000957,s_00023,2025-02-20 20:45:04,2025-02-20 21:44:04
v_000010448,u_000542,s_00061,2025-01-29 21:06:00,2025-01-29 21:13:00
v_000010449,u_001044,s_00113,2025-01-01 17:09:56,2025-01-01 17:16:56
v_000010450,u_000763,s_00003,2025-02-27 12:39:43,2025-02-27 12:44:43
v_000010451,u_000646,s_00139,2025-02-01 23:06:50,2025-02-01 23:16:50
v_000010452,u_001508,s_00091,2025-02-10 19:24:34,2025-02-10 19:31:34
v_000010453,u_000217,s_00089,2025-02-14 14:10:19,2025-02-14 14:51:19
v_000010454,u_000553,s_00045,2025-02-06 16:43:31,2025-02-06 16:50:31
v_000010455,u_001130,s_00124,2025-02-20 23:35:33,2025-02-20 23:41:33
v_000010456,u_001882,s_00113,2025-02-27 14:30:19,2025-02-27 15:14:19
v_000010457,u_000190,s_00076,2025-01-04 23:46:34,2025-01-04 23:50:34
v_000010458,u_001440,s_00054,2025-01-01 18:24:57,2025-01-01 18:43:57
v_000010459,u_001772,s_00054,2025-01-06 13:45:53,2025-01-06 14:18:53
v_000010460,u_000430,s_00020,2025-02-23 18:24:59,2025-02-23 18:25:59
v_000010461,u_001754,s_00135,2025-02-17 20:56:56,2025-02-17 21:00:56
v_000010462,u_000399,s_00100,2025-01-14 19:36:07,2025-01-14 19:40:07
v_000010463,u_000797,s_00097,2025-01-30 21:36:31,2025-01-30 21:59:31
v_000010464,u_000636,s_00077,2025-01-13 21:04:31,2025-01-13 21:05:31
v_000010465,u_000572,s_00056,2025-02-15 16:38:31,2025-02-15 17:04:31
v_000010466,u_001255,s_00108,2025-01-03 23:53:54,2025-01-04 00:06:54
v_000010467,u_001509,s_00099,2025-01-09 20:35:34,2025-01-09 20:36:34
v_000010468,u_001882,s_00113,2025-01-21 23:53:08,2025-01-22 00:04:08
v_000010469,u_000828,s_00043,2025-02-10 20:19:51,2025-02-10 20:30:51
v_000010470,u_001456,s_00092,2025-01-14 19:49:48,2025-01-14 19:50:48
v_000010471,u_001549,s_00044,2025-01-01 20:21:29,2025-01-01 20:39:29
v_000010472,u_000032,s_00039,2025-01-07 21:00:54,2025-01-07 21:36:54
v_000010473,u_000751,s_00078,2025-01-14 20:44:43,2025-01-14 22:12:43
v_000010474,u_001962,s_00027,2025-02-22 23:40:29,2025-02-23 00:19:29
v_000010475,u_001187,s_00139,2025-02-12 16:55:54,2025-02-12 17:40:54
v_000010476,u_001579,s_00003,2025-01-25 13:16:33,2025-01-25 13:44:33
v_000010477,u_001766,s_00075,2025-01-09 15:15:19,2025-01-09 15:29:19
v_000010478,u_000883,s_00007,2025-02-03 19:48:08,2025-02-03 20:25:08
v_000010479,u_001468,s_00009,2025-02-17 23:26:35,2025-02-17 23:44:35
v_000010480,u_001454,s_00011,2025-02-11 21:42:32,2025-02-11 22:21:32
v_000010481,u_001077,s_00042,2025-02-24 19:28:47,2025-02-24 19:34:47
v_000010482,u_000421,s_00147,2025-01-25 15:12:29,2025-01-25 15:41:29
v_000010483,u_000359,s_00041,2025-01-04 18:55:59,2025-01-04 18:56:59
v_000010484,u_000025,s_00143,2025-02-23 12:02:29,2025-02-23 12:41:29
v_000010485,u_000200,s_00095,2025-02-08 23:50:02,2025-02-08 23:56:02
v_000010486,u_000438,s_00113,2025-01-23 15:02:56,2025-01-23 15:06:56
v_000010487,u_000269,s_00084,2025-01-02 23:55:29,2025-01-03 00:14:29
v_000010488,u_001385,s_00106,2025-02-23 23:35:31,2025-02-24 00:16:31
v_000010489,u_000501,s_00047,2025-02-09 20:04:37,2025-02-09 20:05:37
v_000010490,u_000973,s_00049,2025-01-22 18:13:28,2025-01-22 18:16:28
v_000010491,u_001117,s_00026,2025-01-03 19:14:27,2025-01-03 19:25:27
v_000010492,u_000632,s_00066,2025-02-02 21:00:05,2025-02-02 21:01:05
v_000010493,u_001498,s_00108,2025-01-06 15:20:13,2025-01-06 15:21:13
v_000010494,u_001527,s_00005,2025-02-07 19:27:22,2025-02-07 20:16:22
v_000010495,u_001457,s_00148,2025-01-09 13:45:14,2025-01-09 14:14:14
v_000010496,u_001581,s_00024,2025-01-10 22:08:14,2025-01-10 22:47:14
v_000010497,u_001564,s_00148,2025-02-19 14:09:44,2025-02-19 14:27:44
v_000010498,u_000672,s_00019,2025-02-09 18:47:05,2025-02-09 19:30:05
v_000010499,u_001036,s_00019,2025-01-30 22:54:34,2025-01-30 23:01:34
v_000010500,u_001892,s_00145,2025-01-15 20:00:42,2025-01-15 20:15:42
v_000010501,u_001134,s_00012,2025-01-09 20:29:01,2025-01-09 20:43:01
v_000010502,u_000238,s_00118,2025-01-09 15:14:24,2025-01-09 16:05:24
v_000010503,u_000871,s_00091,2025-01-16 13:07:33,2025-01-16 13:46:33
v_000010504,u_001943,s_00025,2025-02-15 20:17:36,2025-02-15 20:35:36
v_000010505,u_000112,s_00132,2025-01-09 21:43:23,2025-01-09 22:27:23
v_000010506,u_001059,s_00001,2025-02-01 17:24:16,2025-02-01 18:27:16
v_000010507,u_001617,s_00139,2025-02-01 20:18:47,2025-02-01 20:19:47
v_000010508,u_001723,s_00032,2025-02-23 15:45:06,2025-02-23 16:01:06
v_000010509,u_001023,s_00029,2025-01-17 16:39:25,2025-01-17 16:54:25
v_000010510,u_000876,s_00101,2025-01-06 17:50:20,2025-01-06 18:19:20
v_000010511,u_000785,s_00113,2025-02-09 23:53:14,2025-02-09 23:54:14
v_000010512,u_000682,s_00066,2025-02-10 13:51:21,2025-02-10 14:44:21
v_000010513,u_001548,s_00037,2025-01-20 16:20:35,2025-01-20 16:51:35
v_000010514,u_000605,s_00011,2025-02-20 18:00:46,2025-02-20 18:11:46
v_000010515,u_000562,s_00055,2025-01-16 23:29:10,2025-01-17 00:22:10
v_000010516,u_001207,s_00025,2025-02-01 19:50:20,2025-02-01 20:22:20
v_000010517,u_001784,s_00123,2025-01-08 11:12:00,2025-01-08 11:35:00
v_000010518,u_000576,s_00074,2025-02-27 13:22:37,2025-02-27 13:26:37
v_000010519,u_000146,s_00000,2025-02-04 18:19:49,2025-02-04 18:22:49
v_000010520,u_001368,s_00069,2025-02-09 22:55:54,2025-02-09 23:28:54
v_000010521,u_001404,s_00058,2025-01-15 19:05:22,2025-01-15 19:16:22
v_000010522,u_000800,s_00069,2025-02-08 23:33:04,2025-02-08 23:47:04
v_000010523,u_000787,s_00134,2025-02-12 16:06:10,2025-02-12 16:37:10
v_000010524,u_000352,s_00140,2025-01-30 17:21:13,2025-01-30 17:29:13
v_000010525,u_000707,s_00048,2025-01-19 16:45:05,2025-01-19 17:44:05
v_000010526,u_001195,s_00043,2025-01-16 17:21:53,2025-01-16 17:45:53
v_000010527,u_000151,s_00059,2025-01-07 23:48:06,2025-01-08 00:40:06
v_000010528,u_000056,s_00093,2025-01-10 23:01:29,2025-01-10 23:33:29
v_000010529,u_000671,s_00017,2025-02-20 21:58:50,2025-02-20 22:10:50
v_000010530,u_001061,s_00099,2025-02-10 22:43:30,2025-02-10 23:30:30
v_000010531,u_001880,s_00117,2025-01-23 22:09:45,2025-01-23 22:34:45
v_000010532,u_000301,s_00092,2025-01-20 18:43:12,2025-01-20 18:51:12
v_000010533,u_000650,s_00035,2025-02-20 23:54:48,2025-02-20 23:57:48
v_000010534,u_000248,s_00104,2025-02-25 21:12:25,2025-02-25 21:48:25
v_000010535,u_000665,s_00101,2025-02-18 17:15:15,2025-02-18 17:31:15
v_000010536,u_001848,s_00016,2025-01-21 21:17:59,2025-01-21 22:00:59
v_000010537,u_001861,s_00045,2025-02-15 15:24:45,2025-02-15 15:27:45
v_000010538,u_001837,s_00138,2025-01-23 23:39:42,2025-01-23 23:45:42
v_000010539,u_001553,s_00097,2025-02-03 16:40:14,2025-02-03 16:41:14
v_000010540,u_001174,s_00118,2025-02-03 21:18:15,2025-02-03 21:50:15
v_000010541,u_000386,s_00093,2025-01-23 18:28:42,2025-01-23 18:37:42
v_000010542,u_000751,s_00078,2025-01-27 19:27:51,2025-01-27 19:33:51
v_000010543,u_001048,s_00094,2025-02-12 22:45:20,2025-02-12 22:46:20
v_000010544,u_001716,s_00149,2025-01-05 23:29:07,2025-01-05 23:53:07
v_000010545,u_000187,s_00052,2025-02-28 19:33:51,2025-02-28 19:38:51
v_000010546,u_000058,s_00023,2025-01-12 19:43:43,2025-01-12 20:06:43
v_000010547,u_001777,s_00102,2025-02-20 23:16:35,2025-02-20 23:53:35
v_000010548,u_000873,s_00061,2025-02-12 08:38:42,2025-02-12 08:53:42
v_000010549,u_001679,s_00008,2025-01-16 23:35:24,2025-01-16 23:36:24
v_000010550,u_001198,s_00149,2025-01-29 22:21:04,2025-01-29 22:24:04
v_000010551,u_000708,s_00080,2025-01-10 23:51:28,2025-01-11 00:03:28
v_000010552,u_000456,s_00033,2025-01-21 18:51:27,2025-01-21 19:17:27
v_000010553,u_001359,s_00148,2025-02-27 17:56:49,2025-02-27 18:59:49
v_000010554,u_001800,s_00071,2025-02-18 13:40:48,2025-02-18 13:47:48
v_000010555,u_001127,s_00017,2025-02-15 22:48:03,2025-02-15 23:04:03
v_000010556,u_001950,s_00022,2025-02-12 13:49:58,2025-02-12 14:24:58
v_000010557,u_001222,s_00071,2025-02-23 23:38:20,2025-02-23 23:50:20
v_000010558,u_001665,s_00149,2025-01-14 14:25:12,2025-01-14 14:43:12
v_000010559,u_000078,s_00149,2025-02-16 23:54:39,2025-02-17 00:44:39
v_000010560,u_001833,s_00107,2025-01-27 20:15:56,2025-01-27 20:27:56
v_000010561,u_000200,s_00004,2025-02-23 20:57:48,2025-02-23 21:17:48
v_000010562,u_001838,s_00021,2025-01-07 23:01:26,2025-01-07 23:53:26
v_000010563,u_001623,s_00131,2025-02-27 10:55:48,2025-02-27 11:41:48
v_000010564,u_000216,s_00084,2025-02-06 21:09:46,2025-02-06 21:51:46
v_000010565,u_001366,s_00026,2025-01-09 21:06:27,2025-01-09 21:45:27
v_000010566,u_000914,s_00132,2025-01-04 21:15:38,2025-01-04 21:16:38
v_000010567,u_001565,s_00002,2025-02-12 21:13:54,2025-02-12 21:23:54
v_000010568,u_001641,s_00100,2025-01-08 13:35:38,2025-01-08 13:36:38
v_000010569,u_000561,s_00089,2025-02-18 17:43:21,2025-02-18 18:20:21
v_000010570,u_001520,s_00142,2025-01-16 18:57:58,2025-01-16 19:05:58
v_000010571,u_000311,s_00099,2025-01-16 23:09:26,2025-01-16 23:21:26
v_000010572,u_000791,s_00139,2025-01-14 17:12:29,2025-01-14 17:34:29
v_000010573,u_000539,s_00031,2025-02-13 19:34:10,2025-02-13 19:50:10
v_000010574,u_001834,s_00004,2025-02-26 22:13:27,2025-02-26 23:21:27
v_000010575,u_001918,s_00128,2025-01-13 15:27:48,2025-01-13 15:43:48
v_000010576,u_000254,s_00054,2025-01-22 19:56:38,2025-01-22 20:42:38
v_000010577,u_000046,s_00032,2025-01-21 21:32:15,2025-01-21 21:34:15
v_000010578,u_000640,s_00051,2025-01-21 20:02:48,2025-01-21 20:21:48
v_000010579,u_000861,s_00141,2025-02-02 16:58:16,2025-02-02 17:01:16
v_000010580,u_000495,s_00002,2025-02-18 16:52:20,2025-02-18 17:00:20
v_000010581,u_000785,s_00030,2025-01-18 21:01:19,2025-01-18 21:12:19
v_000010582,u_001546,s_00104,2025-03-01 23:05:49,2025-03-01 23:18:49
v_000010583,u_001984,s_00122,2025-01-25 21:27:05,2025-01-25 21:39:05
v_000010584,u_001030,s_00045,2025-01-20 23:24:33,2025-01-20 23:31:33
v_000010585,u_001784,s_00046,2025-01-15 12:22:54,2025-01-15 12:38:54
v_000010586,u_000456,s_00085,2025-01-20 23:15:24,2025-01-20 23:42:24
v_000010587,u_000271,s_00007,2025-01-22 21:43:30,2025-01-22 22:18:30
v_000010588,u_001232,s_00128,2025-02-16 17:51:00,2025-02-16 17:52:00
v_000010589,u_001688,s_00097,2025-02-10 20:10:25,2025-02-10 20:43:25
v_000010590,u_000417,s_00145,2025-01-18 23:47:09,2025-01-19 01:22:09
v_000010591,u_000276,s_00057,2025-02-03 23:34:37,2025-02-03 23:53:37
v_000010592,u_000754,s_00038,2025-02-16 17:48:15,2025-02-16 18:07:15
v_000010593,u_000255,s_00135,2025-02-08 21:40:56,2025-02-08 22:41:56
v_000010594,u_001261,s_00083,2025-01-06 23:03:25,2025-01-06 23:41:25
v_000010595,u_001369,s_00076,2025-01-23 23:17:29,2025-01-24 00:50:29
v_000010596,u_000064,s_00138,2025-02-26 18:13:30,2025-02-26 18:21:30
v_000010597,u_000863,s_00109,2025-02-17 18:23:39,2025-02-17 18:29:39
v_000010598,u_001590,s_00101,2025-01-11 12:35:10,2025-01-11 13:09:10
v_000010599,u_000926,s_00027,2025-01-03 17:51:03,2025-01-03 18:48:03
v_000010600,u_000821,s_00095,2025-02-18 17:24:42,2025-02-18 17:26:42
v_000010601,u_000160,s_00057,2025-01-23 15:10:31,2025-01-23 15:34:31
v_000010602,u_000384,s_00128,2025-02-02 21:04:04,2025-02-02 21:05:04
v_000010603,u_000967,s_00137,2025-01-26 19:52:12,2025-01-26 19:54:12
v_000010604,u_000479,s_00072,2025-01-02 19:36:39,2025-01-02 19:41:39
v_000010605,u_001346,s_00123,2025-01-19 19:43:37,2025-01-19 20:09:37
v_000010606,u_000105,s_00009,2025-01-29 23:27:21,2025-01-29 23:50:21
v_000010607,u_000480,s_00008,2025-02-26 18:50:39,2025-02-26 18:59:39
v_000010608,u_000694,s_00041,2025-02-15 16:52:00,2025-02-15 16:54:00
v_000010609,u_000775,s_00140,2025-01-17 22:10:41,2025-01-17 22:20:41
v_000010610,u_001456,s_00092,2025-02-09 19:28:11,2025-02-09 19:34:11
v_000010611,u_001327,s_00053,2025-01-23 20:56:56,2025-01-23 21:43:56
v_000010612,u_001317,s_00016,2025-01-22 23:33:53,2025-01-23 01:25:53
v_000010613,u_000144,s_00037,2025-02-11 19:11:37,2025-02-11 20:24:37
v_000010614,u_001361,s_00093,2025-01-28 23:10:41,2025-01-29 00:09:41
v_000010615,u_000469,s_00054,2025-01-08 20:44:08,2025-01-08 20:46:08
v_000010616,u_001770,s_00037,2025-01-04 20:10:38,2025-01-04 20:20:38
v_000010617,u_000206,s_00003,2025-02-21 23:41:06,2025-02-22 00:12:06
v_000010618,u_001719,s_00064,2025-03-01 21:34:25,2025-03-01 21:59:25
v_000010619,u_000942,s_00033,2025-01-03 23:00:52,2025-01-03 23:34:52
v_000010620,u_001731,s_00102,2025-02-12 20:44:38,2025-02-12 21:04:38
v_000010621,u_000625,s_00148,2025-02-05 18:01:27,2025-02-05 18:40:27
v_000010622,u_001137,s_00115,2025-02-14 19:49:57,2025-02-14 19:55:57
v_000010623,u_001397,s_00135,2025-02-19 23:24:53,2025-02-19 23:37:53
v_000010624,u_000801,s_00001,2025-01-04 18:47:56,2025-01-04 18:48:56
v_000010625,u_001965,s_00005,2025-01-06 23:49:07,2025-01-06 23:51:07
v_000010626,u_001560,s_00110,2025-01-08 20:03:51,2025-01-08 20:33:51
v_000010627,u_000015,s_00045,2025-02-02 19:02:48,2025-02-02 19:18:48
v_000010628,u_000920,s_00057,2025-01-26 15:15:09,2025-01-26 15:16:09
v_000010629,u_000004,s_00038,2025-02-14 20:37:34,2025-02-14 21:04:34
v_000010630,u_001843,s_00014,2025-01-03 17:58:51,2025-01-03 18:29:51
v_000010631,u_000351,s_00109,2025-02-16 23:59:56,2025-02-17 01:51:56
v_000010632,u_001551,s_00079,2025-01-10 22:19:10,2025-01-10 22:59:10
v_000010633,u_001271,s_00097,2025-01-06 23:42:17,2025-01-07 00:35:17
v_000010634,u_001503,s_00076,2025-02-08 18:20:47,2025-02-08 18:30:47
v_000010635,u_001057,s_00095,2025-01-10 18:32:28,2025-01-10 19:03:28
v_000010636,u_001652,s_00132,2025-01-06 19:01:08,2025-01-06 19:31:08
v_000010637,u_000498,s_00053,2025-01-30 19:06:50,2025-01-30 19:14:50
v_000010638,u_000230,s_00078,2025-01-21 19:29:28,2025-01-21 19:38:28
v_000010639,u_000447,s_00016,2025-01-09 17:25:17,2025-01-09 17:39:17
v_000010640,u_001847,s_00111,2025-01-22 21:22:20,2025-01-22 21:30:20
v_000010641,u_001173,s_00034,2025-01-17 17:12:33,2025-01-17 17:13:33
v_000010642,u_000274,s_00077,2025-01-19 23:56:33,2025-01-19 23:59:33
v_000010643,u_000386,s_00125,2025-02-28 21:55:01,2025-02-28 21:56:01
v_000010644,u_001777,s_00088,2025-01-04 23:32:36,2025-01-05 00:30:36
v_000010645,u_000610,s_00044,2025-02-13 16:41:40,2025-02-13 16:43:40
v_000010646,u_000414,s_00117,2025-02-01 16:11:24,2025-02-01 16:21:24
v_000010647,u_000402,s_00014,2025-02-24 21:17:13,2025-02-24 21:20:13
v_000010648,u_001786,s_00001,2025-02-12 20:18:30,2025-02-12 21:38:30
v_000010649,u_000816,s_00000,2025-02-15 20:55:27,2025-02-15 21:10:27
v_000010650,u_001491,s_00123,2025-01-01 18:32:02,2025-01-01 19:09:02
v_000010651,u_001943,s_00032,2025-01-26 15:22:30,2025-01-26 16:11:30
v_000010652,u_000254,s_00025,2025-01-07 17:54:48,2025-01-07 18:01:48
v_000010653,u_001793,s_00029,2025-02-13 19:08:02,2025-02-13 19:10:02
v_000010654,u_001555,s_00030,2025-02-18 22:15:17,2025-02-18 22:16:17
v_000010655,u_001018,s_00043,2025-02-22 19:58:33,2025-02-22 20:16:33
v_000010656,u_001321,s_00002,2025-02-06 19:51:44,2025-02-06 19:52:44
v_000010657,u_001282,s_00078,2025-01-01 22:04:58,2025-01-01 22:05:58
v_000010658,u_000533,s_00108,2025-02-05 21:19:40,2025-02-05 21:43:40
v_000010659,u_000970,s_00066,2025-01-01 23:39:41,2025-01-01 23:49:41
v_000010660,u_000511,s_00141,2025-01-21 13:40:00,2025-01-21 14:21:00
v_000010661,u_001384,s_00054,2025-01-23 23:53:19,2025-01-24 00:44:19
v_000010662,u_000700,s_00062,2025-02-01 20:13:21,2025-02-01 20:23:21
v_000010663,u_000682,s_00098,2025-02-19 19:14:14,2025-02-19 19:26:14
v_000010664,u_000862,s_00078,2025-02-03 21:14:33,2025-02-03 21:28:33
v_000010665,u_001952,s_00026,2025-01-16 15:40:51,2025-01-16 16:20:51
v_000010666,u_000721,s_00016,2025-01-22 20:23:33,2025-01-22 20:51:33
v_000010667,u_000825,s_00064,2025-03-01 19:56:20,2025-03-01 19:57:20
v_000010668,u_001094,s_00119,2025-01-28 22:55:18,2025-01-28 23:47:18
v_000010669,u_001744,s_00075,2025-01-04 21:08:35,2025-01-04 22:07:35
v_000010670,u_000004,s_00015,2025-02-27 21:51:58,2025-02-27 21:53:58
v_000010671,u_000210,s_00004,2025-02-24 20:53:34,2025-02-24 20:59:34
v_000010672,u_001138,s_00059,2025-01-02 23:13:51,2025-01-02 23:16:51
v_000010673,u_001097,s_00101,2025-01-30 19:04:52,2025-01-30 19:21:52
v_000010674,u_001603,s_00025,2025-02-25 23:17:51,2025-02-25 23:29:51
v_000010675,u_001712,s_00002,2025-02-25 15:22:09,2025-02-25 15:23:09
v_000010676,u_001577,s_00005,2025-01-10 16:22:25,2025-01-10 16:43:25
v_000010677,u_001503,s_00076,2025-01-19 22:37:51,2025-01-19 22:41:51
v_000010678,u_001885,s_00075,2025-01-31 17:34:41,2025-01-31 17:57:41
v_000010679,u_000337,s_00123,2025-02-04 17:17:23,2025-02-04 17:29:23
v_000010680,u_000155,s_00116,2025-02-19 13:32:01,2025-02-19 14:37:01
v_000010681,u_000949,s_00081,2025-01-22 16:44:13,2025-01-22 16:56:13
v_000010682,u_000573,s_00011,2025-01-11 17:01:36,2025-01-11 17:04:36
v_000010683,u_001751,s_00036,2025-02-25 16:40:26,2025-02-25 16:59:26
v_000010684,u_000858,s_00013,2025-01-24 21:08:28,2025-01-24 21:23:28
v_000010685,u_001226,s_00032,2025-02-26 23:00:03,2025-02-26 23:23:03
v_000010686,u_001328,s_00001,2025-03-01 16:18:41,2025-03-01 16:25:41
v_000010687,u_001312,s_00021,2025-01-23 23:44:12,2025-01-24 01:17:12
v_000010688,u_000171,s_00060,2025-01-07 16:12:32,2025-01-07 16:46:32
v_000010689,u_000358,s_00134,2025-02-08 13:29:40,2025-02-08 13:58:40
v_000010690,u_001141,s_00100,2025-01-22 23:45:20,2025-01-23 00:00:20
v_000010691,u_000636,s_00040,2025-02-16 21:37:36,2025-02-16 21:38:36
v_000010692,u_000957,s_00023,2025-02-13 16:31:54,2025-02-13 16:41:54
v_000010693,u_000231,s_00011,2025-03-01 23:25:09,2025-03-02 00:19:09
v_000010694,u_001255,s_00071,2025-02-17 23:49:00,2025-02-18 00:49:00
v_000010695,u_000566,s_00033,2025-02-16 21:57:54,2025-02-16 22:01:54
v_000010696,u_000010,s_00022,2025-02-05 22:32:01,2025-02-05 22:39:01
v_000010697,u_001147,s_00068,2025-02-11 22:48:58,2025-02-11 22:57:58
v_000010698,u_000929,s_00117,2025-01-21 15:21:49,2025-01-21 15:52:49
v_000010699,u_000307,s_00072,2025-01-03 17:45:16,2025-01-03 17:46:16
v_000010700,u_001887,s_00092,2025-02-13 16:58:17,2025-02-13 17:32:17
v_000010701,u_000718,s_00055,2025-01-02 13:43:20,2025-01-02 14:42:20
v_000010702,u_000303,s_00093,2025-02-24 20:57:49,2025-02-24 21:00:49
v_000010703,u_000601,s_00130,2025-02-11 15:06:18,2025-02-11 15:24:18
v_000010704,u_000243,s_00148,2025-02-04 23:33:46,2025-02-04 23:40:46
v_000010705,u_001305,s_00149,2025-01-23 19:56:58,2025-01-23 20:00:58
v_000010706,u_001224,s_00000,2025-01-20 14:19:56,2025-01-20 15:46:56
v_000010707,u_000067,s_00013,2025-01-28 16:15:33,2025-01-28 16:16:33
v_000010708,u_001674,s_00040,2025-02-22 23:34:03,2025-02-22 23:52:03
v_000010709,u_000260,s_00064,2025-02-07 21:53:00,2025-02-07 21:59:00
v_000010710,u_001472,s_00119,2025-02-02 17:38:26,2025-02-02 18:28:26
v_000010711,u_001137,s_00046,2025-02-10 23:48:15,2025-02-10 23:55:15
v_000010712,u_001770,s_00037,2025-01-01 11:25:46,2025-01-01 12:51:46
v_000010713,u_000764,s_00075,2025-01-18 23:41:26,2025-01-19 00:13:26
v_000010714,u_000248,s_00138,2025-02-07 16:23:35,2025-02-07 16:35:35
v_000010715,u_000190,s_00100,2025-02-23 23:21:41,2025-02-23 23:22:41
v_000010716,u_000172,s_00108,2025-01-07 22:14:13,2025-01-07 23:01:13
v_000010717,u_000689,s_00129,2025-02-07 22:51:11,2025-02-07 23:32:11
v_000010718,u_000636,s_00103,2025-01-10 22:45:18,2025-01-10 23:24:18
v_000010719,u_000706,s_00089,2025-01-06 21:25:40,2025-01-06 21:47:40
v_000010720,u_000437,s_00101,2025-02-22 18:06:20,2025-02-22 19:01:20
v_000010721,u_001458,s_00033,2025-01-22 19:54:42,2025-01-22 20:16:42
v_000010722,u_000482,s_00022,2025-01-29 22:01:39,2025-01-29 22:08:39
v_000010723,u_000234,s_00127,2025-02-07 17:11:59,2025-02-07 17:32:59
v_000010724,u_000163,s_00053,2025-02-11 17:02:48,2025-02-11 17:09:48
v_000010725,u_000762,s_00003,2025-01-18 19:07:34,2025-01-18 19:14:34
v_000010726,u_000760,s_00020,2025-02-16 20:22:58,2025-02-16 20:48:58
v_000010727,u_001970,s_00120,2025-01-26 18:06:50,2025-01-26 18:07:50
v_000010728,u_001050,s_00026,2025-01-28 23:29:30,2025-01-28 23:51:30
v_000010729,u_000573,s_00011,2025-01-19 23:14:59,2025-01-19 23:17:59
v_000010730,u_001177,s_00109,2025-02-07 23:01:39,2025-02-07 23:47:39
v_000010731,u_000182,s_00084,2025-02-14 11:23:08,2025-02-14 11:33:08
v_000010732,u_001520,s_00142,2025-01-15 19:47:51,2025-01-15 20:32:51
v_000010733,u_000172,s_00120,2025-01-20 14:41:53,2025-01-20 15:27:53
v_000010734,u_000313,s_00007,2025-01-31 14:42:58,2025-01-31 15:35:58
v_000010735,u_001468,s_00091,2025-01-10 19:46:32,2025-01-10 19:59:32
v_000010736,u_001689,s_00005,2025-01-13 20:45:00,2025-01-13 20:46:00
v_000010737,u_001596,s_00135,2025-01-28 23:26:20,2025-01-29 01:00:20
v_000010738,u_001844,s_00144,2025-01-25 21:14:09,2025-01-25 21:35:09
v_000010739,u_000313,s_00007,2025-01-27 23:56:05,2025-01-28 00:28:05
v_000010740,u_001691,s_00002,2025-01-28 13:59:07,2025-01-28 14:30:07
v_000010741,u_000335,s_00008,2025-01-26 23:25:45,2025-01-27 00:03:45
v_000010742,u_001656,s_00146,2025-01-11 23:58:43,2025-01-12 00:19:43
v_000010743,u_000636,s_00051,2025-01-01 23:15:11,2025-01-01 23:25:11
v_000010744,u_001447,s_00047,2025-01-11 16:26:04,2025-01-11 16:36:04
v_000010745,u_001305,s_00149,2025-02-03 23:53:06,2025-02-03 23:58:06
v_000010746,u_001770,s_00037,2025-01-06 18:43:07,2025-01-06 18:46:07
v_000010747,u_001295,s_00007,2025-01-22 14:22:51,2025-01-22 14:40:51
v_000010748,u_000085,s_00073,2025-01-19 17:40:29,2025-01-19 17:48:29
v_000010749,u_000027,s_00113,2025-02-12 16:28:11,2025-02-12 16:40:11
v_000010750,u_001718,s_00137,2025-02-18 16:59:23,2025-02-18 17:06:23
v_000010751,u_000421,s_00040,2025-02-08 14:06:48,2025-02-08 14:08:48
v_000010752,u_001031,s_00017,2025-02-28 15:26:49,2025-02-28 15:40:49
v_000010753,u_000797,s_00097,2025-01-03 21:01:06,2025-01-03 21:28:06
v_000010754,u_001698,s_00116,2025-01-23 20:28:04,2025-01-23 20:56:04
v_000010755,u_001914,s_00119,2025-02-13 19:09:21,2025-02-13 19:25:21
v_000010756,u_001937,s_00016,2025-02-04 23:13:04,2025-02-04 23:28:04
v_000010757,u_000843,s_00095,2025-02-05 23:49:14,2025-02-06 00:46:14
v_000010758,u_000191,s_00096,2025-01-09 23:42:19,2025-01-09 23:51:19
v_000010759,u_001136,s_00005,2025-01-06 16:28:07,2025-01-06 16:33:07
v_000010760,u_000554,s_00106,2025-02-22 17:55:34,2025-02-22 17:56:34
v_000010761,u_001837,s_00058,2025-02-13 22:47:45,2025-02-13 23:00:45
v_000010762,u_001667,s_00144,2025-01-22 19:55:19,2025-01-22 20:08:19
v_000010763,u_000584,s_00118,2025-01-20 18:04:10,2025-01-20 18:09:10
v_000010764,u_001837,s_00058,2025-01-10 15:52:42,2025-01-10 15:57:42
v_000010765,u_000796,s_00033,2025-02-27 22:07:33,2025-02-27 22:33:33
v_000010766,u_001396,s_00029,2025-01-28 15:38:49,2025-01-28 16:29:49
v_000010767,u_000453,s_00040,2025-02-03 20:48:22,2025-02-03 21:11:22
v_000010768,u_000410,s_00013,2025-01-26 17:38:09,2025-01-26 17:53:09
v_000010769,u_000726,s_00067,2025-02-08 23:42:58,2025-02-09 00:02:58
v_000010770,u_001607,s_00136,2025-01-06 18:05:42,2025-01-06 18:17:42
v_000010771,u_001829,s_00130,2025-01-09 19:28:08,2025-01-09 19:33:08
v_000010772,u_001988,s_00037,2025-01-21 13:36:23,2025-01-21 13:59:23
v_000010773,u_001525,s_00072,2025-01-07 23:18:58,2025-01-07 23:20:58
v_000010774,u_001336,s_00006,2025-01-06 13:39:31,2025-01-06 14:12:31
v_000010775,u_000469,s_00001,2025-01-11 21:16:42,2025-01-11 21:27:42
v_000010776,u_000901,s_00141,2025-01-11 16:17:54,2025-01-11 17:02:54
v_000010777,u_000517,s_00085,2025-01-22 14:51:08,2025-01-22 14:55:08
v_000010778,u_001483,s_00104,2025-01-05 16:39:06,2025-01-05 16:59:06
v_000010779,u_001613,s_00042,2025-01-14 15:46:17,2025-01-14 15:58:17
v_000010780,u_000965,s_00062,2025-02-08 23:15:41,2025-02-08 23:53:41
v_000010781,u_000615,s_00045,2025-02-16 17:31:35,2025-02-16 17:47:35
v_000010782,u_001681,s_00124,2025-02-22 23:49:37,2025-02-22 23:56:37
v_000010783,u_001709,s_00147,2025-01-12 17:45:06,2025-01-12 18:26:06
v_000010784,u_001970,s_00120,2025-01-03 16:18:41,2025-01-03 16:39:41
v_000010785,u_001029,s_00063,2025-02-09 22:12:24,2025-02-09 22:16:24
v_000010786,u_001407,s_00144,2025-01-17 23:01:24,2025-01-17 23:02:24
v_000010787,u_001878,s_00049,2025-03-01 23:02:08,2025-03-01 23:12:08
v_000010788,u_000787,s_00146,2025-01-17 18:42:04,2025-01-17 19:19:04
v_000010789,u_000994,s_00123,2025-02-23 22:51:35,2025-02-23 23:18:35
v_000010790,u_000218,s_00132,2025-02-17 14:40:19,2025-02-17 14:45:19
v_000010791,u_000831,s_00128,2025-01-10 20:57:52,2025-01-10 21:24:52
v_000010792,u_000560,s_00146,2025-01-14 23:14:56,2025-01-14 23:30:56
v_000010793,u_001877,s_00139,2025-02-22 18:12:52,2025-02-22 18:14:52
v_000010794,u_001367,s_00025,2025-02-27 21:58:21,2025-02-27 22:50:21
v_000010795,u_000303,s_00093,2025-02-05 23:44:41,2025-02-06 00:41:41
v_000010796,u_001270,s_00040,2025-01-06 13:52:30,2025-01-06 13:59:30
v_000010797,u_001472,s_00119,2025-01-13 14:00:36,2025-01-13 14:40:36
v_000010798,u_001412,s_00067,2025-01-13 21:17:10,2025-01-13 21:52:10
v_000010799,u_001329,s_00112,2025-01-10 20:48:24,2025-01-10 21:22:24
v_000010800,u_000890,s_00134,2025-02-23 18:16:39,2025-02-23 18:55:39
v_000010801,u_000910,s_00012,2025-02-04 17:42:27,2025-02-04 17:47:27
v_000010802,u_000836,s_00006,2025-01-23 18:40:16,2025-01-23 19:06:16
v_000010803,u_001329,s_00053,2025-02-12 19:31:36,2025-02-12 19:40:36
v_000010804,u_000735,s_00093,2025-01-14 20:52:22,2025-01-14 21:12:22
v_000010805,u_000597,s_00013,2025-01-12 23:40:58,2025-01-12 23:45:58
v_000010806,u_000900,s_00125,2025-01-10 18:11:07,2025-01-10 18:12:07
v_000010807,u_001334,s_00037,2025-02-12 17:45:04,2025-02-12 18:39:04
v_000010808,u_000383,s_00136,2025-02-27 12:04:14,2025-02-27 12:41:14
v_000010809,u_001616,s_00055,2025-02-11 19:43:42,2025-02-11 19:47:42
v_000010810,u_000109,s_00106,2025-01-22 19:44:28,2025-01-22 19:49:28
v_000010811,u_000100,s_00052,2025-01-07 22:56:46,2025-01-07 22:57:46
v_000010812,u_001110,s_00130,2025-01-22 19:39:20,2025-01-22 19:53:20
v_000010813,u_000423,s_00133,2025-02-08 19:28:03,2025-02-08 19:42:03
v_000010814,u_000164,s_00143,2025-01-11 22:27:55,2025-01-11 22:28:55
v_000010815,u_000580,s_00087,2025-02-16 16:57:00,2025-02-16 17:21:00
v_000010816,u_000367,s_00053,2025-01-26 19:21:21,2025-01-26 19:50:21
v_000010817,u_000127,s_00113,2025-02-25 23:57:59,2025-02-26 01:10:59
v_000010818,u_000051,s_00091,2025-01-02 21:10:13,2025-01-02 21:42:13
v_000010819,u_000153,s_00014,2025-02-12 21:07:23,2025-02-12 21:12:23
v_000010820,u_000049,s_00066,2025-02-01 16:26:35,2025-02-01 16:27:35
v_000010821,u_000425,s_00144,2025-02-23 15:20:39,2025-02-23 16:24:39
v_000010822,u_000322,s_00037,2025-02-07 15:46:45,2025-02-07 16:08:45
v_000010823,u_001628,s_00054,2025-02-25 23:16:23,2025-02-25 23:26:23
v_000010824,u_001610,s_00051,2025-01-02 11:58:58,2025-01-02 12:01:58
v_000010825,u_001426,s_00067,2025-01-06 15:20:50,2025-01-06 15:25:50
v_000010826,u_000508,s_00105,2025-01-03 22:36:43,2025-01-03 22:59:43
v_000010827,u_000990,s_00020,2025-02-13 14:35:44,2025-02-13 14:54:44
v_000010828,u_000878,s_00141,2025-02-19 23:20:44,2025-02-19 23:28:44
v_000010829,u_001697,s_00132,2025-02-16 15:40:02,2025-02-16 15:52:02
v_000010830,u_001287,s_00085,2025-01-06 19:30:42,2025-01-06 19:43:42
v_000010831,u_001097,s_00101,2025-01-08 21:27:01,2025-01-08 21:32:01
v_000010832,u_000947,s_00104,2025-01-19 13:03:57,2025-01-19 13:57:57
v_000010833,u_001604,s_00129,2025-02-19 23:39:02,2025-02-19 23:47:02
v_000010834,u_000836,s_00006,2025-02-19 23:15:06,2025-02-19 23:39:06
v_000010835,u_000017,s_00046,2025-02-24 13:21:44,2025-02-24 14:01:44
v_000010836,u_000010,s_00129,2025-02-21 21:51:41,2025-02-21 21:55:41
v_000010837,u_001741,s_00047,2025-01-21 21:19:42,2025-01-21 21:24:42
v_000010838,u_001945,s_00054,2025-01-25 21:12:05,2025-01-25 21:37:05
v_000010839,u_001612,s_00119,2025-02-02 11:12:13,2025-02-02 11:14:13
v_000010840,u_000023,s_00049,2025-02-08 23:20:15,2025-02-08 23:23:15
v_000010841,u_000593,s_00055,2025-02-26 19:49:20,2025-02-26 19:57:20
v_000010842,u_001879,s_00122,2025-02-09 18:22:33,2025-02-09 18:32:33
v_000010843,u_001194,s_00089,2025-02-11 15:27:22,2025-02-11 15:47:22
v_000010844,u_000449,s_00001,2025-02-15 18:02:09,2025-02-15 18:05:09
v_000010845,u_001766,s_00070,2025-01-27 19:09:30,2025-01-27 19:14:30
v_000010846,u_001386,s_00137,2025-02-11 21:55:56,2025-02-11 22:19:56
v_000010847,u_000212,s_00143,2025-02-10 22:30:58,2025-02-10 22:36:58
v_000010848,u_001082,s_00015,2025-02-14 14:40:30,2025-02-14 14:43:30
v_000010849,u_000192,s_00128,2025-02-01 17:14:37,2025-02-01 17:15:37
v_000010850,u_000263,s_00023,2025-02-24 23:06:38,2025-02-24 23:22:38
v_000010851,u_000945,s_00029,2025-01-26 15:03:34,2025-01-26 15:16:34
v_000010852,u_001567,s_00016,2025-02-16 23:37:23,2025-02-16 23:41:23
v_000010853,u_000090,s_00090,2025-02-10 17:12:16,2025-02-10 17:56:16
v_000010854,u_001900,s_00131,2025-01-30 15:46:00,2025-01-30 16:04:00
v_000010855,u_000183,s_00092,2025-02-03 17:45:20,2025-02-03 17:57:20
v_000010856,u_001316,s_00105,2025-01-14 19:05:25,2025-01-14 20:17:25
v_000010857,u_001768,s_00089,2025-01-23 20:17:17,2025-01-23 21:12:17
v_000010858,u_000826,s_00098,2025-02-20 15:44:34,2025-02-20 15:58:34
v_000010859,u_000856,s_00006,2025-02-09 23:25:42,2025-02-09 23:32:42
v_000010860,u_000931,s_00094,2025-01-28 23:52:49,2025-01-28 23:53:49
v_000010861,u_000354,s_00135,2025-01-12 23:14:52,2025-01-12 23:18:52
v_000010862,u_000506,s_00057,2025-02-24 15:10:23,2025-02-24 15:11:23
v_000010863,u_000873,s_00064,2025-02-21 23:39:21,2025-02-22 00:19:21
v_000010864,u_000298,s_00116,2025-02-07 18:02:15,2025-02-07 18:08:15
v_000010865,u_001496,s_00003,2025-01-20 15:22:33,2025-01-20 15:38:33
v_000010866,u_000935,s_00021,2025-01-26 23:22:34,2025-01-26 23:45:34
v_000010867,u_001476,s_00012,2025-02-13 16:28:05,2025-02-13 16:35:05
v_000010868,u_000228,s_00005,2025-02-18 22:19:08,2025-02-18 22:28:08
v_000010869,u_000123,s_00008,2025-01-11 18:26:03,2025-01-11 18:57:03
v_000010870,u_001550,s_00116,2025-02-11 23:47:59,2025-02-12 00:06:59
v_000010871,u_000655,s_00093,2025-02-09 17:16:42,2025-02-09 17:25:42
v_000010872,u_001511,s_00046,2025-01-28 15:18:17,2025-01-28 15:43:17
v_000010873,u_000745,s_00058,2025-02-05 17:08:08,2025-02-05 17:15:08
v_000010874,u_001909,s_00117,2025-02-21 23:33:56,2025-02-21 23:44:56
v_000010875,u_000740,s_00070,2025-01-09 17:44:21,2025-01-09 17:53:21
v_000010876,u_000962,s_00112,2025-01-29 23:19:53,2025-01-29 23:49:53
v_000010877,u_000159,s_00137,2025-01-14 20:37:41,2025-01-14 21:09:41
v_000010878,u_000031,s_00065,2025-02-04 22:22:46,2025-02-04 22:33:46
v_000010879,u_000722,s_00088,2025-02-16 16:22:13,2025-02-16 16:23:13
v_000010880,u_001150,s_00099,2025-02-19 15:45:39,2025-02-19 16:20:39
v_000010881,u_001996,s_00128,2025-01-14 18:13:23,2025-01-14 18:38:23
v_000010882,u_001491,s_00035,2025-02-02 20:57:00,2025-02-02 21:12:00
v_000010883,u_000746,s_00107,2025-01-05 14:14:17,2025-01-05 14:28:17
v_000010884,u_000321,s_00063,2025-02-17 17:24:37,2025-02-17 17:30:37
v_000010885,u_001941,s_00134,2025-01-12 14:21:37,2025-01-12 14:28:37
v_000010886,u_001566,s_00028,2025-01-31 18:22:24,2025-01-31 18:58:24
v_000010887,u_001819,s_00116,2025-02-24 23:49:48,2025-02-25 00:12:48
v_000010888,u_001896,s_00059,2025-02-03 16:16:02,2025-02-03 16:24:02
v_000010889,u_000727,s_00005,2025-02-21 20:38:22,2025-02-21 20:54:22
v_000010890,u_001257,s_00003,2025-01-07 18:44:43,2025-01-07 18:47:43
v_000010891,u_000959,s_00088,2025-02-23 16:29:20,2025-02-23 16:57:20
v_000010892,u_000375,s_00105,2025-02-03 23:54:50,2025-02-04 00:26:50
v_000010893,u_000584,s_00143,2025-01-02 18:55:25,2025-01-02 19:00:25
v_000010894,u_000027,s_00048,2025-02-05 19:13:18,2025-02-05 20:48:18
v_000010895,u_000195,s_00032,2025-01-21 20:44:03,2025-01-21 20:48:03
v_000010896,u_000834,s_00129,2025-01-30 15:36:34,2025-01-30 15:41:34
v_000010897,u_001120,s_00077,2025-02-02 23:31:06,2025-02-02 23:44:06
v_000010898,u_001829,s_00044,2025-01-22 21:05:53,2025-01-22 21:06:53
v_000010899,u_001401,s_00142,2025-02-02 18:43:50,2025-02-02 19:16:50
v_000010900,u_001135,s_00055,2025-01-24 21:43:02,2025-01-24 21:45:02
v_000010901,u_000155,s_00149,2025-02-05 19:37:44,2025-02-05 20:11:44
v_000010902,u_000677,s_00010,2025-01-10 20:54:16,2025-01-10 20:56:16
v_000010903,u_001958,s_00075,2025-02-02 22:07:14,2025-02-02 22:09:14
v_000010904,u_001581,s_00024,2025-01-02 23:07:51,2025-01-02 23:08:51
v_000010905,u_000362,s_00053,2025-01-22 18:24:57,2025-01-22 18:31:57
v_000010906,u_000883,s_00020,2025-01-03 23:18:33,2025-01-03 23:23:33
v_000010907,u_000750,s_00070,2025-02-08 18:42:50,2025-02-08 18:46:50
v_000010908,u_000742,s_00042,2025-01-05 19:26:31,2025-01-05 19:45:31
v_000010909,u_001596,s_00135,2025-01-02 16:55:52,2025-01-02 17:01:52
v_000010910,u_001876,s_00142,2025-02-06 20:37:17,2025-02-06 20:49:17
v_000010911,u_001962,s_00030,2025-01-09 14:54:55,2025-01-09 15:05:55
v_000010912,u_001764,s_00058,2025-01-01 23:43:35,2025-01-02 00:31:35
v_000010913,u_000696,s_00131,2025-01-21 14:01:26,2025-01-21 14:03:26
v_000010914,u_000637,s_00143,2025-02-12 16:14:06,2025-02-12 16:15:06
v_000010915,u_000681,s_00086,2025-01-20 19:47:33,2025-01-20 20:23:33
v_000010916,u_001696,s_00108,2025-01-17 23:26:42,2025-01-17 23:32:42
v_000010917,u_001055,s_00087,2025-01-20 22:53:24,2025-01-20 23:11:24
v_000010918,u_000737,s_00081,2025-02-25 19:53:25,2025-02-25 20:12:25
v_000010919,u_000543,s_00010,2025-03-01 17:27:20,2025-03-01 17:51:20
v_000010920,u_001008,s_00068,2025-01-03 16:50:41,2025-01-03 17:03:41
v_000010921,u_000263,s_00138,2025-02-16 15:22:07,2025-02-16 15:34:07
v_000010922,u_001124,s_00028,2025-02-20 18:48:07,2025-02-20 19:29:07
v_000010923,u_000629,s_00080,2025-02-24 18:05:22,2025-02-24 19:21:22
v_000010924,u_001368,s_00005,2025-02-05 23:56:56,2025-02-05 23:58:56
v_000010925,u_000011,s_00130,2025-02-14 18:28:09,2025-02-14 20:05:09
v_000010926,u_001560,s_00110,2025-01-10 23:33:34,2025-01-10 23:35:34
v_000010927,u_001902,s_00081,2025-02-21 23:05:04,2025-02-22 00:05:04
v_000010928,u_000803,s_00111,2025-02-01 23:04:41,2025-02-01 23:51:41
v_000010929,u_001431,s_00090,2025-02-22 22:31:53,2025-02-22 22:37:53
v_000010930,u_000959,s_00088,2025-02-05 21:58:16,2025-02-05 22:33:16
v_000010931,u_000394,s_00110,2025-01-01 22:11:54,2025-01-01 22:19:54
v_000010932,u_000402,s_00102,2025-02-13 21:02:46,2025-02-13 21:24:46
v_000010933,u_000400,s_00134,2025-01-22 22:56:56,2025-01-22 23:11:56
v_000010934,u_000819,s_00017,2025-01-19 14:29:16,2025-01-19 14:47:16
v_000010935,u_000324,s_00030,2025-01-20 17:10:01,2025-01-20 17:12:01
v_000010936,u_001000,s_00087,2025-02-28 12:56:27,2025-02-28 13:24:27
v_000010937,u_001810,s_00057,2025-01-08 23:33:18,2025-01-09 00:33:18
v_000010938,u_000498,s_00122,2025-01-29 15:18:01,2025-01-29 15:21:01
v_000010939,u_000292,s_00135,2025-03-01 23:00:42,2025-03-01 23:01:42
v_000010940,u_001507,s_00140,2025-03-01 20:21:07,2025-03-01 20:27:07
v_000010941,u_001123,s_00042,2025-02-04 20:57:40,2025-02-04 21:31:40
v_000010942,u_000453,s_00037,2025-02-17 23:32:44,2025-02-18 00:53:44
v_000010943,u_001324,s_00032,2025-01-04 14:16:36,2025-01-04 14:24:36
v_000010944,u_000032,s_00035,2025-02-17 23:26:17,2025-02-17 23:27:17
v_000010945,u_000585,s_00011,2025-01-20 21:16:01,2025-01-20 22:08:01
v_000010946,u_000581,s_00112,2025-02-03 20:14:29,2025-02-03 20:37:29
v_000010947,u_000928,s_00144,2025-02-10 23:34:18,2025-02-10 23:37:18
v_000010948,u_000083,s_00046,2025-02-28 23:54:26,2025-03-01 00:09:26
v_000010949,u_000181,s_00097,2025-02-09 20:35:01,2025-02-09 20:58:01
v_000010950,u_000610,s_00064,2025-02-16 14:43:21,2025-02-16 15:19:21
v_000010951,u_001276,s_00083,2025-01-13 18:03:33,2025-01-13 19:01:33
v_000010952,u_000797,s_00035,2025-02-03 15:31:27,2025-02-03 15:53:27
v_000010953,u_001767,s_00019,2025-02-07 17:09:23,2025-02-07 18:41:23
v_000010954,u_000871,s_00117,2025-01-19 19:17:47,2025-01-19 19:56:47
v_000010955,u_001854,s_00008,2025-02-18 18:11:07,2025-02-18 18:18:07
v_000010956,u_000392,s_00109,2025-02-18 20:28:52,2025-02-18 21:56:52
v_000010957,u_001997,s_00037,2025-02-21 19:30:21,2025-02-21 19:33:21
v_000010958,u_000616,s_00063,2025-01-30 20:38:27,2025-01-30 21:17:27
v_000010959,u_000110,s_00090,2025-02-21 19:22:27,2025-02-21 19:28:27
v_000010960,u_000609,s_00115,2025-02-12 21:35:29,2025-02-12 21:36:29
v_000010961,u_000228,s_00005,2025-02-05 19:04:43,2025-02-05 19:12:43
v_000010962,u_001934,s_00100,2025-01-08 23:39:35,2025-01-09 00:08:35
v_000010963,u_001730,s_00036,2025-02-19 23:42:47,2025-02-20 00:02:47
v_000010964,u_001978,s_00112,2025-02-19 17:24:36,2025-02-19 17:39:36
v_000010965,u_001325,s_00144,2025-01-07 14:08:01,2025-01-07 14:27:01
v_000010966,u_000270,s_00127,2025-01-24 23:11:28,2025-01-24 23:50:28
v_000010967,u_001650,s_00108,2025-02-24 23:29:54,2025-02-24 23:30:54
v_000010968,u_001298,s_00055,2025-02-26 19:49:05,2025-02-26 20:50:05
v_000010969,u_001177,s_00145,2025-01-20 19:55:24,2025-01-20 20:05:24
v_000010970,u_001178,s_00118,2025-01-01 22:03:17,2025-01-01 22:15:17
v_000010971,u_001488,s_00098,2025-01-12 14:30:24,2025-01-12 14:43:24
v_000010972,u_000127,s_00119,2025-02-23 18:12:01,2025-02-23 18:30:01
v_000010973,u_001652,s_00067,2025-01-07 14:51:39,2025-01-07 14:55:39
v_000010974,u_000206,s_00026,2025-02-15 19:59:56,2025-02-15 20:11:56
v_000010975,u_001553,s_00097,2025-02-02 18:10:08,2025-02-02 18:43:08
v_000010976,u_001688,s_00097,2025-02-25 21:36:31,2025-02-25 22:35:31
v_000010977,u_000952,s_00120,2025-01-22 23:16:12,2025-01-22 23:23:12
v_000010978,u_000097,s_00006,2025-01-08 23:20:08,2025-01-08 23:42:08
v_000010979,u_001202,s_00021,2025-01-08 21:00:27,2025-01-08 21:53:27
v_000010980,u_000994,s_00012,2025-01-14 20:09:05,2025-01-14 21:10:05
v_000010981,u_000777,s_00105,2025-02-20 22:06:30,2025-02-20 22:10:30
v_000010982,u_000511,s_00082,2025-02-20 20:24:56,2025-02-20 20:30:56
v_000010983,u_000759,s_00097,2025-02-13 23:42:45,2025-02-13 23:43:45
v_000010984,u_000670,s_00114,2025-01-14 14:22:42,2025-01-14 14:23:42
v_000010985,u_000259,s_00124,2025-02-20 20:49:59,2025-02-20 21:55:59
v_000010986,u_001189,s_00084,2025-02-03 23:46:46,2025-02-03 23:58:46
v_000010987,u_001113,s_00112,2025-02-04 19:10:43,2025-02-04 19:12:43
v_000010988,u_001110,s_00006,2025-03-01 07:13:43,2025-03-01 07:28:43
v_000010989,u_001021,s_00098,2025-01-06 20:10:57,2025-01-06 20:32:57
v_000010990,u_001733,s_00099,2025-01-01 14:37:40,2025-01-01 14:54:40
v_000010991,u_001627,s_00135,2025-01-02 22:19:11,2025-01-02 22:42:11
v_000010992,u_000703,s_00148,2025-01-25 21:35:48,2025-01-25 21:38:48
v_000010993,u_001562,s_00123,2025-01-03 15:29:22,2025-01-03 15:37:22
v_000010994,u_001837,s_00058,2025-01-30 20:43:55,2025-01-30 21:14:55
v_000010995,u_001721,s_00090,2025-01-25 23:47:14,2025-01-25 23:58:14
v_000010996,u_001948,s_00135,2025-01-18 17:31:59,2025-01-18 17:33:59
v_000010997,u_000841,s_00143,2025-01-27 15:23:58,2025-01-27 15:32:58
v_000010998,u_001299,s_00024,2025-01-11 20:33:06,2025-01-11 20:59:06
v_000010999,u_001156,s_00011,2025-01-10 23:26:17,2025-01-10 23:32:17
v_000011000,u_001435,s_00149,2025-02-10 19:25:04,2025-02-10 19:38:04
v_000011001,u_001065,s_00079,2025-01-07 17:39:48,2025-01-07 17:54:48
v_000011002,u_001154,s_00056,2025-01-20 20:20:35,2025-01-20 20:34:35
v_000011003,u_000421,s_00147,2025-02-10 15:34:40,2025-02-10 16:46:40
v_000011004,u_000201,s_00121,2025-02-25 12:03:59,2025-02-25 12:16:59
v_000011005,u_000312,s_00028,2025-01-11 20:36:33,2025-01-11 21:04:33
v_000011006,u_000081,s_00035,2025-01-31 21:36:30,2025-01-31 21:58:30
v_000011007,u_001218,s_00079,2025-02-11 14:29:41,2025-02-11 14:43:41
v_000011008,u_001676,s_00129,2025-02-23 23:16:55,2025-02-23 23:27:55
v_000011009,u_000693,s_00022,2025-01-14 21:56:21,2025-01-14 22:29:21
v_000011010,u_000937,s_00110,2025-01-26 19:51:11,2025-01-26 20:25:11
v_000011011,u_000046,s_00030,2025-01-03 17:38:26,2025-01-03 17:54:26
v_000011012,u_001053,s_00084,2025-02-04 16:11:53,2025-02-04 17:03:53
v_000011013,u_000279,s_00000,2025-02-12 20:46:32,2025-02-12 20:59:32
v_000011014,u_001930,s_00053,2025-01-24 11:45:25,2025-01-24 11:46:25
v_000011015,u_001757,s_00086,2025-01-28 14:09:32,2025-01-28 14:15:32
v_000011016,u_001542,s_00003,2025-01-10 22:16:22,2025-01-10 22:38:22
v_000011017,u_001203,s_00003,2025-02-27 16:05:08,2025-02-27 16:23:08
v_000011018,u_000909,s_00060,2025-01-22 23:08:12,2025-01-22 23:38:12
v_000011019,u_000150,s_00113,2025-03-01 20:07:38,2025-03-01 20:28:38
v_000011020,u_000642,s_00145,2025-02-24 16:34:12,2025-02-24 17:00:12
v_000011021,u_001891,s_00037,2025-01-15 18:54:28,2025-01-15 19:09:28
v_000011022,u_001073,s_00030,2025-01-05 17:04:02,2025-01-05 17:22:02
v_000011023,u_000272,s_00090,2025-01-22 22:29:52,2025-01-22 22:33:52
v_000011024,u_001666,s_00044,2025-02-15 16:06:33,2025-02-15 16:11:33
v_000011025,u_000444,s_00117,2025-01-11 15:16:50,2025-01-11 16:02:50
v_000011026,u_001158,s_00095,2025-02-07 22:52:07,2025-02-07 22:59:07
v_000011027,u_000471,s_00005,2025-02-19 23:57:00,2025-02-19 23:58:00
v_000011028,u_000062,s_00057,2025-02-20 23:02:43,2025-02-20 23:52:43
v_000011029,u_001326,s_00143,2025-01-21 19:18:16,2025-01-21 19:26:16
v_000011030,u_000908,s_00131,2025-02-15 19:21:53,2025-02-15 19:32:53
v_000011031,u_000822,s_00107,2025-01-21 15:07:39,2025-01-21 15:49:39
v_000011032,u_001809,s_00102,2025-02-05 23:16:34,2025-02-05 23:35:34
v_000011033,u_000134,s_00019,2025-01-16 20:58:51,2025-01-16 21:50:51
v_000011034,u_001548,s_00137,2025-02-13 19:36:28,2025-02-13 19:56:28
v_000011035,u_000263,s_00023,2025-02-09 21:17:46,2025-02-09 21:41:46
v_000011036,u_001896,s_00146,2025-01-12 23:23:57,2025-01-12 23:24:57
v_000011037,u_001741,s_00051,2025-02-18 17:30:27,2025-02-18 17:33:27
v_000011038,u_001878,s_00088,2025-01-24 19:32:13,2025-01-24 19:34:13
v_000011039,u_001159,s_00149,2025-02-06 16:31:43,2025-02-06 16:49:43
v_000011040,u_001002,s_00147,2025-02-08 15:43:19,2025-02-08 16:00:19
v_000011041,u_001511,s_00046,2025-01-05 22:09:49,2025-01-05 22:10:49
v_000011042,u_000712,s_00129,2025-01-31 20:13:47,2025-01-31 20:33:47
v_000011043,u_001708,s_00124,2025-01-04 19:12:00,2025-01-04 19:24:00
v_000011044,u_000795,s_00060,2025-02-01 21:59:51,2025-02-01 22:10:51
v_000011045,u_001686,s_00104,2025-02-12 17:07:46,2025-02-12 17:45:46
v_000011046,u_001435,s_00149,2025-01-07 22:48:57,2025-01-07 23:07:57
v_000011047,u_001408,s_00086,2025-01-16 18:52:30,2025-01-16 19:44:30
v_000011048,u_001513,s_00014,2025-01-26 12:50:44,2025-01-26 13:26:44
v_000011049,u_001080,s_00085,2025-01-11 18:04:41,2025-01-11 18:21:41
v_000011050,u_001177,s_00138,2025-01-22 23:35:37,2025-01-22 23:58:37
v_000011051,u_000137,s_00087,2025-01-26 23:57:00,2025-01-27 01:32:00
v_000011052,u_001171,s_00060,2025-02-03 17:16:45,2025-02-03 17:56:45
v_000011053,u_001667,s_00094,2025-02-08 16:04:24,2025-02-08 16:13:24
v_000011054,u_000066,s_00003,2025-01-02 21:56:29,2025-01-02 21:57:29
v_000011055,u_000162,s_00129,2025-01-15 23:35:46,2025-01-15 23:43:46
v_000011056,u_000057,s_00021,2025-01-23 17:03:46,2025-01-23 17:49:46
v_000011057,u_000149,s_00125,2025-01-30 14:47:52,2025-01-30 15:00:52
v_000011058,u_001439,s_00023,2025-02-15 14:21:29,2025-02-15 15:15:29
v_000011059,u_000091,s_00099,2025-02-25 22:13:34,2025-02-25 22:19:34
v_000011060,u_000670,s_00106,2025-01-28 19:14:25,2025-01-28 19:52:25
v_000011061,u_001497,s_00037,2025-01-02 16:42:44,2025-01-02 16:48:44
v_000011062,u_000675,s_00135,2025-02-06 16:17:26,2025-02-06 16:27:26
v_000011063,u_001954,s_00049,2025-01-23 20:46:26,2025-01-23 20:55:26
v_000011064,u_001906,s_00017,2025-01-05 15:43:06,2025-01-05 16:13:06
v_000011065,u_000369,s_00093,2025-01-28 12:49:53,2025-01-28 12:50:53
v_000011066,u_001713,s_00114,2025-02-06 16:17:45,2025-02-06 17:11:45
v_000011067,u_001739,s_00037,2025-02-22 20:10:10,2025-02-22 20:11:10
v_000011068,u_001871,s_00021,2025-02-01 17:03:10,2025-02-01 17:13:10
v_000011069,u_000175,s_00148,2025-02-13 23:38:49,2025-02-14 00:44:49
v_000011070,u_001738,s_00036,2025-01-03 23:59:33,2025-01-04 00:32:33
v_000011071,u_000428,s_00053,2025-01-23 21:54:31,2025-01-23 22:30:31
v_000011072,u_001089,s_00016,2025-02-26 11:33:00,2025-02-26 11:59:00
v_000011073,u_000842,s_00036,2025-02-15 22:30:14,2025-02-15 22:50:14
v_000011074,u_001397,s_00087,2025-02-20 15:45:36,2025-02-20 15:51:36
v_000011075,u_000874,s_00081,2025-02-05 20:54:51,2025-02-05 20:56:51
v_000011076,u_000539,s_00031,2025-02-09 21:30:16,2025-02-09 21:33:16
v_000011077,u_000002,s_00111,2025-01-01 11:48:40,2025-01-01 13:15:40
v_000011078,u_000037,s_00116,2025-02-27 20:51:48,2025-02-27 21:06:48
v_000011079,u_000131,s_00062,2025-02-07 18:21:12,2025-02-07 18:45:12
v_000011080,u_000934,s_00025,2025-02-18 19:33:02,2025-02-18 20:19:02
v_000011081,u_000352,s_00011,2025-02-27 16:14:41,2025-02-27 16:23:41
v_000011082,u_001756,s_00021,2025-02-17 16:13:25,2025-02-17 16:16:25
v_000011083,u_001566,s_00129,2025-01-04 23:37:18,2025-01-04 23:38:18
v_000011084,u_000799,s_00076,2025-02-22 20:58:22,2025-02-22 21:33:22
v_000011085,u_001595,s_00058,2025-01-18 17:59:50,2025-01-18 18:10:50
v_000011086,u_001258,s_00137,2025-01-08 18:49:11,2025-01-08 18:50:11
v_000011087,u_000644,s_00129,2025-02-11 23:14:57,2025-02-11 23:28:57
v_000011088,u_001485,s_00148,2025-01-29 23:44:17,2025-01-30 00:26:17
v_000011089,u_000710,s_00121,2025-02-27 13:50:30,2025-02-27 14:05:30
v_000011090,u_001595,s_00058,2025-02-15 23:06:36,2025-02-15 23:49:36
v_000011091,u_000918,s_00088,2025-01-18 17:56:06,2025-01-18 18:17:06
v_000011092,u_001480,s_00041,2025-01-07 18:05:15,2025-01-07 18:15:15
v_000011093,u_001005,s_00016,2025-01-19 16:50:10,2025-01-19 17:03:10
v_000011094,u_000232,s_00063,2025-02-13 13:52:23,2025-02-13 13:56:23
v_000011095,u_001021,s_00082,2025-01-11 16:57:13,2025-01-11 17:09:13
v_000011096,u_001783,s_00100,2025-02-27 10:38:56,2025-02-27 10:39:56
v_000011097,u_001984,s_00122,2025-01-10 23:08:40,2025-01-10 23:23:40
v_000011098,u_001929,s_00060,2025-01-16 21:20:19,2025-01-16 22:45:19
v_000011099,u_001692,s_00145,2025-02-14 19:43:22,2025-02-14 19:45:22
v_000011100,u_001747,s_00096,2025-01-28 21:11:43,2025-01-28 21:27:43
v_000011101,u_000367,s_00096,2025-01-16 21:14:53,2025-01-16 21:32:53
v_000011102,u_001728,s_00058,2025-01-21 21:42:07,2025-01-21 21:48:07
v_000011103,u_001261,s_00132,2025-01-18 23:57:41,2025-01-18 23:59:41
v_000011104,u_000030,s_00114,2025-02-23 20:32:31,2025-02-23 21:49:31
v_000011105,u_001412,s_00132,2025-01-04 16:22:18,2025-01-04 16:39:18
v_000011106,u_001581,s_00052,2025-01-02 15:59:05,2025-01-02 16:02:05
v_000011107,u_001246,s_00005,2025-01-26 17:19:12,2025-01-26 17:20:12
v_000011108,u_001926,s_00008,2025-02-23 17:30:55,2025-02-23 18:40:55
v_000011109,u_000947,s_00031,2025-01-16 18:21:48,2025-01-16 18:33:48
v_000011110,u_000301,s_00092,2025-02-27 21:01:44,2025-02-27 21:07:44
v_000011111,u_000158,s_00072,2025-02-25 23:09:04,2025-02-25 23:11:04
v_000011112,u_000984,s_00084,2025-01-29 21:24:35,2025-01-29 21:46:35
v_000011113,u_001202,s_00087,2025-01-16 23:53:28,2025-01-16 23:55:28
v_000011114,u_000153,s_00143,2025-01-16 18:35:08,2025-01-16 18:38:08
v_000011115,u_001611,s_00055,2025-01-05 20:14:46,2025-01-05 20:41:46
v_000011116,u_001588,s_00080,2025-01-06 23:29:33,2025-01-07 00:15:33
v_000011117,u_000046,s_00030,2025-01-09 15:49:27,2025-01-09 16:23:27
v_000011118,u_001121,s_00096,2025-02-09 21:25:52,2025-02-09 23:38:52
v_000011119,u_001454,s_00011,2025-01-03 17:16:33,2025-01-03 17:25:33
v_000011120,u_000934,s_00086,2025-01-21 19:17:16,2025-01-21 19:29:16
v_000011121,u_000866,s_00103,2025-01-04 21:39:45,2025-01-04 21:53:45
v_000011122,u_001538,s_00140,2025-01-29 17:45:06,2025-01-29 18:12:06
v_000011123,u_000468,s_00142,2025-02-23 18:44:26,2025-02-23 18:50:26
v_000011124,u_000057,s_00082,2025-02-09 20:34:54,2025-02-09 20:37:54
v_000011125,u_001174,s_00034,2025-02-21 21:16:39,2025-02-21 21:29:39
v_000011126,u_001875,s_00060,2025-01-14 23:39:03,2025-01-14 23:47:03
v_000011127,u_001608,s_00025,2025-03-01 21:46:11,2025-03-01 21:59:11
v_000011128,u_000029,s_00037,2025-02-26 18:52:05,2025-02-26 19:56:05
v_000011129,u_001031,s_00049,2025-01-18 20:13:38,2025-01-18 20:51:38
v_000011130,u_001837,s_00138,2025-01-05 15:04:26,2025-01-05 15:30:26
v_000011131,u_001405,s_00099,2025-01-18 23:44:57,2025-01-19 00:29:57
v_000011132,u_000480,s_00074,2025-01-19 20:21:13,2025-01-19 20:48:13
v_000011133,u_000148,s_00099,2025-01-08 12:09:02,2025-01-08 13:10:02
v_000011134,u_000937,s_00136,2025-02-19 14:19:28,2025-02-19 14:59:28
v_000011135,u_000793,s_00133,2025-02-18 23:16:46,2025-02-18 23:21:46
v_000011136,u_001042,s_00099,2025-02-16 19:26:52,2025-02-16 19:52:52
v_000011137,u_000725,s_00026,2025-01-01 14:52:32,2025-01-01 15:02:32
v_000011138,u_001429,s_00106,2025-02-18 17:08:36,2025-02-18 17:18:36
v_000011139,u_001487,s_00027,2025-01-13 20:28:45,2025-01-13 20:40:45
v_000011140,u_000456,s_00090,2025-01-24 20:14:26,2025-01-24 20:23:26
v_000011141,u_001422,s_00040,2025-01-29 23:33:03,2025-01-29 23:41:03
v_000011142,u_000866,s_00103,2025-01-23 20:06:21,2025-01-23 20:46:21
v_000011143,u_000386,s_00125,2025-02-09 22:43:25,2025-02-09 22:48:25
v_000011144,u_000529,s_00033,2025-01-11 18:50:06,2025-01-11 18:51:06
v_000011145,u_001660,s_00060,2025-02-25 14:06:49,2025-02-25 14:10:49
v_000011146,u_000046,s_00031,2025-02-05 18:09:33,2025-02-05 18:20:33
v_000011147,u_001074,s_00132,2025-01-04 22:51:51,2025-01-04 22:57:51
v_000011148,u_001021,s_00124,2025-01-24 18:43:58,2025-01-24 19:09:58
v_000011149,u_001019,s_00041,2025-02-18 23:16:38,2025-02-18 23:41:38
v_000011150,u_000853,s_00100,2025-01-27 23:00:44,2025-01-27 23:43:44
v_000011151,u_000166,s_00110,2025-02-21 17:07:36,2025-02-21 18:02:36
v_000011152,u_000932,s_00045,2025-01-24 18:12:27,2025-01-24 18:13:27
v_000011153,u_001837,s_00039,2025-01-12 18:19:10,2025-01-12 18:30:10
v_000011154,u_001952,s_00052,2025-01-06 21:34:45,2025-01-06 21:52:45
v_000011155,u_001455,s_00138,2025-02-24 22:18:17,2025-02-24 22:24:17
v_000011156,u_001554,s_00011,2025-02-05 14:37:49,2025-02-05 14:50:49
v_000011157,u_001658,s_00118,2025-01-06 22:37:59,2025-01-06 22:38:59
v_000011158,u_000949,s_00044,2025-02-02 18:14:29,2025-02-02 18:49:29
v_000011159,u_001433,s_00128,2025-02-04 16:19:43,2025-02-04 16:20:43
v_000011160,u_000737,s_00081,2025-02-13 22:13:31,2025-02-13 22:15:31
v_000011161,u_000755,s_00017,2025-01-25 16:43:07,2025-01-25 16:57:07
v_000011162,u_000647,s_00027,2025-01-02 17:50:47,2025-01-02 17:56:47
v_000011163,u_000097,s_00006,2025-01-04 16:38:10,2025-01-04 16:51:10
v_000011164,u_001754,s_00100,2025-01-03 16:49:45,2025-01-03 17:22:45
v_000011165,u_000910,s_00081,2025-01-20 23:35:34,2025-01-21 00:41:34
v_000011166,u_000764,s_00089,2025-02-01 18:41:23,2025-02-01 18:42:23
v_000011167,u_001544,s_00103,2025-02-06 19:03:13,2025-02-06 19:04:13
v_000011168,u_000952,s_00089,2025-01-16 11:36:05,2025-01-16 11:37:05
v_000011169,u_001148,s_00087,2025-02-25 23:23:45,2025-02-25 23:34:45
v_000011170,u_001613,s_00067,2025-02-10 15:22:41,2025-02-10 16:17:41
v_000011171,u_001931,s_00113,2025-01-11 23:01:04,2025-01-11 23:06:04
v_000011172,u_001501,s_00076,2025-01-17 17:36:49,2025-01-17 17:42:49
v_000011173,u_001898,s_00064,2025-01-19 23:54:54,2025-01-20 00:33:54
v_000011174,u_000239,s_00145,2025-02-07 20:00:05,2025-02-07 20:36:05
v_000011175,u_000699,s_00078,2025-01-20 19:10:42,2025-01-20 19:46:42
v_000011176,u_000350,s_00107,2025-01-24 23:29:35,2025-01-24 23:41:35
v_000011177,u_000345,s_00011,2025-02-16 17:59:25,2025-02-16 18:28:25
v_000011178,u_000820,s_00123,2025-01-12 23:47:40,2025-01-12 23:48:40
v_000011179,u_000501,s_00120,2025-01-01 20:21:02,2025-01-01 21:07:02
v_000011180,u_000421,s_00147,2025-01-13 19:38:37,2025-01-13 19:56:37
v_000011181,u_001727,s_00055,2025-02-06 14:33:15,2025-02-06 14:42:15
v_000011182,u_000836,s_00130,2025-02-18 22:18:18,2025-02-18 23:02:18
v_000011183,u_001653,s_00036,2025-01-16 16:32:07,2025-01-16 16:34:07
v_000011184,u_000228,s_00005,2025-02-16 13:09:41,2025-02-16 13:21:41
v_000011185,u_000696,s_00122,2025-01-05 23:43:53,2025-01-05 23:49:53
v_000011186,u_000769,s_00008,2025-01-03 20:15:46,2025-01-03 20:17:46
v_000011187,u_001597,s_00103,2025-02-17 23:28:54,2025-02-17 23:44:54
v_000011188,u_001103,s_00139,2025-01-16 20:42:21,2025-01-16 20:46:21
v_000011189,u_000511,s_00141,2025-02-27 20:34:25,2025-02-27 21:16:25
v_000011190,u_000994,s_00111,2025-02-07 11:33:40,2025-02-07 11:50:40
v_000011191,u_001478,s_00055,2025-01-23 20:57:18,2025-01-23 21:31:18
v_000011192,u_000637,s_00045,2025-01-04 18:43:02,2025-01-04 18:56:02
v_000011193,u_001276,s_00125,2025-02-27 12:36:01,2025-02-27 13:31:01
v_000011194,u_001245,s_00068,2025-01-30 18:11:31,2025-01-30 18:33:31
v_000011195,u_001107,s_00053,2025-02-15 17:13:01,2025-02-15 17:14:01
v_000011196,u_000572,s_00149,2025-02-17 20:50:39,2025-02-17 20:55:39
v_000011197,u_001895,s_00122,2025-02-07 21:34:19,2025-02-07 21:50:19
v_000011198,u_001849,s_00107,2025-01-28 14:24:26,2025-01-28 14:26:26
v_000011199,u_000598,s_00068,2025-02-26 19:26:52,2025-02-26 19:35:52
v_000011200,u_001158,s_00116,2025-02-14 23:34:39,2025-02-14 23:47:39
v_000011201,u_000022,s_00091,2025-01-19 23:06:37,2025-01-19 23:10:37
v_000011202,u_001870,s_00126,2025-01-26 23:49:49,2025-01-27 00:05:49
v_000011203,u_001681,s_00020,2025-01-08 21:56:59,2025-01-08 21:58:59
v_000011204,u_001899,s_00107,2025-02-22 21:32:29,2025-02-22 22:13:29
v_000011205,u_000435,s_00068,2025-01-31 18:26:07,2025-01-31 18:35:07
v_000011206,u_000609,s_00078,2025-01-22 19:17:27,2025-01-22 19:27:27
v_000011207,u_000404,s_00108,2025-01-01 22:58:40,2025-01-01 23:10:40
v_000011208,u_001641,s_00100,2025-02-02 18:21:46,2025-02-02 18:40:46
v_000011209,u_001699,s_00116,2025-01-19 12:20:41,2025-01-19 12:29:41
v_000011210,u_001808,s_00128,2025-01-12 16:52:34,2025-01-12 17:42:34
v_000011211,u_001611,s_00055,2025-02-22 18:16:25,2025-02-22 18:25:25
v_000011212,u_000346,s_00005,2025-02-24 18:43:22,2025-02-24 18:53:22
v_000011213,u_000519,s_00109,2025-02-10 23:34:17,2025-02-10 23:35:17
v_000011214,u_001206,s_00058,2025-01-21 13:57:18,2025-01-21 14:22:18
v_000011215,u_001445,s_00116,2025-02-17 21:39:12,2025-02-17 21:59:12
v_000011216,u_000526,s_00058,2025-02-20 23:07:18,2025-02-20 23:30:18
v_000011217,u_001585,s_00031,2025-02-28 17:12:12,2025-02-28 17:18:12
v_000011218,u_001561,s_00081,2025-01-22 16:40:47,2025-01-22 17:17:47
v_000011219,u_001562,s_00049,2025-01-22 23:00:17,2025-01-22 23:11:17
v_000011220,u_001767,s_00019,2025-01-30 15:41:14,2025-01-30 16:33:14
v_000011221,u_001416,s_00000,2025-02-05 20:06:54,2025-02-05 20:23:54
v_000011222,u_001206,s_00035,2025-02-12 13:31:46,2025-02-12 13:36:46
v_000011223,u_000814,s_00087,2025-01-18 22:39:16,2025-01-18 23:03:16
v_000011224,u_000665,s_00135,2025-01-08 17:06:49,2025-01-08 17:40:49
v_000011225,u_000102,s_00083,2025-02-11 22:53:38,2025-02-11 23:44:38
v_000011226,u_000105,s_00022,2025-01-01 20:27:53,2025-01-01 20:30:53
v_000011227,u_001698,s_00101,2025-01-07 20:26:49,2025-01-07 20:58:49
v_000011228,u_001198,s_00149,2025-02-22 23:38:33,2025-02-22 23:47:33
v_000011229,u_000435,s_00068,2025-02-19 19:01:53,2025-02-19 19:34:53
v_000011230,u_001782,s_00095,2025-01-14 18:54:25,2025-01-14 19:13:25
v_000011231,u_001177,s_00138,2025-01-16 16:40:25,2025-01-16 17:03:25
v_000011232,u_001625,s_00043,2025-01-22 21:48:46,2025-01-22 21:54:46
v_000011233,u_000910,s_00100,2025-01-06 23:58:14,2025-01-06 23:59:14
v_000011234,u_000658,s_00021,2025-01-16 23:30:42,2025-01-16 23:31:42
v_000011235,u_000017,s_00114,2025-01-09 20:19:13,2025-01-09 20:26:13
v_000011236,u_001696,s_00034,2025-01-21 21:26:05,2025-01-21 21:32:05
v_000011237,u_000853,s_00079,2025-02-18 23:59:32,2025-02-19 00:06:32
v_000011238,u_000318,s_00143,2025-02-17 20:51:02,2025-02-17 21:04:02
v_000011239,u_001597,s_00103,2025-01-23 22:46:57,2025-01-23 22:50:57
v_000011240,u_000509,s_00054,2025-01-25 23:47:48,2025-01-26 00:57:48
v_000011241,u_000280,s_00096,2025-01-05 22:23:27,2025-01-05 22:28:27
v_000011242,u_001458,s_00143,2025-01-19 19:28:31,2025-01-19 19:52:31
v_000011243,u_001018,s_00111,2025-02-16 22:18:16,2025-02-16 22:51:16
v_000011244,u_000575,s_00076,2025-01-11 19:09:54,2025-01-11 20:26:54
v_000011245,u_000771,s_00102,2025-02-14 15:47:40,2025-02-14 16:09:40
v_000011246,u_000547,s_00034,2025-02-28 20:25:27,2025-02-28 20:27:27
v_000011247,u_001582,s_00118,2025-02-06 23:34:58,2025-02-06 23:41:58
v_000011248,u_000031,s_00053,2025-02-13 11:54:02,2025-02-13 11:56:02
v_000011249,u_000956,s_00044,2025-01-25 17:42:09,2025-01-25 17:47:09
v_000011250,u_001872,s_00003,2025-02-21 21:21:52,2025-02-21 21:43:52
v_000011251,u_001456,s_00052,2025-01-15 15:00:08,2025-01-15 15:08:08
v_000011252,u_000088,s_00053,2025-01-27 17:01:23,2025-01-27 17:06:23
v_000011253,u_000766,s_00063,2025-01-06 18:39:12,2025-01-06 18:58:12
v_000011254,u_000080,s_00061,2025-01-30 21:07:41,2025-01-30 21:19:41
v_000011255,u_001220,s_00137,2025-01-07 23:38:09,2025-01-08 00:01:09
v_000011256,u_001739,s_00037,2025-02-06 19:24:13,2025-02-06 20:21:13
v_000011257,u_000643,s_00117,2025-01-01 19:10:29,2025-01-01 20:12:29
v_000011258,u_000988,s_00073,2025-02-08 15:09:21,2025-02-08 15:16:21
v_000011259,u_000909,s_00121,2025-02-28 22:12:56,2025-02-28 22:32:56
v_000011260,u_001313,s_00081,2025-01-08 18:27:47,2025-01-08 19:40:47
v_000011261,u_000751,s_00040,2025-01-06 20:13:19,2025-01-06 20:40:19
v_000011262,u_000112,s_00035,2025-01-28 17:52:45,2025-01-28 18:49:45
v_000011263,u_001117,s_00130,2025-02-24 20:00:32,2025-02-24 20:14:32
v_000011264,u_000073,s_00147,2025-02-10 14:44:21,2025-02-10 14:53:21
v_000011265,u_000161,s_00107,2025-02-10 21:47:24,2025-02-10 22:40:24
v_000011266,u_000137,s_00087,2025-01-15 18:49:04,2025-01-15 19:04:04
v_000011267,u_001148,s_00028,2025-02-05 22:54:23,2025-02-05 22:58:23
v_000011268,u_001201,s_00145,2025-01-12 23:00:56,2025-01-12 23:33:56
v_000011269,u_000105,s_00009,2025-02-11 16:05:44,2025-02-11 16:11:44
v_000011270,u_001029,s_00055,2025-02-16 20:15:44,2025-02-16 20:28:44
v_000011271,u_000478,s_00085,2025-01-22 23:53:37,2025-01-23 00:46:37
v_000011272,u_000491,s_00031,2025-01-17 11:42:56,2025-01-17 11:55:56
v_000011273,u_000326,s_00084,2025-01-09 12:16:43,2025-01-09 12:51:43
v_000011274,u_001707,s_00046,2025-02-27 21:56:58,2025-02-27 22:28:58
v_000011275,u_000535,s_00013,2025-02-03 22:03:22,2025-02-03 22:12:22
v_000011276,u_001980,s_00054,2025-01-12 23:20:46,2025-01-12 23:28:46
v_000011277,u_000553,s_00007,2025-01-10 20:01:07,2025-01-10 20:43:07
v_000011278,u_001597,s_00103,2025-03-01 17:40:12,2025-03-01 19:18:12
v_000011279,u_001730,s_00014,2025-01-27 16:30:13,2025-01-27 16:46:13
v_000011280,u_001462,s_00090,2025-01-24 23:35:32,2025-01-24 23:36:32
v_000011281,u_001914,s_00119,2025-02-06 21:29:49,2025-02-06 21:49:49
v_000011282,u_001826,s_00100,2025-01-08 19:09:58,2025-01-08 19:15:58
v_000011283,u_000564,s_00026,2025-02-14 23:35:08,2025-02-14 23:44:08
v_000011284,u_001199,s_00002,2025-02-25 19:01:00,2025-02-25 19:02:00
v_000011285,u_000875,s_00137,2025-02-23 23:31:58,2025-02-23 23:40:58
v_000011286,u_001361,s_00084,2025-03-01 22:24:34,2025-03-01 22:26:34
v_000011287,u_000226,s_00035,2025-02-02 18:53:22,2025-02-02 19:07:22
v_000011288,u_001607,s_00137,2025-02-14 19:17:00,2025-02-14 20:02:00
v_000011289,u_001253,s_00105,2025-01-10 22:01:38,2025-01-10 22:29:38
v_000011290,u_001735,s_00007,2025-02-25 21:02:15,2025-02-25 21:33:15
v_000011291,u_001030,s_00127,2025-02-10 20:18:08,2025-02-10 21:00:08
v_000011292,u_000095,s_00056,2025-01-01 14:11:47,2025-01-01 14:21:47
v_000011293,u_001976,s_00071,2025-02-22 11:52:57,2025-02-22 12:21:57
v_000011294,u_001841,s_00099,2025-01-19 20:08:47,2025-01-19 20:13:47
v_000011295,u_001577,s_00005,2025-01-11 23:51:05,2025-01-11 23:53:05
v_000011296,u_001830,s_00130,2025-02-19 17:54:16,2025-02-19 18:14:16
v_000011297,u_001668,s_00141,2025-01-14 22:37:15,2025-01-15 00:28:15
v_000011298,u_000515,s_00028,2025-01-17 23:59:05,2025-01-18 01:14:05
v_000011299,u_000609,s_00115,2025-01-21 22:08:41,2025-01-21 22:30:41
v_000011300,u_001874,s_00139,2025-01-07 23:16:05,2025-01-08 00:30:05
v_000011301,u_001880,s_00117,2025-02-14 17:24:08,2025-02-14 17:26:08
v_000011302,u_000787,s_00098,2025-02-20 18:20:53,2025-02-20 19:30:53
v_000011303,u_001097,s_00021,2025-01-05 23:38:05,2025-01-06 00:16:05
v_000011304,u_000769,s_00062,2025-01-13 19:28:47,2025-01-13 19:53:47
v_000011305,u_001294,s_00110,2025-01-28 23:32:30,2025-01-29 00:32:30
v_000011306,u_001748,s_00108,2025-02-19 19:40:39,2025-02-19 20:04:39
v_000011307,u_000155,s_00129,2025-02-09 21:32:42,2025-02-09 21:45:42
v_000011308,u_000046,s_00086,2025-02-03 22:58:12,2025-02-03 23:26:12
v_000011309,u_000688,s_00135,2025-02-14 18:02:52,2025-02-14 18:25:52
v_000011310,u_000842,s_00119,2025-01-15 23:22:30,2025-01-15 23:24:30
v_000011311,u_000554,s_00060,2025-02-24 21:40:13,2025-02-24 21:50:13
v_000011312,u_001787,s_00122,2025-01-13 15:12:19,2025-01-13 15:15:19
v_000011313,u_001109,s_00144,2025-01-25 18:25:53,2025-01-25 18:56:53
v_000011314,u_000974,s_00144,2025-02-20 18:37:50,2025-02-20 18:58:50
v_000011315,u_000671,s_00017,2025-01-22 18:21:41,2025-01-22 19:08:41
v_000011316,u_000450,s_00074,2025-02-20 22:54:55,2025-02-20 23:17:55
v_000011317,u_000488,s_00117,2025-02-22 15:26:26,2025-02-22 16:16:26
v_000011318,u_000966,s_00145,2025-01-21 14:28:05,2025-01-21 14:30:05
v_000011319,u_000735,s_00093,2025-01-04 15:22:21,2025-01-04 16:02:21
v_000011320,u_000747,s_00039,2025-01-03 18:18:08,2025-01-03 18:39:08
v_000011321,u_000807,s_00022,2025-01-23 14:41:19,2025-01-23 15:05:19
v_000011322,u_001169,s_00009,2025-01-04 18:02:06,2025-01-04 18:34:06
v_000011323,u_000853,s_00100,2025-02-12 22:04:34,2025-02-12 22:49:34
v_000011324,u_001154,s_00111,2025-02-14 18:25:29,2025-02-14 18:35:29
v_000011325,u_001498,s_00108,2025-01-13 23:52:19,2025-01-14 00:00:19
v_000011326,u_000245,s_00076,2025-01-22 19:15:09,2025-01-22 19:47:09
v_000011327,u_000052,s_00048,2025-01-31 16:27:39,2025-01-31 16:48:39
v_000011328,u_001045,s_00092,2025-01-17 12:01:47,2025-01-17 12:02:47
v_000011329,u_001421,s_00078,2025-01-09 23:09:12,2025-01-09 23:24:12
v_000011330,u_000176,s_00026,2025-01-10 12:06:45,2025-01-10 13:46:45
v_000011331,u_000277,s_00100,2025-02-03 19:33:56,2025-02-03 20:07:56
v_000011332,u_001469,s_00040,2025-02-27 15:17:43,2025-02-27 15:18:43
v_000011333,u_001573,s_00050,2025-01-21 19:11:04,2025-01-21 19:36:04
v_000011334,u_000734,s_00054,2025-02-20 21:25:34,2025-02-20 21:54:34
v_000011335,u_000809,s_00049,2025-01-14 23:15:11,2025-01-14 23:32:11
v_000011336,u_000126,s_00117,2025-02-05 23:30:24,2025-02-05 23:52:24
v_000011337,u_000165,s_00145,2025-01-19 13:19:58,2025-01-19 14:06:58
v_000011338,u_001903,s_00106,2025-02-27 20:59:38,2025-02-27 21:28:38
v_000011339,u_000900,s_00125,2025-01-25 22:10:31,2025-01-25 22:13:31
v_000011340,u_000263,s_00128,2025-02-04 18:29:44,2025-02-04 19:25:44
v_000011341,u_001008,s_00017,2025-01-05 19:38:41,2025-01-05 20:59:41
v_000011342,u_000467,s_00038,2025-02-02 14:58:57,2025-02-02 14:59:57
v_000011343,u_000085,s_00069,2025-01-09 22:39:36,2025-01-09 22:47:36
v_000011344,u_001154,s_00087,2025-01-03 18:40:36,2025-01-03 19:14:36
v_000011345,u_001111,s_00011,2025-02-15 19:29:11,2025-02-15 19:40:11
v_000011346,u_000851,s_00010,2025-01-22 18:53:51,2025-01-22 19:06:51
v_000011347,u_000650,s_00035,2025-01-05 21:36:34,2025-01-05 22:10:34
v_000011348,u_001551,s_00079,2025-01-07 18:51:23,2025-01-07 19:17:23
v_000011349,u_000162,s_00004,2025-02-06 17:19:08,2025-02-06 17:36:08
v_000011350,u_001801,s_00076,2025-01-16 16:04:31,2025-01-16 16:05:31
v_000011351,u_000286,s_00108,2025-02-28 19:56:53,2025-02-28 20:52:53
v_000011352,u_001807,s_00146,2025-01-15 19:01:35,2025-01-15 19:09:35
v_000011353,u_000351,s_00085,2025-01-23 19:41:19,2025-01-23 20:12:19
v_000011354,u_000113,s_00079,2025-01-20 13:57:50,2025-01-20 13:58:50
v_000011355,u_001226,s_00032,2025-02-19 16:29:33,2025-02-19 16:34:33
v_000011356,u_001788,s_00091,2025-01-09 15:37:50,2025-01-09 15:44:50
v_000011357,u_001827,s_00076,2025-01-08 17:38:40,2025-01-08 17:56:40
v_000011358,u_000734,s_00027,2025-02-07 16:22:52,2025-02-07 16:46:52
v_000011359,u_000000,s_00117,2025-01-15 17:16:05,2025-01-15 17:34:05
v_000011360,u_001216,s_00037,2025-02-20 23:28:42,2025-02-20 23:53:42
v_000011361,u_001945,s_00063,2025-02-20 17:57:17,2025-02-20 18:23:17
v_000011362,u_001199,s_00002,2025-01-25 14:15:59,2025-01-25 14:27:59
v_000011363,u_000311,s_00036,2025-02-02 20:43:11,2025-02-02 20:44:11
v_000011364,u_000764,s_00060,2025-01-27 18:04:59,2025-01-27 19:07:59
v_000011365,u_000211,s_00126,2025-01-02 22:05:34,2025-01-02 22:16:34
v_000011366,u_000790,s_00037,2025-02-20 23:10:59,2025-02-20 23:17:59
v_000011367,u_001864,s_00104,2025-01-02 23:45:20,2025-01-02 23:55:20
v_000011368,u_000492,s_00149,2025-01-10 19:12:14,2025-01-10 19:29:14
v_000011369,u_000937,s_00136,2025-02-28 17:34:16,2025-02-28 17:51:16
v_000011370,u_000751,s_00078,2025-02-03 20:38:35,2025-02-03 20:39:35
v_000011371,u_001390,s_00020,2025-01-03 16:51:25,2025-01-03 17:10:25
v_000011372,u_000172,s_00023,2025-02-08 21:51:59,2025-02-08 21:52:59
v_000011373,u_001370,s_00049,2025-01-17 23:55:55,2025-01-18 01:04:55
v_000011374,u_000148,s_00080,2025-02-12 20:48:45,2025-02-12 20:54:45
v_000011375,u_000546,s_00098,2025-02-01 23:44:04,2025-02-02 00:11:04
v_000011376,u_001972,s_00032,2025-01-29 21:31:53,2025-01-29 21:34:53
v_000011377,u_001075,s_00076,2025-01-02 19:43:57,2025-01-02 20:17:57
v_000011378,u_000767,s_00048,2025-02-22 17:22:01,2025-02-22 17:23:01
v_000011379,u_001303,s_00024,2025-01-09 23:53:19,2025-01-09 23:57:19
v_000011380,u_001437,s_00027,2025-01-13 23:13:24,2025-01-13 23:27:24
v_000011381,u_000645,s_00102,2025-01-19 16:14:09,2025-01-19 16:44:09
v_000011382,u_000692,s_00093,2025-01-15 22:14:12,2025-01-15 22:54:12
v_000011383,u_000592,s_00075,2025-02-24 23:02:50,2025-02-24 23:15:50
v_000011384,u_001112,s_00123,2025-01-23 19:25:55,2025-01-23 20:03:55
v_000011385,u_001792,s_00129,2025-01-23 17:10:19,2025-01-23 17:22:19
v_000011386,u_001719,s_00064,2025-01-31 21:21:27,2025-01-31 21:24:27
v_000011387,u_001414,s_00142,2025-02-21 17:30:48,2025-02-21 18:04:48
v_000011388,u_000887,s_00091,2025-02-07 16:10:39,2025-02-07 16:48:39
v_000011389,u_001854,s_00114,2025-02-03 23:58:43,2025-02-04 00:09:43
v_000011390,u_000353,s_00055,2025-01-17 15:28:09,2025-01-17 16:12:09
v_000011391,u_001045,s_00063,2025-02-23 15:23:44,2025-02-23 15:31:44
v_000011392,u_000586,s_00097,2025-02-06 20:19:20,2025-02-06 21:53:20
v_000011393,u_001564,s_00067,2025-01-30 23:45:18,2025-01-30 23:48:18
v_000011394,u_001627,s_00070,2025-03-01 11:25:57,2025-03-01 11:34:57
v_000011395,u_001770,s_00133,2025-02-19 15:13:37,2025-02-19 15:25:37
v_000011396,u_000685,s_00063,2025-02-23 20:07:58,2025-02-23 20:19:58
v_000011397,u_001595,s_00134,2025-01-03 18:29:37,2025-01-03 18:44:37
v_000011398,u_001546,s_00090,2025-01-14 17:38:22,2025-01-14 18:07:22
v_000011399,u_001422,s_00005,2025-01-29 22:10:39,2025-01-29 22:11:39
v_000011400,u_000049,s_00031,2025-02-14 19:55:00,2025-02-14 19:58:00
v_000011401,u_000242,s_00056,2025-01-08 20:15:49,2025-01-08 20:30:49
v_000011402,u_000403,s_00000,2025-02-10 19:20:41,2025-02-10 19:57:41
v_000011403,u_000735,s_00099,2025-01-05 17:51:25,2025-01-05 18:14:25
v_000011404,u_001708,s_00028,2025-01-30 23:45:12,2025-01-31 00:38:12
v_000011405,u_000750,s_00082,2025-01-21 22:31:21,2025-01-21 22:36:21
v_000011406,u_000222,s_00095,2025-02-27 17:20:29,2025-02-27 17:42:29
v_000011407,u_001194,s_00108,2025-02-16 15:01:39,2025-02-16 15:26:39
v_000011408,u_001583,s_00122,2025-01-04 10:01:17,2025-01-04 10:02:17
v_000011409,u_000205,s_00024,2025-02-08 18:13:42,2025-02-08 19:06:42
v_000011410,u_000984,s_00112,2025-01-13 22:12:12,2025-01-13 22:41:12
v_000011411,u_001882,s_00043,2025-03-01 19:02:51,2025-03-01 19:07:51
v_000011412,u_000776,s_00140,2025-01-05 20:11:23,2025-01-05 20:12:23
v_000011413,u_001019,s_00044,2025-02-06 18:31:53,2025-02-06 18:58:53
v_000011414,u_001135,s_00055,2025-01-04 17:32:31,2025-01-04 18:01:31
v_000011415,u_001076,s_00124,2025-02-26 23:18:30,2025-02-26 23:55:30
v_000011416,u_001396,s_00056,2025-02-10 19:28:11,2025-02-10 19:38:11
v_000011417,u_001347,s_00138,2025-02-04 22:05:35,2025-02-04 22:31:35
v_000011418,u_001783,s_00093,2025-01-02 13:32:53,2025-01-02 14:13:53
v_000011419,u_000788,s_00067,2025-02-08 23:29:41,2025-02-08 23:52:41
v_000011420,u_001389,s_00072,2025-02-03 20:43:38,2025-02-03 20:47:38
v_000011421,u_001672,s_00124,2025-01-04 17:34:21,2025-01-04 17:35:21
v_000011422,u_000319,s_00065,2025-02-06 16:33:14,2025-02-06 17:26:14
v_000011423,u_000108,s_00081,2025-01-10 15:31:13,2025-01-10 15:41:13
v_000011424,u_000567,s_00087,2025-01-18 19:36:54,2025-01-18 20:11:54
v_000011425,u_001975,s_00087,2025-01-29 16:50:20,2025-01-29 16:59:20
v_000011426,u_000746,s_00142,2025-01-01 23:32:46,2025-01-02 00:00:46
v_000011427,u_001750,s_00123,2025-01-07 18:57:16,2025-01-07 19:14:16
v_000011428,u_000751,s_00078,2025-02-06 23:47:30,2025-02-07 00:00:30
v_000011429,u_001125,s_00036,2025-02-26 22:44:47,2025-02-26 23:13:47
v_000011430,u_001014,s_00004,2025-02-17 19:17:38,2025-02-17 19:23:38
v_000011431,u_001724,s_00000,2025-01-16 12:42:43,2025-01-16 13:30:43
v_000011432,u_000341,s_00016,2025-01-10 20:49:14,2025-01-10 21:07:14
v_000011433,u_000634,s_00149,2025-01-15 14:19:23,2025-01-15 15:54:23
v_000011434,u_001124,s_00008,2025-02-11 17:42:01,2025-02-11 18:01:01
v_000011435,u_001674,s_00124,2025-01-26 22:14:50,2025-01-26 22:42:50
v_000011436,u_000661,s_00077,2025-02-16 16:17:41,2025-02-16 16:21:41
v_000011437,u_001486,s_00094,2025-01-10 15:40:07,2025-01-10 16:00:07
v_000011438,u_000919,s_00105,2025-02-10 14:46:09,2025-02-10 15:33:09
v_000011439,u_000937,s_00029,2025-02-16 20:31:27,2025-02-16 20:36:27
v_000011440,u_001209,s_00065,2025-01-06 21:37:10,2025-01-06 22:54:10
v_000011441,u_001386,s_00028,2025-02-08 21:15:24,2025-02-08 21:20:24
v_000011442,u_001759,s_00028,2025-01-17 17:00:46,2025-01-17 17:38:46
v_000011443,u_001709,s_00061,2025-03-01 17:23:24,2025-03-01 17:24:24
v_000011444,u_000181,s_00077,2025-02-25 20:00:27,2025-02-25 20:26:27
v_000011445,u_001373,s_00031,2025-01-29 23:37:26,2025-01-30 00:04:26
v_000011446,u_000849,s_00111,2025-01-24 20:20:09,2025-01-24 20:39:09
v_000011447,u_000114,s_00043,2025-01-07 17:18:05,2025-01-07 18:06:05
v_000011448,u_001561,s_00081,2025-01-06 19:38:14,2025-01-06 19:39:14
v_000011449,u_000087,s_00066,2025-01-25 21:42:59,2025-01-25 21:52:59
v_000011450,u_000344,s_00090,2025-01-25 16:30:01,2025-01-25 16:54:01
v_000011451,u_001786,s_00034,2025-01-27 23:21:08,2025-01-27 23:25:08
v_000011452,u_000708,s_00002,2025-02-18 19:47:52,2025-02-18 20:19:52
v_000011453,u_001971,s_00091,2025-01-09 23:29:33,2025-01-09 23:32:33
v_000011454,u_000668,s_00034,2025-01-10 16:13:05,2025-01-10 16:21:05
v_000011455,u_001629,s_00022,2025-02-19 22:34:50,2025-02-19 22:43:50
v_000011456,u_000165,s_00145,2025-02-20 21:02:06,2025-02-20 21:11:06
v_000011457,u_000693,s_00017,2025-01-10 18:02:21,2025-01-10 18:03:21
v_000011458,u_000103,s_00139,2025-02-19 23:57:03,2025-02-20 00:05:03
v_000011459,u_000535,s_00117,2025-02-15 18:27:02,2025-02-15 18:38:02
v_000011460,u_000086,s_00004,2025-01-14 16:59:08,2025-01-14 17:04:08
v_000011461,u_001182,s_00144,2025-01-01 20:26:34,2025-01-01 20:40:34
v_000011462,u_001463,s_00068,2025-01-24 18:02:18,2025-01-24 18:16:18
v_000011463,u_001578,s_00026,2025-01-06 22:27:55,2025-01-06 23:21:55
v_000011464,u_001948,s_00135,2025-01-25 23:43:45,2025-01-26 00:05:45
v_000011465,u_000775,s_00080,2025-02-25 20:03:51,2025-02-25 20:08:51
v_000011466,u_001425,s_00025,2025-02-25 16:20:01,2025-02-25 16:27:01
v_000011467,u_001874,s_00024,2025-02-26 19:33:52,2025-02-26 20:00:52
v_000011468,u_001830,s_00059,2025-02-23 23:55:47,2025-02-24 00:03:47
v_000011469,u_001206,s_00017,2025-01-08 15:23:00,2025-01-08 15:26:00
v_000011470,u_001406,s_00116,2025-02-05 23:05:12,2025-02-05 23:35:12
v_000011471,u_000249,s_00091,2025-01-24 23:27:41,2025-01-24 23:46:41
v_000011472,u_000230,s_00064,2025-02-02 20:50:52,2025-02-02 21:02:52
v_000011473,u_001375,s_00129,2025-01-28 23:42:46,2025-01-29 00:05:46
v_000011474,u_000796,s_00012,2025-01-30 16:57:40,2025-01-30 17:02:40
v_000011475,u_001723,s_00035,2025-02-08 18:05:57,2025-02-08 18:42:57
v_000011476,u_001668,s_00141,2025-01-13 15:44:43,2025-01-13 15:45:43
v_000011477,u_001943,s_00128,2025-01-24 18:57:18,2025-01-24 19:39:18
v_000011478,u_000547,s_00034,2025-01-23 19:10:56,2025-01-23 19:15:56
v_000011479,u_000689,s_00008,2025-01-28 22:00:37,2025-01-28 22:04:37
v_000011480,u_001045,s_00063,2025-02-25 16:05:09,2025-02-25 17:01:09
v_000011481,u_001329,s_00031,2025-01-15 17:53:40,2025-01-15 17:55:40
v_000011482,u_000870,s_00053,2025-01-06 23:45:08,2025-01-07 00:35:08
v_000011483,u_000294,s_00097,2025-01-29 18:47:37,2025-01-29 18:48:37
v_000011484,u_001321,s_00002,2025-02-15 18:23:28,2025-02-15 18:27:28
v_000011485,u_001122,s_00019,2025-02-28 22:44:53,2025-02-28 23:10:53
v_000011486,u_001710,s_00104,2025-01-10 19:31:10,2025-01-10 19:48:10
v_000011487,u_001789,s_00039,2025-02-17 19:27:03,2025-02-17 20:16:03
v_000011488,u_001856,s_00032,2025-01-10 23:05:20,2025-01-10 23:30:20
v_000011489,u_000168,s_00037,2025-02-01 17:56:07,2025-02-01 17:58:07
v_000011490,u_001530,s_00091,2025-02-05 17:47:22,2025-02-05 17:54:22
v_000011491,u_000057,s_00082,2025-02-06 14:01:53,2025-02-06 14:03:53
v_000011492,u_001762,s_00093,2025-01-29 17:31:22,2025-01-29 17:55:22
v_000011493,u_001993,s_00109,2025-02-09 18:04:09,2025-02-09 18:06:09
v_000011494,u_001069,s_00003,2025-01-18 22:51:13,2025-01-18 22:52:13
v_000011495,u_000800,s_00026,2025-01-10 18:06:22,2025-01-10 18:31:22
v_000011496,u_000119,s_00136,2025-01-30 15:25:32,2025-01-30 15:57:32
v_000011497,u_001309,s_00113,2025-02-22 22:46:50,2025-02-22 23:04:50
v_000011498,u_000886,s_00132,2025-01-23 18:39:49,2025-01-23 19:12:49
v_000011499,u_000887,s_00042,2025-02-03 16:18:21,2025-02-03 16:33:21
v_000011500,u_001098,s_00068,2025-01-17 12:31:56,2025-01-17 12:37:56
v_000011501,u_000725,s_00049,2025-01-28 19:51:19,2025-01-28 19:52:19
v_000011502,u_001888,s_00015,2025-02-12 22:55:27,2025-02-12 23:09:27
v_000011503,u_000662,s_00007,2025-02-08 15:25:34,2025-02-08 17:03:34
v_000011504,u_000458,s_00122,2025-01-05 22:49:01,2025-01-05 22:57:01
v_000011505,u_000177,s_00117,2025-01-02 22:42:49,2025-01-02 23:14:49
v_000011506,u_001707,s_00009,2025-03-01 18:36:49,2025-03-01 19:00:49
v_000011507,u_000740,s_00070,2025-01-20 23:38:56,2025-01-20 23:46:56
v_000011508,u_000260,s_00075,2025-02-23 20:49:52,2025-02-23 21:45:52
v_000011509,u_000185,s_00010,2025-01-25 18:23:55,2025-01-25 18:34:55
v_000011510,u_001540,s_00112,2025-01-02 21:19:26,2025-01-02 21:35:26
v_000011511,u_000405,s_00003,2025-02-26 13:27:01,2025-02-26 14:49:01
v_000011512,u_000703,s_00061,2025-01-26 20:49:08,2025-01-26 21:04:08
v_000011513,u_001271,s_00051,2025-01-22 18:28:48,2025-01-22 18:30:48
v_000011514,u_001432,s_00122,2025-02-13 16:51:00,2025-02-13 16:52:00
v_000011515,u_001176,s_00044,2025-02-05 17:10:40,2025-02-05 17:15:40
v_000011516,u_000741,s_00132,2025-01-20 17:01:47,2025-01-20 17:11:47
v_000011517,u_001887,s_00092,2025-02-06 23:03:53,2025-02-06 23:21:53
v_000011518,u_001567,s_00049,2025-02-21 23:18:50,2025-02-21 23:46:50
v_000011519,u_000669,s_00078,2025-01-28 21:01:19,2025-01-28 21:02:19
v_000011520,u_001507,s_00140,2025-01-26 23:21:47,2025-01-27 00:03:47
v_000011521,u_000577,s_00008,2025-01-28 19:43:37,2025-01-28 20:59:37
v_000011522,u_000126,s_00117,2025-01-20 18:22:14,2025-01-20 19:05:14
v_000011523,u_000032,s_00097,2025-02-09 18:25:48,2025-02-09 18:29:48
v_000011524,u_000213,s_00123,2025-02-28 19:24:34,2025-02-28 19:34:34
v_000011525,u_001727,s_00042,2025-02-14 16:51:35,2025-02-14 16:56:35
v_000011526,u_000908,s_00060,2025-03-01 12:39:45,2025-03-01 12:40:45
v_000011527,u_000014,s_00111,2025-02-21 13:31:52,2025-02-21 13:36:52
v_000011528,u_000700,s_00063,2025-02-07 23:18:39,2025-02-07 23:29:39
v_000011529,u_001666,s_00019,2025-02-24 23:05:53,2025-02-24 23:32:53
v_000011530,u_001430,s_00013,2025-01-28 20:22:34,2025-01-28 20:29:34
v_000011531,u_001735,s_00007,2025-02-23 14:20:54,2025-02-23 14:47:54
v_000011532,u_001696,s_00069,2025-02-11 17:02:45,2025-02-11 17:44:45
v_000011533,u_000608,s_00022,2025-01-22 19:43:16,2025-01-22 20:14:16
v_000011534,u_000410,s_00001,2025-01-26 22:28:55,2025-01-26 22:40:55
v_000011535,u_001120,s_00120,2025-01-19 19:24:22,2025-01-19 19:28:22
v_000011536,u_000718,s_00054,2025-01-19 17:33:15,2025-01-19 17:41:15
v_000011537,u_000582,s_00075,2025-01-12 18:17:15,2025-01-12 18:18:15
v_000011538,u_000693,s_00017,2025-02-27 18:29:58,2025-02-27 18:33:58
v_000011539,u_001173,s_00106,2025-01-18 22:06:56,2025-01-18 22:10:56
v_000011540,u_000621,s_00086,2025-02-01 17:55:07,2025-02-01 18:02:07
v_000011541,u_000933,s_00121,2025-01-09 19:07:09,2025-01-09 19:25:09
v_000011542,u_000635,s_00147,2025-02-24 19:48:23,2025-02-24 20:39:23
v_000011543,u_000346,s_00105,2025-02-07 17:05:29,2025-02-07 18:07:29
v_000011544,u_000433,s_00099,2025-01-08 23:59:10,2025-01-09 00:13:10
v_000011545,u_001226,s_00069,2025-02-24 20:10:05,2025-02-24 20:13:05
v_000011546,u_001503,s_00076,2025-01-03 23:17:18,2025-01-03 23:51:18
v_000011547,u_001002,s_00147,2025-02-18 23:08:54,2025-02-18 23:10:54
v_000011548,u_001360,s_00096,2025-01-22 21:49:31,2025-01-22 22:17:31
v_000011549,u_000285,s_00039,2025-01-29 20:26:46,2025-01-29 21:39:46
v_000011550,u_000669,s_00110,2025-02-04 18:33:51,2025-02-04 18:57:51
v_000011551,u_001120,s_00126,2025-01-08 14:20:34,2025-01-08 14:40:34
v_000011552,u_001130,s_00047,2025-02-11 21:32:50,2025-02-11 21:53:50
v_000011553,u_001871,s_00076,2025-01-05 23:47:18,2025-01-05 23:49:18
v_000011554,u_001319,s_00048,2025-01-21 21:14:11,2025-01-21 21:20:11
v_000011555,u_000741,s_00053,2025-02-13 16:11:42,2025-02-13 16:25:42
v_000011556,u_000059,s_00023,2025-02-28 15:21:45,2025-02-28 16:00:45
v_000011557,u_001659,s_00061,2025-01-29 19:27:10,2025-01-29 19:28:10
v_000011558,u_001486,s_00000,2025-01-15 15:14:23,2025-01-15 15:21:23
v_000011559,u_001550,s_00116,2025-01-20 17:23:03,2025-01-20 17:36:03
v_000011560,u_000643,s_00117,2025-01-30 18:29:40,2025-01-30 19:14:40
v_000011561,u_000574,s_00134,2025-01-17 23:33:46,2025-01-17 23:36:46
v_000011562,u_000123,s_00044,2025-02-07 21:47:14,2025-02-07 21:48:14
v_000011563,u_000498,s_00118,2025-01-30 19:40:29,2025-01-30 19:49:29
v_000011564,u_000528,s_00067,2025-02-13 23:30:23,2025-02-13 23:35:23
v_000011565,u_000974,s_00144,2025-02-02 18:09:09,2025-02-02 18:14:09
v_000011566,u_000337,s_00123,2025-01-20 13:29:52,2025-01-20 13:33:52
v_000011567,u_000035,s_00018,2025-01-08 20:11:47,2025-01-08 20:29:47
v_000011568,u_001597,s_00078,2025-02-05 23:06:00,2025-02-05 23:39:00
v_000011569,u_001064,s_00046,2025-01-15 23:30:22,2025-01-16 00:07:22
v_000011570,u_000595,s_00001,2025-01-14 19:16:56,2025-01-14 19:48:56
v_000011571,u_001631,s_00132,2025-02-23 14:42:41,2025-02-23 14:50:41
v_000011572,u_000582,s_00143,2025-01-05 17:11:33,2025-01-05 17:12:33
v_000011573,u_001209,s_00104,2025-02-06 21:19:09,2025-02-06 21:49:09
v_000011574,u_000269,s_00004,2025-02-17 07:11:38,2025-02-17 07:21:38
v_000011575,u_001472,s_00010,2025-01-19 16:51:29,2025-01-19 16:52:29
v_000011576,u_001377,s_00107,2025-02-18 18:47:12,2025-02-18 19:24:12
v_000011577,u_000162,s_00129,2025-01-10 23:57:11,2025-01-11 00:03:11
v_000011578,u_001775,s_00020,2025-02-09 21:11:23,2025-02-09 21:25:23
v_000011579,u_000874,s_00106,2025-01-25 18:16:53,2025-01-25 18:30:53
v_000011580,u_001620,s_00046,2025-02-12 23:44:32,2025-02-13 00:16:32
v_000011581,u_000129,s_00119,2025-01-07 16:49:23,2025-01-07 16:59:23
v_000011582,u_000765,s_00076,2025-02-13 23:33:04,2025-02-13 23:38:04
v_000011583,u_000252,s_00128,2025-02-27 23:39:29,2025-02-27 23:58:29
v_000011584,u_001680,s_00106,2025-01-14 12:34:55,2025-01-14 12:40:55
v_000011585,u_000268,s_00010,2025-02-09 13:11:16,2025-02-09 13:20:16
v_000011586,u_000575,s_00076,2025-01-27 18:44:30,2025-01-27 19:02:30
v_000011587,u_000599,s_00143,2025-01-09 17:46:37,2025-01-09 17:48:37
v_000011588,u_001737,s_00039,2025-01-24 16:13:49,2025-01-24 16:18:49
v_000011589,u_000985,s_00026,2025-03-01 18:04:25,2025-03-01 18:35:25
v_000011590,u_000173,s_00032,2025-02-18 22:41:50,2025-02-18 23:10:50
v_000011591,u_001411,s_00087,2025-01-06 16:48:18,2025-01-06 16:53:18
v_000011592,u_000627,s_00075,2025-02-07 17:27:32,2025-02-07 17:47:32
v_000011593,u_000374,s_00030,2025-02-11 17:02:05,2025-02-11 17:39:05
v_000011594,u_001743,s_00054,2025-01-28 22:06:48,2025-01-28 22:10:48
v_000011595,u_000126,s_00149,2025-01-13 14:23:11,2025-01-13 15:14:11
v_000011596,u_000752,s_00131,2025-01-18 15:39:04,2025-01-18 15:46:04
v_000011597,u_000108,s_00068,2025-01-09 07:46:24,2025-01-09 07:54:24
v_000011598,u_001605,s_00005,2025-02-06 21:38:09,2025-02-06 22:24:09
v_000011599,u_000084,s_00127,2025-01-18 23:18:37,2025-01-18 23:44:37
v_000011600,u_000860,s_00148,2025-02-27 23:17:18,2025-02-27 23:33:18
v_000011601,u_001203,s_00003,2025-02-24 17:35:24,2025-02-24 17:49:24
v_000011602,u_000436,s_00084,2025-02-17 19:45:38,2025-02-17 20:10:38
v_000011603,u_000081,s_00097,2025-01-05 18:53:57,2025-01-05 19:03:57
v_000011604,u_000239,s_00147,2025-01-30 22:58:51,2025-01-31 00:11:51
v_000011605,u_001136,s_00034,2025-02-25 23:35:00,2025-02-25 23:48:00
v_000011606,u_000996,s_00108,2025-01-07 23:14:49,2025-01-07 23:51:49
v_000011607,u_000535,s_00117,2025-01-22 14:09:09,2025-01-22 14:18:09
v_000011608,u_001177,s_00109,2025-02-07 20:30:00,2025-02-07 20:31:00
v_000011609,u_000468,s_00105,2025-02-22 14:34:31,2025-02-22 15:00:31
v_000011610,u_001229,s_00083,2025-01-30 16:47:23,2025-01-30 18:32:23
v_000011611,u_001077,s_00041,2025-02-21 16:26:11,2025-02-21 16:29:11
v_000011612,u_001356,s_00026,2025-02-16 21:03:58,2025-02-16 21:11:58
v_000011613,u_001581,s_00052,2025-02-12 21:52:37,2025-02-12 22:49:37
v_000011614,u_001301,s_00128,2025-02-17 12:17:49,2025-02-17 12:34:49
v_000011615,u_000152,s_00149,2025-02-27 20:23:28,2025-02-27 20:33:28
v_000011616,u_001851,s_00116,2025-01-15 21:53:58,2025-01-15 21:55:58
v_000011617,u_000335,s_00008,2025-01-18 21:51:15,2025-01-18 21:55:15
v_000011618,u_001016,s_00128,2025-01-30 18:00:41,2025-01-30 18:16:41
v_000011619,u_000112,s_00083,2025-01-06 15:45:24,2025-01-06 16:16:24
v_000011620,u_000209,s_00144,2025-01-01 19:31:59,2025-01-01 20:03:59
v_000011621,u_001547,s_00127,2025-01-29 13:41:34,2025-01-29 13:48:34
v_000011622,u_000184,s_00112,2025-03-01 18:35:27,2025-03-01 18:45:27
v_000011623,u_000248,s_00138,2025-01-22 16:03:24,2025-01-22 16:10:24
v_000011624,u_000771,s_00027,2025-01-09 16:45:28,2025-01-09 17:04:28
v_000011625,u_001968,s_00149,2025-01-10 19:55:45,2025-01-10 20:09:45
v_000011626,u_001629,s_00022,2025-03-01 23:11:53,2025-03-01 23:19:53
v_000011627,u_001790,s_00019,2025-02-12 23:42:28,2025-02-13 01:09:28
v_000011628,u_001304,s_00101,2025-02-21 17:09:36,2025-02-21 17:28:36
v_000011629,u_000647,s_00032,2025-02-08 17:20:27,2025-02-08 17:24:27
v_000011630,u_000644,s_00010,2025-01-15 16:42:59,2025-01-15 16:52:59
v_000011631,u_000410,s_00084,2025-02-06 14:59:11,2025-02-06 15:07:11
v_000011632,u_001753,s_00070,2025-01-24 17:23:20,2025-01-24 17:24:20
v_000011633,u_001917,s_00051,2025-02-03 19:22:59,2025-02-03 20:00:59
v_000011634,u_000597,s_00102,2025-02-02 20:20:10,2025-02-02 20:41:10
v_000011635,u_000713,s_00019,2025-01-04 22:09:10,2025-01-04 23:23:10
v_000011636,u_000417,s_00044,2025-01-19 18:54:46,2025-01-19 20:04:46
v_000011637,u_001332,s_00125,2025-02-28 23:48:05,2025-02-28 23:55:05
v_000011638,u_000476,s_00008,2025-02-17 20:55:42,2025-02-17 21:04:42
v_000011639,u_000059,s_00074,2025-02-14 20:43:02,2025-02-14 21:23:02
v_000011640,u_001173,s_00020,2025-01-28 17:22:05,2025-01-28 17:24:05
v_000011641,u_001318,s_00147,2025-02-18 19:49:21,2025-02-18 19:52:21
v_000011642,u_001280,s_00025,2025-02-12 16:32:05,2025-02-12 16:40:05
v_000011643,u_001774,s_00112,2025-01-31 22:12:26,2025-01-31 22:13:26
v_000011644,u_001740,s_00117,2025-02-26 23:01:23,2025-02-26 23:15:23
v_000011645,u_001680,s_00037,2025-01-20 17:11:18,2025-01-20 17:39:18
v_000011646,u_000352,s_00140,2025-01-25 18:59:35,2025-01-25 19:31:35
v_000011647,u_001941,s_00104,2025-01-08 23:48:27,2025-01-08 23:50:27
v_000011648,u_001359,s_00109,2025-01-20 21:48:03,2025-01-20 22:02:03
v_000011649,u_000006,s_00119,2025-02-27 20:28:27,2025-02-27 21:02:27
v_000011650,u_000074,s_00047,2025-01-04 18:55:45,2025-01-04 19:03:45
v_000011651,u_001021,s_00082,2025-01-02 20:18:39,2025-01-02 20:45:39
v_000011652,u_000531,s_00006,2025-01-04 17:09:57,2025-01-04 17:42:57
v_000011653,u_000734,s_00084,2025-01-04 20:27:42,2025-01-04 21:01:42
v_000011654,u_001072,s_00054,2025-02-26 23:12:40,2025-02-27 01:23:40
v_000011655,u_001222,s_00108,2025-02-03 19:17:32,2025-02-03 19:20:32
v_000011656,u_001081,s_00034,2025-03-01 22:09:11,2025-03-01 22:25:11
v_000011657,u_000662,s_00078,2025-02-23 20:05:23,2025-02-23 20:29:23
v_000011658,u_000216,s_00142,2025-02-02 23:25:47,2025-02-02 23:32:47
v_000011659,u_001947,s_00054,2025-01-09 19:19:12,2025-01-09 19:36:12
v_000011660,u_000122,s_00001,2025-01-10 22:46:34,2025-01-10 23:15:34
v_000011661,u_000652,s_00147,2025-01-19 17:53:09,2025-01-19 18:28:09
v_000011662,u_001248,s_00117,2025-02-28 23:33:09,2025-02-28 23:57:09
v_000011663,u_000730,s_00002,2025-01-27 17:53:30,2025-01-27 18:24:30
v_000011664,u_001646,s_00062,2025-01-06 16:41:22,2025-01-06 17:31:22
v_000011665,u_000956,s_00044,2025-02-19 14:16:52,2025-02-19 14:32:52
v_000011666,u_001120,s_00034,2025-02-22 23:07:07,2025-02-22 23:38:07
v_000011667,u_001195,s_00131,2025-02-02 16:13:18,2025-02-02 16:22:18
v_000011668,u_000125,s_00083,2025-01-04 21:01:46,2025-01-04 21:17:46
v_000011669,u_000031,s_00053,2025-02-06 21:02:18,2025-02-06 21:55:18
v_000011670,u_000204,s_00086,2025-02-06 23:18:38,2025-02-06 23:25:38
v_000011671,u_001902,s_00091,2025-02-22 23:15:30,2025-02-23 01:26:30
v_000011672,u_000014,s_00111,2025-01-03 23:25:40,2025-01-03 23:26:40
v_000011673,u_001113,s_00059,2025-02-22 23:15:55,2025-02-22 23:42:55
v_000011674,u_001613,s_00067,2025-01-26 19:56:03,2025-01-26 20:15:03
v_000011675,u_001715,s_00101,2025-01-23 22:30:19,2025-01-23 22:41:19
v_000011676,u_001100,s_00068,2025-02-14 21:04:05,2025-02-14 21:23:05
v_000011677,u_000644,s_00010,2025-02-20 20:39:50,2025-02-20 21:01:50
v_000011678,u_001841,s_00033,2025-02-28 20:44:14,2025-02-28 20:51:14
v_000011679,u_001075,s_00076,2025-01-13 23:58:18,2025-01-14 00:36:18
v_000011680,u_000475,s_00070,2025-01-01 17:18:56,2025-01-01 17:19:56
v_000011681,u_000410,s_00125,2025-01-29 17:05:06,2025-01-29 17:10:06
v_000011682,u_001207,s_00028,2025-01-26 19:28:42,2025-01-26 19:42:42
v_000011683,u_000108,s_00103,2025-02-06 16:46:22,2025-02-06 16:48:22
v_000011684,u_000361,s_00077,2025-01-04 17:48:12,2025-01-04 19:12:12
v_000011685,u_000354,s_00077,2025-02-02 19:16:28,2025-02-02 19:39:28
v_000011686,u_000860,s_00004,2025-01-11 13:09:54,2025-01-11 13:29:54
v_000011687,u_000640,s_00055,2025-01-30 17:18:56,2025-01-30 17:26:56
v_000011688,u_000894,s_00055,2025-01-21 18:56:34,2025-01-21 19:05:34
v_000011689,u_000269,s_00012,2025-02-25 20:34:42,2025-02-25 20:36:42
v_000011690,u_000822,s_00000,2025-01-22 19:26:49,2025-01-22 19:31:49
v_000011691,u_001139,s_00117,2025-01-22 23:38:52,2025-01-22 23:56:52
v_000011692,u_001560,s_00036,2025-02-25 20:54:18,2025-02-25 21:26:18
v_000011693,u_000075,s_00140,2025-01-10 22:38:10,2025-01-10 23:33:10
v_000011694,u_000368,s_00059,2025-02-22 17:20:41,2025-02-22 17:46:41
v_000011695,u_001895,s_00089,2025-01-05 18:18:20,2025-01-05 18:27:20
v_000011696,u_000389,s_00100,2025-01-17 23:07:55,2025-01-17 23:10:55
v_000011697,u_001730,s_00014,2025-02-23 17:42:37,2025-02-23 18:18:37
v_000011698,u_000781,s_00051,2025-01-04 18:36:02,2025-01-04 19:03:02
v_000011699,u_000706,s_00095,2025-02-27 17:33:11,2025-02-27 17:54:11
v_000011700,u_001837,s_00138,2025-01-20 21:37:54,2025-01-20 22:01:54
v_000011701,u_001921,s_00064,2025-02-14 13:30:35,2025-02-14 13:50:35
v_000011702,u_001242,s_00006,2025-02-28 22:06:24,2025-02-28 22:21:24
v_000011703,u_001306,s_00116,2025-02-26 17:37:20,2025-02-26 17:43:20
v_000011704,u_000875,s_00064,2025-02-26 16:49:09,2025-02-26 16:53:09
v_000011705,u_000304,s_00080,2025-02-19 21:27:27,2025-02-19 22:05:27
v_000011706,u_000851,s_00038,2025-01-02 23:52:11,2025-01-02 23:56:11
v_000011707,u_001490,s_00099,2025-01-31 18:49:09,2025-01-31 18:50:09
v_000011708,u_001776,s_00001,2025-02-21 19:30:33,2025-02-21 19:45:33
v_000011709,u_000125,s_00025,2025-02-03 19:12:04,2025-02-03 20:41:04
v_000011710,u_001816,s_00038,2025-02-21 23:30:24,2025-02-21 23:36:24
v_000011711,u_001436,s_00136,2025-02-12 21:48:38,2025-02-12 22:11:38
v_000011712,u_001697,s_00099,2025-01-15 13:17:26,2025-01-15 13:19:26
v_000011713,u_000504,s_00007,2025-01-25 22:40:23,2025-01-25 22:42:23
v_000011714,u_000623,s_00118,2025-01-18 16:32:50,2025-01-18 17:13:50
v_000011715,u_001535,s_00123,2025-02-21 18:46:59,2025-02-21 18:47:59
v_000011716,u_001670,s_00074,2025-01-08 18:51:22,2025-01-08 19:12:22
v_000011717,u_001792,s_00004,2025-02-13 22:32:33,2025-02-13 22:49:33
v_000011718,u_000102,s_00083,2025-01-19 20:52:51,2025-01-19 22:31:51
v_000011719,u_001430,s_00090,2025-01-18 17:11:25,2025-01-18 17:43:25
v_000011720,u_001537,s_00100,2025-02-14 20:25:26,2025-02-14 20:27:26
v_000011721,u_000963,s_00059,2025-01-10 23:42:01,2025-01-10 23:43:01
v_000011722,u_000750,s_00135,2025-01-29 22:37:53,2025-01-29 23:33:53
v_000011723,u_001208,s_00101,2025-01-18 23:33:35,2025-01-18 23:54:35
v_000011724,u_001769,s_00067,2025-01-04 23:52:59,2025-01-05 00:09:59
v_000011725,u_000861,s_00005,2025-02-23 18:23:41,2025-02-23 18:28:41
v_000011726,u_001870,s_00130,2025-01-21 17:57:36,2025-01-21 17:58:36
v_000011727,u_000229,s_00149,2025-01-02 20:01:15,2025-01-02 20:10:15
v_000011728,u_001198,s_00013,2025-02-12 16:34:56,2025-02-12 17:00:56
v_000011729,u_001387,s_00026,2025-01-14 18:32:49,2025-01-14 18:47:49
v_000011730,u_001311,s_00038,2025-01-20 18:01:53,2025-01-20 19:07:53
v_000011731,u_000661,s_00079,2025-02-16 17:32:51,2025-02-16 17:33:51
v_000011732,u_000693,s_00022,2025-01-03 15:56:26,2025-01-03 16:04:26
v_000011733,u_001843,s_00149,2025-01-08 17:48:11,2025-01-08 18:09:11
v_000011734,u_001932,s_00130,2025-01-29 23:45:30,2025-01-29 23:54:30
v_000011735,u_001931,s_00061,2025-01-02 18:40:54,2025-01-02 19:32:54
v_000011736,u_001623,s_00099,2025-01-06 23:12:21,2025-01-06 23:16:21
v_000011737,u_000793,s_00139,2025-02-27 16:26:27,2025-02-27 16:50:27
v_000011738,u_001106,s_00001,2025-02-13 23:46:59,2025-02-14 00:15:59
v_000011739,u_000382,s_00019,2025-03-01 21:57:31,2025-03-01 22:24:31
v_000011740,u_001319,s_00049,2025-01-22 11:03:12,2025-01-22 11:13:12
v_000011741,u_000327,s_00066,2025-01-11 22:21:10,2025-01-11 22:34:10
v_000011742,u_001252,s_00022,2025-02-02 23:15:18,2025-02-02 23:21:18
v_000011743,u_000486,s_00058,2025-02-24 17:33:53,2025-02-24 17:39:53
v_000011744,u_001151,s_00053,2025-01-01 20:40:35,2025-01-01 20:45:35
v_000011745,u_000002,s_00087,2025-01-19 17:05:42,2025-01-19 17:41:42
v_000011746,u_001793,s_00101,2025-02-26 23:22:40,2025-02-26 23:54:40
v_000011747,u_001339,s_00028,2025-02-05 15:06:38,2025-02-05 15:39:38
v_000011748,u_000761,s_00082,2025-01-04 22:52:01,2025-01-04 22:54:01
v_000011749,u_001089,s_00016,2025-02-10 23:32:16,2025-02-11 00:12:16
v_000011750,u_000486,s_00123,2025-02-05 15:15:44,2025-02-05 16:13:44
v_000011751,u_001591,s_00000,2025-01-11 23:56:37,2025-01-12 00:13:37
v_000011752,u_001436,s_00015,2025-02-27 20:46:06,2025-02-27 22:31:06
v_000011753,u_000774,s_00051,2025-02-16 22:04:02,2025-02-16 23:33:02
v_000011754,u_000455,s_00029,2025-01-29 23:09:50,2025-01-29 23:24:50
v_000011755,u_001172,s_00037,2025-01-29 18:12:44,2025-01-29 18:13:44
v_000011756,u_000894,s_00078,2025-02-21 20:19:01,2025-02-21 20:28:01
v_000011757,u_001075,s_00001,2025-02-22 21:18:19,2025-02-22 21:21:19
v_000011758,u_001007,s_00140,2025-02-15 19:55:39,2025-02-15 20:01:39
v_000011759,u_001146,s_00005,2025-01-13 20:18:50,2025-01-13 20:27:50
v_000011760,u_000382,s_00033,2025-01-26 23:08:30,2025-01-26 23:09:30
v_000011761,u_000184,s_00009,2025-01-03 22:20:13,2025-01-03 22:42:13
v_000011762,u_001812,s_00103,2025-01-26 23:27:51,2025-01-27 00:20:51
v_000011763,u_000100,s_00049,2025-01-15 12:05:57,2025-01-15 12:11:57
v_000011764,u_000535,s_00109,2025-02-23 16:53:02,2025-02-23 17:05:02
v_000011765,u_001447,s_00049,2025-02-12 20:51:13,2025-02-12 21:16:13
v_000011766,u_000627,s_00075,2025-01-08 21:14:39,2025-01-08 21:16:39
v_000011767,u_000001,s_00144,2025-02-02 23:53:59,2025-02-03 00:20:59
v_000011768,u_001068,s_00111,2025-02-21 11:47:10,2025-02-21 11:48:10
v_000011769,u_000399,s_00084,2025-02-27 21:32:32,2025-02-27 21:38:32
v_000011770,u_000885,s_00088,2025-01-30 21:14:16,2025-01-30 21:18:16
v_000011771,u_001258,s_00137,2025-02-21 18:47:47,2025-02-21 19:40:47
v_000011772,u_000648,s_00076,2025-02-27 21:23:49,2025-02-27 21:28:49
v_000011773,u_001483,s_00044,2025-01-05 18:34:26,2025-01-05 18:41:26
v_000011774,u_000166,s_00049,2025-02-17 14:17:49,2025-02-17 14:19:49
v_000011775,u_001665,s_00102,2025-02-24 10:41:06,2025-02-24 11:07:06
v_000011776,u_001091,s_00050,2025-01-03 16:34:38,2025-01-03 17:10:38
v_000011777,u_001265,s_00085,2025-01-16 20:41:27,2025-01-16 20:53:27
v_000011778,u_001722,s_00074,2025-01-13 16:13:37,2025-01-13 16:23:37
v_000011779,u_000794,s_00003,2025-02-20 18:53:35,2025-02-20 18:54:35
v_000011780,u_001877,s_00119,2025-01-03 21:41:42,2025-01-03 21:56:42
v_000011781,u_001699,s_00064,2025-02-04 15:49:50,2025-02-04 16:05:50
v_000011782,u_000948,s_00120,2025-01-08 12:12:47,2025-01-08 12:47:47
v_000011783,u_001056,s_00132,2025-01-23 16:03:11,2025-01-23 16:16:11
v_000011784,u_001612,s_00065,2025-02-27 21:36:56,2025-02-27 22:01:56
v_000011785,u_001046,s_00103,2025-01-12 18:26:59,2025-01-12 18:57:59
v_000011786,u_000314,s_00076,2025-01-15 17:36:13,2025-01-15 18:09:13
v_000011787,u_001711,s_00145,2025-01-17 20:40:56,2025-01-17 21:15:56
v_000011788,u_001649,s_00119,2025-01-11 23:22:14,2025-01-12 00:18:14
v_000011789,u_000420,s_00043,2025-02-20 23:42:59,2025-02-20 23:50:59
v_000011790,u_000947,s_00104,2025-02-28 22:49:06,2025-02-28 23:47:06
v_000011791,u_001942,s_00105,2025-01-31 23:53:45,2025-01-31 23:58:45
v_000011792,u_001644,s_00034,2025-01-01 17:36:59,2025-01-01 18:25:59
v_000011793,u_001583,s_00122,2025-02-14 07:54:35,2025-02-14 09:11:35
v_000011794,u_001825,s_00027,2025-02-02 18:37:02,2025-02-02 19:06:02
v_000011795,u_001374,s_00051,2025-01-16 16:25:14,2025-01-16 17:04:14
v_000011796,u_000689,s_00035,2025-01-04 23:40:43,2025-01-04 23:41:43
v_000011797,u_001588,s_00103,2025-01-23 19:17:37,2025-01-23 19:26:37
v_000011798,u_000612,s_00128,2025-02-07 22:16:48,2025-02-07 22:30:48
v_000011799,u_001582,s_00082,2025-01-16 23:16:16,2025-01-16 23:20:16
v_000011800,u_001273,s_00096,2025-01-25 13:17:35,2025-01-25 13:55:35
v_000011801,u_000600,s_00059,2025-02-04 17:02:26,2025-02-04 17:47:26
v_000011802,u_000541,s_00138,2025-02-16 17:30:48,2025-02-16 18:45:48
v_000011803,u_000138,s_00077,2025-01-16 21:53:47,2025-01-16 22:01:47
v_000011804,u_000245,s_00118,2025-01-19 13:13:29,2025-01-19 15:24:29
v_000011805,u_001612,s_00063,2025-02-26 16:39:36,2025-02-26 17:07:36
v_000011806,u_000009,s_00096,2025-01-08 22:35:11,2025-01-08 22:41:11
v_000011807,u_001132,s_00097,2025-01-05 23:36:13,2025-01-05 23:53:13
v_000011808,u_000006,s_00070,2025-01-13 18:21:27,2025-01-13 18:22:27
v_000011809,u_000240,s_00051,2025-01-11 19:15:03,2025-01-11 19:33:03
v_000011810,u_000029,s_00089,2025-01-08 20:47:37,2025-01-08 21:19:37
v_000011811,u_001376,s_00097,2025-02-16 14:37:14,2025-02-16 15:01:14
v_000011812,u_001211,s_00039,2025-02-15 19:26:18,2025-02-15 20:44:18
v_000011813,u_000923,s_00005,2025-01-01 17:05:32,2025-01-01 17:52:32
v_000011814,u_000706,s_00089,2025-01-31 17:37:03,2025-01-31 17:57:03
v_000011815,u_001599,s_00056,2025-01-07 18:22:45,2025-01-07 18:25:45
v_000011816,u_001215,s_00059,2025-01-16 18:07:11,2025-01-16 18:35:11
v_000011817,u_000816,s_00080,2025-02-05 18:59:48,2025-02-05 19:13:48
v_000011818,u_001416,s_00000,2025-01-15 22:02:57,2025-01-15 22:16:57
v_000011819,u_001270,s_00040,2025-01-08 23:55:11,2025-01-09 00:00:11
v_000011820,u_001743,s_00054,2025-01-20 22:05:16,2025-01-20 22:07:16
v_000011821,u_000757,s_00143,2025-02-14 20:03:05,2025-02-14 20:04:05
v_000011822,u_000605,s_00049,2025-01-24 14:00:37,2025-01-24 14:18:37
v_000011823,u_000085,s_00089,2025-01-23 16:05:25,2025-01-23 16:39:25
v_000011824,u_001603,s_00025,2025-02-19 17:51:32,2025-02-19 18:03:32
v_000011825,u_000604,s_00078,2025-01-10 17:55:09,2025-01-10 18:01:09
v_000011826,u_001478,s_00007,2025-01-03 20:19:48,2025-01-03 20:38:48
v_000011827,u_001663,s_00009,2025-02-10 23:19:46,2025-02-10 23:22:46
v_000011828,u_001628,s_00016,2025-02-16 20:56:13,2025-02-16 21:23:13
v_000011829,u_000342,s_00113,2025-01-14 18:17:45,2025-01-14 18:38:45
v_000011830,u_000073,s_00100,2025-01-12 23:12:40,2025-01-12 23:15:40
v_000011831,u_000103,s_00022,2025-01-19 14:42:08,2025-01-19 14:50:08
v_000011832,u_000741,s_00149,2025-01-24 23:05:41,2025-01-25 00:27:41
v_000011833,u_000091,s_00041,2025-02-20 23:45:12,2025-02-20 23:52:12
v_000011834,u_001041,s_00084,2025-01-13 11:41:25,2025-01-13 12:57:25
v_000011835,u_000518,s_00108,2025-02-26 15:37:33,2025-02-26 15:39:33
v_000011836,u_000524,s_00117,2025-01-06 16:33:34,2025-01-06 16:34:34
v_000011837,u_000363,s_00067,2025-01-20 18:41:01,2025-01-20 20:45:01
v_000011838,u_001098,s_00129,2025-02-17 21:27:51,2025-02-17 21:37:51
v_000011839,u_001013,s_00052,2025-02-10 20:19:24,2025-02-10 20:21:24
v_000011840,u_001918,s_00148,2025-03-01 16:50:23,2025-03-01 17:14:23
v_000011841,u_001145,s_00071,2025-02-24 22:35:08,2025-02-24 23:19:08
v_000011842,u_000102,s_00049,2025-01-19 23:11:42,2025-01-19 23:40:42
v_000011843,u_000710,s_00132,2025-01-30 14:28:27,2025-01-30 14:35:27
v_000011844,u_000948,s_00134,2025-02-19 16:03:18,2025-02-19 16:06:18
v_000011845,u_000964,s_00016,2025-01-26 23:14:11,2025-01-26 23:53:11
v_000011846,u_001048,s_00020,2025-01-09 16:20:26,2025-01-09 17:45:26
v_000011847,u_000353,s_00055,2025-01-28 20:32:29,2025-01-28 20:56:29
v_000011848,u_000578,s_00085,2025-01-02 18:34:08,2025-01-02 19:22:08
v_000011849,u_000313,s_00007,2025-02-16 07:06:35,2025-02-16 07:08:35
v_000011850,u_000472,s_00073,2025-01-18 16:32:40,2025-01-18 17:02:40
v_000011851,u_001347,s_00122,2025-01-07 16:51:41,2025-01-07 17:30:41
v_000011852,u_001117,s_00100,2025-02-22 22:33:43,2025-02-22 22:59:43
v_000011853,u_000086,s_00071,2025-01-15 18:26:42,2025-01-15 18:55:42
v_000011854,u_000310,s_00072,2025-01-17 19:17:22,2025-01-17 19:18:22
v_000011855,u_001781,s_00090,2025-01-07 23:53:00,2025-01-08 01:02:00
v_000011856,u_001713,s_00100,2025-02-15 18:44:16,2025-02-15 18:45:16
v_000011857,u_001962,s_00127,2025-01-01 16:16:00,2025-01-01 16:17:00
v_000011858,u_001874,s_00024,2025-02-26 17:48:01,2025-02-26 18:07:01
v_000011859,u_001498,s_00110,2025-01-23 20:16:38,2025-01-23 20:59:38
v_000011860,u_000567,s_00116,2025-02-25 19:46:44,2025-02-25 20:13:44
v_000011861,u_001629,s_00129,2025-01-14 23:19:22,2025-01-14 23:24:22
v_000011862,u_000237,s_00042,2025-03-01 17:04:39,2025-03-01 17:26:39
v_000011863,u_000603,s_00031,2025-02-20 15:54:12,2025-02-20 16:16:12
v_000011864,u_000977,s_00123,2025-02-16 21:10:04,2025-02-16 21:24:04
v_000011865,u_000866,s_00080,2025-01-21 23:10:02,2025-01-21 23:19:02
v_000011866,u_000241,s_00019,2025-02-25 23:46:04,2025-02-25 23:49:04
v_000011867,u_001964,s_00138,2025-01-20 16:57:10,2025-01-20 17:09:10
v_000011868,u_000370,s_00145,2025-01-24 22:35:06,2025-01-24 22:57:06
v_000011869,u_000528,s_00067,2025-01-18 14:51:19,2025-01-18 14:58:19
v_000011870,u_000220,s_00071,2025-01-01 21:24:55,2025-01-01 21:28:55
v_000011871,u_001534,s_00049,2025-01-14 23:24:48,2025-01-14 23:25:48
v_000011872,u_001672,s_00127,2025-01-04 15:03:40,2025-01-04 15:27:40
v_000011873,u_000248,s_00104,2025-01-20 19:49:58,2025-01-20 19:54:58
v_000011874,u_000217,s_00089,2025-01-13 17:57:06,2025-01-13 18:05:06
v_000011875,u_001312,s_00032,2025-01-24 23:51:06,2025-01-25 00:55:06
v_000011876,u_001826,s_00100,2025-02-05 22:20:44,2025-02-05 22:29:44
v_000011877,u_001648,s_00040,2025-01-23 22:28:36,2025-01-23 22:51:36
v_000011878,u_000269,s_00004,2025-02-05 15:28:15,2025-02-05 15:56:15
v_000011879,u_000889,s_00140,2025-02-23 19:10:00,2025-02-23 19:35:00
v_000011880,u_001039,s_00087,2025-02-19 13:14:47,2025-02-19 13:22:47
v_000011881,u_000961,s_00080,2025-02-07 16:41:19,2025-02-07 17:09:19
v_000011882,u_001566,s_00028,2025-02-17 19:44:34,2025-02-17 20:03:34
v_000011883,u_000516,s_00096,2025-01-26 11:39:42,2025-01-26 11:45:42
v_000011884,u_001533,s_00140,2025-01-29 14:44:06,2025-01-29 14:55:06
v_000011885,u_001527,s_00005,2025-01-05 19:45:47,2025-01-05 20:22:47
v_000011886,u_000428,s_00128,2025-01-06 18:16:19,2025-01-06 18:43:19
v_000011887,u_001565,s_00011,2025-01-25 22:45:08,2025-01-25 22:48:08
v_000011888,u_001873,s_00100,2025-01-30 23:39:22,2025-01-30 23:52:22
v_000011889,u_001926,s_00054,2025-01-24 19:50:35,2025-01-24 19:55:35
v_000011890,u_001642,s_00014,2025-02-08 17:02:08,2025-02-08 17:07:08
v_000011891,u_000144,s_00037,2025-02-09 22:59:23,2025-02-09 23:07:23
v_000011892,u_000120,s_00010,2025-01-20 14:28:53,2025-01-20 14:29:53
v_000011893,u_001249,s_00067,2025-02-28 23:22:05,2025-02-28 23:26:05
v_000011894,u_000009,s_00096,2025-02-24 18:37:36,2025-02-24 18:40:36
v_000011895,u_001392,s_00078,2025-01-31 16:47:55,2025-01-31 16:52:55
v_000011896,u_000206,s_00026,2025-02-27 19:19:17,2025-02-27 19:22:17
v_000011897,u_001413,s_00020,2025-02-25 18:31:11,2025-02-25 18:35:11
v_000011898,u_000970,s_00140,2025-01-22 23:52:32,2025-01-23 00:06:32
v_000011899,u_000124,s_00098,2025-01-18 22:56:38,2025-01-18 23:25:38
v_000011900,u_001864,s_00007,2025-02-27 12:32:52,2025-02-27 12:40:52
v_000011901,u_000078,s_00014,2025-01-20 22:30:06,2025-01-20 22:48:06
v_000011902,u_000432,s_00021,2025-01-24 23:26:09,2025-01-24 23:29:09
v_000011903,u_001954,s_00049,2025-01-31 19:27:37,2025-01-31 19:28:37
v_000011904,u_000214,s_00020,2025-01-30 21:07:47,2025-01-30 21:21:47
v_000011905,u_001048,s_00094,2025-02-13 23:35:58,2025-02-13 23:42:58
v_000011906,u_000537,s_00009,2025-02-15 17:06:59,2025-02-15 17:33:59
v_000011907,u_001843,s_00010,2025-01-19 14:04:22,2025-01-19 14:16:22
v_000011908,u_000932,s_00045,2025-02-18 17:41:30,2025-02-18 17:50:30
v_000011909,u_001603,s_00022,2025-01-15 20:33:06,2025-01-15 20:36:06
v_000011910,u_001835,s_00121,2025-01-29 23:59:44,2025-01-30 00:33:44
v_000011911,u_001499,s_00017,2025-02-27 14:10:07,2025-02-27 14:57:07
v_000011912,u_001884,s_00038,2025-01-05 23:43:31,2025-01-06 00:18:31
v_000011913,u_001733,s_00001,2025-01-15 19:44:58,2025-01-15 20:14:58
v_000011914,u_000539,s_00033,2025-02-24 17:56:10,2025-02-24 18:15:10
v_000011915,u_000583,s_00083,2025-01-18 21:47:59,2025-01-18 22:11:59
v_000011916,u_001649,s_00063,2025-02-15 21:47:24,2025-02-15 21:48:24
v_000011917,u_000842,s_00081,2025-02-01 21:00:10,2025-02-01 22:01:10
v_000011918,u_001024,s_00016,2025-02-02 21:52:41,2025-02-02 21:56:41
v_000011919,u_000529,s_00032,2025-01-30 13:27:00,2025-01-30 13:33:00
v_000011920,u_001441,s_00042,2025-01-18 21:20:46,2025-01-18 21:32:46
v_000011921,u_001377,s_00073,2025-02-04 23:46:38,2025-02-04 23:55:38
v_000011922,u_000914,s_00108,2025-01-16 15:58:48,2025-01-16 16:03:48
v_000011923,u_000162,s_00095,2025-01-04 17:23:37,2025-01-04 18:06:37
v_000011924,u_000825,s_00139,2025-02-12 22:57:50,2025-02-12 23:16:50
v_000011925,u_000801,s_00001,2025-02-11 23:32:04,2025-02-11 23:44:04
v_000011926,u_001724,s_00007,2025-01-17 16:50:53,2025-01-17 17:04:53
v_000011927,u_001563,s_00031,2025-02-10 16:09:27,2025-02-10 16:34:27
v_000011928,u_000246,s_00081,2025-02-12 13:27:59,2025-02-12 13:28:59
v_000011929,u_000451,s_00103,2025-02-16 22:25:27,2025-02-16 22:52:27
v_000011930,u_000605,s_00049,2025-02-11 20:58:31,2025-02-11 21:27:31
v_000011931,u_001446,s_00147,2025-01-01 23:59:51,2025-01-02 00:10:51
v_000011932,u_000206,s_00003,2025-01-18 19:42:30,2025-01-18 20:11:30
v_000011933,u_000647,s_00037,2025-02-26 23:57:32,2025-02-27 00:27:32
v_000011934,u_001279,s_00067,2025-02-14 14:34:25,2025-02-14 14:44:25
v_000011935,u_000031,s_00060,2025-01-29 22:36:52,2025-01-29 22:41:52
v_000011936,u_001313,s_00024,2025-02-04 15:23:34,2025-02-04 15:44:34
v_000011937,u_000072,s_00148,2025-02-05 19:51:26,2025-02-05 20:04:26
v_000011938,u_000689,s_00129,2025-02-01 23:07:15,2025-02-01 23:30:15
v_000011939,u_001370,s_00035,2025-01-26 13:21:06,2025-01-26 13:56:06
v_000011940,u_001646,s_00008,2025-01-30 22:26:49,2025-01-30 23:05:49
v_000011941,u_001119,s_00121,2025-02-01 22:04:09,2025-02-01 22:46:09
v_000011942,u_000993,s_00113,2025-01-17 16:40:24,2025-01-17 16:45:24
v_000011943,u_001376,s_00094,2025-01-01 18:34:06,2025-01-01 19:23:06
v_000011944,u_000436,s_00074,2025-02-21 16:18:48,2025-02-21 16:19:48
v_000011945,u_001173,s_00034,2025-02-23 23:15:43,2025-02-24 00:05:43
v_000011946,u_001817,s_00068,2025-02-18 16:11:14,2025-02-18 16:34:14
v_000011947,u_000343,s_00030,2025-01-10 18:19:22,2025-01-10 19:04:22
v_000011948,u_000449,s_00001,2025-01-18 18:09:15,2025-01-18 18:19:15
v_000011949,u_001386,s_00137,2025-01-10 15:25:36,2025-01-10 16:13:36
v_000011950,u_001200,s_00057,2025-02-08 18:13:25,2025-02-08 18:16:25
v_000011951,u_000358,s_00101,2025-01-08 23:13:27,2025-01-09 00:00:27
v_000011952,u_001492,s_00134,2025-02-12 23:59:46,2025-02-13 00:33:46
v_000011953,u_000227,s_00101,2025-02-11 12:18:36,2025-02-11 12:25:36
v_000011954,u_000037,s_00116,2025-02-01 11:06:08,2025-02-01 11:50:08
v_000011955,u_001504,s_00032,2025-01-02 18:30:08,2025-01-02 18:44:08
v_000011956,u_001115,s_00022,2025-01-28 22:38:04,2025-01-28 23:49:04
v_000011957,u_000100,s_00042,2025-01-17 19:07:09,2025-01-17 19:19:09
v_000011958,u_001370,s_00049,2025-01-18 15:21:24,2025-01-18 15:44:24
v_000011959,u_001957,s_00007,2025-01-28 20:59:43,2025-01-28 21:55:43
v_000011960,u_000656,s_00121,2025-02-26 16:26:38,2025-02-26 16:42:38
v_000011961,u_001016,s_00128,2025-01-19 18:19:26,2025-01-19 18:31:26
v_000011962,u_001027,s_00025,2025-02-03 17:19:37,2025-02-03 18:01:37
v_000011963,u_000900,s_00125,2025-02-27 20:56:09,2025-02-27 21:18:09
v_000011964,u_000209,s_00023,2025-01-21 20:23:49,2025-01-21 20:39:49
v_000011965,u_001741,s_00127,2025-01-23 20:59:09,2025-01-23 21:04:09
v_000011966,u_001462,s_00090,2025-01-09 23:41:16,2025-01-10 00:15:16
v_000011967,u_000068,s_00110,2025-01-11 18:07:48,2025-01-11 19:29:48
v_000011968,u_000230,s_00006,2025-01-09 19:26:00,2025-01-09 20:08:00
v_000011969,u_000311,s_00023,2025-03-01 22:21:18,2025-03-01 22:43:18
v_000011970,u_001873,s_00029,2025-02-03 23:48:18,2025-02-04 00:14:18
v_000011971,u_000249,s_00079,2025-01-25 20:07:20,2025-01-25 20:22:20
v_000011972,u_001296,s_00068,2025-02-17 16:19:27,2025-02-17 16:43:27
v_000011973,u_001862,s_00030,2025-01-16 19:22:42,2025-01-16 20:22:42
v_000011974,u_001356,s_00000,2025-02-03 18:41:43,2025-02-03 18:45:43
v_000011975,u_000017,s_00114,2025-02-07 17:12:45,2025-02-07 17:34:45
v_000011976,u_001183,s_00141,2025-01-08 21:39:05,2025-01-08 21:49:05
v_000011977,u_000903,s_00014,2025-02-03 21:05:18,2025-02-03 21:09:18
v_000011978,u_000319,s_00121,2025-02-05 23:47:30,2025-02-06 00:00:30
v_000011979,u_001781,s_00046,2025-01-16 20:05:32,2025-01-16 20:35:32
v_000011980,u_001844,s_00102,2025-01-24 23:47:18,2025-01-25 00:13:18
v_000011981,u_001122,s_00019,2025-02-12 20:44:21,2025-02-12 20:51:21
v_000011982,u_000278,s_00033,2025-01-30 20:30:49,2025-01-30 20:35:49
v_000011983,u_001739,s_00067,2025-01-06 18:08:11,2025-01-06 18:42:11
v_000011984,u_000127,s_00086,2025-02-15 21:46:03,2025-02-15 21:58:03
v_000011985,u_001014,s_00004,2025-01-13 16:19:37,2025-01-13 16:36:37
v_000011986,u_001448,s_00099,2025-01-21 20:06:51,2025-01-21 20:36:51
v_000011987,u_000438,s_00029,2025-01-28 14:31:20,2025-01-28 14:44:20
v_000011988,u_000303,s_00093,2025-01-10 22:23:44,2025-01-10 22:37:44
v_000011989,u_001873,s_00067,2025-01-13 21:53:38,2025-01-13 22:10:38
v_000011990,u_001424,s_00015,2025-02-28 23:11:28,2025-02-28 23:17:28
v_000011991,u_000670,s_00019,2025-02-05 13:25:17,2025-02-05 13:58:17
v_000011992,u_000882,s_00116,2025-02-18 19:02:17,2025-02-18 19:22:17
v_000011993,u_001577,s_00005,2025-01-18 18:56:01,2025-01-18 19:05:01
v_000011994,u_001937,s_00149,2025-02-11 19:57:11,2025-02-11 20:01:11
v_000011995,u_001718,s_00050,2025-02-08 20:56:16,2025-02-08 21:07:16
v_000011996,u_000460,s_00002,2025-01-25 20:27:02,2025-01-25 20:28:02
v_000011997,u_001419,s_00126,2025-01-19 23:50:10,2025-01-19 23:51:10
v_000011998,u_000698,s_00134,2025-01-28 23:26:09,2025-01-28 23:27:09
v_000011999,u_000936,s_00127,2025-01-22 22:59:21,2025-01-22 23:17:21
v_000012000,u_000906,s_00019,2025-02-02 19:42:50,2025-02-02 20:55:50
v_000012001,u_001464,s_00062,2025-01-15 13:16:09,2025-01-15 13:23:09
v_000012002,u_000340,s_00127,2025-02-09 20:08:58,2025-02-09 20:36:58
v_000012003,u_000634,s_00102,2025-02-14 14:16:43,2025-02-14 14:27:43
v_000012004,u_001836,s_00055,2025-01-18 18:24:10,2025-01-18 18:45:10
v_000012005,u_000617,s_00127,2025-01-29 16:06:43,2025-01-29 16:31:43
v_000012006,u_000435,s_00016,2025-01-07 19:25:40,2025-01-07 19:57:40
v_000012007,u_001410,s_00027,2025-01-25 19:46:08,2025-01-25 20:23:08
v_000012008,u_000493,s_00067,2025-01-07 18:13:36,2025-01-07 18:21:36
v_000012009,u_001262,s_00031,2025-02-03 18:22:11,2025-02-03 18:31:11
v_000012010,u_000216,s_00019,2025-01-27 19:45:47,2025-01-27 19:54:47
v_000012011,u_000882,s_00010,2025-02-16 14:48:30,2025-02-16 14:57:30
v_000012012,u_000404,s_00131,2025-01-20 21:43:09,2025-01-20 21:52:09
v_000012013,u_000242,s_00053,2025-02-16 19:24:45,2025-02-16 19:49:45
v_000012014,u_000759,s_00097,2025-02-07 21:05:59,2025-02-07 21:47:59
v_000012015,u_000324,s_00069,2025-02-01 15:55:05,2025-02-01 16:06:05
v_000012016,u_001736,s_00038,2025-01-28 23:11:58,2025-01-29 00:11:58
v_000012017,u_000441,s_00084,2025-01-29 22:20:15,2025-01-29 22:37:15
v_000012018,u_000671,s_00049,2025-02-07 09:28:35,2025-02-07 09:46:35
v_000012019,u_001922,s_00049,2025-02-20 18:19:17,2025-02-20 18:52:17
v_000012020,u_001706,s_00062,2025-02-06 20:03:40,2025-02-06 20:20:40
v_000012021,u_000242,s_00006,2025-02-05 22:50:08,2025-02-05 23:06:08
v_000012022,u_000872,s_00123,2025-02-19 18:28:31,2025-02-19 18:53:31
v_000012023,u_000067,s_00107,2025-02-09 14:30:20,2025-02-09 15:06:20
v_000012024,u_000184,s_00009,2025-01-29 19:36:35,2025-01-29 19:41:35
v_000012025,u_001178,s_00115,2025-01-22 20:42:36,2025-01-22 20:43:36
v_000012026,u_000605,s_00041,2025-01-11 17:40:47,2025-01-11 18:10:47
v_000012027,u_000592,s_00072,2025-01-15 16:10:49,2025-01-15 16:19:49
v_000012028,u_001710,s_00089,2025-01-22 22:17:08,2025-01-22 22:40:08
v_000012029,u_000653,s_00113,2025-02-26 18:12:12,2025-02-26 18:19:12
v_000012030,u_000738,s_00099,2025-01-19 13:43:21,2025-01-19 13:48:21
v_000012031,u_000069,s_00071,2025-02-27 22:17:02,2025-02-27 22:40:02
v_000012032,u_000468,s_00120,2025-02-16 20:48:01,2025-02-16 20:49:01
v_000012033,u_000108,s_00103,2025-01-02 13:34:31,2025-01-02 13:41:31
v_000012034,u_001145,s_00148,2025-01-05 18:47:57,2025-01-05 19:03:57
v_000012035,u_000755,s_00065,2025-02-19 18:54:50,2025-02-19 18:56:50
v_000012036,u_001767,s_00090,2025-02-15 18:56:50,2025-02-15 19:04:50
v_000012037,u_001885,s_00090,2025-01-03 21:19:45,2025-01-03 21:29:45
v_000012038,u_001914,s_00119,2025-02-27 16:18:48,2025-02-27 16:30:48
v_000012039,u_000228,s_00005,2025-02-22 23:12:09,2025-02-22 23:13:09
v_000012040,u_001535,s_00137,2025-01-31 23:11:14,2025-02-01 00:31:14
v_000012041,u_000594,s_00056,2025-01-18 19:05:41,2025-01-18 20:01:41
v_000012042,u_000572,s_00112,2025-01-31 18:31:19,2025-01-31 18:41:19
v_000012043,u_000532,s_00065,2025-01-09 17:03:44,2025-01-09 17:26:44
v_000012044,u_001356,s_00000,2025-02-22 15:02:59,2025-02-22 16:14:59
v_000012045,u_000553,s_00045,2025-01-31 23:27:25,2025-01-31 23:57:25
v_000012046,u_001058,s_00118,2025-01-18 15:45:12,2025-01-18 17:00:12
v_000012047,u_001369,s_00130,2025-02-27 18:16:25,2025-02-27 18:31:25
v_000012048,u_001671,s_00045,2025-02-15 19:31:47,2025-02-15 19:47:47
v_000012049,u_001761,s_00123,2025-02-17 16:04:51,2025-02-17 17:53:51
v_000012050,u_000541,s_00138,2025-01-15 15:23:23,2025-01-15 15:35:23
v_000012051,u_001716,s_00149,2025-02-20 23:35:35,2025-02-21 00:19:35
v_000012052,u_001721,s_00090,2025-01-06 17:27:30,2025-01-06 17:36:30
v_000012053,u_001074,s_00132,2025-02-21 23:36:31,2025-02-21 23:41:31
v_000012054,u_000180,s_00025,2025-02-26 15:38:07,2025-02-26 15:48:07
v_000012055,u_000514,s_00024,2025-02-16 21:16:23,2025-02-16 21:35:23
v_000012056,u_001994,s_00075,2025-01-13 22:10:54,2025-01-13 22:28:54
v_000012057,u_000430,s_00023,2025-02-20 23:01:45,2025-02-20 23:11:45
v_000012058,u_001910,s_00090,2025-02-09 15:12:48,2025-02-09 15:46:48
v_000012059,u_001676,s_00129,2025-01-15 21:09:49,2025-01-15 21:15:49
v_000012060,u_001161,s_00116,2025-02-20 19:27:05,2025-02-20 19:55:05
v_000012061,u_000310,s_00004,2025-01-18 13:30:30,2025-01-18 13:58:30
v_000012062,u_001891,s_00067,2025-01-10 12:10:55,2025-01-10 12:33:55
v_000012063,u_000081,s_00131,2025-01-02 18:31:48,2025-01-02 18:32:48
v_000012064,u_001187,s_00002,2025-01-23 19:59:20,2025-01-23 20:06:20
v_000012065,u_001726,s_00006,2025-02-01 20:36:52,2025-02-01 20:39:52
v_000012066,u_000873,s_00022,2025-02-16 19:41:25,2025-02-16 19:42:25
v_000012067,u_000615,s_00045,2025-01-27 23:59:51,2025-01-28 00:08:51
v_000012068,u_001300,s_00061,2025-02-21 21:22:55,2025-02-21 21:32:55
v_000012069,u_000435,s_00068,2025-01-14 16:51:06,2025-01-14 17:02:06
v_000012070,u_001816,s_00038,2025-01-11 21:41:48,2025-01-11 21:56:48
v_000012071,u_001460,s_00068,2025-01-11 19:03:22,2025-01-11 19:42:22
v_000012072,u_001434,s_00001,2025-02-23 19:50:09,2025-02-23 20:09:09
v_000012073,u_001264,s_00060,2025-01-03 12:26:19,2025-01-03 12:34:19
v_000012074,u_000642,s_00090,2025-02-22 20:50:28,2025-02-22 21:46:28
v_000012075,u_000927,s_00064,2025-01-28 19:20:23,2025-01-28 20:58:23
v_000012076,u_000276,s_00076,2025-01-07 23:05:24,2025-01-07 23:37:24
v_000012077,u_001143,s_00063,2025-01-27 15:18:45,2025-01-27 15:27:45
v_000012078,u_000675,s_00059,2025-01-31 18:10:38,2025-01-31 18:38:38
v_000012079,u_001568,s_00117,2025-02-23 23:31:24,2025-02-23 23:56:24
v_000012080,u_000887,s_00131,2025-02-16 20:11:31,2025-02-16 20:57:31
v_000012081,u_001591,s_00095,2025-01-28 17:26:57,2025-01-28 17:27:57
v_000012082,u_001870,s_00034,2025-01-21 18:19:40,2025-01-21 18:57:40
v_000012083,u_001834,s_00026,2025-01-30 22:15:25,2025-01-30 23:13:25
v_000012084,u_000662,s_00089,2025-02-06 16:07:39,2025-02-06 16:21:39
v_000012085,u_001023,s_00029,2025-01-04 23:46:22,2025-01-05 00:02:22
v_000012086,u_000125,s_00083,2025-01-28 23:16:25,2025-01-28 23:29:25
v_000012087,u_001564,s_00115,2025-01-28 21:31:22,2025-01-28 21:36:22
v_000012088,u_000257,s_00067,2025-01-15 22:24:13,2025-01-15 23:22:13
v_000012089,u_000746,s_00076,2025-02-24 15:33:28,2025-02-24 15:47:28
v_000012090,u_000992,s_00079,2025-02-21 16:00:30,2025-02-21 17:09:30
v_000012091,u_001255,s_00132,2025-01-02 20:05:37,2025-01-02 20:06:37
v_000012092,u_001933,s_00063,2025-02-13 23:56:29,2025-02-14 00:10:29
v_000012093,u_001355,s_00086,2025-01-02 22:18:14,2025-01-02 22:39:14
v_000012094,u_000428,s_00128,2025-02-04 23:24:28,2025-02-04 23:44:28
v_000012095,u_001681,s_00020,2025-01-10 17:26:31,2025-01-10 17:42:31
v_000012096,u_001849,s_00107,2025-02-06 22:59:23,2025-02-06 23:08:23
v_000012097,u_001278,s_00141,2025-02-20 22:03:35,2025-02-20 22:08:35
v_000012098,u_001276,s_00125,2025-01-09 15:44:47,2025-01-09 15:49:47
v_000012099,u_001762,s_00076,2025-02-11 23:07:00,2025-02-11 23:42:00
v_000012100,u_000238,s_00089,2025-01-25 23:12:55,2025-01-25 23:23:55
v_000012101,u_000440,s_00090,2025-01-25 15:56:11,2025-01-25 16:20:11
v_000012102,u_000046,s_00122,2025-02-01 15:23:09,2025-02-01 15:24:09
v_000012103,u_001166,s_00146,2025-02-22 13:41:29,2025-02-22 13:42:29
v_000012104,u_000105,s_00084,2025-01-14 14:37:11,2025-01-14 15:43:11
v_000012105,u_001555,s_00030,2025-02-17 23:04:02,2025-02-17 23:26:02
v_000012106,u_001567,s_00095,2025-01-24 22:15:54,2025-01-24 23:03:54
v_000012107,u_001568,s_00117,2025-01-01 23:45:43,2025-01-01 23:51:43
v_000012108,u_001588,s_00103,2025-01-16 23:30:13,2025-01-17 00:07:13
v_000012109,u_001045,s_00092,2025-02-07 23:36:52,2025-02-08 00:29:52
v_000012110,u_001068,s_00067,2025-01-11 14:30:11,2025-01-11 15:54:11
v_000012111,u_001781,s_00093,2025-02-16 17:02:55,2025-02-16 17:08:55
v_000012112,u_000127,s_00033,2025-01-17 16:11:28,2025-01-17 16:19:28
v_000012113,u_000398,s_00118,2025-01-12 23:42:10,2025-01-12 23:47:10
v_000012114,u_001719,s_00064,2025-01-04 19:30:39,2025-01-04 19:45:39
v_000012115,u_000523,s_00102,2025-01-03 20:12:40,2025-01-03 21:55:40
v_000012116,u_001005,s_00016,2025-01-20 23:39:57,2025-01-20 23:40:57
v_000012117,u_000753,s_00101,2025-02-24 18:41:15,2025-02-24 18:58:15
v_000012118,u_001047,s_00043,2025-01-28 15:00:51,2025-01-28 15:04:51
v_000012119,u_001385,s_00121,2025-02-07 23:41:48,2025-02-07 23:50:48
v_000012120,u_000861,s_00012,2025-01-29 23:05:36,2025-01-29 23:32:36
v_000012121,u_001731,s_00038,2025-02-09 23:58:37,2025-02-10 00:20:37
v_000012122,u_001074,s_00000,2025-01-17 20:38:19,2025-01-17 20:46:19
v_000012123,u_000372,s_00068,2025-02-03 21:24:34,2025-02-03 22:06:34
v_000012124,u_001100,s_00080,2025-02-13 13:50:13,2025-02-13 13:55:13
v_000012125,u_000829,s_00103,2025-02-06 22:17:07,2025-02-06 22:33:07
v_000012126,u_001352,s_00075,2025-01-08 23:52:02,2025-01-09 00:40:02
v_000012127,u_000006,s_00101,2025-01-01 20:53:37,2025-01-01 21:09:37
v_000012128,u_000567,s_00109,2025-01-12 21:48:27,2025-01-12 22:01:27
v_000012129,u_001554,s_00111,2025-01-08 20:49:29,2025-01-08 21:18:29
v_000012130,u_001864,s_00007,2025-01-30 23:43:55,2025-01-30 23:48:55
v_000012131,u_001726,s_00135,2025-01-17 18:25:35,2025-01-17 18:50:35
v_000012132,u_000165,s_00143,2025-01-26 22:01:38,2025-01-26 22:03:38
v_000012133,u_001916,s_00077,2025-01-28 17:23:15,2025-01-28 18:13:15
v_000012134,u_001666,s_00027,2025-01-26 21:43:52,2025-01-26 21:51:52
v_000012135,u_000512,s_00096,2025-01-13 19:47:54,2025-01-13 20:04:54
v_000012136,u_000870,s_00053,2025-01-18 19:20:09,2025-01-18 19:27:09
v_000012137,u_000191,s_00096,2025-01-03 19:55:12,2025-01-03 20:03:12
v_000012138,u_000262,s_00098,2025-01-22 23:27:29,2025-01-23 00:26:29
v_000012139,u_000840,s_00015,2025-02-26 20:06:23,2025-02-26 20:36:23
v_000012140,u_000340,s_00136,2025-01-29 21:35:50,2025-01-29 21:51:50
v_000012141,u_001185,s_00056,2025-01-31 16:27:07,2025-01-31 17:21:07
v_000012142,u_000835,s_00110,2025-02-15 23:10:27,2025-02-15 23:23:27
v_000012143,u_000245,s_00009,2025-01-26 19:59:59,2025-01-26 20:27:59
v_000012144,u_001420,s_00024,2025-03-01 21:08:19,2025-03-01 21:19:19
v_000012145,u_000663,s_00072,2025-02-26 17:52:10,2025-02-26 19:16:10
v_000012146,u_001702,s_00055,2025-01-02 23:13:29,2025-01-02 23:39:29
v_000012147,u_000455,s_00055,2025-01-21 15:49:49,2025-01-21 15:56:49
v_000012148,u_001147,s_00104,2025-02-21 20:19:44,2025-02-21 20:27:44
v_000012149,u_000556,s_00038,2025-02-23 22:57:17,2025-02-23 23:48:17
v_000012150,u_001909,s_00118,2025-02-05 17:05:44,2025-02-05 17:26:44
v_000012151,u_001548,s_00137,2025-01-26 14:02:56,2025-01-26 14:05:56
v_000012152,u_001288,s_00144,2025-02-14 20:08:53,2025-02-14 20:10:53
v_000012153,u_000664,s_00008,2025-02-26 19:32:59,2025-02-26 19:33:59
v_000012154,u_001302,s_00059,2025-02-15 16:13:09,2025-02-15 16:16:09
v_000012155,u_001512,s_00142,2025-02-09 21:23:12,2025-02-09 21:27:12
v_000012156,u_001463,s_00068,2025-02-04 21:29:30,2025-02-04 21:41:30
v_000012157,u_001749,s_00139,2025-02-18 20:03:23,2025-02-18 20:39:23
v_000012158,u_001089,s_00027,2025-01-20 23:44:20,2025-01-20 23:57:20
v_000012159,u_000348,s_00020,2025-02-11 13:41:22,2025-02-11 13:44:22
v_000012160,u_000384,s_00127,2025-02-13 22:08:17,2025-02-13 22:13:17
v_000012161,u_001321,s_00113,2025-01-02 19:09:33,2025-01-02 19:21:33
v_000012162,u_001864,s_00013,2025-02-22 18:07:25,2025-02-22 18:09:25
v_000012163,u_000503,s_00057,2025-02-24 22:35:13,2025-02-24 23:30:13
v_000012164,u_001146,s_00005,2025-02-23 18:36:50,2025-02-23 18:43:50
v_000012165,u_000889,s_00140,2025-01-13 19:53:09,2025-01-13 20:18:09
v_000012166,u_000925,s_00132,2025-01-28 22:35:12,2025-01-28 22:53:12
v_000012167,u_000546,s_00055,2025-01-20 20:10:24,2025-01-20 20:15:24
v_000012168,u_001548,s_00037,2025-01-27 14:28:52,2025-01-27 14:55:52
v_000012169,u_001624,s_00108,2025-02-20 19:43:25,2025-02-20 19:51:25
v_000012170,u_001882,s_00113,2025-01-07 19:34:17,2025-01-07 19:37:17
v_000012171,u_000554,s_00085,2025-01-01 23:09:32,2025-01-01 23:42:32
v_000012172,u_001924,s_00134,2025-01-20 14:29:24,2025-01-20 14:32:24
v_000012173,u_001161,s_00116,2025-01-14 23:50:06,2025-01-14 23:51:06
v_000012174,u_001344,s_00078,2025-03-01 23:58:09,2025-03-02 00:06:09
v_000012175,u_000615,s_00068,2025-01-28 15:32:12,2025-01-28 15:33:12
v_000012176,u_001822,s_00082,2025-01-16 23:48:17,2025-01-16 23:50:17
v_000012177,u_001873,s_00053,2025-01-27 23:36:41,2025-01-28 01:43:41
v_000012178,u_000956,s_00044,2025-02-08 21:33:08,2025-02-08 21:53:08
v_000012179,u_001531,s_00075,2025-02-16 19:42:27,2025-02-16 20:10:27
v_000012180,u_001632,s_00032,2025-01-28 22:25:13,2025-01-28 23:24:13
v_000012181,u_001737,s_00019,2025-01-23 16:49:55,2025-01-23 17:14:55
v_000012182,u_001194,s_00089,2025-02-21 19:33:15,2025-02-21 19:56:15
v_000012183,u_000229,s_00114,2025-01-20 15:31:46,2025-01-20 15:33:46
v_000012184,u_000572,s_00056,2025-01-05 23:45:14,2025-01-05 23:57:14
v_000012185,u_001122,s_00019,2025-02-25 17:54:19,2025-02-25 18:22:19
v_000012186,u_001553,s_00103,2025-01-12 21:57:50,2025-01-12 22:33:50
v_000012187,u_001638,s_00013,2025-02-13 21:28:37,2025-02-13 21:29:37
v_000012188,u_001464,s_00110,2025-01-24 23:57:32,2025-01-25 00:14:32
v_000012189,u_000254,s_00030,2025-02-27 23:14:48,2025-02-28 00:29:48
v_000012190,u_000374,s_00000,2025-02-07 21:58:11,2025-02-07 22:03:11
v_000012191,u_000948,s_00002,2025-02-03 21:42:46,2025-02-03 21:48:46
v_000012192,u_000643,s_00090,2025-02-07 23:07:59,2025-02-07 23:42:59
v_000012193,u_001752,s_00010,2025-01-07 19:17:58,2025-01-07 19:59:58
v_000012194,u_001601,s_00097,2025-02-21 21:44:45,2025-02-21 22:40:45
v_000012195,u_001873,s_00100,2025-02-13 23:05:16,2025-02-13 23:17:16
v_000012196,u_000742,s_00028,2025-01-24 13:27:48,2025-01-24 14:05:48
v_000012197,u_000095,s_00112,2025-01-10 19:23:49,2025-01-10 20:00:49
v_000012198,u_000701,s_00140,2025-01-04 23:29:57,2025-01-05 00:00:57
v_000012199,u_000017,s_00082,2025-01-14 19:07:07,2025-01-14 19:08:07
v_000012200,u_001653,s_00092,2025-01-06 16:50:36,2025-01-06 17:31:36
v_000012201,u_001552,s_00006,2025-01-28 23:58:06,2025-01-29 00:05:06
v_000012202,u_001016,s_00032,2025-02-09 22:23:56,2025-02-09 22:31:56
v_000012203,u_001893,s_00072,2025-02-28 17:34:49,2025-02-28 17:57:49
v_000012204,u_001089,s_00027,2025-01-06 20:41:15,2025-01-06 20:44:15
v_000012205,u_000244,s_00056,2025-02-04 17:18:59,2025-02-04 17:37:59
v_000012206,u_000714,s_00070,2025-02-13 18:32:46,2025-02-13 18:33:46
v_000012207,u_001186,s_00143,2025-02-22 20:04:11,2025-02-22 20:31:11
v_000012208,u_001332,s_00103,2025-01-08 15:56:34,2025-01-08 15:58:34
v_000012209,u_000866,s_00103,2025-01-20 23:26:19,2025-01-20 23:34:19
v_000012210,u_000971,s_00126,2025-02-06 23:01:39,2025-02-06 23:03:39
v_000012211,u_000910,s_00105,2025-01-29 23:53:41,2025-01-30 00:12:41
v_000012212,u_001768,s_00084,2025-02-14 23:58:49,2025-02-15 01:11:49
v_000012213,u_000011,s_00047,2025-01-31 17:34:13,2025-01-31 17:38:13
v_000012214,u_001651,s_00009,2025-01-28 23:08:25,2025-01-28 23:35:25
v_000012215,u_000943,s_00049,2025-01-01 17:51:35,2025-01-01 18:00:35
v_000012216,u_000053,s_00103,2025-01-21 22:09:02,2025-01-21 22:28:02
v_000012217,u_001057,s_00114,2025-01-31 20:05:02,2025-01-31 20:20:02
v_000012218,u_001169,s_00009,2025-01-16 17:48:25,2025-01-16 18:13:25
v_000012219,u_001616,s_00018,2025-01-27 20:56:34,2025-01-27 20:57:34
v_000012220,u_001747,s_00096,2025-02-16 17:10:57,2025-02-16 17:13:57
v_000012221,u_001355,s_00096,2025-01-08 19:59:20,2025-01-08 20:00:20
v_000012222,u_000429,s_00138,2025-02-09 22:47:38,2025-02-09 23:57:38
v_000012223,u_000358,s_00107,2025-01-14 16:00:40,2025-01-14 16:10:40
v_000012224,u_000975,s_00020,2025-02-06 23:12:59,2025-02-06 23:23:59
v_000012225,u_001357,s_00000,2025-01-01 16:22:33,2025-01-01 16:58:33
v_000012226,u_001925,s_00055,2025-02-25 20:27:18,2025-02-25 20:28:18
v_000012227,u_000827,s_00105,2025-01-22 19:42:24,2025-01-22 19:46:24
v_000012228,u_001642,s_00136,2025-02-24 21:43:56,2025-02-24 22:15:56
v_000012229,u_000158,s_00072,2025-02-27 17:02:35,2025-02-27 17:41:35
v_000012230,u_000260,s_00075,2025-02-12 21:48:35,2025-02-12 21:57:35
v_000012231,u_001619,s_00048,2025-02-27 14:04:46,2025-02-27 14:18:46
v_000012232,u_000166,s_00113,2025-02-20 20:49:18,2025-02-20 21:18:18
v_000012233,u_000410,s_00013,2025-01-31 16:12:16,2025-01-31 16:13:16
v_000012234,u_001455,s_00081,2025-02-12 23:53:37,2025-02-13 00:01:37
v_000012235,u_000230,s_00064,2025-01-02 16:03:54,2025-01-02 16:26:54
v_000012236,u_001179,s_00123,2025-02-02 19:06:47,2025-02-02 19:34:47
v_000012237,u_001787,s_00122,2025-02-11 18:50:12,2025-02-11 18:52:12
v_000012238,u_001237,s_00145,2025-02-05 21:08:24,2025-02-05 21:12:24
v_000012239,u_001271,s_00051,2025-02-26 18:52:59,2025-02-26 19:20:59
v_000012240,u_000594,s_00056,2025-01-18 19:02:55,2025-01-18 19:13:55
v_000012241,u_001189,s_00025,2025-02-05 16:28:11,2025-02-05 16:43:11
v_000012242,u_000583,s_00083,2025-02-22 20:26:33,2025-02-22 21:14:33
v_000012243,u_001390,s_00099,2025-01-25 20:40:13,2025-01-25 21:05:13
v_000012244,u_000171,s_00139,2025-02-02 18:09:28,2025-02-02 18:38:28
v_000012245,u_001079,s_00049,2025-02-12 23:52:49,2025-02-12 23:56:49
v_000012246,u_000410,s_00023,2025-02-18 18:54:49,2025-02-18 19:07:49
v_000012247,u_001807,s_00085,2025-02-10 12:06:13,2025-02-10 12:15:13
v_000012248,u_000995,s_00091,2025-01-25 20:22:08,2025-01-25 20:28:08
v_000012249,u_001821,s_00038,2025-01-26 21:23:48,2025-01-26 21:25:48
v_000012250,u_001255,s_00108,2025-01-20 14:55:07,2025-01-20 15:28:07
v_000012251,u_000057,s_00021,2025-02-22 17:11:56,2025-02-22 18:28:56
v_000012252,u_000271,s_00007,2025-02-13 17:22:51,2025-02-13 17:25:51
v_000012253,u_000616,s_00039,2025-02-20 18:53:14,2025-02-20 19:07:14
v_000012254,u_000746,s_00107,2025-01-28 20:47:38,2025-01-28 20:54:38
v_000012255,u_000246,s_00021,2025-01-24 22:18:37,2025-01-24 22:37:37
v_000012256,u_001376,s_00138,2025-02-04 19:36:30,2025-02-04 19:37:30
v_000012257,u_001165,s_00097,2025-01-24 22:14:06,2025-01-24 22:15:06
v_000012258,u_001073,s_00080,2025-02-20 19:43:55,2025-02-20 20:01:55
v_000012259,u_000575,s_00128,2025-01-24 14:03:01,2025-01-24 14:45:01
v_000012260,u_000088,s_00053,2025-02-18 17:28:23,2025-02-18 17:52:23
v_000012261,u_001535,s_00123,2025-02-19 17:35:31,2025-02-19 17:37:31
v_000012262,u_001019,s_00055,2025-01-23 20:11:24,2025-01-23 21:06:24
v_000012263,u_001334,s_00130,2025-01-31 19:22:14,2025-01-31 19:34:14
v_000012264,u_000584,s_00118,2025-01-30 17:37:38,2025-01-30 18:08:38
v_000012265,u_000243,s_00148,2025-02-26 18:49:13,2025-02-26 19:23:13
v_000012266,u_001171,s_00034,2025-02-05 22:42:22,2025-02-05 23:30:22
v_000012267,u_000482,s_00022,2025-01-04 20:54:46,2025-01-04 21:06:46
v_000012268,u_000298,s_00063,2025-01-09 23:26:35,2025-01-09 23:46:35
v_000012269,u_000349,s_00072,2025-02-23 22:31:29,2025-02-23 23:06:29
v_000012270,u_000657,s_00083,2025-01-06 23:04:19,2025-01-06 23:09:19
v_000012271,u_001320,s_00135,2025-01-08 21:02:15,2025-01-08 21:23:15
v_000012272,u_001898,s_00086,2025-01-05 23:17:34,2025-01-05 23:45:34
v_000012273,u_000201,s_00121,2025-02-23 16:06:11,2025-02-23 16:19:11
v_000012274,u_001032,s_00062,2025-02-08 19:42:28,2025-02-08 20:04:28
v_000012275,u_000604,s_00078,2025-01-08 16:44:29,2025-01-08 17:00:29
v_000012276,u_000151,s_00015,2025-01-28 21:02:47,2025-01-28 21:17:47
v_000012277,u_001798,s_00073,2025-01-09 18:03:06,2025-01-09 18:11:06
v_000012278,u_000126,s_00018,2025-02-10 21:08:36,2025-02-10 21:39:36
v_000012279,u_001469,s_00045,2025-02-17 22:34:23,2025-02-17 23:14:23
v_000012280,u_000746,s_00142,2025-02-19 22:28:20,2025-02-19 22:42:20
v_000012281,u_000528,s_00003,2025-02-23 23:32:01,2025-02-24 00:05:01
v_000012282,u_000438,s_00113,2025-01-26 18:20:42,2025-01-26 18:24:42
v_000012283,u_001222,s_00071,2025-01-23 23:05:33,2025-01-23 23:33:33
v_000012284,u_000149,s_00118,2025-01-31 22:11:31,2025-01-31 22:13:31
v_000012285,u_001377,s_00089,2025-02-10 15:46:31,2025-02-10 16:07:31
v_000012286,u_001102,s_00052,2025-01-24 23:05:48,2025-01-24 23:33:48
v_000012287,u_001943,s_00128,2025-01-15 23:32:11,2025-01-16 00:32:11
v_000012288,u_000289,s_00031,2025-01-05 16:06:50,2025-01-05 16:12:50
v_000012289,u_001234,s_00012,2025-01-16 23:01:45,2025-01-16 23:20:45
v_000012290,u_001785,s_00082,2025-02-17 20:13:50,2025-02-17 20:27:50
v_000012291,u_001933,s_00149,2025-02-13 23:36:33,2025-02-14 00:36:33
v_000012292,u_000097,s_00086,2025-01-22 22:38:09,2025-01-22 22:50:09
v_000012293,u_001639,s_00149,2025-02-04 23:27:08,2025-02-04 23:31:08
v_000012294,u_001714,s_00113,2025-01-27 23:16:15,2025-01-27 23:50:15
v_000012295,u_000049,s_00066,2025-01-16 19:27:42,2025-01-16 19:55:42
v_000012296,u_001527,s_00060,2025-02-20 19:26:02,2025-02-20 19:40:02
v_000012297,u_000875,s_00137,2025-02-03 18:26:30,2025-02-03 19:01:30
v_000012298,u_001243,s_00125,2025-01-21 15:37:31,2025-01-21 16:04:31
v_000012299,u_001723,s_00145,2025-02-11 19:55:00,2025-02-11 20:30:00
v_000012300,u_000887,s_00141,2025-02-14 14:09:33,2025-02-14 14:31:33
v_000012301,u_001576,s_00072,2025-01-18 16:52:22,2025-01-18 17:07:22
v_000012302,u_001849,s_00037,2025-02-27 18:46:27,2025-02-27 18:53:27
v_000012303,u_000604,s_00073,2025-01-20 18:38:33,2025-01-20 19:26:33
v_000012304,u_000988,s_00073,2025-01-12 23:08:35,2025-01-12 23:24:35
v_000012305,u_001084,s_00007,2025-02-17 18:09:43,2025-02-17 18:55:43
v_000012306,u_000755,s_00018,2025-01-30 14:59:52,2025-01-30 15:01:52
v_000012307,u_000306,s_00088,2025-03-01 19:24:31,2025-03-01 19:37:31
v_000012308,u_001130,s_00047,2025-02-08 20:25:43,2025-02-08 20:37:43
v_000012309,u_001077,s_00042,2025-02-19 19:29:29,2025-02-19 19:56:29
v_000012310,u_000909,s_00101,2025-01-26 21:29:38,2025-01-26 22:04:38
v_000012311,u_001619,s_00071,2025-01-25 19:55:16,2025-01-25 20:14:16
v_000012312,u_001108,s_00000,2025-02-16 23:13:07,2025-02-16 23:24:07
v_000012313,u_000957,s_00023,2025-02-18 23:06:58,2025-02-18 23:14:58
v_000012314,u_000851,s_00101,2025-01-22 19:16:32,2025-01-22 19:28:32
v_000012315,u_000295,s_00143,2025-01-26 20:51:49,2025-01-26 20:53:49
v_000012316,u_000272,s_00026,2025-02-22 21:42:18,2025-02-22 22:28:18
v_000012317,u_000417,s_00009,2025-02-10 23:22:51,2025-02-11 00:56:51
v_000012318,u_000146,s_00018,2025-01-10 19:10:42,2025-01-10 19:14:42
v_000012319,u_000900,s_00099,2025-02-15 15:35:18,2025-02-15 15:41:18
v_000012320,u_001714,s_00111,2025-02-08 21:45:18,2025-02-08 22:34:18
v_000012321,u_001534,s_00049,2025-01-10 20:03:57,2025-01-10 21:05:57
v_000012322,u_000219,s_00127,2025-03-01 21:22:09,2025-03-01 21:47:09
v_000012323,u_000707,s_00048,2025-02-11 23:56:16,2025-02-12 00:33:16
v_000012324,u_000707,s_00037,2025-02-03 23:49:44,2025-02-04 00:16:44
v_000012325,u_001927,s_00110,2025-02-02 20:31:30,2025-02-02 20:54:30
v_000012326,u_000100,s_00042,2025-02-24 23:19:29,2025-02-24 23:42:29
v_000012327,u_001589,s_00092,2025-01-11 12:53:19,2025-01-11 12:56:19
v_000012328,u_000585,s_00089,2025-01-17 23:25:50,2025-01-17 23:43:50
v_000012329,u_000027,s_00074,2025-02-02 19:11:21,2025-02-02 19:37:21
v_000012330,u_001759,s_00033,2025-01-17 23:42:52,2025-01-18 00:35:52
v_000012331,u_001312,s_00102,2025-02-21 23:40:12,2025-02-21 23:59:12
v_000012332,u_000825,s_00064,2025-01-24 15:29:42,2025-01-24 15:41:42
v_000012333,u_001696,s_00102,2025-01-31 23:16:31,2025-01-31 23:26:31
v_000012334,u_001862,s_00048,2025-01-21 18:07:46,2025-01-21 18:42:46
v_000012335,u_001145,s_00148,2025-01-10 11:16:44,2025-01-10 11:45:44
v_000012336,u_000978,s_00048,2025-01-01 22:05:20,2025-01-01 22:13:20
v_000012337,u_001480,s_00041,2025-01-20 15:55:55,2025-01-20 15:56:55
v_000012338,u_000091,s_00041,2025-01-05 22:44:28,2025-01-05 22:47:28
v_000012339,u_000183,s_00087,2025-01-11 19:25:46,2025-01-11 20:05:46
v_000012340,u_000139,s_00042,2025-02-13 20:12:10,2025-02-13 20:16:10
v_000012341,u_000644,s_00129,2025-01-22 14:21:00,2025-01-22 15:56:00
v_000012342,u_000040,s_00131,2025-01-04 18:02:29,2025-01-04 18:17:29
v_000012343,u_001659,s_00132,2025-02-20 18:13:03,2025-02-20 18:38:03
v_000012344,u_001377,s_00073,2025-02-10 18:31:33,2025-02-10 18:42:33
v_000012345,u_001287,s_00085,2025-02-12 23:16:15,2025-02-12 23:21:15
v_000012346,u_000371,s_00009,2025-02-02 20:16:03,2025-02-02 21:02:03
v_000012347,u_000621,s_00086,2025-01-28 17:17:55,2025-01-28 17:27:55
v_000012348,u_000094,s_00125,2025-02-11 15:14:47,2025-02-11 16:10:47
v_000012349,u_001893,s_00053,2025-01-26 18:04:44,2025-01-26 18:19:44
v_000012350,u_001309,s_00090,2025-02-11 23:56:20,2025-02-12 00:19:20
v_000012351,u_001763,s_00101,2025-01-27 22:48:01,2025-01-27 22:50:01
v_000012352,u_001103,s_00139,2025-02-06 12:01:31,2025-02-06 12:22:31
v_000012353,u_000894,s_00078,2025-02-21 12:45:09,2025-02-21 12:51:09
v_000012354,u_001909,s_00117,2025-01-20 18:42:21,2025-01-20 18:45:21
v_000012355,u_001813,s_00048,2025-01-16 23:20:43,2025-01-16 23:26:43
v_000012356,u_001075,s_00136,2025-02-22 13:06:56,2025-02-22 13:23:56
v_000012357,u_001315,s_00037,2025-02-25 22:35:23,2025-02-25 22:55:23
v_000012358,u_000692,s_00093,2025-01-23 23:16:37,2025-01-23 23:25:37
v_000012359,u_001773,s_00073,2025-02-28 23:42:08,2025-02-28 23:52:08
v_000012360,u_001818,s_00107,2025-01-12 19:02:59,2025-01-12 19:25:59
v_000012361,u_001974,s_00116,2025-01-27 17:22:07,2025-01-27 18:08:07
v_000012362,u_001258,s_00077,2025-01-11 20:30:02,2025-01-11 20:47:02
v_000012363,u_001283,s_00056,2025-02-21 22:57:01,2025-02-21 23:12:01
v_000012364,u_001264,s_00013,2025-02-18 20:58:50,2025-02-18 21:01:50
v_000012365,u_001300,s_00061,2025-02-11 18:51:39,2025-02-11 19:20:39
v_000012366,u_000274,s_00029,2025-02-08 20:42:39,2025-02-08 21:42:39
v_000012367,u_000607,s_00095,2025-02-16 23:27:52,2025-02-16 23:46:52
v_000012368,u_001628,s_00074,2025-02-28 23:33:46,2025-02-28 23:35:46
v_000012369,u_000350,s_00041,2025-02-20 22:32:31,2025-02-20 22:49:31
v_000012370,u_001339,s_00028,2025-01-22 20:11:55,2025-01-22 20:14:55
v_000012371,u_001168,s_00101,2025-02-09 19:22:32,2025-02-09 20:01:32
v_000012372,u_000535,s_00013,2025-01-18 18:05:55,2025-01-18 18:16:55
v_000012373,u_000501,s_00047,2025-01-07 16:36:18,2025-01-07 17:08:18
v_000012374,u_001761,s_00139,2025-01-31 15:06:53,2025-01-31 15:14:53
v_000012375,u_000136,s_00102,2025-01-05 15:06:51,2025-01-05 15:18:51
v_000012376,u_000184,s_00050,2025-02-17 16:06:58,2025-02-17 16:24:58
v_000012377,u_000217,s_00039,2025-01-20 20:21:44,2025-01-20 20:46:44
v_000012378,u_001435,s_00077,2025-01-20 17:22:49,2025-01-20 17:52:49
v_000012379,u_001649,s_00008,2025-01-10 23:00:36,2025-01-10 23:28:36
v_000012380,u_001149,s_00067,2025-01-30 18:26:02,2025-01-30 18:29:02
v_000012381,u_000967,s_00126,2025-01-23 10:22:56,2025-01-23 10:54:56
v_000012382,u_001089,s_00016,2025-02-22 23:54:22,2025-02-22 23:57:22
v_000012383,u_000501,s_00099,2025-02-04 21:20:06,2025-02-04 21:42:06
v_000012384,u_000505,s_00052,2025-02-04 23:17:55,2025-02-04 23:18:55
v_000012385,u_001301,s_00047,2025-02-16 19:46:46,2025-02-16 20:09:46
v_000012386,u_000554,s_00141,2025-02-01 23:52:09,2025-02-01 23:58:09
v_000012387,u_000890,s_00041,2025-01-13 23:58:38,2025-01-14 00:07:38
v_000012388,u_000598,s_00122,2025-01-04 15:01:39,2025-01-04 17:13:39
v_000012389,u_001874,s_00015,2025-02-19 17:17:49,2025-02-19 17:47:49
v_000012390,u_001110,s_00085,2025-01-30 21:51:31,2025-01-30 22:07:31
v_000012391,u_001287,s_00021,2025-01-16 23:39:11,2025-01-17 00:01:11
v_000012392,u_001278,s_00005,2025-01-06 23:52:53,2025-01-07 00:12:53
v_000012393,u_000759,s_00143,2025-01-10 15:21:29,2025-01-10 16:22:29
v_000012394,u_000338,s_00040,2025-01-27 13:19:37,2025-01-27 13:26:37
v_000012395,u_000448,s_00011,2025-01-26 22:30:12,2025-01-26 23:24:12
v_000012396,u_000060,s_00086,2025-01-24 14:47:25,2025-01-24 15:07:25
v_000012397,u_000415,s_00021,2025-02-07 18:45:16,2025-02-07 18:46:16
v_000012398,u_000227,s_00092,2025-01-02 22:18:33,2025-01-02 22:22:33
v_000012399,u_001177,s_00041,2025-01-01 23:49:05,2025-01-02 00:09:05
v_000012400,u_001091,s_00050,2025-02-26 23:29:10,2025-02-26 23:45:10
v_000012401,u_000650,s_00047,2025-01-15 23:27:09,2025-01-15 23:44:09
v_000012402,u_001648,s_00104,2025-02-28 17:17:00,2025-02-28 17:22:00
v_000012403,u_001490,s_00099,2025-02-09 17:11:51,2025-02-09 17:35:51
v_000012404,u_001641,s_00092,2025-01-22 23:58:38,2025-01-23 00:03:38
v_000012405,u_000433,s_00130,2025-02-18 21:27:53,2025-02-18 21:31:53
v_000012406,u_000316,s_00046,2025-01-30 23:13:39,2025-01-30 23:25:39
v_000012407,u_000011,s_00136,2025-02-14 22:46:02,2025-02-14 23:12:02
v_000012408,u_000710,s_00031,2025-01-30 16:41:00,2025-01-30 16:45:00
v_000012409,u_000151,s_00059,2025-01-11 15:58:00,2025-01-11 16:30:00
v_000012410,u_000132,s_00077,2025-01-24 22:14:11,2025-01-24 22:48:11
v_000012411,u_000730,s_00057,2025-01-28 23:45:10,2025-01-28 23:46:10
v_000012412,u_000456,s_00118,2025-02-20 22:41:53,2025-02-20 22:50:53
v_000012413,u_001063,s_00029,2025-02-22 23:53:18,2025-02-23 00:02:18
v_000012414,u_000402,s_00102,2025-01-09 18:18:13,2025-01-09 18:25:13
v_000012415,u_001829,s_00027,2025-02-16 23:20:36,2025-02-17 00:08:36
v_000012416,u_000083,s_00045,2025-02-02 23:22:20,2025-02-03 00:15:20
v_000012417,u_001411,s_00065,2025-01-23 16:25:03,2025-01-23 17:12:03
v_000012418,u_000793,s_00133,2025-02-01 23:03:08,2025-02-01 23:12:08
v_000012419,u_000842,s_00119,2025-02-02 12:36:28,2025-02-02 12:37:28
v_000012420,u_001437,s_00033,2025-01-05 23:20:31,2025-01-05 23:52:31
v_000012421,u_000182,s_00133,2025-02-24 22:41:20,2025-02-24 22:51:20
v_000012422,u_001796,s_00086,2025-02-16 23:52:36,2025-02-17 00:40:36
v_000012423,u_000556,s_00038,2025-02-11 18:56:58,2025-02-11 19:34:58
v_000012424,u_000138,s_00092,2025-02-16 22:50:20,2025-02-16 22:57:20
v_000012425,u_000165,s_00143,2025-02-24 15:31:51,2025-02-24 15:36:51
v_000012426,u_001404,s_00088,2025-01-09 22:28:17,2025-01-09 22:39:17
v_000012427,u_001286,s_00126,2025-01-24 23:59:25,2025-01-25 00:34:25
v_000012428,u_000253,s_00138,2025-01-27 13:14:17,2025-01-27 13:29:17
v_000012429,u_001768,s_00084,2025-02-26 17:28:51,2025-02-26 17:30:51
v_000012430,u_001704,s_00073,2025-01-30 17:47:59,2025-01-30 17:54:59
v_000012431,u_001158,s_00095,2025-01-07 19:28:18,2025-01-07 20:17:18
v_000012432,u_000574,s_00148,2025-01-21 19:23:25,2025-01-21 19:36:25
v_000012433,u_001514,s_00139,2025-01-06 11:08:06,2025-01-06 11:25:06
v_000012434,u_000526,s_00086,2025-01-27 17:54:45,2025-01-27 18:38:45
v_000012435,u_000535,s_00109,2025-01-26 19:07:02,2025-01-26 19:08:02
v_000012436,u_001659,s_00103,2025-02-25 13:39:27,2025-02-25 13:45:27
v_000012437,u_000689,s_00035,2025-01-19 23:10:50,2025-01-19 23:12:50
v_000012438,u_001389,s_00106,2025-02-24 17:45:41,2025-02-24 18:17:41
v_000012439,u_000688,s_00099,2025-01-22 21:07:39,2025-01-22 21:08:39
v_000012440,u_000115,s_00066,2025-01-29 23:46:02,2025-01-30 00:29:02
v_000012441,u_000462,s_00097,2025-01-12 19:02:06,2025-01-12 20:35:06
v_000012442,u_000615,s_00084,2025-01-31 19:21:19,2025-01-31 19:23:19
v_000012443,u_001189,s_00025,2025-01-19 18:39:24,2025-01-19 18:55:24
v_000012444,u_000594,s_00018,2025-02-06 18:29:52,2025-02-06 18:38:52
v_000012445,u_001736,s_00120,2025-01-23 19:09:31,2025-01-23 20:20:31
v_000012446,u_001656,s_00046,2025-02-06 20:50:58,2025-02-06 21:21:58
v_000012447,u_000738,s_00099,2025-01-22 19:02:00,2025-01-22 19:07:00
v_000012448,u_000208,s_00006,2025-01-23 14:45:47,2025-01-23 14:56:47
v_000012449,u_001661,s_00016,2025-02-18 23:33:47,2025-02-18 23:44:47
v_000012450,u_000030,s_00050,2025-01-12 17:00:00,2025-01-12 17:07:00
v_000012451,u_000324,s_00064,2025-02-19 19:00:50,2025-02-19 19:01:50
v_000012452,u_001124,s_00008,2025-02-25 16:23:07,2025-02-25 16:48:07
v_000012453,u_001091,s_00143,2025-01-16 23:21:50,2025-01-16 23:54:50
v_000012454,u_001265,s_00077,2025-01-30 23:00:52,2025-01-30 23:09:52
v_000012455,u_000298,s_00057,2025-01-22 23:26:07,2025-01-22 23:42:07
v_000012456,u_001630,s_00124,2025-01-01 17:46:03,2025-01-01 17:52:03
v_000012457,u_001539,s_00053,2025-01-04 23:49:51,2025-01-05 00:06:51
v_000012458,u_000230,s_00122,2025-02-14 23:06:23,2025-02-14 23:07:23
v_000012459,u_001739,s_00037,2025-01-21 13:17:06,2025-01-21 13:25:06
v_000012460,u_001686,s_00104,2025-01-30 20:35:20,2025-01-30 20:51:20
v_000012461,u_000574,s_00037,2025-01-09 17:18:23,2025-01-09 17:58:23
v_000012462,u_000793,s_00133,2025-02-18 09:47:06,2025-02-18 10:08:06
v_000012463,u_000514,s_00093,2025-02-04 14:55:08,2025-02-04 15:01:08
v_000012464,u_001361,s_00003,2025-02-22 18:31:18,2025-02-22 18:33:18
v_000012465,u_000746,s_00107,2025-01-03 23:42:24,2025-01-03 23:43:24
v_000012466,u_001537,s_00129,2025-02-01 23:29:10,2025-02-01 23:38:10
v_000012467,u_001749,s_00139,2025-01-18 16:54:46,2025-01-18 17:03:46
v_000012468,u_000642,s_00081,2025-02-09 11:53:44,2025-02-09 12:24:44
v_000012469,u_000941,s_00037,2025-02-21 23:01:01,2025-02-21 23:25:01
v_000012470,u_001511,s_00046,2025-02-14 19:19:37,2025-02-14 19:33:37
v_000012471,u_000917,s_00072,2025-01-26 22:59:55,2025-01-26 23:15:55
v_000012472,u_000112,s_00137,2025-02-25 17:24:30,2025-02-25 17:25:30
v_000012473,u_001136,s_00068,2025-02-27 13:26:30,2025-02-27 13:43:30
v_000012474,u_001113,s_00112,2025-02-28 12:19:51,2025-02-28 12:38:51
v_000012475,u_001204,s_00103,2025-03-01 18:32:44,2025-03-01 18:34:44
v_000012476,u_001140,s_00048,2025-02-16 16:15:32,2025-02-16 16:52:32
v_000012477,u_000206,s_00065,2025-02-13 22:51:46,2025-02-13 23:07:46
v_000012478,u_001831,s_00115,2025-01-16 18:51:56,2025-01-16 19:16:56
v_000012479,u_001824,s_00135,2025-02-17 23:32:56,2025-02-17 23:51:56
v_000012480,u_000530,s_00048,2025-01-20 19:59:49,2025-01-20 20:07:49
v_000012481,u_001012,s_00025,2025-02-23 21:58:01,2025-02-23 22:02:01
v_000012482,u_001878,s_00098,2025-02-02 21:33:47,2025-02-02 21:42:47
v_000012483,u_000229,s_00114,2025-03-01 16:53:24,2025-03-01 17:22:24
v_000012484,u_001873,s_00115,2025-01-26 21:44:13,2025-01-26 21:45:13
v_000012485,u_000249,s_00017,2025-02-22 13:01:13,2025-02-22 13:11:13
v_000012486,u_000402,s_00112,2025-01-30 13:20:25,2025-01-30 13:30:25
v_000012487,u_001171,s_00088,2025-02-10 19:36:23,2025-02-10 19:53:23
v_000012488,u_001663,s_00036,2025-02-13 16:15:18,2025-02-13 16:19:18
v_000012489,u_001656,s_00117,2025-02-12 20:27:59,2025-02-12 20:28:59
v_000012490,u_001112,s_00149,2025-01-09 17:05:48,2025-01-09 17:25:48
v_000012491,u_001150,s_00065,2025-01-17 19:18:43,2025-01-17 19:19:43
v_000012492,u_001292,s_00005,2025-01-15 18:31:28,2025-01-15 19:01:28
v_000012493,u_001638,s_00110,2025-02-22 20:57:36,2025-02-22 21:59:36
v_000012494,u_001527,s_00060,2025-01-20 23:09:52,2025-01-20 23:32:52
v_000012495,u_001874,s_00024,2025-03-01 16:44:52,2025-03-01 16:59:52
v_000012496,u_001047,s_00027,2025-01-10 22:19:56,2025-01-10 22:43:56
v_000012497,u_000464,s_00117,2025-01-03 18:02:21,2025-01-03 18:03:21
v_000012498,u_001841,s_00139,2025-01-07 17:55:18,2025-01-07 18:00:18
v_000012499,u_000625,s_00051,2025-01-25 19:15:56,2025-01-25 19:21:56
v_000012500,u_000270,s_00016,2025-01-03 23:46:59,2025-01-04 00:26:59
v_000012501,u_001327,s_00059,2025-01-05 16:10:15,2025-01-05 16:22:15
v_000012502,u_001234,s_00004,2025-02-18 23:00:53,2025-02-18 23:09:53
v_000012503,u_001582,s_00082,2025-02-08 19:05:15,2025-02-08 19:17:15
v_000012504,u_000798,s_00145,2025-01-06 21:52:52,2025-01-06 23:17:52
v_000012505,u_001022,s_00020,2025-02-19 20:26:48,2025-02-19 20:33:48
v_000012506,u_001535,s_00006,2025-02-17 23:06:45,2025-02-17 23:08:45
v_000012507,u_001436,s_00015,2025-01-06 12:51:57,2025-01-06 13:13:57
v_000012508,u_000292,s_00135,2025-01-07 23:18:47,2025-01-07 23:58:47
v_000012509,u_000438,s_00139,2025-01-22 20:03:25,2025-01-22 20:27:25
v_000012510,u_000549,s_00013,2025-01-14 20:27:31,2025-01-14 21:07:31
v_000012511,u_001126,s_00089,2025-01-05 18:16:48,2025-01-05 18:41:48
v_000012512,u_000487,s_00004,2025-02-27 23:23:37,2025-02-27 23:50:37
v_000012513,u_000368,s_00020,2025-01-24 19:12:31,2025-01-24 19:58:31
v_000012514,u_001674,s_00124,2025-02-21 22:58:13,2025-02-21 23:18:13
v_000012515,u_001359,s_00101,2025-02-06 19:21:48,2025-02-06 19:22:48
v_000012516,u_000484,s_00011,2025-01-12 23:50:07,2025-01-13 00:38:07
v_000012517,u_001588,s_00077,2025-02-16 14:16:09,2025-02-16 14:31:09
v_000012518,u_001243,s_00125,2025-01-26 18:27:56,2025-01-26 18:34:56
v_000012519,u_001146,s_00005,2025-02-01 22:44:26,2025-02-01 23:28:26
v_000012520,u_000954,s_00128,2025-02-14 23:42:19,2025-02-14 23:44:19
v_000012521,u_001903,s_00089,2025-02-28 20:23:44,2025-02-28 20:52:44
v_000012522,u_000542,s_00125,2025-02-17 18:52:18,2025-02-17 18:53:18
v_000012523,u_000804,s_00038,2025-01-04 21:47:09,2025-01-04 21:52:09
v_000012524,u_000224,s_00127,2025-02-02 22:07:43,2025-02-02 22:21:43
v_000012525,u_001050,s_00125,2025-01-09 13:29:53,2025-01-09 14:32:53
v_000012526,u_000346,s_00005,2025-01-11 18:33:29,2025-01-11 18:46:29
v_000012527,u_000174,s_00013,2025-01-17 17:51:51,2025-01-17 18:06:51
v_000012528,u_001134,s_00035,2025-01-19 14:26:02,2025-01-19 15:31:02
v_000012529,u_000246,s_00022,2025-02-19 22:57:52,2025-02-19 22:58:52
v_000012530,u_000378,s_00077,2025-01-31 20:31:25,2025-01-31 20:50:25
v_000012531,u_001222,s_00101,2025-02-24 23:48:01,2025-02-25 00:24:01
v_000012532,u_001641,s_00031,2025-02-21 21:56:29,2025-02-21 22:14:29
v_000012533,u_001935,s_00029,2025-01-24 20:49:56,2025-01-24 21:03:56
v_000012534,u_000512,s_00056,2025-02-08 17:50:00,2025-02-08 18:01:00
v_000012535,u_000190,s_00076,2025-02-01 22:28:22,2025-02-01 23:10:22
v_000012536,u_000884,s_00108,2025-01-14 18:51:48,2025-01-14 19:18:48
v_000012537,u_000102,s_00049,2025-02-02 15:35:12,2025-02-02 15:50:12
v_000012538,u_001878,s_00049,2025-01-25 21:33:30,2025-01-25 21:48:30
v_000012539,u_000291,s_00040,2025-01-05 14:41:22,2025-01-05 14:45:22
v_000012540,u_001467,s_00068,2025-01-22 14:09:40,2025-01-22 14:11:40
v_000012541,u_001163,s_00039,2025-01-05 20:39:29,2025-01-05 20:43:29
v_000012542,u_001255,s_00123,2025-01-17 20:14:02,2025-01-17 20:47:02
v_000012543,u_001457,s_00140,2025-02-03 23:08:10,2025-02-03 23:10:10
v_000012544,u_001367,s_00025,2025-01-22 23:10:45,2025-01-22 23:11:45
v_000012545,u_001209,s_00104,2025-02-16 23:32:22,2025-02-16 23:47:22
v_000012546,u_000619,s_00088,2025-01-21 17:46:17,2025-01-21 17:49:17
v_000012547,u_000261,s_00008,2025-01-04 15:17:10,2025-01-04 15:49:10
v_000012548,u_001377,s_00111,2025-01-18 22:41:32,2025-01-18 23:19:32
v_000012549,u_000991,s_00123,2025-02-13 17:11:15,2025-02-13 17:20:15
v_000012550,u_000886,s_00061,2025-01-31 18:40:42,2025-01-31 18:41:42
v_000012551,u_000619,s_00088,2025-02-01 14:42:29,2025-02-01 16:04:29
v_000012552,u_001709,s_00100,2025-02-16 22:53:19,2025-02-16 23:26:19
v_000012553,u_001184,s_00081,2025-01-08 16:27:38,2025-01-08 16:57:38
v_000012554,u_000350,s_00041,2025-01-20 23:50:29,2025-01-21 00:12:29
v_000012555,u_000040,s_00071,2025-01-02 23:45:10,2025-01-03 00:26:10
v_000012556,u_001962,s_00077,2025-01-16 15:52:23,2025-01-16 17:37:23
v_000012557,u_001822,s_00125,2025-01-09 23:59:07,2025-01-10 00:45:07
v_000012558,u_000662,s_00047,2025-01-19 13:20:06,2025-01-19 13:21:06
v_000012559,u_001823,s_00139,2025-01-07 23:27:57,2025-01-08 00:41:57
v_000012560,u_001304,s_00055,2025-02-01 23:38:15,2025-02-02 00:15:15
v_000012561,u_001280,s_00025,2025-01-27 17:08:51,2025-01-27 17:39:51
v_000012562,u_001332,s_00058,2025-01-19 11:55:47,2025-01-19 11:56:47
v_000012563,u_001499,s_00060,2025-03-01 18:37:29,2025-03-01 18:58:29
v_000012564,u_000741,s_00002,2025-02-22 18:33:09,2025-02-22 19:05:09
v_000012565,u_001164,s_00002,2025-01-27 23:29:04,2025-01-27 23:48:04
v_000012566,u_001418,s_00012,2025-02-04 14:22:01,2025-02-04 14:44:01
v_000012567,u_000918,s_00132,2025-01-22 23:15:26,2025-01-22 23:21:26
v_000012568,u_000128,s_00142,2025-01-28 22:49:09,2025-01-28 22:50:09
v_000012569,u_001682,s_00060,2025-02-27 18:23:06,2025-02-27 19:13:06
v_000012570,u_000095,s_00112,2025-02-22 20:53:03,2025-02-22 20:56:03
v_000012571,u_000082,s_00037,2025-01-15 16:16:26,2025-01-15 16:42:26
v_000012572,u_000739,s_00007,2025-01-07 22:19:31,2025-01-08 00:25:31
v_000012573,u_000590,s_00014,2025-01-25 12:01:37,2025-01-25 12:26:37
v_000012574,u_001914,s_00119,2025-03-01 22:24:36,2025-03-01 23:04:36
v_000012575,u_001728,s_00133,2025-01-07 16:00:34,2025-01-07 16:02:34
v_000012576,u_000097,s_00063,2025-02-25 14:14:45,2025-02-25 14:28:45
v_000012577,u_000818,s_00088,2025-02-02 22:38:08,2025-02-02 23:39:08
v_000012578,u_001864,s_00013,2025-02-09 15:10:49,2025-02-09 15:11:49
v_000012579,u_001269,s_00071,2025-03-01 20:23:05,2025-03-01 21:11:05
v_000012580,u_001594,s_00120,2025-02-22 18:54:56,2025-02-22 19:41:56
v_000012581,u_000688,s_00135,2025-02-08 21:08:23,2025-02-08 21:51:23
v_000012582,u_000759,s_00143,2025-01-01 16:07:54,2025-01-01 16:15:54
v_000012583,u_000418,s_00006,2025-02-24 23:33:32,2025-02-24 23:35:32
v_000012584,u_000409,s_00127,2025-02-02 14:00:11,2025-02-02 14:01:11
v_000012585,u_001733,s_00083,2025-02-09 17:04:19,2025-02-09 17:10:19
v_000012586,u_001756,s_00021,2025-01-01 15:59:17,2025-01-01 16:25:17
v_000012587,u_000576,s_00087,2025-02-20 22:54:56,2025-02-20 23:03:56
v_000012588,u_000536,s_00065,2025-02-25 17:02:48,2025-02-25 17:09:48
v_000012589,u_000872,s_00123,2025-02-05 23:57:12,2025-02-06 00:41:12
v_000012590,u_001114,s_00005,2025-01-02 18:16:03,2025-01-02 19:16:03
v_000012591,u_001980,s_00011,2025-01-28 16:21:04,2025-01-28 16:27:04
v_000012592,u_001274,s_00111,2025-01-18 20:22:03,2025-01-18 21:08:03
v_000012593,u_001797,s_00111,2025-02-06 21:09:18,2025-02-06 21:19:18
v_000012594,u_001463,s_00107,2025-01-11 19:09:22,2025-01-11 19:29:22
v_000012595,u_001104,s_00141,2025-02-10 23:53:43,2025-02-11 00:06:43
v_000012596,u_001321,s_00113,2025-01-03 21:21:21,2025-01-03 21:34:21
v_000012597,u_000396,s_00110,2025-01-21 14:28:52,2025-01-21 14:52:52
v_000012598,u_001716,s_00149,2025-02-05 21:21:42,2025-02-05 21:49:42
v_000012599,u_001527,s_00060,2025-02-21 20:41:04,2025-02-21 20:44:04
v_000012600,u_000900,s_00099,2025-02-18 22:32:56,2025-02-18 23:06:56
v_000012601,u_001163,s_00039,2025-01-28 19:34:56,2025-01-28 19:56:56
v_000012602,u_000804,s_00127,2025-01-10 17:51:17,2025-01-10 18:03:17
v_000012603,u_001860,s_00069,2025-02-04 20:39:38,2025-02-04 21:20:38
v_000012604,u_000097,s_00149,2025-01-09 17:36:22,2025-01-09 18:01:22
v_000012605,u_001715,s_00019,2025-01-08 20:19:11,2025-01-08 20:20:11
v_000012606,u_001958,s_00097,2025-02-22 14:56:53,2025-02-22 16:07:53
v_000012607,u_000356,s_00042,2025-02-03 22:26:25,2025-02-03 22:33:25
v_000012608,u_000775,s_00135,2025-01-12 19:33:22,2025-01-12 19:35:22
v_000012609,u_001460,s_00023,2025-02-16 22:04:01,2025-02-16 22:15:01
v_000012610,u_001226,s_00055,2025-01-24 23:56:44,2025-01-24 23:57:44
v_000012611,u_001726,s_00040,2025-01-29 21:07:56,2025-01-29 21:36:56
v_000012612,u_000604,s_00083,2025-02-11 21:09:52,2025-02-11 21:30:52
v_000012613,u_001837,s_00008,2025-02-19 23:23:34,2025-02-19 23:39:34
v_000012614,u_000478,s_00106,2025-01-05 22:13:26,2025-01-05 22:21:26
v_000012615,u_001252,s_00033,2025-02-26 16:21:33,2025-02-26 18:00:33
v_000012616,u_001447,s_00034,2025-01-14 19:55:11,2025-01-14 19:59:11
v_000012617,u_000148,s_00080,2025-02-02 23:40:29,2025-02-02 23:52:29
v_000012618,u_000900,s_00096,2025-02-04 20:47:55,2025-02-04 21:00:55
v_000012619,u_001431,s_00098,2025-01-02 15:32:20,2025-01-02 15:36:20
v_000012620,u_001460,s_00060,2025-02-25 18:56:37,2025-02-25 19:10:37
v_000012621,u_001977,s_00053,2025-02-20 18:03:04,2025-02-20 18:36:04
v_000012622,u_001468,s_00051,2025-02-20 23:03:20,2025-02-20 23:19:20
v_000012623,u_000499,s_00039,2025-01-03 20:31:18,2025-01-03 20:52:18
v_000012624,u_001345,s_00130,2025-01-14 22:53:07,2025-01-14 23:08:07
v_000012625,u_001076,s_00132,2025-01-17 21:10:20,2025-01-17 21:23:20
v_000012626,u_001287,s_00085,2025-01-16 20:51:38,2025-01-16 20:55:38
v_000012627,u_001062,s_00013,2025-02-27 18:18:30,2025-02-27 18:29:30
v_000012628,u_001530,s_00091,2025-02-11 20:15:39,2025-02-11 20:32:39
v_000012629,u_001786,s_00001,2025-02-09 20:16:53,2025-02-09 20:27:53
v_000012630,u_000321,s_00092,2025-01-13 20:53:01,2025-01-13 21:00:01
v_000012631,u_000769,s_00130,2025-01-28 15:01:21,2025-01-28 15:22:21
v_000012632,u_001112,s_00149,2025-02-20 16:42:33,2025-02-20 17:27:33
v_000012633,u_000136,s_00140,2025-01-17 19:44:51,2025-01-17 20:05:51
v_000012634,u_000172,s_00131,2025-02-11 22:28:59,2025-02-11 22:46:59
v_000012635,u_001665,s_00126,2025-02-04 16:36:12,2025-02-04 16:37:12
v_000012636,u_000448,s_00016,2025-01-14 15:19:37,2025-01-14 15:40:37
v_000012637,u_001644,s_00095,2025-01-17 21:01:00,2025-01-17 21:57:00
v_000012638,u_001856,s_00132,2025-02-03 20:54:41,2025-02-03 21:01:41
v_000012639,u_000441,s_00038,2025-01-09 19:48:08,2025-01-09 19:49:08
v_000012640,u_000570,s_00003,2025-02-11 22:04:40,2025-02-11 22:06:40
v_000012641,u_001440,s_00029,2025-01-15 18:04:17,2025-01-15 18:22:17
v_000012642,u_000764,s_00060,2025-01-07 17:07:40,2025-01-07 17:25:40
v_000012643,u_000196,s_00099,2025-01-30 19:56:15,2025-01-30 20:15:15
v_000012644,u_001795,s_00043,2025-02-05 13:01:56,2025-02-05 13:27:56
v_000012645,u_000721,s_00016,2025-02-08 17:36:16,2025-02-08 17:50:16
v_000012646,u_001698,s_00028,2025-01-12 19:59:06,2025-01-12 20:00:06
v_000012647,u_001626,s_00066,2025-02-27 16:54:30,2025-02-27 17:28:30
v_000012648,u_001288,s_00090,2025-02-15 19:40:35,2025-02-15 19:43:35
v_000012649,u_000570,s_00122,2025-01-07 22:17:07,2025-01-07 22:23:07
v_000012650,u_001430,s_00013,2025-02-09 10:25:12,2025-02-09 11:17:12
v_000012651,u_001747,s_00008,2025-01-06 19:12:56,2025-01-06 19:16:56
v_000012652,u_001346,s_00123,2025-02-04 15:12:02,2025-02-04 15:39:02
v_000012653,u_000123,s_00062,2025-01-29 16:21:41,2025-01-29 16:50:41
v_000012654,u_000746,s_00091,2025-01-04 18:18:38,2025-01-04 18:55:38
v_000012655,u_000363,s_00080,2025-01-04 16:10:23,2025-01-04 16:32:23
v_000012656,u_000530,s_00012,2025-01-16 19:05:23,2025-01-16 19:17:23
v_000012657,u_000700,s_00062,2025-02-18 21:04:33,2025-02-18 21:16:33
v_000012658,u_000352,s_00075,2025-02-17 22:22:23,2025-02-17 22:29:23
v_000012659,u_001726,s_00079,2025-02-09 21:44:27,2025-02-09 22:00:27
v_000012660,u_000574,s_00148,2025-01-28 14:05:48,2025-01-28 15:30:48
v_000012661,u_000797,s_00031,2025-01-18 22:19:09,2025-01-18 23:14:09
v_000012662,u_000999,s_00070,2025-02-07 23:59:12,2025-02-08 00:07:12
v_000012663,u_000043,s_00021,2025-01-07 14:48:42,2025-01-07 15:22:42
v_000012664,u_001645,s_00102,2025-02-16 23:15:30,2025-02-16 23:19:30
v_000012665,u_000095,s_00056,2025-01-22 17:53:22,2025-01-22 17:56:22
v_000012666,u_001757,s_00004,2025-02-20 15:20:08,2025-02-20 15:38:08
v_000012667,u_000059,s_00110,2025-02-17 17:59:19,2025-02-17 18:22:19
v_000012668,u_000150,s_00113,2025-02-01 18:16:59,2025-02-01 18:38:59
v_000012669,u_001660,s_00056,2025-02-25 12:14:32,2025-02-25 12:50:32
v_000012670,u_001186,s_00128,2025-02-22 17:29:11,2025-02-22 17:52:11
v_000012671,u_001919,s_00129,2025-01-25 23:45:51,2025-01-26 00:14:51
v_000012672,u_001890,s_00096,2025-02-28 21:59:26,2025-02-28 22:24:26
v_000012673,u_000730,s_00002,2025-02-23 18:07:22,2025-02-23 18:19:22
v_000012674,u_001590,s_00095,2025-01-30 20:21:40,2025-01-30 20:31:40
v_000012675,u_000055,s_00006,2025-01-27 16:28:53,2025-01-27 16:39:53
v_000012676,u_001072,s_00076,2025-02-28 20:56:59,2025-02-28 20:59:59
v_000012677,u_000945,s_00105,2025-02-08 23:21:11,2025-02-09 00:21:11
v_000012678,u_000307,s_00045,2025-01-31 21:17:10,2025-01-31 22:23:10
v_000012679,u_001948,s_00135,2025-01-04 12:18:50,2025-01-04 13:30:50
v_000012680,u_001531,s_00075,2025-02-15 19:52:51,2025-02-15 20:27:51
v_000012681,u_000920,s_00057,2025-02-14 20:26:26,2025-02-14 20:56:26
v_000012682,u_001972,s_00075,2025-01-09 10:36:16,2025-01-09 11:04:16
v_000012683,u_000011,s_00127,2025-01-12 23:08:13,2025-01-12 23:38:13
v_000012684,u_000226,s_00084,2025-01-13 19:58:37,2025-01-13 20:38:37
v_000012685,u_001665,s_00102,2025-02-24 09:21:42,2025-02-24 09:57:42
v_000012686,u_001280,s_00045,2025-02-28 19:13:07,2025-02-28 19:20:07
v_000012687,u_000001,s_00013,2025-01-30 18:34:06,2025-01-30 18:35:06
v_000012688,u_000262,s_00052,2025-02-13 16:32:21,2025-02-13 16:50:21
v_000012689,u_000360,s_00015,2025-02-09 23:50:51,2025-02-09 23:58:51
v_000012690,u_000025,s_00061,2025-01-16 21:15:07,2025-01-16 22:12:07
v_000012691,u_001008,s_00068,2025-02-22 23:47:06,2025-02-22 23:48:06
v_000012692,u_000480,s_00132,2025-01-20 14:50:17,2025-01-20 15:23:17
v_000012693,u_001917,s_00018,2025-01-08 23:22:11,2025-01-08 23:38:11
v_000012694,u_000379,s_00014,2025-01-20 23:51:45,2025-01-21 00:29:45
v_000012695,u_000046,s_00122,2025-02-12 15:06:59,2025-02-12 15:09:59
v_000012696,u_000715,s_00108,2025-01-23 14:33:05,2025-01-23 14:56:05
v_000012697,u_001040,s_00064,2025-02-17 23:06:11,2025-02-17 23:19:11
v_000012698,u_000012,s_00121,2025-02-16 14:52:47,2025-02-16 15:12:47
v_000012699,u_001790,s_00070,2025-01-25 16:57:54,2025-01-25 17:03:54
v_000012700,u_001721,s_00000,2025-02-23 15:52:57,2025-02-23 15:59:57
v_000012701,u_001612,s_00129,2025-01-17 20:59:19,2025-01-17 22:41:19
v_000012702,u_000647,s_00037,2025-01-13 16:56:19,2025-01-13 17:01:19
v_000012703,u_001350,s_00049,2025-01-31 16:21:50,2025-01-31 16:29:50
v_000012704,u_000361,s_00093,2025-02-10 17:50:54,2025-02-10 18:03:54
v_000012705,u_001253,s_00091,2025-02-14 23:00:09,2025-02-14 23:01:09
v_000012706,u_001674,s_00040,2025-02-07 10:10:25,2025-02-07 10:12:25
v_000012707,u_001321,s_00148,2025-02-27 23:49:49,2025-02-27 23:58:49
v_000012708,u_000091,s_00065,2025-02-03 21:19:53,2025-02-03 21:51:53
v_000012709,u_001419,s_00043,2025-02-05 23:14:59,2025-02-05 23:52:59
v_000012710,u_000523,s_00108,2025-01-04 15:33:01,2025-01-04 15:40:01
v_000012711,u_000441,s_00038,2025-02-18 14:22:02,2025-02-18 14:51:02
v_000012712,u_001347,s_00147,2025-02-06 15:53:14,2025-02-06 16:03:14
v_000012713,u_000172,s_00023,2025-02-01 13:28:32,2025-02-01 14:05:32
v_000012714,u_000891,s_00122,2025-02-11 18:16:44,2025-02-11 18:56:44
v_000012715,u_001736,s_00120,2025-01-19 16:40:43,2025-01-19 16:55:43
v_000012716,u_000437,s_00040,2025-02-07 17:36:32,2025-02-07 18:12:32
v_000012717,u_001616,s_00007,2025-02-27 13:41:29,2025-02-27 13:56:29
v_000012718,u_000172,s_00120,2025-02-01 22:57:13,2025-02-01 23:44:13
v_000012719,u_001383,s_00081,2025-02-03 23:19:47,2025-02-03 23:27:47
v_000012720,u_001709,s_00100,2025-02-03 17:40:25,2025-02-03 17:48:25
v_000012721,u_001567,s_00138,2025-01-19 14:23:49,2025-01-19 14:28:49
v_000012722,u_000056,s_00093,2025-02-24 11:25:31,2025-02-24 11:35:31
v_000012723,u_000596,s_00107,2025-01-19 15:11:47,2025-01-19 15:19:47
v_000012724,u_000181,s_00091,2025-01-16 16:44:01,2025-01-16 17:08:01
v_000012725,u_000103,s_00022,2025-02-06 20:48:23,2025-02-06 20:55:23
v_000012726,u_001437,s_00146,2025-01-13 23:05:42,2025-01-13 23:15:42
v_000012727,u_000575,s_00106,2025-02-09 15:40:14,2025-02-09 16:34:14
v_000012728,u_000109,s_00104,2025-02-06 19:31:52,2025-02-06 20:03:52
v_000012729,u_000143,s_00028,2025-02-12 20:08:39,2025-02-12 20:10:39
v_000012730,u_000394,s_00033,2025-01-26 23:19:20,2025-01-26 23:28:20
v_000012731,u_001449,s_00021,2025-01-18 21:15:16,2025-01-18 21:42:16
v_000012732,u_000269,s_00084,2025-02-01 21:44:55,2025-02-01 21:52:55
v_000012733,u_000652,s_00143,2025-02-07 17:35:58,2025-02-07 18:11:58
v_000012734,u_000958,s_00103,2025-02-14 15:52:57,2025-02-14 16:18:57
v_000012735,u_001682,s_00119,2025-02-05 21:05:29,2025-02-05 21:33:29
v_000012736,u_000005,s_00082,2025-02-14 23:55:20,2025-02-14 23:58:20
v_000012737,u_001261,s_00132,2025-02-01 13:13:20,2025-02-01 13:52:20
v_000012738,u_001378,s_00037,2025-01-21 23:51:20,2025-01-22 00:25:20
v_000012739,u_001410,s_00027,2025-03-01 22:22:40,2025-03-01 22:32:40
v_000012740,u_001478,s_00055,2025-02-07 23:19:45,2025-02-07 23:32:45
v_000012741,u_000339,s_00049,2025-02-07 23:42:31,2025-02-07 23:43:31
v_000012742,u_000554,s_00085,2025-02-13 18:18:51,2025-02-13 18:49:51
v_000012743,u_001710,s_00057,2025-01-12 18:07:15,2025-01-12 18:39:15
v_000012744,u_000915,s_00087,2025-01-11 14:38:10,2025-01-11 14:53:10
v_000012745,u_001768,s_00009,2025-02-15 20:14:42,2025-02-15 20:33:42
v_000012746,u_000885,s_00088,2025-02-19 21:56:11,2025-02-19 22:09:11
v_000012747,u_001627,s_00047,2025-02-17 18:52:46,2025-02-17 19:31:46
v_000012748,u_001086,s_00106,2025-01-23 23:55:21,2025-01-24 00:13:21
v_000012749,u_000706,s_00066,2025-01-08 19:40:27,2025-01-08 19:48:27
v_000012750,u_001068,s_00111,2025-02-23 18:04:29,2025-02-23 18:06:29
v_000012751,u_000595,s_00025,2025-02-23 21:11:24,2025-02-23 22:23:24
v_000012752,u_001790,s_00051,2025-02-09 17:39:57,2025-02-09 18:22:57
v_000012753,u_001736,s_00038,2025-01-10 20:37:58,2025-01-10 22:04:58
v_000012754,u_000318,s_00143,2025-01-21 19:14:18,2025-01-21 19:30:18
v_000012755,u_000105,s_00028,2025-02-24 23:40:56,2025-02-25 00:10:56
v_000012756,u_001221,s_00045,2025-02-17 15:15:32,2025-02-17 15:30:32
v_000012757,u_001379,s_00083,2025-01-04 19:00:59,2025-01-04 19:21:59
v_000012758,u_001701,s_00133,2025-02-22 21:20:47,2025-02-22 21:36:47
v_000012759,u_000617,s_00127,2025-02-26 19:33:29,2025-02-26 20:28:29
v_000012760,u_001261,s_00080,2025-02-24 18:56:51,2025-02-24 19:01:51
v_000012761,u_000618,s_00050,2025-01-26 16:27:40,2025-01-26 16:46:40
v_000012762,u_001887,s_00092,2025-02-25 15:33:35,2025-02-25 15:48:35
v_000012763,u_000960,s_00028,2025-01-25 19:57:07,2025-01-25 20:00:07
v_000012764,u_001402,s_00017,2025-02-21 15:54:28,2025-02-21 16:23:28
v_000012765,u_000166,s_00049,2025-02-05 23:53:05,2025-02-06 00:23:05
v_000012766,u_001292,s_00003,2025-02-19 23:20:10,2025-02-19 23:37:10
v_000012767,u_001073,s_00104,2025-02-19 22:41:11,2025-02-19 22:43:11
v_000012768,u_000955,s_00057,2025-01-31 23:23:55,2025-01-31 23:24:55
v_000012769,u_000542,s_00054,2025-02-05 18:31:44,2025-02-05 18:33:44
v_000012770,u_000787,s_00098,2025-01-24 14:35:24,2025-01-24 14:49:24
v_000012771,u_000938,s_00033,2025-01-22 18:32:48,2025-01-22 18:43:48
v_000012772,u_001328,s_00001,2025-02-01 17:44:39,2025-02-01 18:37:39
v_000012773,u_001209,s_00117,2025-02-10 20:09:22,2025-02-10 20:21:22
v_000012774,u_001255,s_00132,2025-02-25 15:24:31,2025-02-25 15:32:31
v_000012775,u_000857,s_00019,2025-01-31 17:34:59,2025-01-31 17:40:59
v_000012776,u_001565,s_00011,2025-03-01 22:56:05,2025-03-01 23:01:05
v_000012777,u_000404,s_00038,2025-01-15 17:19:32,2025-01-15 17:59:32
v_000012778,u_000662,s_00067,2025-02-21 14:57:20,2025-02-21 15:27:20
v_000012779,u_000288,s_00118,2025-02-17 19:11:48,2025-02-17 19:14:48
v_000012780,u_000344,s_00090,2025-02-17 22:40:06,2025-02-17 22:53:06
v_000012781,u_001361,s_00003,2025-02-01 23:53:07,2025-02-02 00:08:07
v_000012782,u_000848,s_00052,2025-02-07 17:35:29,2025-02-07 17:36:29
v_000012783,u_000210,s_00075,2025-02-25 19:15:33,2025-02-25 19:22:33
v_000012784,u_001178,s_00003,2025-02-21 22:22:01,2025-02-21 22:50:01
v_000012785,u_001962,s_00027,2025-02-25 23:09:51,2025-02-25 23:30:51
v_000012786,u_001654,s_00076,2025-01-26 21:41:51,2025-01-26 23:14:51
v_000012787,u_001507,s_00023,2025-01-21 11:09:40,2025-01-21 13:05:40
v_000012788,u_001100,s_00080,2025-01-26 13:38:54,2025-01-26 13:56:54
v_000012789,u_001308,s_00033,2025-01-09 21:43:32,2025-01-09 22:06:32
v_000012790,u_001457,s_00056,2025-01-03 22:31:33,2025-01-03 22:37:33
v_000012791,u_000146,s_00025,2025-02-16 20:40:42,2025-02-16 21:16:42
v_000012792,u_001816,s_00038,2025-01-19 21:05:31,2025-01-19 21:08:31
v_000012793,u_001237,s_00088,2025-01-10 15:16:31,2025-01-10 15:25:31
v_000012794,u_001848,s_00051,2025-01-27 23:07:41,2025-01-27 23:33:41
v_000012795,u_000105,s_00084,2025-01-17 11:58:18,2025-01-17 11:59:18
v_000012796,u_001497,s_00078,2025-02-26 22:44:04,2025-02-26 23:02:04
v_000012797,u_000735,s_00099,2025-02-06 20:53:01,2025-02-06 21:01:01
v_000012798,u_000642,s_00090,2025-01-31 19:28:44,2025-01-31 20:25:44
v_000012799,u_001424,s_00016,2025-02-19 19:02:09,2025-02-19 19:03:09
v_000012800,u_001003,s_00001,2025-02-04 21:08:45,2025-02-04 21:10:45
v_000012801,u_000252,s_00018,2025-01-17 20:05:55,2025-01-17 20:11:55
v_000012802,u_000517,s_00055,2025-01-31 23:14:52,2025-01-31 23:48:52
v_000012803,u_001382,s_00050,2025-02-24 17:50:59,2025-02-24 17:53:59
v_000012804,u_000671,s_00132,2025-01-16 21:50:01,2025-01-16 22:10:01
v_000012805,u_000752,s_00131,2025-01-18 21:19:05,2025-01-18 21:25:05
v_000012806,u_000140,s_00129,2025-02-17 13:54:17,2025-02-17 14:05:17
v_000012807,u_001456,s_00088,2025-02-08 17:47:36,2025-02-08 17:48:36
v_000012808,u_000147,s_00014,2025-01-20 23:16:25,2025-01-20 23:39:25
v_000012809,u_001558,s_00087,2025-01-01 22:56:55,2025-01-01 23:16:55
v_000012810,u_000666,s_00134,2025-01-17 15:37:25,2025-01-17 15:52:25
v_000012811,u_001707,s_00112,2025-01-10 19:37:38,2025-01-10 19:43:38
v_000012812,u_001663,s_00009,2025-01-27 16:04:13,2025-01-27 16:08:13
v_000012813,u_001119,s_00128,2025-01-01 23:04:32,2025-01-01 23:37:32
v_000012814,u_001228,s_00036,2025-01-30 22:10:22,2025-01-30 22:15:22
v_000012815,u_001744,s_00051,2025-02-19 12:35:43,2025-02-19 12:38:43
v_000012816,u_001987,s_00067,2025-02-23 21:01:43,2025-02-23 21:39:43
v_000012817,u_001922,s_00044,2025-02-14 18:02:55,2025-02-14 18:04:55
v_000012818,u_000235,s_00103,2025-01-09 20:00:15,2025-01-09 20:29:15
v_000012819,u_001276,s_00052,2025-02-14 23:04:16,2025-02-14 23:22:16
v_000012820,u_001147,s_00013,2025-01-09 20:47:57,2025-01-09 20:53:57
v_000012821,u_001176,s_00044,2025-01-07 17:11:01,2025-01-07 17:36:01
v_000012822,u_001429,s_00106,2025-02-16 20:49:06,2025-02-16 21:21:06
v_000012823,u_000132,s_00077,2025-02-26 23:25:03,2025-02-27 00:05:03
v_000012824,u_000604,s_00073,2025-02-22 19:58:12,2025-02-22 20:36:12
v_000012825,u_001495,s_00110,2025-01-18 17:08:27,2025-01-18 18:08:27
v_000012826,u_001111,s_00011,2025-02-09 20:52:07,2025-02-09 21:13:07
v_000012827,u_000368,s_00018,2025-01-13 12:52:46,2025-01-13 13:32:46
v_000012828,u_001792,s_00017,2025-02-07 20:40:04,2025-02-07 20:56:04
v_000012829,u_001749,s_00095,2025-02-11 18:47:42,2025-02-11 19:00:42
v_000012830,u_001719,s_00090,2025-02-09 18:20:59,2025-02-09 18:22:59
v_000012831,u_000269,s_00098,2025-02-01 16:10:28,2025-02-01 16:18:28
v_000012832,u_001376,s_00094,2025-02-23 15:10:33,2025-02-23 15:50:33
v_000012833,u_000467,s_00038,2025-02-08 23:06:31,2025-02-08 23:20:31
v_000012834,u_001769,s_00067,2025-02-08 16:50:06,2025-02-08 17:01:06
v_000012835,u_000918,s_00088,2025-01-05 21:32:54,2025-01-05 21:41:54
v_000012836,u_000556,s_00127,2025-02-19 23:54:23,2025-02-20 00:09:23
v_000012837,u_000518,s_00108,2025-02-21 09:18:17,2025-02-21 09:19:17
v_000012838,u_001276,s_00133,2025-03-01 17:27:53,2025-03-01 18:23:53
v_000012839,u_000962,s_00133,2025-01-11 23:18:07,2025-01-11 23:19:07
v_000012840,u_000672,s_00122,2025-02-19 20:08:53,2025-02-19 20:15:53
v_000012841,u_001965,s_00001,2025-01-20 20:28:46,2025-01-20 20:41:46
v_000012842,u_000584,s_00143,2025-01-17 23:19:25,2025-01-17 23:33:25
v_000012843,u_001075,s_00007,2025-01-29 17:19:11,2025-01-29 17:46:11
v_000012844,u_001986,s_00015,2025-02-22 21:23:31,2025-02-22 21:27:31
v_000012845,u_000574,s_00112,2025-02-03 18:34:40,2025-02-03 18:52:40
v_000012846,u_001199,s_00002,2025-02-24 18:05:42,2025-02-24 18:06:42
v_000012847,u_001533,s_00140,2025-02-12 10:16:33,2025-02-12 10:31:33
v_000012848,u_000535,s_00109,2025-02-05 16:37:58,2025-02-05 18:13:58
v_000012849,u_001792,s_00129,2025-01-31 15:17:50,2025-01-31 15:50:50
v_000012850,u_001064,s_00046,2025-02-08 20:40:07,2025-02-08 21:10:07
v_000012851,u_001809,s_00102,2025-01-31 23:56:19,2025-01-31 23:58:19
v_000012852,u_000924,s_00058,2025-02-21 21:01:26,2025-02-21 21:18:26
v_000012853,u_001030,s_00127,2025-02-04 19:27:20,2025-02-04 19:36:20
v_000012854,u_001527,s_00005,2025-01-23 23:23:44,2025-01-24 00:25:44
v_000012855,u_001046,s_00076,2025-02-16 23:07:26,2025-02-16 23:18:26
v_000012856,u_000769,s_00008,2025-02-26 16:08:47,2025-02-26 16:50:47
v_000012857,u_001100,s_00080,2025-02-18 21:08:04,2025-02-18 21:15:04
v_000012858,u_001412,s_00122,2025-01-25 18:00:27,2025-01-25 18:05:27
v_000012859,u_001264,s_00060,2025-01-23 18:21:39,2025-01-23 18:40:39
v_000012860,u_001620,s_00046,2025-02-09 20:52:50,2025-02-09 21:25:50
v_000012861,u_000285,s_00091,2025-01-14 22:25:09,2025-01-14 22:38:09
v_000012862,u_001059,s_00001,2025-01-24 23:06:22,2025-01-24 23:14:22
v_000012863,u_001344,s_00078,2025-02-14 23:31:56,2025-02-15 00:00:56
v_000012864,u_000919,s_00034,2025-01-16 18:22:18,2025-01-16 18:54:18
v_000012865,u_000793,s_00030,2025-03-01 18:44:20,2025-03-01 19:28:20
v_000012866,u_000850,s_00137,2025-02-17 20:08:18,2025-02-17 20:31:18
v_000012867,u_000330,s_00005,2025-01-21 23:43:19,2025-01-21 23:46:19
v_000012868,u_001804,s_00059,2025-02-28 18:50:55,2025-02-28 19:21:55
v_000012869,u_001774,s_00087,2025-01-31 22:46:10,2025-01-31 22:59:10
v_000012870,u_001241,s_00026,2025-01-30 23:05:11,2025-01-30 23:46:11
v_000012871,u_000119,s_00042,2025-02-17 23:39:11,2025-02-17 23:48:11
v_000012872,u_000651,s_00028,2025-01-07 21:49:23,2025-01-07 21:56:23
v_000012873,u_001968,s_00142,2025-02-02 20:45:36,2025-02-02 20:46:36
v_000012874,u_001939,s_00131,2025-02-04 18:31:01,2025-02-04 18:32:01
v_000012875,u_001509,s_00008,2025-01-29 18:43:56,2025-01-29 18:48:56
v_000012876,u_000987,s_00072,2025-01-29 23:19:53,2025-01-29 23:24:53
v_000012877,u_000477,s_00067,2025-02-23 21:50:16,2025-02-23 22:26:16
v_000012878,u_000015,s_00141,2025-01-08 20:08:05,2025-01-08 20:13:05
v_000012879,u_001332,s_00022,2025-01-01 11:08:57,2025-01-01 11:22:57
v_000012880,u_001946,s_00015,2025-01-20 12:26:58,2025-01-20 12:36:58
v_000012881,u_000307,s_00043,2025-01-19 19:31:13,2025-01-19 19:44:13
v_000012882,u_000644,s_00129,2025-02-24 22:11:39,2025-02-24 22:24:39
v_000012883,u_001298,s_00077,2025-01-07 23:37:48,2025-01-07 23:58:48
v_000012884,u_001165,s_00124,2025-02-13 23:05:22,2025-02-13 23:15:22
v_000012885,u_001026,s_00003,2025-01-01 20:26:20,2025-01-01 20:56:20
v_000012886,u_000919,s_00034,2025-02-17 17:01:28,2025-02-17 17:37:28
v_000012887,u_001792,s_00004,2025-02-25 16:04:00,2025-02-25 16:30:00
v_000012888,u_001885,s_00090,2025-01-28 22:04:35,2025-01-28 22:46:35
v_000012889,u_001795,s_00011,2025-01-24 21:14:58,2025-01-24 22:04:58
v_000012890,u_001715,s_00077,2025-02-13 15:02:32,2025-02-13 15:03:32
v_000012891,u_000576,s_00074,2025-02-02 17:46:44,2025-02-02 18:04:44
v_000012892,u_000830,s_00146,2025-02-16 23:22:57,2025-02-16 23:34:57
v_000012893,u_000683,s_00135,2025-02-24 20:07:23,2025-02-24 20:46:23
v_000012894,u_001022,s_00020,2025-02-20 23:15:09,2025-02-21 00:06:09
v_000012895,u_001576,s_00053,2025-01-04 17:29:39,2025-01-04 17:42:39
v_000012896,u_001348,s_00015,2025-02-01 20:45:49,2025-02-01 20:55:49
v_000012897,u_000706,s_00089,2025-01-30 23:13:54,2025-01-30 23:58:54
v_000012898,u_000251,s_00109,2025-02-08 16:35:06,2025-02-08 16:40:06
v_000012899,u_001953,s_00077,2025-01-20 10:51:10,2025-01-20 11:05:10
v_000012900,u_000567,s_00083,2025-02-16 19:54:40,2025-02-16 20:28:40
v_000012901,u_000753,s_00131,2025-01-25 19:48:03,2025-01-25 19:55:03
v_000012902,u_001584,s_00019,2025-02-12 16:22:43,2025-02-12 16:32:43
v_000012903,u_000573,s_00008,2025-01-11 18:29:27,2025-01-11 18:30:27
v_000012904,u_000419,s_00040,2025-02-10 22:29:09,2025-02-10 22:33:09
v_000012905,u_000560,s_00106,2025-02-18 18:32:53,2025-02-18 18:33:53
v_000012906,u_000179,s_00019,2025-01-06 23:54:03,2025-01-06 23:59:03
v_000012907,u_001463,s_00125,2025-02-22 18:41:50,2025-02-22 19:17:50
v_000012908,u_001749,s_00148,2025-02-20 17:28:30,2025-02-20 17:33:30
v_000012909,u_001847,s_00020,2025-01-30 16:51:12,2025-01-30 17:41:12
v_000012910,u_001983,s_00078,2025-01-13 20:59:33,2025-01-13 21:18:33
v_000012911,u_001633,s_00103,2025-01-08 19:45:57,2025-01-08 20:06:57
v_000012912,u_000576,s_00074,2025-01-24 19:36:50,2025-01-24 19:51:50
v_000012913,u_000478,s_00106,2025-02-11 19:28:14,2025-02-11 19:49:14
v_000012914,u_001339,s_00148,2025-01-22 21:47:48,2025-01-22 22:19:48
v_000012915,u_001912,s_00144,2025-01-12 10:02:45,2025-01-12 10:07:45
v_000012916,u_000227,s_00101,2025-01-21 17:41:49,2025-01-21 18:16:49
v_000012917,u_000713,s_00029,2025-01-05 23:36:08,2025-01-05 23:55:08
v_000012918,u_000125,s_00083,2025-02-15 17:05:47,2025-02-15 17:12:47
v_000012919,u_001492,s_00003,2025-02-07 14:05:06,2025-02-07 14:22:06
v_000012920,u_000734,s_00027,2025-02-17 14:18:40,2025-02-17 14:19:40
v_000012921,u_000995,s_00143,2025-01-04 15:07:52,2025-01-04 15:14:52
v_000012922,u_000119,s_00136,2025-02-20 22:20:20,2025-02-20 22:28:20
v_000012923,u_000614,s_00063,2025-01-04 14:12:43,2025-01-04 14:39:43
v_000012924,u_000700,s_00139,2025-01-25 19:49:36,2025-01-25 20:30:36
v_000012925,u_001495,s_00110,2025-01-25 20:07:37,2025-01-25 20:36:37
v_000012926,u_001698,s_00125,2025-01-14 17:12:53,2025-01-14 17:37:53
v_000012927,u_001414,s_00120,2025-01-03 17:45:00,2025-01-03 18:02:00
v_000012928,u_000096,s_00054,2025-02-19 16:58:08,2025-02-19 18:47:08
v_000012929,u_000417,s_00044,2025-02-14 23:01:14,2025-02-14 23:04:14
v_000012930,u_001687,s_00001,2025-01-20 18:07:01,2025-01-20 18:17:01
v_000012931,u_000492,s_00001,2025-02-03 22:58:53,2025-02-03 23:13:53
v_000012932,u_001770,s_00133,2025-03-01 22:10:53,2025-03-01 22:14:53
v_000012933,u_000560,s_00106,2025-02-05 21:54:10,2025-02-05 22:09:10
v_000012934,u_000388,s_00037,2025-02-20 23:24:15,2025-02-20 23:26:15
v_000012935,u_001606,s_00058,2025-02-15 18:22:53,2025-02-15 18:37:53
v_000012936,u_001360,s_00143,2025-02-24 15:01:13,2025-02-24 15:14:13
v_000012937,u_001047,s_00044,2025-02-05 18:19:08,2025-02-05 19:03:08
v_000012938,u_000049,s_00066,2025-02-02 17:34:05,2025-02-02 18:53:05
v_000012939,u_000300,s_00079,2025-01-18 22:27:39,2025-01-18 22:29:39
v_000012940,u_001191,s_00101,2025-01-09 23:28:18,2025-01-09 23:38:18
v_000012941,u_000574,s_00077,2025-02-25 23:16:14,2025-02-25 23:29:14
v_000012942,u_001488,s_00092,2025-02-17 18:47:36,2025-02-17 19:00:36
v_000012943,u_001073,s_00050,2025-02-07 19:08:49,2025-02-07 19:39:49
v_000012944,u_000368,s_00059,2025-02-10 19:13:11,2025-02-10 19:45:11
v_000012945,u_000514,s_00093,2025-01-24 19:51:44,2025-01-24 19:53:44
v_000012946,u_001450,s_00127,2025-02-18 13:37:33,2025-02-18 14:27:33
v_000012947,u_001754,s_00135,2025-01-26 22:32:37,2025-01-26 22:49:37
v_000012948,u_000867,s_00022,2025-02-01 17:30:52,2025-02-01 17:38:52
v_000012949,u_000381,s_00060,2025-01-16 14:47:01,2025-01-16 14:51:01
v_000012950,u_000706,s_00095,2025-02-18 21:24:58,2025-02-18 21:32:58
v_000012951,u_000732,s_00100,2025-02-27 23:54:02,2025-02-28 00:08:02
v_000012952,u_001199,s_00002,2025-01-03 22:01:12,2025-01-03 22:37:12
v_000012953,u_001891,s_00005,2025-01-17 23:16:15,2025-01-17 23:27:15
v_000012954,u_001670,s_00074,2025-02-23 21:52:59,2025-02-23 22:34:59
v_000012955,u_001697,s_00099,2025-02-05 19:54:01,2025-02-05 20:05:01
v_000012956,u_000912,s_00015,2025-02-08 23:45:24,2025-02-09 00:22:24
v_000012957,u_000762,s_00088,2025-01-04 17:05:02,2025-01-04 17:06:02
v_000012958,u_000246,s_00021,2025-01-11 20:05:54,2025-01-11 20:54:54
v_000012959,u_001209,s_00034,2025-02-26 17:02:43,2025-02-26 17:04:43
v_000012960,u_000159,s_00137,2025-02-06 15:28:41,2025-02-06 15:50:41
v_000012961,u_001346,s_00123,2025-01-25 23:09:25,2025-01-25 23:12:25
v_000012962,u_000884,s_00143,2025-02-16 09:30:50,2025-02-16 10:10:50
v_000012963,u_000399,s_00086,2025-01-19 17:15:15,2025-01-19 18:57:15
v_000012964,u_000562,s_00017,2025-01-11 22:02:54,2025-01-11 22:21:54
v_000012965,u_000110,s_00083,2025-02-04 23:34:32,2025-02-04 23:39:32
v_000012966,u_000700,s_00062,2025-01-06 23:26:09,2025-01-06 23:33:09
v_000012967,u_000006,s_00101,2025-01-17 23:46:40,2025-01-17 23:58:40
v_000012968,u_000465,s_00062,2025-02-28 20:52:02,2025-02-28 20:57:02
v_000012969,u_001316,s_00056,2025-02-22 23:25:48,2025-02-22 23:42:48
v_000012970,u_000351,s_00038,2025-01-23 17:00:58,2025-01-23 17:08:58
v_000012971,u_000687,s_00057,2025-01-19 11:31:14,2025-01-19 12:01:14
v_000012972,u_001405,s_00087,2025-01-17 23:32:47,2025-01-18 00:03:47
v_000012973,u_001906,s_00017,2025-02-01 18:29:57,2025-02-01 19:31:57
v_000012974,u_001534,s_00049,2025-01-11 13:04:25,2025-01-11 13:16:25
v_000012975,u_000427,s_00141,2025-01-25 16:39:33,2025-01-25 16:48:33
v_000012976,u_001921,s_00064,2025-01-28 23:04:12,2025-01-28 23:05:12
v_000012977,u_001072,s_00102,2025-01-31 17:40:32,2025-01-31 18:12:32
v_000012978,u_001446,s_00139,2025-01-10 20:26:16,2025-01-10 21:41:16
v_000012979,u_001593,s_00057,2025-01-16 19:44:57,2025-01-16 20:32:57
v_000012980,u_001159,s_00096,2025-02-21 18:38:26,2025-02-21 18:52:26
v_000012981,u_000263,s_00041,2025-02-16 22:33:19,2025-02-16 22:56:19
v_000012982,u_000672,s_00038,2025-01-20 15:50:42,2025-01-20 15:52:42
v_000012983,u_001204,s_00039,2025-01-23 14:44:39,2025-01-23 14:53:39
v_000012984,u_000153,s_00147,2025-01-14 21:30:47,2025-01-14 22:18:47
v_000012985,u_000140,s_00129,2025-02-01 18:49:27,2025-02-01 19:32:27
v_000012986,u_000713,s_00015,2025-01-18 18:23:56,2025-01-18 18:56:56
v_000012987,u_001409,s_00129,2025-01-18 23:59:26,2025-01-19 00:15:26
v_000012988,u_001080,s_00143,2025-01-24 19:21:50,2025-01-24 19:34:50
v_000012989,u_001555,s_00073,2025-02-15 21:31:05,2025-02-15 21:51:05
v_000012990,u_000028,s_00127,2025-01-25 21:47:21,2025-01-25 21:48:21
v_000012991,u_000112,s_00137,2025-01-10 20:14:20,2025-01-10 20:22:20
v_000012992,u_000198,s_00120,2025-01-29 17:21:30,2025-01-29 18:15:30
v_000012993,u_001728,s_00093,2025-02-03 21:28:21,2025-02-03 22:18:21
v_000012994,u_001063,s_00144,2025-02-11 18:42:46,2025-02-11 18:50:46
v_000012995,u_001344,s_00114,2025-01-17 13:52:56,2025-01-17 14:12:56
v_000012996,u_000504,s_00057,2025-02-21 21:43:47,2025-02-21 21:50:47
v_000012997,u_001577,s_00029,2025-02-11 16:13:13,2025-02-11 16:38:13
v_000012998,u_000942,s_00086,2025-02-19 18:25:05,2025-02-19 18:48:05
v_000012999,u_001019,s_00030,2025-01-05 16:34:28,2025-01-05 16:36:28
v_000013000,u_000731,s_00040,2025-02-14 21:02:12,2025-02-14 21:16:12
v_000013001,u_001429,s_00106,2025-01-03 23:10:32,2025-01-03 23:31:32
v_000013002,u_000736,s_00105,2025-01-03 15:55:00,2025-01-03 15:56:00
v_000013003,u_001525,s_00124,2025-02-19 19:25:49,2025-02-19 20:00:49
v_000013004,u_001567,s_00138,2025-01-10 23:04:06,2025-01-10 23:19:06
v_000013005,u_001572,s_00083,2025-01-06 22:29:52,2025-01-06 23:36:52
v_000013006,u_000816,s_00127,2025-01-13 23:52:09,2025-01-14 00:02:09
v_000013007,u_001279,s_00057,2025-01-17 18:52:33,2025-01-17 18:57:33
v_000013008,u_000725,s_00146,2025-03-01 17:26:14,2025-03-01 17:27:14
v_000013009,u_000694,s_00041,2025-02-14 12:43:45,2025-02-14 13:13:45
v_000013010,u_001318,s_00130,2025-02-09 14:25:12,2025-02-09 15:04:12
v_000013011,u_001449,s_00021,2025-01-26 20:36:45,2025-01-26 21:11:45
v_000013012,u_001488,s_00041,2025-02-11 10:23:52,2025-02-11 10:30:52
v_000013013,u_000019,s_00087,2025-01-01 23:07:12,2025-01-01 23:16:12
v_000013014,u_000461,s_00003,2025-01-12 12:35:07,2025-01-12 12:48:07
v_000013015,u_000746,s_00076,2025-01-13 23:28:19,2025-01-13 23:50:19
v_000013016,u_001174,s_00034,2025-01-26 15:07:28,2025-01-26 18:53:28
v_000013017,u_000535,s_00013,2025-01-03 22:01:29,2025-01-03 22:02:29
v_000013018,u_001106,s_00148,2025-02-14 23:03:01,2025-02-14 23:12:01
v_000013019,u_000676,s_00030,2025-02-03 20:47:24,2025-02-03 20:49:24
v_000013020,u_000935,s_00050,2025-02-12 21:16:38,2025-02-12 21:47:38
v_000013021,u_001603,s_00022,2025-01-21 20:29:34,2025-01-21 20:30:34
v_000013022,u_001888,s_00135,2025-03-01 17:40:50,2025-03-01 18:16:50
v_000013023,u_001475,s_00072,2025-01-03 19:10:28,2025-01-03 19:12:28
v_000013024,u_001601,s_00077,2025-01-31 19:53:27,2025-01-31 19:54:27
v_000013025,u_000139,s_00024,2025-01-09 23:56:18,2025-01-10 00:03:18
v_000013026,u_000858,s_00131,2025-01-01 19:22:17,2025-01-01 20:02:17
v_000013027,u_000819,s_00086,2025-02-28 22:54:57,2025-02-28 23:48:57
v_000013028,u_001220,s_00002,2025-02-04 19:55:12,2025-02-04 20:44:12
v_000013029,u_000240,s_00053,2025-02-24 23:55:20,2025-02-25 00:02:20
v_000013030,u_001253,s_00122,2025-01-05 19:09:06,2025-01-05 19:31:06
v_000013031,u_001535,s_00006,2025-02-09 12:38:51,2025-02-09 12:44:51
v_000013032,u_000547,s_00099,2025-02-27 15:32:32,2025-02-27 16:16:32
v_000013033,u_000896,s_00061,2025-02-20 21:10:44,2025-02-20 22:05:44
v_000013034,u_001305,s_00133,2025-01-27 17:15:15,2025-01-27 18:02:15
v_000013035,u_001904,s_00026,2025-01-28 14:10:37,2025-01-28 14:16:37
v_000013036,u_000909,s_00032,2025-01-16 19:49:03,2025-01-16 20:38:03
v_000013037,u_001273,s_00110,2025-02-07 17:52:08,2025-02-07 17:57:08
v_000013038,u_001494,s_00078,2025-01-16 18:00:47,2025-01-16 19:08:47
v_000013039,u_000102,s_00049,2025-01-24 23:55:56,2025-01-25 00:02:56
v_000013040,u_000984,s_00099,2025-01-12 22:50:07,2025-01-12 22:52:07
v_000013041,u_000719,s_00062,2025-01-01 22:31:35,2025-01-01 22:36:35
v_000013042,u_001427,s_00036,2025-01-30 20:59:07,2025-01-30 21:00:07
v_000013043,u_001188,s_00145,2025-02-05 14:14:24,2025-02-05 14:16:24
v_000013044,u_000564,s_00042,2025-01-31 14:34:19,2025-01-31 14:45:19
v_000013045,u_000818,s_00028,2025-01-08 19:51:28,2025-01-08 19:52:28
v_000013046,u_000213,s_00118,2025-02-06 14:31:25,2025-02-06 14:34:25
v_000013047,u_001905,s_00052,2025-01-28 20:14:59,2025-01-28 20:33:59
v_000013048,u_000868,s_00027,2025-01-04 19:01:59,2025-01-04 19:12:59
v_000013049,u_000978,s_00050,2025-01-21 14:13:55,2025-01-21 14:15:55
v_000013050,u_000363,s_00067,2025-01-22 19:35:46,2025-01-22 20:22:46
v_000013051,u_000401,s_00062,2025-01-15 20:06:52,2025-01-15 20:09:52
v_000013052,u_001038,s_00087,2025-01-22 17:53:49,2025-01-22 18:26:49
v_000013053,u_000483,s_00046,2025-02-24 18:15:40,2025-02-24 18:41:40
v_000013054,u_001207,s_00025,2025-02-22 23:35:53,2025-02-22 23:53:53
v_000013055,u_001266,s_00095,2025-02-26 20:29:45,2025-02-26 20:31:45
v_000013056,u_001449,s_00021,2025-02-25 15:47:27,2025-02-25 16:14:27
v_000013057,u_001505,s_00125,2025-01-06 12:17:38,2025-01-06 12:29:38
v_000013058,u_000030,s_00087,2025-02-25 23:56:08,2025-02-26 00:31:08
v_000013059,u_000002,s_00111,2025-01-06 23:54:14,2025-01-07 00:06:14
v_000013060,u_000119,s_00042,2025-01-25 23:59:19,2025-01-26 00:24:19
v_000013061,u_000228,s_00131,2025-02-24 21:26:33,2025-02-24 21:33:33
v_000013062,u_001177,s_00019,2025-02-14 10:32:06,2025-02-14 10:33:06
v_000013063,u_001441,s_00007,2025-02-10 21:13:17,2025-02-10 21:38:17
v_000013064,u_000062,s_00057,2025-01-15 16:19:05,2025-01-15 16:20:05
v_000013065,u_001264,s_00060,2025-02-26 16:06:42,2025-02-26 16:09:42
v_000013066,u_001441,s_00007,2025-02-18 19:18:12,2025-02-18 20:22:12
v_000013067,u_000023,s_00001,2025-01-28 23:57:58,2025-01-29 00:14:58
v_000013068,u_000303,s_00148,2025-01-30 23:22:20,2025-01-30 23:46:20
v_000013069,u_000234,s_00011,2025-02-13 21:25:01,2025-02-13 21:58:01
v_000013070,u_001266,s_00095,2025-02-17 23:04:35,2025-02-17 23:23:35
v_000013071,u_001182,s_00144,2025-03-01 21:47:51,2025-03-01 22:12:51
v_000013072,u_001584,s_00085,2025-01-09 22:50:00,2025-01-09 22:59:00
v_000013073,u_000089,s_00016,2025-02-25 20:58:54,2025-02-25 21:08:54
v_000013074,u_001469,s_00040,2025-02-09 20:47:14,2025-02-09 20:53:14
v_000013075,u_000969,s_00093,2025-01-19 13:17:33,2025-01-19 13:36:33
v_000013076,u_001241,s_00124,2025-02-11 23:30:37,2025-02-11 23:34:37
v_000013077,u_001939,s_00131,2025-02-25 16:50:21,2025-02-25 17:34:21
v_000013078,u_001316,s_00056,2025-02-10 21:12:06,2025-02-10 21:17:06
v_000013079,u_001077,s_00042,2025-02-06 17:21:36,2025-02-06 17:22:36
v_000013080,u_000214,s_00093,2025-01-13 19:52:45,2025-01-13 20:01:45
v_000013081,u_001704,s_00121,2025-02-18 13:21:22,2025-02-18 13:58:22
v_000013082,u_000745,s_00058,2025-02-21 18:55:04,2025-02-21 19:06:04
v_000013083,u_000289,s_00031,2025-02-17 18:19:44,2025-02-17 18:27:44
v_000013084,u_001781,s_00091,2025-02-07 23:34:31,2025-02-08 01:36:31
v_000013085,u_001013,s_00129,2025-02-20 23:45:27,2025-02-21 00:14:27
v_000013086,u_001106,s_00038,2025-01-30 19:34:13,2025-01-30 19:56:13
v_000013087,u_001026,s_00061,2025-01-15 16:19:41,2025-01-15 16:26:41
v_000013088,u_001491,s_00035,2025-01-19 22:26:38,2025-01-19 22:53:38
v_000013089,u_001650,s_00126,2025-02-08 19:28:14,2025-02-08 19:57:14
v_000013090,u_000515,s_00087,2025-02-15 23:28:27,2025-02-15 23:45:27
v_000013091,u_000249,s_00008,2025-01-10 20:22:28,2025-01-10 20:33:28
v_000013092,u_001197,s_00089,2025-01-14 21:21:01,2025-01-14 21:31:01
v_000013093,u_001588,s_00136,2025-01-23 17:16:47,2025-01-23 17:29:47
v_000013094,u_000976,s_00034,2025-01-04 17:58:00,2025-01-04 18:21:00
v_000013095,u_000155,s_00129,2025-01-29 18:39:24,2025-01-29 19:02:24
v_000013096,u_000775,s_00135,2025-01-07 15:24:19,2025-01-07 15:46:19
v_000013097,u_001086,s_00063,2025-01-26 23:01:05,2025-01-27 00:00:05
v_000013098,u_001328,s_00033,2025-01-10 19:30:25,2025-01-10 19:31:25
v_000013099,u_001577,s_00029,2025-02-13 11:05:55,2025-02-13 11:09:55
v_000013100,u_000703,s_00148,2025-01-27 13:09:33,2025-01-27 13:32:33
v_000013101,u_000462,s_00094,2025-01-02 18:14:20,2025-01-02 18:17:20
v_000013102,u_000700,s_00139,2025-01-28 21:05:32,2025-01-28 21:27:32
v_000013103,u_001296,s_00068,2025-02-02 19:48:58,2025-02-02 20:04:58
v_000013104,u_001824,s_00135,2025-01-24 21:48:53,2025-01-24 22:08:53
v_000013105,u_000754,s_00038,2025-01-30 18:20:02,2025-01-30 18:41:02
v_000013106,u_001637,s_00007,2025-03-01 22:59:06,2025-03-01 23:00:06
v_000013107,u_000938,s_00033,2025-01-04 18:36:33,2025-01-04 18:45:33
v_000013108,u_000027,s_00059,2025-02-09 18:37:08,2025-02-09 19:04:08
v_000013109,u_000362,s_00093,2025-01-08 23:05:31,2025-01-08 23:53:31
v_000013110,u_000879,s_00028,2025-01-20 21:02:43,2025-01-20 21:38:43
v_000013111,u_000371,s_00009,2025-02-05 23:35:28,2025-02-05 23:44:28
v_000013112,u_001231,s_00024,2025-02-26 23:10:24,2025-02-26 23:11:24
v_000013113,u_001357,s_00083,2025-01-10 22:26:42,2025-01-10 23:29:42
v_000013114,u_000035,s_00110,2025-01-16 20:17:46,2025-01-16 20:24:46
v_000013115,u_001575,s_00066,2025-02-23 14:10:37,2025-02-23 15:30:37
v_000013116,u_001624,s_00061,2025-02-28 13:43:29,2025-02-28 14:05:29
v_000013117,u_001881,s_00097,2025-02-28 23:21:27,2025-02-28 23:22:27
v_000013118,u_001215,s_00110,2025-01-23 22:27:54,2025-01-23 22:54:54
v_000013119,u_000775,s_00080,2025-02-09 20:20:14,2025-02-09 21:28:14
v_000013120,u_000703,s_00148,2025-02-23 18:15:34,2025-02-23 18:31:34
v_000013121,u_000358,s_00107,2025-02-05 20:49:33,2025-02-05 21:02:33
v_000013122,u_000364,s_00096,2025-02-17 17:33:10,2025-02-17 17:45:10
v_000013123,u_000322,s_00094,2025-02-03 16:15:57,2025-02-03 16:16:57
v_000013124,u_001390,s_00099,2025-01-07 18:58:57,2025-01-07 19:24:57
v_000013125,u_001943,s_00032,2025-02-17 20:07:19,2025-02-17 20:54:19
v_000013126,u_001018,s_00013,2025-01-31 20:33:47,2025-01-31 20:56:47
v_000013127,u_001624,s_00008,2025-02-10 23:42:13,2025-02-10 23:53:13
v_000013128,u_001352,s_00075,2025-02-17 20:40:24,2025-02-17 21:06:24
v_000013129,u_000141,s_00127,2025-03-01 20:39:04,2025-03-01 20:55:04
v_000013130,u_001376,s_00138,2025-01-19 12:00:50,2025-01-19 12:01:50
v_000013131,u_001874,s_00139,2025-02-26 21:17:16,2025-02-26 21:22:16
v_000013132,u_000132,s_00002,2025-02-05 17:30:55,2025-02-05 18:25:55
v_000013133,u_001699,s_00031,2025-01-07 13:53:08,2025-01-07 15:23:08
v_000013134,u_001086,s_00063,2025-01-16 12:24:35,2025-01-16 12:59:35
v_000013135,u_000399,s_00084,2025-03-01 23:21:14,2025-03-02 00:36:14
v_000013136,u_001841,s_00081,2025-02-02 23:49:41,2025-02-03 00:01:41
v_000013137,u_000301,s_00120,2025-01-23 22:19:31,2025-01-23 22:27:31
v_000013138,u_000899,s_00113,2025-02-12 16:54:45,2025-02-12 17:39:45
v_000013139,u_001649,s_00008,2025-01-28 17:10:08,2025-01-28 17:12:08
v_000013140,u_001234,s_00004,2025-02-10 19:52:30,2025-02-10 19:58:30
v_000013141,u_001583,s_00024,2025-02-17 21:35:06,2025-02-17 21:50:06
v_000013142,u_000207,s_00040,2025-02-02 22:13:20,2025-02-02 22:16:20
v_000013143,u_001847,s_00068,2025-02-05 23:36:12,2025-02-06 00:44:12
v_000013144,u_001624,s_00062,2025-01-02 20:45:43,2025-01-02 20:52:43
v_000013145,u_001215,s_00041,2025-02-06 23:25:45,2025-02-06 23:44:45
v_000013146,u_000549,s_00006,2025-01-23 20:30:55,2025-01-23 20:45:55
v_000013147,u_000452,s_00044,2025-02-12 18:52:50,2025-02-12 19:31:50
v_000013148,u_000055,s_00077,2025-01-24 20:26:41,2025-01-24 20:50:41
v_000013149,u_001693,s_00084,2025-02-02 15:24:27,2025-02-02 15:25:27
v_000013150,u_000178,s_00103,2025-02-13 10:08:55,2025-02-13 11:04:55
v_000013151,u_000452,s_00127,2025-01-29 14:16:46,2025-01-29 14:18:46
v_000013152,u_001533,s_00136,2025-01-27 23:08:44,2025-01-27 23:50:44
v_000013153,u_000825,s_00064,2025-02-24 17:20:38,2025-02-24 17:35:38
v_000013154,u_001068,s_00111,2025-01-29 13:41:12,2025-01-29 14:37:12
v_000013155,u_001317,s_00148,2025-01-14 22:41:07,2025-01-14 23:10:07
v_000013156,u_000274,s_00126,2025-01-29 17:33:54,2025-01-29 18:10:54
v_000013157,u_000016,s_00140,2025-01-12 18:13:38,2025-01-12 18:39:38
v_000013158,u_000587,s_00039,2025-02-15 19:52:25,2025-02-15 20:02:25
v_000013159,u_001658,s_00137,2025-02-08 19:08:23,2025-02-08 19:10:23
v_000013160,u_001402,s_00037,2025-01-23 16:35:50,2025-01-23 17:05:50
v_000013161,u_000894,s_00078,2025-01-27 18:28:43,2025-01-27 19:02:43
v_000013162,u_001660,s_00036,2025-02-01 13:21:03,2025-02-01 13:30:03
v_000013163,u_000686,s_00132,2025-02-13 22:15:09,2025-02-13 22:49:09
v_000013164,u_000923,s_00087,2025-02-24 18:53:19,2025-02-24 19:00:19
v_000013165,u_001457,s_00140,2025-01-02 23:35:10,2025-01-02 23:47:10
v_000013166,u_001674,s_00129,2025-01-31 23:00:23,2025-01-31 23:01:23
v_000013167,u_000310,s_00021,2025-01-16 23:43:09,2025-01-16 23:56:09
v_000013168,u_001612,s_00043,2025-02-23 17:18:18,2025-02-23 17:44:18
v_000013169,u_000356,s_00130,2025-02-24 20:09:39,2025-02-24 20:41:39
v_000013170,u_000015,s_00106,2025-01-04 22:27:54,2025-01-04 23:01:54
v_000013171,u_000594,s_00047,2025-01-21 23:11:25,2025-01-21 23:41:25
v_000013172,u_000306,s_00144,2025-01-06 18:16:39,2025-01-06 18:32:39
v_000013173,u_000931,s_00144,2025-01-10 21:35:17,2025-01-10 21:55:17
v_000013174,u_001076,s_00117,2025-03-01 15:29:55,2025-03-01 15:35:55
v_000013175,u_001941,s_00119,2025-01-01 20:04:55,2025-01-01 20:11:55
v_000013176,u_001453,s_00118,2025-02-10 19:15:02,2025-02-10 19:25:02
v_000013177,u_001675,s_00091,2025-01-12 16:38:40,2025-01-12 16:39:40
v_000013178,u_001615,s_00013,2025-01-05 20:35:15,2025-01-05 20:36:15
v_000013179,u_000075,s_00021,2025-02-20 17:55:40,2025-02-20 18:18:40
v_000013180,u_000427,s_00141,2025-01-07 20:26:20,2025-01-07 20:51:20
v_000013181,u_000477,s_00129,2025-01-31 23:43:29,2025-01-31 23:57:29
v_000013182,u_001414,s_00142,2025-01-27 09:39:19,2025-01-27 09:40:19
v_000013183,u_001181,s_00087,2025-02-18 23:57:43,2025-02-19 00:37:43
v_000013184,u_000173,s_00032,2025-01-28 23:42:03,2025-01-29 01:15:03
v_000013185,u_001276,s_00133,2025-02-01 23:46:03,2025-02-01 23:54:03
v_000013186,u_000804,s_00028,2025-02-11 16:17:14,2025-02-11 16:32:14
v_000013187,u_000053,s_00103,2025-01-25 15:38:26,2025-01-25 15:39:26
v_000013188,u_001003,s_00067,2025-01-03 21:44:57,2025-01-03 21:45:57
v_000013189,u_000879,s_00124,2025-01-22 20:50:20,2025-01-22 21:01:20
v_000013190,u_001394,s_00086,2025-02-15 20:21:47,2025-02-15 20:30:47
v_000013191,u_000911,s_00044,2025-01-15 23:26:28,2025-01-15 23:58:28
v_000013192,u_000451,s_00075,2025-02-19 23:54:05,2025-02-20 00:41:05
v_000013193,u_000286,s_00048,2025-01-05 11:42:38,2025-01-05 11:46:38
v_000013194,u_000754,s_00126,2025-02-19 20:59:28,2025-02-19 21:39:28
v_000013195,u_000106,s_00048,2025-02-20 20:11:04,2025-02-20 20:19:04
v_000013196,u_001318,s_00142,2025-02-18 13:49:41,2025-02-18 14:31:41
v_000013197,u_001670,s_00042,2025-01-04 18:18:42,2025-01-04 18:25:42
v_000013198,u_000692,s_00093,2025-02-25 22:27:35,2025-02-25 22:29:35
v_000013199,u_000949,s_00044,2025-01-20 23:20:03,2025-01-21 00:02:03
v_000013200,u_000001,s_00119,2025-02-08 23:28:18,2025-02-08 23:29:18
v_000013201,u_001598,s_00083,2025-02-11 23:10:16,2025-02-11 23:15:16
v_000013202,u_001449,s_00021,2025-01-11 17:24:31,2025-01-11 17:25:31
v_000013203,u_000306,s_00149,2025-01-08 23:22:52,2025-01-08 23:36:52
v_000013204,u_001959,s_00021,2025-02-14 19:24:28,2025-02-14 20:02:28
v_000013205,u_001699,s_00053,2025-02-24 21:48:15,2025-02-24 22:38:15
v_000013206,u_001768,s_00139,2025-02-01 18:34:32,2025-02-01 18:35:32
v_000013207,u_000477,s_00129,2025-01-21 23:01:27,2025-01-22 00:01:27
v_000013208,u_000367,s_00053,2025-01-26 22:27:41,2025-01-26 22:35:41
v_000013209,u_001824,s_00048,2025-02-13 20:13:57,2025-02-13 21:07:57
v_000013210,u_000139,s_00145,2025-01-03 20:31:50,2025-01-03 20:38:50
v_000013211,u_001195,s_00001,2025-02-12 19:48:47,2025-02-12 20:30:47
v_000013212,u_001829,s_00027,2025-01-03 23:42:46,2025-01-03 23:50:46
v_000013213,u_001966,s_00050,2025-02-07 17:05:15,2025-02-07 17:10:15
v_000013214,u_001668,s_00029,2025-01-14 21:58:13,2025-01-14 22:31:13
v_000013215,u_000763,s_00120,2025-02-07 23:29:33,2025-02-07 23:54:33
v_000013216,u_001253,s_00122,2025-02-02 22:31:19,2025-02-02 22:34:19
v_000013217,u_001512,s_00049,2025-01-31 22:03:55,2025-01-31 22:32:55
v_000013218,u_000146,s_00135,2025-02-28 19:59:25,2025-02-28 20:12:25
v_000013219,u_000278,s_00073,2025-02-17 18:23:34,2025-02-17 18:26:34
v_000013220,u_001143,s_00016,2025-01-23 20:49:17,2025-01-23 20:52:17
v_000013221,u_000409,s_00127,2025-01-02 23:18:49,2025-01-02 23:48:49
v_000013222,u_000784,s_00146,2025-02-18 22:28:19,2025-02-18 22:57:19
v_000013223,u_000498,s_00053,2025-01-31 20:51:56,2025-01-31 20:52:56
v_000013224,u_001190,s_00134,2025-01-11 18:46:21,2025-01-11 19:21:21
v_000013225,u_001044,s_00113,2025-01-31 21:19:48,2025-01-31 22:39:48
v_000013226,u_001898,s_00078,2025-02-21 16:49:22,2025-02-21 17:04:22
v_000013227,u_001301,s_00047,2025-01-18 16:05:14,2025-01-18 16:19:14
v_000013228,u_000029,s_00136,2025-01-11 15:16:16,2025-01-11 15:38:16
v_000013229,u_001871,s_00076,2025-01-08 12:52:31,2025-01-08 12:54:31
v_000013230,u_001080,s_00043,2025-01-14 15:00:52,2025-01-14 15:36:52
v_000013231,u_000470,s_00020,2025-02-20 16:24:20,2025-02-20 16:39:20
v_000013232,u_000339,s_00049,2025-01-30 23:46:18,2025-01-30 23:51:18
v_000013233,u_001165,s_00059,2025-02-07 21:03:20,2025-02-07 21:46:20
v_000013234,u_001445,s_00116,2025-01-23 23:13:46,2025-01-23 23:56:46
v_000013235,u_001082,s_00081,2025-02-05 23:39:20,2025-02-06 00:57:20
v_000013236,u_000796,s_00142,2025-01-31 21:36:31,2025-01-31 21:44:31
v_000013237,u_001747,s_00050,2025-01-06 19:33:53,2025-01-06 19:44:53
v_000013238,u_000872,s_00141,2025-01-19 19:12:28,2025-01-19 19:23:28
v_000013239,u_001930,s_00049,2025-01-11 23:57:45,2025-01-12 00:02:45
v_000013240,u_001512,s_00142,2025-01-18 13:32:35,2025-01-18 13:45:35
v_000013241,u_000464,s_00019,2025-01-18 15:58:07,2025-01-18 16:03:07
v_000013242,u_001522,s_00085,2025-01-05 22:10:25,2025-01-05 22:37:25
v_000013243,u_000764,s_00059,2025-01-15 22:02:08,2025-01-15 22:09:08
v_000013244,u_001644,s_00113,2025-02-01 14:48:10,2025-02-01 15:12:10
v_000013245,u_001955,s_00003,2025-02-11 23:33:44,2025-02-11 23:58:44
v_000013246,u_000311,s_00040,2025-01-03 19:30:29,2025-01-03 19:36:29
v_000013247,u_001114,s_00111,2025-02-28 17:42:58,2025-02-28 17:47:58
v_000013248,u_001927,s_00110,2025-02-13 19:59:20,2025-02-13 20:21:20
v_000013249,u_000549,s_00006,2025-02-01 23:19:39,2025-02-01 23:39:39
v_000013250,u_001264,s_00099,2025-02-28 23:14:10,2025-02-28 23:26:10
v_000013251,u_000229,s_00114,2025-01-23 19:54:14,2025-01-23 20:22:14
v_000013252,u_000326,s_00084,2025-02-27 16:15:12,2025-02-27 16:24:12
v_000013253,u_000942,s_00119,2025-01-19 17:15:59,2025-01-19 17:16:59
v_000013254,u_001498,s_00126,2025-02-28 20:56:27,2025-02-28 21:04:27
v_000013255,u_001594,s_00139,2025-02-11 23:36:59,2025-02-11 23:37:59
v_000013256,u_000763,s_00131,2025-01-10 13:45:22,2025-01-10 13:48:22
v_000013257,u_000604,s_00115,2025-02-01 15:58:36,2025-02-01 16:04:36
v_000013258,u_001202,s_00087,2025-01-01 19:40:33,2025-01-01 19:51:33
v_000013259,u_001147,s_00057,2025-02-06 15:33:07,2025-02-06 16:18:07
v_000013260,u_001597,s_00117,2025-01-17 11:10:58,2025-01-17 11:17:58
v_000013261,u_001665,s_00035,2025-02-05 12:53:00,2025-02-05 12:59:00
v_000013262,u_001911,s_00115,2025-03-01 23:45:48,2025-03-02 00:24:48
v_000013263,u_001577,s_00045,2025-02-15 22:20:33,2025-02-15 22:41:33
v_000013264,u_000306,s_00021,2025-01-08 21:12:41,2025-01-08 21:27:41
v_000013265,u_000603,s_00108,2025-01-24 15:28:11,2025-01-24 16:07:11
v_000013266,u_001834,s_00124,2025-02-25 23:53:32,2025-02-26 00:57:32
v_000013267,u_001208,s_00049,2025-02-12 21:15:06,2025-02-12 21:16:06
v_000013268,u_000456,s_00085,2025-01-21 23:30:08,2025-01-21 23:56:08
v_000013269,u_000996,s_00052,2025-02-24 23:22:18,2025-02-24 23:39:18
v_000013270,u_001820,s_00072,2025-02-16 21:19:57,2025-02-16 22:28:57
v_000013271,u_001843,s_00092,2025-01-05 18:39:32,2025-01-05 19:16:32
v_000013272,u_000210,s_00125,2025-02-03 18:40:49,2025-02-03 18:50:49
v_000013273,u_000085,s_00073,2025-01-31 15:36:28,2025-01-31 15:42:28
v_000013274,u_001552,s_00006,2025-01-12 15:27:47,2025-01-12 15:35:47
v_000013275,u_001293,s_00073,2025-01-15 17:02:09,2025-01-15 17:09:09
v_000013276,u_001072,s_00054,2025-02-10 17:08:52,2025-02-10 17:28:52
v_000013277,u_001941,s_00006,2025-01-04 23:32:34,2025-01-05 01:37:34
v_000013278,u_000032,s_00104,2025-02-17 14:12:20,2025-02-17 14:13:20
v_000013279,u_001020,s_00024,2025-02-15 18:45:26,2025-02-15 18:48:26
v_000013280,u_000468,s_00142,2025-01-12 17:36:00,2025-01-12 17:37:00
v_000013281,u_001161,s_00124,2025-01-22 23:39:21,2025-01-22 23:42:21
v_000013282,u_001391,s_00120,2025-01-27 23:16:02,2025-01-27 23:50:02
v_000013283,u_000196,s_00099,2025-02-04 22:06:12,2025-02-04 22:13:12
v_000013284,u_001258,s_00011,2025-02-27 18:28:21,2025-02-27 18:43:21
v_000013285,u_000226,s_00035,2025-02-16 23:19:40,2025-02-16 23:28:40
v_000013286,u_001209,s_00126,2025-03-01 22:20:03,2025-03-01 22:22:03
v_000013287,u_001312,s_00058,2025-02-01 22:53:53,2025-02-01 23:15:53
v_000013288,u_000912,s_00040,2025-01-10 15:30:26,2025-01-10 16:27:26
v_000013289,u_000915,s_00002,2025-02-05 22:42:29,2025-02-05 23:09:29
v_000013290,u_001334,s_00037,2025-02-09 15:55:39,2025-02-09 16:25:39
v_000013291,u_001588,s_00090,2025-01-02 14:13:19,2025-01-02 14:38:19
v_000013292,u_001665,s_00035,2025-02-23 18:32:52,2025-02-23 19:50:52
v_000013293,u_001361,s_00084,2025-01-05 20:39:19,2025-01-05 20:47:19
v_000013294,u_000324,s_00069,2025-01-29 19:44:49,2025-01-29 19:45:49
v_000013295,u_000784,s_00078,2025-01-20 21:05:54,2025-01-20 21:16:54
v_000013296,u_000587,s_00033,2025-01-18 21:13:54,2025-01-18 21:34:54
v_000013297,u_001222,s_00134,2025-01-25 23:36:59,2025-01-26 00:24:59
v_000013298,u_001912,s_00100,2025-01-27 22:17:42,2025-01-27 22:20:42
v_000013299,u_001297,s_00066,2025-01-06 15:20:41,2025-01-06 15:27:41
v_000013300,u_000438,s_00065,2025-01-15 23:28:44,2025-01-15 23:40:44
v_000013301,u_000661,s_00077,2025-01-07 15:51:28,2025-01-07 15:58:28
v_000013302,u_000354,s_00129,2025-02-19 15:01:45,2025-02-19 15:15:45
v_000013303,u_001214,s_00071,2025-01-05 22:05:45,2025-01-05 22:12:45
v_000013304,u_000836,s_00006,2025-01-13 18:51:01,2025-01-13 19:20:01
v_000013305,u_001932,s_00130,2025-02-11 20:51:45,2025-02-11 20:55:45
v_000013306,u_001743,s_00105,2025-01-20 22:15:31,2025-01-20 22:45:31
v_000013307,u_000002,s_00087,2025-01-19 21:15:03,2025-01-19 21:54:03
v_000013308,u_000044,s_00038,2025-02-13 20:31:20,2025-02-13 20:40:20
v_000013309,u_000499,s_00006,2025-01-30 15:33:56,2025-01-30 15:39:56
v_000013310,u_001766,s_00059,2025-02-26 23:14:48,2025-02-26 23:41:48
v_000013311,u_001274,s_00111,2025-02-22 23:42:50,2025-02-23 00:07:50
v_000013312,u_001652,s_00063,2025-01-05 15:06:09,2025-01-05 15:27:09
v_000013313,u_001228,s_00036,2025-02-02 22:26:09,2025-02-02 22:29:09
v_000013314,u_000820,s_00141,2025-01-04 10:08:43,2025-01-04 10:15:43
v_000013315,u_001422,s_00087,2025-01-05 23:01:39,2025-01-05 23:20:39
v_000013316,u_000163,s_00053,2025-01-09 14:52:18,2025-01-09 15:02:18
v_000013317,u_001441,s_00062,2025-01-10 17:01:00,2025-01-10 17:09:00
v_000013318,u_001427,s_00036,2025-02-17 18:58:19,2025-02-17 19:18:19
v_000013319,u_001420,s_00145,2025-01-08 23:06:12,2025-01-08 23:21:12
v_000013320,u_000508,s_00105,2025-01-25 16:54:37,2025-01-25 16:55:37
v_000013321,u_001098,s_00129,2025-01-30 18:42:03,2025-01-30 19:35:03
v_000013322,u_001700,s_00118,2025-02-06 17:15:31,2025-02-06 17:16:31
v_000013323,u_000990,s_00020,2025-02-10 23:50:23,2025-02-11 00:28:23
v_000013324,u_000948,s_00094,2025-01-05 18:30:39,2025-01-05 19:20:39
v_000013325,u_001531,s_00075,2025-02-26 23:27:14,2025-02-26 23:50:14
v_000013326,u_000914,s_00132,2025-02-09 16:03:38,2025-02-09 17:39:38
v_000013327,u_000611,s_00130,2025-01-28 23:53:45,2025-01-29 00:10:45
v_000013328,u_001544,s_00095,2025-01-24 15:47:38,2025-01-24 15:57:38
v_000013329,u_000648,s_00020,2025-01-16 13:37:08,2025-01-16 13:55:08
v_000013330,u_000363,s_00080,2025-02-16 16:33:03,2025-02-16 16:50:03
v_000013331,u_000445,s_00039,2025-03-01 15:40:37,2025-03-01 15:44:37
v_000013332,u_001670,s_00027,2025-02-09 09:42:48,2025-02-09 10:29:48
v_000013333,u_001802,s_00105,2025-01-23 21:20:43,2025-01-23 21:21:43
v_000013334,u_000075,s_00021,2025-01-13 23:41:20,2025-01-13 23:47:20
v_000013335,u_000661,s_00079,2025-01-04 19:13:48,2025-01-04 19:21:48
v_000013336,u_000656,s_00071,2025-02-28 19:26:01,2025-02-28 19:27:01
v_000013337,u_001910,s_00090,2025-02-19 22:42:35,2025-02-19 23:19:35
v_000013338,u_000445,s_00014,2025-02-09 22:50:48,2025-02-09 23:01:48
v_000013339,u_001328,s_00001,2025-01-17 23:33:27,2025-01-18 00:23:27
v_000013340,u_001542,s_00085,2025-01-24 23:10:48,2025-01-24 23:14:48
v_000013341,u_000562,s_00130,2025-02-27 18:39:53,2025-02-27 18:40:53
v_000013342,u_000828,s_00043,2025-01-03 12:54:10,2025-01-03 13:06:10
v_000013343,u_000759,s_00143,2025-01-20 23:46:49,2025-01-20 23:56:49
v_000013344,u_000196,s_00128,2025-01-12 15:28:44,2025-01-12 15:31:44
v_000013345,u_000243,s_00015,2025-02-16 20:53:27,2025-02-16 21:06:27
v_000013346,u_000665,s_00053,2025-02-18 10:33:09,2025-02-18 11:02:09
v_000013347,u_000442,s_00076,2025-02-16 14:09:54,2025-02-16 14:23:54
v_000013348,u_000997,s_00108,2025-02-15 19:15:19,2025-02-15 19:20:19
v_000013349,u_001696,s_00034,2025-02-28 23:02:13,2025-02-28 23:15:13
v_000013350,u_001870,s_00015,2025-02-28 20:04:25,2025-02-28 20:08:25
v_000013351,u_001008,s_00017,2025-01-30 11:08:11,2025-01-30 11:40:11
v_000013352,u_000741,s_00097,2025-02-26 19:41:59,2025-02-26 19:46:59
v_000013353,u_001590,s_00106,2025-02-08 23:29:13,2025-02-08 23:42:13
v_000013354,u_000797,s_00031,2025-02-06 19:18:53,2025-02-06 19:29:53
v_000013355,u_001597,s_00078,2025-01-21 18:30:44,2025-01-21 19:00:44
v_000013356,u_001413,s_00126,2025-01-04 20:21:28,2025-01-04 20:23:28
v_000013357,u_001691,s_00002,2025-01-22 21:08:43,2025-01-22 21:11:43
v_000013358,u_001278,s_00019,2025-01-15 23:28:46,2025-01-15 23:45:46
v_000013359,u_001983,s_00055,2025-01-13 14:07:17,2025-01-13 15:07:17
v_000013360,u_001843,s_00092,2025-01-22 17:25:51,2025-01-22 17:26:51
v_000013361,u_000383,s_00087,2025-01-04 23:00:23,2025-01-04 23:16:23
v_000013362,u_001927,s_00110,2025-01-04 21:55:24,2025-01-04 22:01:24
v_000013363,u_000252,s_00124,2025-01-23 20:38:33,2025-01-23 20:51:33
v_000013364,u_000238,s_00057,2025-01-03 23:43:27,2025-01-04 00:53:27
v_000013365,u_001543,s_00140,2025-02-28 16:54:17,2025-02-28 16:58:17
v_000013366,u_000436,s_00112,2025-02-12 20:26:00,2025-02-12 21:22:00
v_000013367,u_000236,s_00020,2025-02-22 16:23:50,2025-02-22 16:29:50
v_000013368,u_001248,s_00096,2025-02-20 23:37:46,2025-02-20 23:38:46
v_000013369,u_000847,s_00067,2025-02-11 21:46:07,2025-02-11 22:04:07
v_000013370,u_000220,s_00071,2025-02-09 18:11:39,2025-02-09 18:36:39
v_000013371,u_001310,s_00043,2025-01-08 16:57:04,2025-01-08 17:05:04
v_000013372,u_001341,s_00011,2025-01-22 23:45:35,2025-01-23 00:02:35
v_000013373,u_001378,s_00052,2025-01-27 15:13:05,2025-01-27 15:19:05
v_000013374,u_000778,s_00139,2025-01-04 21:45:59,2025-01-04 22:33:59
v_000013375,u_001261,s_00132,2025-02-16 12:31:42,2025-02-16 12:47:42
v_000013376,u_000718,s_00089,2025-02-16 15:15:53,2025-02-16 15:22:53
v_000013377,u_001349,s_00116,2025-02-23 15:52:55,2025-02-23 15:58:55
v_000013378,u_001541,s_00115,2025-02-13 18:07:06,2025-02-13 18:09:06
v_000013379,u_000906,s_00019,2025-01-04 23:49:57,2025-01-05 00:15:57
v_000013380,u_000951,s_00049,2025-02-03 22:21:07,2025-02-03 23:04:07
v_000013381,u_001310,s_00043,2025-01-16 16:04:27,2025-01-16 16:20:27
v_000013382,u_001204,s_00113,2025-02-06 22:04:42,2025-02-06 22:36:42
v_000013383,u_000991,s_00123,2025-01-07 19:57:49,2025-01-07 20:22:49
v_000013384,u_001274,s_00004,2025-01-30 20:19:05,2025-01-30 20:22:05
v_000013385,u_000570,s_00130,2025-01-19 23:48:08,2025-01-19 23:49:08
v_000013386,u_000276,s_00090,2025-01-19 23:07:18,2025-01-20 00:28:18
v_000013387,u_001238,s_00134,2025-01-18 21:16:40,2025-01-18 21:27:40
v_000013388,u_000274,s_00077,2025-01-14 21:24:11,2025-01-14 21:30:11
v_000013389,u_000256,s_00110,2025-01-18 17:22:17,2025-01-18 17:23:17
v_000013390,u_000156,s_00041,2025-02-01 23:10:45,2025-02-02 00:03:45
v_000013391,u_001336,s_00006,2025-02-18 23:54:29,2025-02-19 00:37:29
v_000013392,u_000883,s_00090,2025-01-25 12:38:51,2025-01-25 13:00:51
v_000013393,u_001479,s_00136,2025-02-15 16:51:23,2025-02-15 16:52:23
v_000013394,u_001752,s_00114,2025-01-04 14:46:26,2025-01-04 15:04:26
v_000013395,u_000909,s_00080,2025-02-28 21:44:53,2025-02-28 22:55:53
v_000013396,u_001248,s_00105,2025-02-28 22:40:24,2025-02-28 22:58:24
v_000013397,u_001846,s_00078,2025-02-13 19:09:36,2025-02-13 19:55:36
v_000013398,u_001048,s_00148,2025-03-01 20:33:38,2025-03-01 20:49:38
v_000013399,u_000278,s_00019,2025-02-14 16:52:02,2025-02-14 17:55:02
v_000013400,u_001733,s_00125,2025-01-01 23:13:43,2025-01-02 00:02:43
v_000013401,u_001197,s_00059,2025-01-08 23:24:11,2025-01-08 23:38:11
v_000013402,u_000043,s_00146,2025-01-02 21:11:59,2025-01-02 22:01:59
v_000013403,u_000925,s_00132,2025-02-21 23:45:31,2025-02-21 23:57:31
v_000013404,u_001924,s_00010,2025-02-19 23:53:45,2025-02-20 00:17:45
v_000013405,u_001323,s_00054,2025-01-04 23:43:57,2025-01-05 00:07:57
v_000013406,u_000751,s_00078,2025-02-28 19:53:39,2025-02-28 19:57:39
v_000013407,u_001672,s_00122,2025-01-16 22:55:19,2025-01-16 23:47:19
v_000013408,u_000184,s_00009,2025-02-20 19:56:54,2025-02-20 20:47:54
v_000013409,u_000688,s_00004,2025-02-18 22:15:42,2025-02-18 22:40:42
v_000013410,u_000333,s_00005,2025-01-11 21:15:31,2025-01-11 21:39:31
v_000013411,u_001536,s_00105,2025-03-01 15:46:19,2025-03-01 15:58:19
v_000013412,u_000133,s_00079,2025-02-03 17:47:21,2025-02-03 18:57:21
v_000013413,u_001700,s_00002,2025-01-30 18:20:38,2025-01-30 18:25:38
v_000013414,u_000418,s_00032,2025-01-13 20:41:49,2025-01-13 20:42:49
v_000013415,u_001284,s_00001,2025-02-27 17:13:53,2025-02-27 17:48:53
v_000013416,u_000949,s_00081,2025-01-31 15:29:49,2025-01-31 15:34:49
v_000013417,u_000307,s_00082,2025-02-09 21:48:21,2025-02-09 22:15:21
v_000013418,u_000250,s_00104,2025-03-01 23:18:08,2025-03-01 23:26:08
v_000013419,u_000756,s_00094,2025-02-17 23:06:03,2025-02-18 00:04:03
v_000013420,u_000532,s_00055,2025-01-06 18:21:43,2025-01-06 18:27:43
v_000013421,u_001759,s_00028,2025-02-03 19:35:21,2025-02-03 19:36:21
v_000013422,u_000437,s_00040,2025-02-10 22:12:00,2025-02-10 22:23:00
v_000013423,u_001210,s_00060,2025-01-09 18:40:27,2025-01-09 19:28:27
v_000013424,u_001253,s_00105,2025-01-01 19:33:20,2025-01-01 19:34:20
v_000013425,u_001847,s_00062,2025-02-24 23:07:09,2025-02-24 23:18:09
v_000013426,u_001879,s_00017,2025-01-20 23:14:05,2025-01-20 23:48:05
v_000013427,u_000932,s_00097,2025-02-14 13:06:30,2025-02-14 13:30:30
v_000013428,u_001513,s_00059,2025-01-26 23:47:12,2025-01-26 23:57:12
v_000013429,u_001837,s_00039,2025-01-20 19:04:43,2025-01-20 19:17:43
v_000013430,u_001902,s_00081,2025-01-12 17:32:12,2025-01-12 17:51:12
v_000013431,u_001219,s_00120,2025-01-24 15:57:42,2025-01-24 16:04:42
v_000013432,u_000894,s_00073,2025-01-03 20:26:29,2025-01-03 20:27:29
v_000013433,u_001880,s_00117,2025-01-29 19:21:22,2025-01-29 19:39:22
v_000013434,u_001984,s_00114,2025-01-01 22:38:26,2025-01-01 22:46:26
v_000013435,u_000826,s_00030,2025-01-10 08:45:47,2025-01-10 08:52:47
v_000013436,u_000934,s_00086,2025-02-25 21:30:13,2025-02-25 21:31:13
v_000013437,u_000263,s_00138,2025-02-18 13:14:37,2025-02-18 13:22:37
v_000013438,u_000014,s_00137,2025-01-30 23:49:27,2025-01-30 23:51:27
v_000013439,u_001876,s_00053,2025-02-05 16:35:54,2025-02-05 16:42:54
v_000013440,u_000866,s_00097,2025-01-06 23:22:03,2025-01-06 23:24:03
v_000013441,u_001831,s_00092,2025-01-21 18:15:30,2025-01-21 18:17:30
v_000013442,u_001889,s_00063,2025-01-04 23:38:04,2025-01-04 23:55:04
v_000013443,u_000647,s_00027,2025-01-16 17:40:14,2025-01-16 18:06:14
v_000013444,u_000860,s_00102,2025-01-08 21:53:40,2025-01-08 22:02:40
v_000013445,u_000446,s_00081,2025-01-13 19:34:42,2025-01-13 19:35:42
v_000013446,u_000345,s_00105,2025-03-01 18:27:25,2025-03-01 18:30:25
v_000013447,u_001865,s_00094,2025-02-26 21:22:17,2025-02-26 21:23:17
v_000013448,u_001868,s_00029,2025-02-11 21:24:40,2025-02-11 21:26:40
v_000013449,u_001824,s_00048,2025-02-18 20:11:09,2025-02-18 20:31:09
v_000013450,u_000122,s_00023,2025-01-26 19:31:30,2025-01-26 20:00:30
v_000013451,u_000998,s_00115,2025-02-11 18:16:23,2025-02-11 18:21:23
v_000013452,u_000993,s_00036,2025-02-21 22:48:07,2025-02-21 22:56:07
v_000013453,u_000063,s_00000,2025-01-13 20:47:50,2025-01-13 22:48:50
v_000013454,u_001798,s_00077,2025-01-09 23:49:47,2025-01-10 00:07:47
v_000013455,u_000580,s_00000,2025-01-16 23:18:42,2025-01-16 23:23:42
v_000013456,u_001533,s_00148,2025-01-31 23:34:29,2025-01-31 23:48:29
v_000013457,u_000935,s_00009,2025-01-26 18:13:34,2025-01-26 18:14:34
v_000013458,u_000274,s_00029,2025-01-04 16:01:50,2025-01-04 16:21:50
v_000013459,u_000618,s_00050,2025-02-19 13:22:25,2025-02-19 13:36:25
v_000013460,u_000691,s_00019,2025-02-21 18:47:21,2025-02-21 19:32:21
v_000013461,u_001190,s_00134,2025-01-27 22:14:14,2025-01-27 22:15:14
v_000013462,u_000076,s_00055,2025-01-07 16:54:55,2025-01-07 17:05:55
v_000013463,u_001596,s_00082,2025-01-25 18:43:24,2025-01-25 19:18:24
v_000013464,u_000430,s_00023,2025-01-20 21:28:39,2025-01-20 22:11:39
v_000013465,u_000361,s_00136,2025-02-06 23:19:02,2025-02-07 00:44:02
v_000013466,u_001784,s_00108,2025-01-04 15:37:02,2025-01-04 16:07:02
v_000013467,u_001147,s_00013,2025-01-23 16:40:07,2025-01-23 16:52:07
v_000013468,u_000547,s_00034,2025-02-04 20:00:57,2025-02-04 20:31:57
v_000013469,u_001048,s_00148,2025-01-14 23:24:02,2025-01-14 23:28:02
v_000013470,u_000688,s_00140,2025-02-05 14:07:57,2025-02-05 14:38:57
v_000013471,u_001137,s_00091,2025-02-12 19:28:02,2025-02-12 19:39:02
v_000013472,u_001654,s_00106,2025-02-22 13:59:29,2025-02-22 14:15:29
v_000013473,u_001978,s_00112,2025-02-25 19:06:27,2025-02-25 19:10:27
v_000013474,u_000270,s_00072,2025-01-29 11:43:11,2025-01-29 11:44:11
v_000013475,u_001892,s_00145,2025-01-06 22:56:50,2025-01-06 22:58:50
v_000013476,u_001211,s_00063,2025-01-03 14:26:14,2025-01-03 14:45:14
v_000013477,u_001443,s_00088,2025-01-10 19:45:03,2025-01-10 20:12:03
v_000013478,u_001160,s_00101,2025-02-19 23:18:09,2025-02-19 23:24:09
v_000013479,u_000606,s_00009,2025-02-05 18:41:36,2025-02-05 18:42:36
v_000013480,u_001994,s_00016,2025-02-28 20:33:30,2025-02-28 20:39:30
v_000013481,u_001279,s_00067,2025-02-10 17:52:18,2025-02-10 17:55:18
v_000013482,u_000229,s_00114,2025-02-20 19:02:50,2025-02-20 19:06:50
v_000013483,u_001584,s_00019,2025-01-12 19:59:08,2025-01-12 20:43:08
v_000013484,u_000651,s_00028,2025-01-22 23:10:24,2025-01-22 23:19:24
v_000013485,u_001319,s_00011,2025-02-06 21:59:03,2025-02-06 22:23:03
v_000013486,u_000196,s_00125,2025-02-07 19:52:02,2025-02-07 19:54:02
v_000013487,u_001898,s_00010,2025-01-08 18:32:48,2025-01-08 18:45:48
v_000013488,u_000011,s_00047,2025-02-18 23:11:20,2025-02-18 23:20:20
v_000013489,u_001297,s_00032,2025-02-05 23:46:34,2025-02-06 00:33:34
v_000013490,u_001327,s_00093,2025-01-04 21:36:32,2025-01-04 21:53:32
v_000013491,u_000682,s_00007,2025-01-03 18:45:38,2025-01-03 18:51:38
v_000013492,u_000315,s_00016,2025-02-16 23:54:10,2025-02-17 00:21:10
v_000013493,u_000860,s_00100,2025-01-07 23:07:55,2025-01-07 23:56:55
v_000013494,u_000816,s_00000,2025-02-10 19:32:02,2025-02-10 19:56:02
v_000013495,u_000533,s_00132,2025-02-12 23:09:41,2025-02-12 23:11:41
v_000013496,u_001819,s_00136,2025-01-02 18:49:51,2025-01-02 18:51:51
v_000013497,u_000450,s_00074,2025-01-23 20:47:40,2025-01-23 21:33:40
v_000013498,u_000720,s_00075,2025-02-16 14:15:52,2025-02-16 14:20:52
v_000013499,u_000656,s_00121,2025-02-24 18:32:35,2025-02-24 20:21:35
v_000013500,u_001568,s_00009,2025-01-20 16:54:35,2025-01-20 17:21:35
v_000013501,u_001412,s_00122,2025-02-03 18:32:38,2025-02-03 18:34:38
v_000013502,u_001067,s_00075,2025-02-17 14:48:14,2025-02-17 14:55:14
v_000013503,u_000082,s_00052,2025-02-14 21:11:05,2025-02-14 21:35:05
v_000013504,u_001265,s_00003,2025-01-15 16:31:32,2025-01-15 17:11:32
v_000013505,u_001652,s_00067,2025-02-11 17:04:41,2025-02-11 17:51:41
v_000013506,u_001553,s_00097,2025-01-31 16:09:15,2025-01-31 16:28:15
v_000013507,u_000243,s_00144,2025-02-18 18:20:51,2025-02-18 18:46:51
v_000013508,u_001119,s_00007,2025-03-01 16:31:15,2025-03-01 16:33:15
v_000013509,u_000615,s_00045,2025-02-17 20:56:40,2025-02-17 20:57:40
v_000013510,u_001767,s_00100,2025-02-20 18:40:22,2025-02-20 18:48:22
v_000013511,u_000308,s_00011,2025-02-28 19:28:28,2025-02-28 19:34:28
v_000013512,u_001459,s_00083,2025-02-13 19:49:24,2025-02-13 20:09:24
v_000013513,u_001749,s_00148,2025-01-24 19:15:46,2025-01-24 20:24:46
v_000013514,u_001835,s_00121,2025-01-29 20:29:23,2025-01-29 20:55:23
v_000013515,u_000011,s_00018,2025-01-28 23:34:55,2025-01-28 23:36:55
v_000013516,u_000284,s_00102,2025-01-15 20:06:34,2025-01-15 20:07:34
v_000013517,u_001676,s_00129,2025-02-18 18:09:50,2025-02-18 18:40:50
v_000013518,u_000164,s_00143,2025-01-12 22:58:36,2025-01-12 23:31:36
v_000013519,u_000502,s_00070,2025-01-02 22:17:30,2025-01-02 22:26:30
v_000013520,u_000719,s_00093,2025-02-22 17:32:00,2025-02-22 17:56:00
v_000013521,u_000171,s_00125,2025-02-21 12:52:07,2025-02-21 12:55:07
v_000013522,u_000066,s_00003,2025-02-11 22:40:19,2025-02-11 22:48:19
v_000013523,u_001696,s_00081,2025-02-07 14:11:40,2025-02-07 14:44:40
v_000013524,u_001792,s_00004,2025-02-10 19:53:19,2025-02-10 20:12:19
v_000013525,u_001468,s_00045,2025-02-28 20:33:55,2025-02-28 20:34:55
v_000013526,u_000264,s_00045,2025-01-01 14:47:29,2025-01-01 14:58:29
v_000013527,u_000983,s_00016,2025-02-15 16:23:12,2025-02-15 16:56:12
v_000013528,u_000259,s_00068,2025-01-02 16:27:51,2025-01-02 16:38:51
v_000013529,u_001030,s_00017,2025-02-24 23:50:37,2025-02-24 23:55:37
v_000013530,u_001602,s_00024,2025-02-23 18:47:52,2025-02-23 18:51:52
v_000013531,u_001168,s_00082,2025-01-13 21:20:08,2025-01-13 21:30:08
v_000013532,u_000280,s_00042,2025-02-18 23:29:48,2025-02-18 23:48:48
v_000013533,u_001588,s_00047,2025-02-07 20:22:56,2025-02-07 20:28:56
v_000013534,u_001765,s_00130,2025-01-23 13:48:57,2025-01-23 14:18:57
v_000013535,u_000948,s_00120,2025-02-26 20:47:40,2025-02-26 20:55:40
v_000013536,u_000199,s_00070,2025-02-04 19:34:08,2025-02-04 19:43:08
v_000013537,u_001569,s_00089,2025-02-27 16:55:53,2025-02-27 16:58:53
v_000013538,u_001663,s_00003,2025-01-08 23:17:01,2025-01-08 23:23:01
v_000013539,u_001742,s_00089,2025-02-21 16:26:20,2025-02-21 16:48:20
v_000013540,u_000360,s_00015,2025-02-10 17:44:04,2025-02-10 18:43:04
v_000013541,u_001234,s_00011,2025-01-21 18:47:20,2025-01-21 19:28:20
v_000013542,u_001076,s_00114,2025-02-05 18:30:04,2025-02-05 18:31:04
v_000013543,u_001175,s_00071,2025-01-26 23:00:36,2025-01-26 23:03:36
v_000013544,u_000840,s_00032,2025-01-27 16:41:04,2025-01-27 16:45:04
v_000013545,u_001056,s_00067,2025-01-12 14:16:02,2025-01-12 14:56:02
v_000013546,u_001011,s_00047,2025-01-12 18:23:59,2025-01-12 18:29:59
v_000013547,u_001807,s_00146,2025-02-23 22:20:45,2025-02-23 22:35:45
v_000013548,u_001898,s_00134,2025-01-29 23:08:16,2025-01-29 23:51:16
v_000013549,u_000604,s_00073,2025-02-25 18:30:52,2025-02-25 18:31:52
v_000013550,u_001879,s_00143,2025-01-29 23:42:28,2025-01-29 23:56:28
v_000013551,u_000265,s_00050,2025-01-16 20:45:42,2025-01-16 20:52:42
v_000013552,u_000209,s_00144,2025-01-11 23:21:56,2025-01-11 23:22:56
v_000013553,u_001820,s_00063,2025-02-21 16:29:17,2025-02-21 16:44:17
v_000013554,u_000693,s_00022,2025-02-15 17:31:16,2025-02-15 17:42:16
v_000013555,u_000187,s_00043,2025-02-03 23:48:35,2025-02-03 23:49:35
v_000013556,u_000584,s_00073,2025-02-28 23:25:28,2025-02-28 23:29:28
v_000013557,u_001797,s_00111,2025-02-26 20:40:09,2025-02-26 20:42:09
v_000013558,u_001276,s_00017,2025-01-26 23:03:59,2025-01-26 23:08:59
v_000013559,u_001103,s_00120,2025-02-28 23:44:39,2025-03-01 00:42:39
v_000013560,u_001841,s_00099,2025-01-15 23:48:30,2025-01-16 00:12:30
v_000013561,u_000383,s_00136,2025-01-23 23:13:47,2025-01-24 00:12:47
v_000013562,u_000229,s_00054,2025-02-15 19:07:31,2025-02-15 19:20:31
v_000013563,u_000080,s_00094,2025-01-07 19:22:47,2025-01-07 19:27:47
v_000013564,u_001781,s_00125,2025-01-23 20:27:27,2025-01-23 20:31:27
v_000013565,u_000460,s_00002,2025-02-16 22:55:47,2025-02-16 22:58:47
v_000013566,u_001724,s_00056,2025-01-02 16:00:45,2025-01-02 16:04:45
v_000013567,u_001451,s_00074,2025-02-28 21:32:20,2025-02-28 21:37:20
v_000013568,u_000755,s_00013,2025-01-16 17:52:23,2025-01-16 17:57:23
v_000013569,u_001911,s_00042,2025-02-19 23:30:37,2025-02-19 23:32:37
v_000013570,u_000899,s_00114,2025-02-07 21:18:21,2025-02-07 21:42:21
v_000013571,u_000795,s_00098,2025-01-15 20:01:41,2025-01-15 20:13:41
v_000013572,u_000262,s_00085,2025-01-21 21:36:44,2025-01-21 22:12:44
v_000013573,u_000948,s_00135,2025-01-15 21:58:27,2025-01-15 22:24:27
v_000013574,u_000783,s_00033,2025-01-07 12:59:24,2025-01-07 13:02:24
v_000013575,u_000857,s_00019,2025-01-05 17:24:07,2025-01-05 17:42:07
v_000013576,u_001042,s_00017,2025-02-19 18:20:58,2025-02-19 18:26:58
v_000013577,u_001274,s_00004,2025-01-25 21:24:33,2025-01-25 21:28:33
v_000013578,u_001186,s_00086,2025-01-19 17:08:39,2025-01-19 17:14:39
v_000013579,u_001248,s_00122,2025-01-23 17:33:46,2025-01-23 17:40:46
v_000013580,u_000033,s_00148,2025-03-01 17:44:28,2025-03-01 18:08:28
v_000013581,u_000469,s_00123,2025-01-21 20:49:52,2025-01-21 21:07:52
v_000013582,u_001264,s_00060,2025-01-02 19:05:56,2025-01-02 19:12:56
v_000013583,u_001042,s_00011,2025-02-14 18:23:51,2025-02-14 19:05:51
v_000013584,u_001507,s_00002,2025-01-28 13:43:16,2025-01-28 13:57:16
v_000013585,u_000820,s_00123,2025-01-18 19:36:23,2025-01-18 19:51:23
v_000013586,u_000366,s_00068,2025-02-02 23:18:33,2025-02-02 23:19:33
v_000013587,u_001085,s_00037,2025-02-17 17:18:00,2025-02-17 17:19:00
v_000013588,u_000771,s_00075,2025-01-02 17:55:14,2025-01-02 19:04:14
v_000013589,u_001588,s_00080,2025-01-03 14:13:12,2025-01-03 14:57:12
v_000013590,u_000840,s_00102,2025-02-12 17:04:21,2025-02-12 18:12:21
v_000013591,u_000725,s_00146,2025-01-27 16:26:34,2025-01-27 17:22:34
v_000013592,u_000303,s_00019,2025-02-09 16:25:00,2025-02-09 16:36:00
v_000013593,u_000491,s_00058,2025-01-10 15:40:27,2025-01-10 15:54:27
v_000013594,u_001344,s_00023,2025-01-23 23:17:27,2025-01-23 23:19:27
v_000013595,u_000172,s_00131,2025-01-21 22:54:30,2025-01-21 23:07:30
v_000013596,u_000037,s_00092,2025-01-05 15:30:20,2025-01-05 16:05:20
v_000013597,u_001434,s_00048,2025-02-15 15:40:45,2025-02-15 16:01:45
v_000013598,u_000445,s_00014,2025-01-30 23:07:43,2025-01-30 23:18:43
v_000013599,u_001360,s_00090,2025-01-09 22:57:40,2025-01-09 23:17:40
v_000013600,u_001912,s_00144,2025-02-26 23:32:08,2025-02-27 00:31:08
v_000013601,u_001308,s_00113,2025-01-31 23:09:07,2025-01-31 23:45:07
v_000013602,u_000211,s_00126,2025-02-22 17:57:10,2025-02-22 18:09:10
v_000013603,u_001910,s_00085,2025-01-06 20:13:33,2025-01-06 20:51:33
v_000013604,u_001504,s_00057,2025-01-09 23:38:13,2025-01-09 23:39:13
v_000013605,u_001949,s_00080,2025-01-02 19:19:17,2025-01-02 19:53:17
v_000013606,u_001573,s_00055,2025-02-07 22:21:53,2025-02-07 22:43:53
v_000013607,u_001609,s_00053,2025-02-10 23:00:53,2025-02-10 23:09:53
v_000013608,u_000508,s_00105,2025-02-21 15:37:48,2025-02-21 15:46:48
v_000013609,u_000415,s_00109,2025-01-12 17:57:17,2025-01-12 18:01:17
v_000013610,u_000424,s_00100,2025-02-10 23:37:14,2025-02-10 23:38:14
v_000013611,u_000326,s_00096,2025-01-22 23:26:28,2025-01-22 23:28:28
v_000013612,u_001395,s_00040,2025-01-24 17:39:15,2025-01-24 17:43:15
v_000013613,u_000686,s_00012,2025-01-14 15:40:06,2025-01-14 15:47:06
v_000013614,u_000890,s_00038,2025-01-26 19:22:46,2025-01-26 19:24:46
v_000013615,u_001682,s_00025,2025-01-02 20:48:31,2025-01-02 21:41:31
v_000013616,u_001597,s_00078,2025-02-23 18:35:32,2025-02-23 18:43:32
v_000013617,u_001592,s_00067,2025-01-23 15:38:05,2025-01-23 16:31:05
v_000013618,u_001817,s_00068,2025-02-20 23:12:54,2025-02-20 23:24:54
v_000013619,u_001160,s_00145,2025-02-09 20:31:45,2025-02-09 20:38:45
v_000013620,u_001712,s_00019,2025-02-21 23:46:44,2025-02-21 23:55:44
v_000013621,u_000442,s_00048,2025-02-10 21:09:51,2025-02-10 21:28:51
v_000013622,u_000104,s_00014,2025-02-23 17:57:06,2025-02-23 18:12:06
v_000013623,u_001518,s_00119,2025-01-17 21:19:47,2025-01-17 21:47:47
v_000013624,u_000336,s_00012,2025-02-09 20:06:43,2025-02-09 20:45:43
v_000013625,u_001973,s_00060,2025-01-08 19:18:40,2025-01-08 19:22:40
v_000013626,u_001057,s_00127,2025-02-13 16:43:20,2025-02-13 16:52:20
v_000013627,u_001454,s_00064,2025-02-08 22:34:59,2025-02-08 22:51:59
v_000013628,u_001977,s_00026,2025-02-21 10:54:19,2025-02-21 11:13:19
v_000013629,u_000574,s_00112,2025-02-16 22:43:09,2025-02-17 00:21:09
v_000013630,u_000529,s_00048,2025-01-21 23:12:37,2025-01-21 23:34:37
v_000013631,u_000924,s_00058,2025-02-11 20:36:35,2025-02-11 21:25:35
v_000013632,u_000758,s_00031,2025-01-22 18:37:19,2025-01-22 18:41:19
v_000013633,u_001209,s_00126,2025-01-11 17:32:14,2025-01-11 17:47:14
v_000013634,u_000264,s_00072,2025-01-27 23:40:32,2025-01-28 00:14:32
v_000013635,u_000879,s_00028,2025-02-12 22:53:38,2025-02-12 23:00:38
v_000013636,u_001197,s_00142,2025-02-05 13:24:43,2025-02-05 14:08:43
v_000013637,u_001564,s_00083,2025-01-07 15:21:46,2025-01-07 15:41:46
v_000013638,u_001028,s_00104,2025-02-03 20:35:50,2025-02-03 21:09:50
v_000013639,u_001507,s_00002,2025-02-27 16:59:40,2025-02-27 17:00:40
v_000013640,u_000243,s_00070,2025-01-09 23:40:31,2025-01-09 23:44:31
v_000013641,u_000546,s_00055,2025-01-12 18:56:46,2025-01-12 19:27:46
v_000013642,u_001326,s_00143,2025-02-06 18:13:32,2025-02-06 18:20:32
v_000013643,u_001615,s_00013,2025-01-27 19:32:24,2025-01-27 19:42:24
v_000013644,u_001565,s_00011,2025-01-31 23:34:27,2025-01-31 23:55:27
v_000013645,u_001535,s_00135,2025-01-27 23:47:52,2025-01-27 23:59:52
v_000013646,u_000440,s_00119,2025-01-30 11:30:26,2025-01-30 11:37:26
v_000013647,u_001114,s_00061,2025-01-19 18:21:58,2025-01-19 18:36:58
v_000013648,u_000235,s_00045,2025-02-04 12:43:05,2025-02-04 13:32:05
v_000013649,u_001315,s_00061,2025-01-12 16:25:35,2025-01-12 16:32:35
v_000013650,u_001340,s_00060,2025-02-25 22:14:40,2025-02-25 22:17:40
v_000013651,u_001593,s_00130,2025-03-01 23:49:07,2025-03-02 00:26:07
v_000013652,u_000619,s_00031,2025-01-27 19:04:01,2025-01-27 19:05:01
v_000013653,u_000315,s_00016,2025-02-26 21:44:39,2025-02-26 21:57:39
v_000013654,u_000112,s_00137,2025-01-24 23:10:20,2025-01-24 23:18:20
v_000013655,u_001268,s_00128,2025-01-27 20:00:07,2025-01-27 20:14:07
v_000013656,u_001438,s_00028,2025-02-13 19:52:24,2025-02-13 20:00:24
v_000013657,u_000177,s_00121,2025-02-02 19:55:06,2025-02-02 19:56:06
v_000013658,u_001368,s_00138,2025-01-11 21:01:02,2025-01-11 21:25:02
v_000013659,u_001848,s_00051,2025-02-11 22:08:53,2025-02-11 23:14:53
v_000013660,u_000522,s_00134,2025-01-30 23:14:09,2025-01-30 23:26:09
v_000013661,u_000262,s_00137,2025-01-22 21:49:16,2025-01-22 21:50:16
v_000013662,u_001514,s_00109,2025-02-14 21:01:15,2025-02-14 21:10:15
v_000013663,u_000885,s_00037,2025-01-04 22:47:23,2025-01-04 22:48:23
v_000013664,u_001072,s_00124,2025-02-09 14:46:35,2025-02-09 15:03:35
v_000013665,u_000693,s_00017,2025-02-10 21:25:24,2025-02-10 22:11:24
v_000013666,u_001749,s_00016,2025-02-13 11:44:20,2025-02-13 11:51:20
v_000013667,u_001086,s_00106,2025-01-11 23:15:27,2025-01-11 23:45:27
v_000013668,u_001844,s_00144,2025-02-09 23:07:27,2025-02-09 23:08:27
v_000013669,u_001135,s_00055,2025-02-23 14:40:46,2025-02-23 15:02:46
v_000013670,u_001036,s_00019,2025-01-15 20:28:03,2025-01-15 20:30:03
v_000013671,u_001892,s_00000,2025-01-12 18:19:17,2025-01-12 18:35:17
v_000013672,u_001748,s_00109,2025-01-23 10:03:45,2025-01-23 10:58:45
v_000013673,u_000808,s_00065,2025-01-14 23:59:32,2025-01-15 00:21:32
v_000013674,u_001136,s_00115,2025-01-31 18:30:31,2025-01-31 18:32:31
v_000013675,u_000472,s_00131,2025-01-30 21:44:15,2025-01-30 21:45:15
v_000013676,u_001321,s_00002,2025-02-05 19:00:13,2025-02-05 19:01:13
v_000013677,u_001931,s_00113,2025-02-25 23:08:53,2025-02-25 23:25:53
v_000013678,u_000797,s_00031,2025-01-01 23:42:29,2025-01-01 23:48:29
v_000013679,u_000316,s_00046,2025-01-01 20:30:22,2025-01-01 20:31:22
v_000013680,u_000111,s_00001,2025-02-28 17:49:07,2025-02-28 17:50:07
v_000013681,u_001892,s_00110,2025-01-21 19:51:48,2025-01-21 20:30:48
v_000013682,u_000407,s_00147,2025-02-09 19:45:29,2025-02-09 19:59:29
v_000013683,u_001089,s_00038,2025-02-12 19:55:17,2025-02-12 20:13:17
v_000013684,u_001788,s_00077,2025-02-06 23:01:13,2025-02-06 23:56:13
v_000013685,u_000509,s_00054,2025-02-26 20:04:21,2025-02-26 20:08:21
v_000013686,u_000028,s_00052,2025-01-04 20:13:53,2025-01-04 20:22:53
v_000013687,u_001530,s_00091,2025-02-01 18:06:22,2025-02-01 18:53:22
v_000013688,u_001003,s_00067,2025-01-14 21:41:14,2025-01-14 22:13:14
v_000013689,u_001836,s_00021,2025-01-29 18:53:15,2025-01-29 19:12:15
v_000013690,u_000577,s_00008,2025-02-25 22:32:07,2025-02-25 22:33:07
v_000013691,u_000378,s_00142,2025-02-01 22:53:10,2025-02-01 23:32:10
v_000013692,u_001222,s_00134,2025-02-16 19:26:00,2025-02-16 19:49:00
v_000013693,u_001581,s_00052,2025-01-21 15:30:46,2025-01-21 15:37:46
v_000013694,u_001800,s_00103,2025-01-25 23:40:00,2025-01-25 23:59:00
v_000013695,u_001862,s_00060,2025-02-19 23:59:20,2025-02-20 00:00:20
v_000013696,u_001016,s_00128,2025-02-07 23:18:46,2025-02-07 23:19:46
v_000013697,u_000424,s_00106,2025-01-03 20:08:41,2025-01-03 20:10:41
v_000013698,u_001077,s_00090,2025-02-21 23:54:04,2025-02-22 00:12:04
v_000013699,u_001106,s_00038,2025-01-05 23:33:48,2025-01-05 23:53:48
v_000013700,u_000046,s_00023,2025-02-12 23:43:39,2025-02-12 23:45:39
v_000013701,u_001372,s_00037,2025-02-27 19:10:13,2025-02-27 19:26:13
v_000013702,u_001725,s_00127,2025-01-23 22:36:00,2025-01-23 22:42:00
v_000013703,u_001810,s_00057,2025-02-23 23:49:43,2025-02-24 00:54:43
v_000013704,u_001602,s_00025,2025-02-25 20:40:14,2025-02-25 20:54:14
v_000013705,u_000399,s_00145,2025-01-09 17:06:50,2025-01-09 17:12:50
v_000013706,u_001159,s_00108,2025-01-17 18:46:12,2025-01-17 19:08:12
v_000013707,u_001606,s_00020,2025-02-18 23:37:41,2025-02-19 00:03:41
v_000013708,u_001404,s_00058,2025-02-13 14:28:56,2025-02-13 14:56:56
v_000013709,u_000965,s_00092,2025-02-17 23:29:39,2025-02-17 23:35:39
v_000013710,u_000048,s_00098,2025-01-05 18:50:45,2025-01-05 19:07:45
v_000013711,u_000549,s_00051,2025-01-31 16:37:35,2025-01-31 17:19:35
v_000013712,u_000227,s_00088,2025-02-14 19:50:35,2025-02-14 20:04:35
v_000013713,u_000601,s_00116,2025-01-02 23:39:39,2025-01-03 00:19:39
v_000013714,u_000590,s_00147,2025-01-08 13:50:10,2025-01-08 14:07:10
v_000013715,u_001778,s_00103,2025-01-06 19:25:42,2025-01-06 20:03:42
v_000013716,u_000419,s_00003,2025-02-26 21:38:57,2025-02-26 21:46:57
v_000013717,u_001598,s_00083,2025-01-19 23:08:10,2025-01-19 23:34:10
v_000013718,u_000996,s_00028,2025-01-19 18:38:32,2025-01-19 19:18:32
v_000013719,u_001206,s_00035,2025-01-01 23:41:55,2025-01-02 01:25:55
v_000013720,u_001582,s_00093,2025-02-06 16:36:04,2025-02-06 16:38:04
v_000013721,u_000040,s_00071,2025-01-07 23:22:37,2025-01-07 23:33:37
v_000013722,u_000732,s_00133,2025-01-30 23:43:13,2025-01-30 23:45:13
v_000013723,u_000276,s_00076,2025-01-10 20:48:09,2025-01-10 21:24:09
v_000013724,u_001506,s_00006,2025-01-27 18:23:53,2025-01-27 18:35:53
v_000013725,u_001177,s_00145,2025-02-10 22:01:39,2025-02-10 22:33:39
v_000013726,u_000302,s_00013,2025-02-07 15:30:16,2025-02-07 15:48:16
v_000013727,u_001789,s_00020,2025-02-12 21:34:45,2025-02-12 21:38:45
v_000013728,u_001115,s_00129,2025-01-05 14:39:54,2025-01-05 14:58:54
v_000013729,u_000569,s_00141,2025-02-06 16:11:52,2025-02-06 16:18:52
v_000013730,u_001046,s_00076,2025-01-30 19:24:44,2025-01-30 19:37:44
v_000013731,u_001266,s_00095,2025-02-22 19:41:55,2025-02-22 19:48:55
v_000013732,u_000606,s_00121,2025-03-01 22:05:57,2025-03-01 22:15:57
v_000013733,u_001893,s_00050,2025-01-29 20:20:32,2025-01-29 20:36:32
v_000013734,u_001552,s_00006,2025-01-05 20:23:26,2025-01-05 20:27:26
v_000013735,u_001449,s_00107,2025-01-17 18:19:07,2025-01-17 19:10:07
v_000013736,u_001387,s_00039,2025-01-04 18:32:30,2025-01-04 18:37:30
v_000013737,u_001855,s_00062,2025-01-01 11:15:09,2025-01-01 12:12:09
v_000013738,u_000372,s_00003,2025-02-14 21:09:58,2025-02-14 21:11:58
v_000013739,u_000614,s_00098,2025-02-09 23:30:25,2025-02-10 00:00:25
v_000013740,u_000462,s_00086,2025-01-03 19:42:52,2025-01-03 20:20:52
v_000013741,u_001837,s_00138,2025-02-07 17:12:08,2025-02-07 17:25:08
v_000013742,u_001652,s_00063,2025-01-14 22:17:31,2025-01-14 22:19:31
v_000013743,u_000706,s_00095,2025-01-16 22:07:48,2025-01-16 22:58:48
v_000013744,u_000502,s_00070,2025-01-08 19:48:26,2025-01-08 19:53:26
v_000013745,u_000491,s_00086,2025-02-02 23:44:01,2025-02-02 23:59:01
v_000013746,u_001623,s_00131,2025-02-04 21:15:03,2025-02-04 21:40:03
v_000013747,u_001321,s_00002,2025-02-23 22:23:32,2025-02-23 23:37:32
v_000013748,u_001953,s_00128,2025-02-09 21:47:24,2025-02-09 22:03:24
v_000013749,u_001692,s_00058,2025-01-20 19:08:44,2025-01-20 20:08:44
v_000013750,u_000004,s_00038,2025-01-02 18:26:04,2025-01-02 18:31:04
v_000013751,u_001506,s_00005,2025-02-23 23:42:09,2025-02-24 00:30:09
v_000013752,u_000163,s_00053,2025-01-14 18:23:37,2025-01-14 18:26:37
v_000013753,u_001914,s_00119,2025-02-11 20:58:46,2025-02-11 21:09:46
v_000013754,u_000138,s_00077,2025-01-31 19:49:56,2025-01-31 20:16:56
v_000013755,u_000950,s_00024,2025-01-09 17:04:57,2025-01-09 17:44:57
v_000013756,u_001749,s_00095,2025-01-01 14:44:09,2025-01-01 15:04:09
v_000013757,u_000125,s_00025,2025-02-26 12:56:33,2025-02-26 13:25:33
v_000013758,u_000516,s_00053,2025-01-25 23:00:37,2025-01-25 23:55:37
v_000013759,u_001215,s_00001,2025-01-05 14:29:08,2025-01-05 14:33:08
v_000013760,u_000637,s_00143,2025-02-17 12:53:21,2025-02-17 13:30:21
v_000013761,u_000026,s_00005,2025-02-23 18:23:39,2025-02-23 18:36:39
v_000013762,u_000613,s_00146,2025-01-19 19:28:35,2025-01-19 19:36:35
v_000013763,u_000502,s_00072,2025-02-19 11:18:04,2025-02-19 11:19:04
v_000013764,u_001841,s_00099,2025-02-23 16:27:46,2025-02-23 16:56:46
v_000013765,u_000773,s_00148,2025-01-27 19:44:05,2025-01-27 19:59:05
v_000013766,u_000612,s_00046,2025-03-01 18:55:53,2025-03-01 19:10:53
v_000013767,u_000205,s_00069,2025-02-22 23:55:35,2025-02-22 23:56:35
v_000013768,u_000359,s_00116,2025-01-20 19:41:56,2025-01-20 19:51:56
v_000013769,u_000242,s_00098,2025-01-11 19:33:23,2025-01-11 19:45:23
v_000013770,u_001916,s_00077,2025-01-31 19:54:08,2025-01-31 20:01:08
v_000013771,u_000971,s_00003,2025-02-06 15:06:28,2025-02-06 15:42:28
v_000013772,u_000610,s_00044,2025-01-19 21:27:47,2025-01-19 21:37:47
v_000013773,u_000016,s_00140,2025-02-14 23:48:37,2025-02-15 00:55:37
v_000013774,u_000507,s_00008,2025-01-23 23:33:55,2025-01-23 23:49:55
v_000013775,u_001538,s_00140,2025-02-24 14:02:49,2025-02-24 14:05:49
v_000013776,u_001231,s_00053,2025-01-19 13:11:30,2025-01-19 13:20:30
v_000013777,u_000040,s_00064,2025-02-28 14:26:50,2025-02-28 15:10:50
v_000013778,u_000938,s_00033,2025-02-03 19:53:05,2025-02-03 20:37:05
v_000013779,u_001082,s_00004,2025-01-31 19:00:50,2025-01-31 19:15:50
v_000013780,u_000861,s_00079,2025-01-10 18:04:23,2025-01-10 19:12:23
v_000013781,u_000252,s_00124,2025-01-17 19:45:06,2025-01-17 21:35:06
v_000013782,u_000232,s_00063,2025-02-01 21:23:13,2025-02-01 22:16:13
v_000013783,u_001980,s_00046,2025-01-18 23:28:29,2025-01-19 00:14:29
v_000013784,u_001594,s_00120,2025-01-02 23:49:16,2025-01-03 00:00:16
v_000013785,u_000228,s_00039,2025-01-15 23:28:15,2025-01-15 23:38:15
v_000013786,u_001586,s_00132,2025-02-16 15:11:43,2025-02-16 15:12:43
v_000013787,u_001880,s_00120,2025-01-10 22:01:20,2025-01-10 22:08:20
v_000013788,u_000100,s_00049,2025-01-26 14:15:41,2025-01-26 14:19:41
v_000013789,u_000385,s_00136,2025-02-08 16:25:13,2025-02-08 16:35:13
v_000013790,u_000252,s_00130,2025-02-26 13:16:59,2025-02-26 13:17:59
v_000013791,u_000079,s_00137,2025-02-07 14:30:59,2025-02-07 14:40:59
v_000013792,u_001458,s_00139,2025-01-22 23:20:04,2025-01-22 23:51:04
v_000013793,u_001918,s_00093,2025-01-05 23:21:13,2025-01-05 23:22:13
v_000013794,u_000757,s_00016,2025-02-21 23:48:42,2025-02-21 23:59:42
v_000013795,u_000802,s_00035,2025-02-25 22:32:46,2025-02-25 22:35:46
v_000013796,u_000803,s_00111,2025-02-06 17:04:43,2025-02-06 17:13:43
v_000013797,u_000462,s_00094,2025-02-18 12:55:12,2025-02-18 13:32:12
v_000013798,u_001891,s_00037,2025-02-04 18:16:10,2025-02-04 19:56:10
v_000013799,u_001700,s_00002,2025-02-19 22:50:43,2025-02-19 23:00:43
v_000013800,u_001903,s_00106,2025-02-26 14:17:05,2025-02-26 14:37:05
v_000013801,u_001710,s_00133,2025-02-11 12:03:03,2025-02-11 12:08:03
v_000013802,u_001618,s_00015,2025-01-06 17:17:55,2025-01-06 17:26:55
v_000013803,u_000663,s_00072,2025-02-02 16:27:08,2025-02-02 16:42:08
v_000013804,u_001805,s_00130,2025-01-18 23:14:07,2025-01-18 23:23:07
v_000013805,u_000283,s_00141,2025-01-17 13:32:05,2025-01-17 13:46:05
v_000013806,u_000516,s_00145,2025-02-01 23:01:38,2025-02-01 23:24:38
v_000013807,u_000910,s_00015,2025-02-08 23:03:10,2025-02-08 23:09:10
v_000013808,u_000834,s_00129,2025-01-18 18:17:31,2025-01-18 18:39:31
v_000013809,u_001808,s_00065,2025-01-21 22:46:14,2025-01-21 23:06:14
v_000013810,u_001939,s_00131,2025-02-04 15:03:33,2025-02-04 15:45:33
v_000013811,u_001584,s_00019,2025-01-13 22:47:48,2025-01-13 22:48:48
v_000013812,u_001656,s_00117,2025-02-22 17:49:15,2025-02-22 18:10:15
v_000013813,u_001777,s_00070,2025-01-26 19:06:56,2025-01-26 19:54:56
v_000013814,u_000371,s_00088,2025-02-16 23:38:04,2025-02-16 23:56:04
v_000013815,u_001114,s_00111,2025-02-12 19:10:13,2025-02-12 19:16:13
v_000013816,u_001204,s_00113,2025-02-10 20:55:04,2025-02-10 20:59:04
v_000013817,u_001170,s_00044,2025-01-14 20:05:22,2025-01-14 20:26:22
v_000013818,u_000368,s_00136,2025-01-28 18:43:00,2025-01-28 19:10:00
v_000013819,u_001900,s_00017,2025-02-02 17:57:25,2025-02-02 18:05:25
v_000013820,u_000556,s_00039,2025-02-20 21:17:13,2025-02-20 21:18:13
v_000013821,u_000569,s_00044,2025-01-21 19:25:15,2025-01-21 19:52:15
v_000013822,u_001781,s_00009,2025-01-13 23:37:03,2025-01-14 00:21:03
v_000013823,u_001034,s_00131,2025-02-24 22:23:20,2025-02-24 22:46:20
v_000013824,u_001456,s_00112,2025-02-22 15:33:12,2025-02-22 16:22:12
v_000013825,u_001561,s_00144,2025-01-09 20:50:49,2025-01-09 21:02:49
v_000013826,u_001496,s_00073,2025-01-22 19:03:32,2025-01-22 19:11:32
v_000013827,u_001930,s_00051,2025-01-13 19:48:32,2025-01-13 19:49:32
v_000013828,u_000721,s_00072,2025-02-21 18:44:23,2025-02-21 18:47:23
v_000013829,u_001103,s_00139,2025-01-14 22:12:42,2025-01-14 22:16:42
v_000013830,u_000434,s_00019,2025-02-24 22:45:52,2025-02-24 23:25:52
v_000013831,u_000532,s_00099,2025-02-26 19:50:16,2025-02-26 20:04:16
v_000013832,u_001147,s_00013,2025-01-12 16:05:18,2025-01-12 16:21:18
v_000013833,u_001490,s_00005,2025-02-20 19:30:48,2025-02-20 19:31:48
v_000013834,u_001007,s_00103,2025-01-10 10:00:50,2025-01-10 10:01:50
v_000013835,u_000244,s_00114,2025-02-01 18:19:54,2025-02-01 18:29:54
v_000013836,u_000080,s_00061,2025-01-04 13:29:22,2025-01-04 14:13:22
v_000013837,u_000440,s_00119,2025-02-02 13:46:24,2025-02-02 14:00:24
v_000013838,u_000795,s_00060,2025-01-03 17:16:41,2025-01-03 17:23:41
v_000013839,u_001754,s_00113,2025-02-20 12:14:33,2025-02-20 12:30:33
v_000013840,u_000592,s_00075,2025-01-11 23:36:05,2025-01-11 23:59:05
v_000013841,u_000938,s_00074,2025-01-16 23:41:20,2025-01-16 23:50:20
v_000013842,u_000292,s_00022,2025-01-24 19:28:44,2025-01-24 20:35:44
v_000013843,u_000182,s_00059,2025-01-26 23:24:23,2025-01-26 23:33:23
v_000013844,u_000826,s_00098,2025-02-07 22:10:08,2025-02-07 22:20:08
v_000013845,u_001413,s_00149,2025-01-29 18:16:52,2025-01-29 18:20:52
v_000013846,u_001848,s_00012,2025-02-22 19:21:06,2025-02-22 19:23:06
v_000013847,u_000884,s_00143,2025-02-04 23:25:12,2025-02-04 23:27:12
v_000013848,u_000159,s_00137,2025-03-01 23:35:53,2025-03-01 23:44:53
v_000013849,u_000942,s_00119,2025-02-27 23:04:40,2025-02-27 23:20:40
v_000013850,u_001099,s_00037,2025-01-28 23:15:21,2025-01-28 23:19:21
v_000013851,u_001980,s_00011,2025-02-19 17:37:56,2025-02-19 17:56:56
v_000013852,u_000109,s_00066,2025-02-19 23:59:57,2025-02-20 00:09:57
v_000013853,u_000765,s_00076,2025-01-15 11:52:10,2025-01-15 12:05:10
v_000013854,u_001982,s_00078,2025-01-18 16:07:15,2025-01-18 16:38:15
v_000013855,u_001639,s_00149,2025-02-08 22:32:34,2025-02-08 22:43:34
v_000013856,u_000392,s_00109,2025-02-06 13:44:23,2025-02-06 14:08:23
v_000013857,u_000727,s_00005,2025-01-25 18:08:02,2025-01-25 18:46:02
v_000013858,u_001387,s_00076,2025-01-08 23:11:01,2025-01-08 23:29:01
v_000013859,u_001728,s_00093,2025-02-10 14:37:50,2025-02-10 14:43:50
v_000013860,u_001762,s_00063,2025-01-09 23:29:50,2025-01-10 00:53:50
v_000013861,u_001599,s_00106,2025-01-18 23:18:44,2025-01-18 23:35:44
v_000013862,u_001412,s_00067,2025-01-06 16:29:39,2025-01-06 16:56:39
v_000013863,u_000294,s_00097,2025-02-18 23:34:31,2025-02-18 23:46:31
v_000013864,u_000063,s_00000,2025-01-01 22:37:39,2025-01-01 22:57:39
v_000013865,u_001423,s_00076,2025-01-07 23:17:16,2025-01-07 23:21:16
v_000013866,u_001303,s_00108,2025-01-19 23:28:13,2025-01-20 00:49:13
v_000013867,u_000653,s_00032,2025-02-17 19:45:18,2025-02-17 19:54:18
v_000013868,u_000576,s_00000,2025-01-23 21:42:50,2025-01-23 22:08:50
v_000013869,u_001002,s_00009,2025-01-31 23:33:30,2025-02-01 00:34:30
v_000013870,u_000963,s_00059,2025-02-28 17:23:01,2025-02-28 17:24:01
v_000013871,u_000289,s_00031,2025-02-18 19:51:46,2025-02-18 19:53:46
v_000013872,u_001521,s_00062,2025-01-17 21:46:11,2025-01-17 21:58:11
v_000013873,u_001417,s_00143,2025-02-23 21:01:59,2025-02-23 21:34:59
v_000013874,u_000818,s_00088,2025-01-15 20:15:40,2025-01-15 20:28:40
v_000013875,u_000835,s_00093,2025-01-17 23:30:39,2025-01-17 23:31:39
v_000013876,u_000307,s_00045,2025-01-12 18:44:47,2025-01-12 19:23:47
v_000013877,u_001526,s_00057,2025-02-21 20:50:46,2025-02-21 21:16:46
v_000013878,u_001310,s_00043,2025-01-14 20:40:54,2025-01-14 20:49:54
v_000013879,u_001285,s_00070,2025-01-01 16:40:48,2025-01-01 17:10:48
v_000013880,u_000352,s_00039,2025-02-06 20:20:44,2025-02-06 21:10:44
v_000013881,u_001788,s_00021,2025-01-11 12:16:36,2025-01-11 12:17:36
v_000013882,u_001786,s_00047,2025-02-23 18:00:33,2025-02-23 18:38:33
v_000013883,u_000269,s_00004,2025-01-17 20:35:47,2025-01-17 21:16:47
v_000013884,u_000762,s_00088,2025-02-02 14:08:06,2025-02-02 14:11:06
v_000013885,u_000284,s_00102,2025-01-06 22:35:47,2025-01-06 23:01:47
v_000013886,u_001735,s_00119,2025-02-25 15:39:51,2025-02-25 16:40:51
v_000013887,u_001222,s_00007,2025-02-22 17:46:31,2025-02-22 18:52:31
v_000013888,u_000717,s_00120,2025-02-19 21:55:32,2025-02-19 22:05:32
v_000013889,u_000579,s_00146,2025-01-06 21:17:47,2025-01-06 21:43:47
v_000013890,u_000363,s_00131,2025-01-06 23:49:09,2025-01-07 00:00:09
v_000013891,u_001814,s_00132,2025-02-10 18:23:47,2025-02-10 18:45:47
v_000013892,u_000970,s_00067,2025-01-06 23:31:52,2025-01-07 00:49:52
v_000013893,u_000647,s_00032,2025-01-03 13:50:15,2025-01-03 13:51:15
v_000013894,u_001606,s_00020,2025-01-03 20:19:59,2025-01-03 20:27:59
v_000013895,u_000312,s_00054,2025-01-29 23:52:51,2025-01-29 23:54:51
v_000013896,u_000489,s_00021,2025-02-24 19:29:35,2025-02-24 19:53:35
v_000013897,u_001910,s_00090,2025-01-31 12:42:13,2025-01-31 12:47:13
v_000013898,u_000825,s_00139,2025-01-12 18:45:32,2025-01-12 19:25:32
v_000013899,u_001738,s_00036,2025-02-19 17:28:27,2025-02-19 17:31:27
v_000013900,u_001509,s_00107,2025-02-09 16:38:08,2025-02-09 17:40:08
v_000013901,u_001970,s_00089,2025-02-24 18:07:10,2025-02-24 19:21:10
v_000013902,u_001495,s_00011,2025-01-22 14:39:14,2025-01-22 14:44:14
v_000013903,u_000381,s_00038,2025-01-15 14:10:42,2025-01-15 14:18:42
v_000013904,u_001000,s_00016,2025-02-20 17:59:06,2025-02-20 18:22:06
v_000013905,u_000866,s_00080,2025-01-10 22:50:28,2025-01-10 22:59:28
v_000013906,u_000912,s_00061,2025-02-22 15:58:15,2025-02-22 16:03:15
v_000013907,u_001347,s_00147,2025-01-21 23:43:20,2025-01-21 23:44:20
v_000013908,u_000417,s_00044,2025-01-28 18:35:37,2025-01-28 18:49:37
v_000013909,u_001528,s_00014,2025-01-29 23:08:52,2025-01-29 23:27:52
v_000013910,u_001309,s_00090,2025-01-06 22:29:51,2025-01-06 23:04:51
v_000013911,u_001381,s_00064,2025-02-10 23:59:45,2025-02-11 01:11:45
v_000013912,u_000323,s_00056,2025-02-12 15:05:17,2025-02-12 16:04:17
v_000013913,u_001738,s_00036,2025-01-18 22:43:23,2025-01-18 22:59:23
v_000013914,u_000614,s_00098,2025-03-01 23:14:12,2025-03-01 23:36:12
v_000013915,u_000742,s_00024,2025-01-17 21:41:49,2025-01-17 22:19:49
v_000013916,u_000093,s_00070,2025-01-06 14:53:02,2025-01-06 14:59:02
v_000013917,u_000068,s_00022,2025-01-28 21:27:38,2025-01-28 21:44:38
v_000013918,u_001169,s_00075,2025-01-20 17:10:48,2025-01-20 17:18:48
v_000013919,u_001282,s_00029,2025-01-14 18:07:23,2025-01-14 18:20:23
v_000013920,u_001445,s_00109,2025-01-12 23:39:40,2025-01-12 23:53:40
v_000013921,u_000199,s_00037,2025-01-05 23:39:42,2025-01-06 01:01:42
v_000013922,u_000423,s_00133,2025-01-14 17:29:49,2025-01-14 17:49:49
v_000013923,u_000518,s_00002,2025-02-18 23:10:50,2025-02-18 23:17:50
v_000013924,u_000759,s_00133,2025-02-27 14:06:54,2025-02-27 15:42:54
v_000013925,u_001691,s_00002,2025-02-13 18:03:00,2025-02-13 18:44:00
v_000013926,u_000734,s_00106,2025-01-17 23:26:43,2025-01-17 23:28:43
v_000013927,u_000393,s_00076,2025-01-16 23:46:33,2025-01-17 00:28:33
v_000013928,u_001497,s_00144,2025-01-15 23:32:46,2025-01-15 23:38:46
v_000013929,u_000199,s_00070,2025-02-14 23:19:49,2025-02-14 23:20:49
v_000013930,u_001651,s_00009,2025-01-23 23:37:34,2025-01-23 23:40:34
v_000013931,u_001674,s_00040,2025-02-01 20:49:20,2025-02-01 20:50:20
v_000013932,u_001848,s_00012,2025-02-13 19:25:08,2025-02-13 19:41:08
v_000013933,u_001747,s_00037,2025-02-07 22:54:06,2025-02-07 23:04:06
v_000013934,u_000255,s_00135,2025-02-26 22:47:13,2025-02-26 22:49:13
v_000013935,u_001487,s_00027,2025-01-01 14:41:50,2025-01-01 14:57:50
v_000013936,u_000295,s_00143,2025-01-03 18:15:47,2025-01-03 18:25:47
v_000013937,u_000070,s_00035,2025-01-26 23:57:19,2025-01-26 23:58:19
v_000013938,u_000998,s_00126,2025-01-24 18:48:48,2025-01-24 18:54:48
v_000013939,u_001200,s_00057,2025-01-14 14:24:44,2025-01-14 14:27:44
v_000013940,u_000888,s_00053,2025-02-14 16:27:05,2025-02-14 16:31:05
v_000013941,u_000593,s_00032,2025-02-23 23:44:01,2025-02-23 23:50:01
v_000013942,u_000490,s_00137,2025-02-21 17:53:31,2025-02-21 18:31:31
v_000013943,u_001844,s_00144,2025-02-11 21:12:13,2025-02-11 21:18:13
v_000013944,u_001639,s_00051,2025-01-15 18:39:00,2025-01-15 19:05:00
v_000013945,u_001033,s_00081,2025-01-05 19:32:26,2025-01-05 19:49:26
v_000013946,u_001817,s_00054,2025-01-15 23:22:26,2025-01-15 23:45:26
v_000013947,u_000906,s_00050,2025-01-19 20:50:10,2025-01-19 21:19:10
v_000013948,u_000098,s_00115,2025-01-01 21:05:30,2025-01-01 21:11:30
v_000013949,u_001275,s_00119,2025-01-05 18:40:40,2025-01-05 18:45:40
v_000013950,u_000366,s_00121,2025-02-26 21:07:55,2025-02-26 22:38:55
v_000013951,u_001044,s_00113,2025-02-19 18:10:10,2025-02-19 18:19:10
v_000013952,u_000695,s_00115,2025-01-05 20:48:45,2025-01-05 21:02:45
v_000013953,u_000007,s_00149,2025-02-21 13:32:01,2025-02-21 14:28:01
v_000013954,u_001870,s_00130,2025-02-21 21:34:59,2025-02-21 22:08:59
v_000013955,u_001164,s_00031,2025-01-18 21:42:02,2025-01-18 22:06:02
v_000013956,u_000520,s_00059,2025-02-04 23:52:20,2025-02-05 00:19:20
v_000013957,u_001079,s_00127,2025-02-24 22:15:04,2025-02-24 22:44:04
v_000013958,u_001312,s_00071,2025-02-24 23:35:25,2025-02-25 00:30:25
v_000013959,u_001276,s_00052,2025-02-25 23:44:05,2025-02-26 00:12:05
v_000013960,u_001679,s_00008,2025-01-21 14:41:23,2025-01-21 15:47:23
v_000013961,u_001065,s_00079,2025-02-17 23:33:38,2025-02-17 23:34:38
v_000013962,u_001411,s_00023,2025-01-29 16:58:12,2025-01-29 17:16:12
v_000013963,u_000882,s_00010,2025-01-21 12:23:46,2025-01-21 12:29:46
v_000013964,u_000002,s_00093,2025-01-20 19:33:22,2025-01-20 20:00:22
v_000013965,u_000651,s_00028,2025-01-05 21:11:44,2025-01-05 21:35:44
v_000013966,u_001735,s_00119,2025-01-09 17:31:19,2025-01-09 18:15:19
v_000013967,u_001653,s_00123,2025-02-11 23:08:56,2025-02-11 23:45:56
v_000013968,u_001018,s_00028,2025-01-20 20:08:47,2025-01-20 20:27:47
v_000013969,u_001238,s_00134,2025-02-25 14:28:28,2025-02-25 14:49:28
v_000013970,u_000574,s_00134,2025-01-29 22:04:06,2025-01-29 22:24:06
v_000013971,u_001020,s_00070,2025-01-15 23:52:21,2025-01-16 00:03:21
v_000013972,u_001398,s_00054,2025-02-04 23:36:14,2025-02-05 00:04:14
v_000013973,u_001046,s_00103,2025-01-26 13:49:06,2025-01-26 14:08:06
v_000013974,u_000307,s_00082,2025-01-12 20:17:34,2025-01-12 20:18:34
v_000013975,u_001612,s_00119,2025-01-14 23:40:39,2025-01-14 23:43:39
v_000013976,u_001130,s_00063,2025-02-27 19:43:12,2025-02-27 20:15:12
v_000013977,u_000368,s_00145,2025-02-12 16:07:45,2025-02-12 16:21:45
v_000013978,u_000404,s_00038,2025-02-10 16:20:04,2025-02-10 16:39:04
v_000013979,u_001157,s_00050,2025-02-23 13:48:37,2025-02-23 13:49:37
v_000013980,u_001725,s_00005,2025-01-25 14:50:34,2025-01-25 15:21:34
v_000013981,u_001089,s_00027,2025-01-07 23:42:35,2025-01-07 23:48:35
v_000013982,u_001447,s_00107,2025-01-16 14:00:15,2025-01-16 15:03:15
v_000013983,u_000086,s_00004,2025-02-23 23:55:44,2025-02-23 23:59:44
v_000013984,u_001829,s_00065,2025-02-04 23:32:04,2025-02-05 00:00:04
v_000013985,u_000842,s_00088,2025-01-09 23:19:00,2025-01-09 23:22:00
v_000013986,u_000506,s_00010,2025-01-14 18:56:38,2025-01-14 18:57:38
v_000013987,u_001075,s_00007,2025-02-13 13:08:04,2025-02-13 13:13:04
v_000013988,u_000292,s_00043,2025-02-01 17:49:31,2025-02-01 17:50:31
v_000013989,u_001223,s_00044,2025-01-26 23:06:39,2025-01-26 23:44:39
v_000013990,u_000892,s_00086,2025-02-07 16:25:32,2025-02-07 16:57:32
v_000013991,u_001072,s_00112,2025-02-04 20:57:14,2025-02-04 21:38:14
v_000013992,u_000464,s_00089,2025-02-14 23:24:55,2025-02-14 23:33:55
v_000013993,u_000498,s_00132,2025-02-16 13:57:26,2025-02-16 14:40:26
v_000013994,u_000147,s_00121,2025-01-16 16:05:02,2025-01-16 16:08:02
v_000013995,u_000011,s_00130,2025-03-01 20:01:51,2025-03-01 20:20:51
v_000013996,u_001069,s_00022,2025-02-13 20:05:48,2025-02-13 20:44:48
v_000013997,u_000835,s_00093,2025-01-26 14:26:08,2025-01-26 14:34:08
v_000013998,u_000751,s_00078,2025-01-23 19:11:09,2025-01-23 19:34:09
v_000013999,u_000087,s_00086,2025-01-26 19:56:38,2025-01-26 20:06:38
